-- Generated by Craft v2.6.2980 on Jun 21, 2017, 6:10:44 PM.

--
-- Disable foreign key checks and autocommit.
--

SET FOREIGN_KEY_CHECKS = 0;
SET SQL_MODE = "NO_AUTO_VALUE_ON_ZERO";
SET AUTOCOMMIT = 0;
SET NAMES utf8;


DROP TABLE IF EXISTS `craft_amnav_navs`;


--
-- Schema for table `craft_amnav_navs`
--
CREATE TABLE `craft_amnav_navs` (
  `id` int(11) NOT NULL AUTO_INCREMENT,
  `name` varchar(255) COLLATE utf8_unicode_ci NOT NULL,
  `handle` varchar(255) COLLATE utf8_unicode_ci NOT NULL,
  `settings` text COLLATE utf8_unicode_ci,
  `dateCreated` datetime NOT NULL,
  `dateUpdated` datetime NOT NULL,
  `uid` char(36) COLLATE utf8_unicode_ci NOT NULL DEFAULT '0',
  PRIMARY KEY (`id`),
  UNIQUE KEY `craft_amnav_navs_handle_unq_idx` (`handle`)
) ENGINE=InnoDB AUTO_INCREMENT=2 DEFAULT CHARSET=utf8 COLLATE=utf8_unicode_ci;

--
-- Data for table `craft_amnav_navs`
--

INSERT INTO `craft_amnav_navs` (`id`, `name`, `handle`, `settings`, `dateCreated`, `dateUpdated`, `uid`) VALUES
 ('1', 'main menu', 'mainMenu', '{\"entrySources\":\"*\",\"maxLevels\":\"\",\"canMoveFromLevel\":\"\",\"canDeleteFromLevel\":\"\"}', '2017-03-02 19:17:12', '2017-03-02 19:17:12', 'c1d82e74-d7af-4424-abd4-b814f4b1b3a9');



DROP TABLE IF EXISTS `craft_amnav_nodes`;


--
-- Schema for table `craft_amnav_nodes`
--
CREATE TABLE `craft_amnav_nodes` (
  `id` int(11) NOT NULL AUTO_INCREMENT,
  `navId` int(10) NOT NULL,
  `parentId` int(10) DEFAULT NULL,
  `order` int(10) DEFAULT '0',
  `name` varchar(255) COLLATE utf8_unicode_ci NOT NULL,
  `url` varchar(255) COLLATE utf8_unicode_ci DEFAULT NULL,
  `listClass` varchar(255) COLLATE utf8_unicode_ci DEFAULT NULL,
  `blank` tinyint(1) unsigned NOT NULL DEFAULT '0',
  `enabled` tinyint(1) unsigned NOT NULL DEFAULT '1',
  `elementId` int(10) DEFAULT NULL,
  `elementType` varchar(255) COLLATE utf8_unicode_ci DEFAULT NULL,
  `locale` char(12) COLLATE utf8_unicode_ci DEFAULT NULL,
  `dateCreated` datetime NOT NULL,
  `dateUpdated` datetime NOT NULL,
  `uid` char(36) COLLATE utf8_unicode_ci NOT NULL DEFAULT '0',
  PRIMARY KEY (`id`),
  KEY `craft_amnav_nodes_elementId_elementType_locale_idx` (`elementId`,`elementType`,`locale`)
) ENGINE=InnoDB AUTO_INCREMENT=25 DEFAULT CHARSET=utf8 COLLATE=utf8_unicode_ci;

--
-- Data for table `craft_amnav_nodes`
--

INSERT INTO `craft_amnav_nodes` (`id`, `navId`, `parentId`, `order`, `name`, `url`, `listClass`, `blank`, `enabled`, `elementId`, `elementType`, `locale`, `dateCreated`, `dateUpdated`, `uid`) VALUES
 ('1', '1', '5', '3', 'The Burr', NULL, NULL, '0', '1', '14', 'Entry', 'en_us', '2017-03-02 19:20:06', '2017-05-11 18:34:23', 'fa460ccd-37ba-4419-9965-81bafc531e6a'),
 ('2', '1', '5', '5', 'Kent Stater', NULL, NULL, '0', '1', '15', 'Entry', 'en_us', '2017-03-02 19:20:14', '2017-05-11 18:35:57', '67cd62c1-d159-4926-bd26-2786cdde33e5'),
 ('3', '1', '5', '1', 'A Magazine', NULL, NULL, '0', '1', '10', 'Entry', 'en_us', '2017-03-02 19:20:19', '2017-06-01 18:43:56', '107c7c38-1f95-4ef7-a743-6aa0cfb65594'),
 ('4', '1', '0', '0', 'About', NULL, '', '0', '1', '58', 'Entry', 'en_us', '2017-03-16 18:18:17', '2017-05-11 16:20:51', 'c130a55b-10e2-48e2-92d3-66b1069c6c95'),
 ('5', '1', '0', '1', 'Media Partners', NULL, '', '0', '1', '59', 'Entry', 'en_us', '2017-03-16 18:18:31', '2017-05-29 00:04:15', '90c7ef24-88fc-41d3-b6d7-ddd0aa6fb774'),
 ('6', '1', '0', '3', 'Get Involved', NULL, NULL, '0', '1', '60', 'Entry', 'en_us', '2017-03-16 18:18:57', '2017-06-01 14:38:29', 'c7935a45-5861-4927-886a-1ba0bde5cf39'),
 ('7', '1', '0', '2', 'Advertising', NULL, NULL, '0', '1', '61', 'Entry', 'en_us', '2017-03-16 18:19:10', '2017-05-27 19:59:45', '64a9bb98-5e24-463f-9637-f2d6da4caf32'),
 ('8', '1', '0', '4', 'Contact', NULL, '', '0', '1', '62', 'Entry', 'en_us', '2017-03-16 18:19:26', '2017-05-28 23:40:20', '14fe81ae-3165-422d-b533-a78d13f045cf'),
 ('10', '1', '5', '8', 'Luna Negra', NULL, NULL, '0', '1', '24', 'Entry', 'en_us', '2017-03-23 19:49:34', '2017-06-01 18:46:27', '0417787d-8db9-4893-818b-ab69bf27ad91'),
 ('11', '1', '5', '6', 'KentWired', NULL, NULL, '0', '1', '23', 'Entry', 'en_us', '2017-03-23 19:56:28', '2017-05-11 18:30:51', '4dbcbd99-dd36-4e9d-a784-8c9c50a7cf36'),
 ('12', '1', '5', '2', 'Black Squirrel Radio', NULL, NULL, '0', '1', '19', 'Entry', 'en_us', '2017-03-23 19:56:28', '2017-05-28 23:21:43', 'cafd3a25-5ae4-4560-8ab4-9e61de48aafd'),
 ('13', '1', '5', '10', 'TV2', NULL, NULL, '0', '1', '20', 'Entry', 'en_us', '2017-03-23 19:56:28', '2017-05-31 19:59:52', '7c6a0eef-3831-4cff-8ab1-1ae83e48ac18'),
 ('15', '1', '5', '11', 'Uhuru', NULL, NULL, '0', '1', '22', 'Entry', 'en_us', '2017-03-23 19:56:29', '2017-05-11 18:32:04', '08a0b236-6c95-46a8-809b-ddd64cba3528'),
 ('16', '1', '5', '4', 'Fusion Magazine', NULL, NULL, '0', '1', '21', 'Entry', 'en_us', '2017-03-23 19:56:29', '2017-05-11 03:27:21', '8d9f6ee6-9d4a-4b5c-9676-94a907917123'),
 ('17', '1', '5', '7', 'KSU Independent Films', NULL, NULL, '0', '1', '25', 'Entry', 'en_us', '2017-03-23 19:58:33', '2017-05-11 18:30:18', '231161e6-b485-4d92-b87d-49558a293f45'),
 ('18', '1', '4', '1', 'News', NULL, NULL, '0', '1', '160', 'Entry', 'en_us', '2017-04-22 21:42:57', '2017-05-06 23:09:13', '54397872-cf92-46e6-a133-0201b898dc49'),
 ('19', '1', '4', '2', 'Media Board', NULL, '', '0', '1', '161', 'Entry', 'en_us', '2017-04-22 21:58:51', '2017-05-10 21:41:05', '3d9626b4-a09f-4698-8572-ec6b06aca35f'),
 ('21', '1', '0', '5', 'Support Us', NULL, 'cta-header', '0', '1', '166', 'Entry', 'en_us', '2017-04-24 18:25:52', '2017-05-06 23:09:13', '9d2acb51-fd7c-441b-ae91-36e62bc9f344'),
 ('22', '1', '4', '0', 'History & Recognition', NULL, '', '0', '1', '58', 'Entry', 'en_us', '2017-05-04 14:31:53', '2017-05-11 16:20:51', '5f51f331-ecba-4312-bcb7-5960249e8fb3'),
 ('23', '1', '5', '0', 'Media Partners Overview', NULL, '', '0', '1', '59', 'Entry', 'en_us', '2017-05-04 14:32:47', '2017-05-29 00:04:15', '36d3559e-5869-47ca-af0a-ffc059c6b2f0'),
 ('24', '1', '5', '9', 'Student Media Ad Sales', NULL, NULL, '0', '1', '101', 'Entry', 'en_us', '2017-05-06 23:08:59', '2017-05-11 18:34:48', '465c6448-ce0d-4f44-993a-4e6894ac4f24');



DROP TABLE IF EXISTS `craft_assetfiles`;


--
-- Schema for table `craft_assetfiles`
--
CREATE TABLE `craft_assetfiles` (
  `id` int(11) NOT NULL,
  `sourceId` int(11) DEFAULT NULL,
  `folderId` int(11) NOT NULL,
  `filename` varchar(255) COLLATE utf8_unicode_ci NOT NULL,
  `kind` varchar(50) COLLATE utf8_unicode_ci NOT NULL DEFAULT 'unknown',
  `width` int(11) unsigned DEFAULT NULL,
  `height` int(11) unsigned DEFAULT NULL,
  `size` bigint(20) unsigned DEFAULT NULL,
  `dateModified` datetime DEFAULT NULL,
  `dateCreated` datetime NOT NULL,
  `dateUpdated` datetime NOT NULL,
  `uid` char(36) COLLATE utf8_unicode_ci NOT NULL DEFAULT '0',
  PRIMARY KEY (`id`),
  UNIQUE KEY `craft_assetfiles_filename_folderId_unq_idx` (`filename`,`folderId`),
  KEY `craft_assetfiles_sourceId_fk` (`sourceId`),
  KEY `craft_assetfiles_folderId_fk` (`folderId`)
) ENGINE=InnoDB DEFAULT CHARSET=utf8 COLLATE=utf8_unicode_ci;

--
-- Data for table `craft_assetfiles`
--

INSERT INTO `craft_assetfiles` (`id`, `sourceId`, `folderId`, `filename`, `kind`, `width`, `height`, `size`, `dateModified`, `dateCreated`, `dateUpdated`, `uid`) VALUES
 ('35', '2', '2', 'seaside.jpg', 'image', '3775', '2500', '9273143', '2017-03-09 19:36:31', '2017-03-09 19:36:31', '2017-03-09 19:36:31', '0d3386ca-0899-4488-a503-73256ee58225'),
 ('46', '2', '2', 'amag-logo.svg', 'image', '313', '317', '21910', '2017-03-15 23:42:37', '2017-03-15 23:42:37', '2017-03-15 23:42:37', '1aa8ba6f-8fbb-472e-813f-7d2bac3325c4'),
 ('47', '2', '2', 'bsr-logo.svg', 'image', '503', '221', '9353', '2017-03-15 23:42:38', '2017-03-15 23:42:38', '2017-03-15 23:42:38', '3554deb1-cbbe-4e0c-b83f-2e67e5d3dc9e'),
 ('48', '2', '2', 'burr-logo.svg', 'image', '1589', '899', '2858', '2017-03-15 23:42:38', '2017-03-15 23:42:38', '2017-03-15 23:42:38', '1bbd69ee-670e-46b2-8408-bdd8a33cc553'),
 ('49', '2', '2', 'fusion-logo.svg', 'image', '582', '187', '3377', '2017-03-15 23:42:38', '2017-03-15 23:42:38', '2017-03-15 23:42:38', 'e177b93c-fb6e-4360-8c5b-d5d53a6aa2c5'),
 ('50', '2', '2', 'Intel.png', 'image', '197', '140', '7665', '2017-03-15 23:42:38', '2017-03-15 23:42:38', '2017-03-15 23:42:38', '4576d54e-9c05-4c81-b922-9c3e7dff43bc'),
 ('51', '2', '2', 'kentstater-logo.svg', 'image', '586', '151', '8138', '2017-03-15 23:42:39', '2017-03-15 23:42:39', '2017-03-15 23:42:39', 'f7bd5efc-f2f1-451a-8245-c0402ecddbc4'),
 ('52', '2', '2', 'ksuif-logo.svg', 'image', '631', '198', '18277', '2017-03-15 23:42:39', '2017-03-15 23:42:39', '2017-03-15 23:42:39', 'ecd2b1c2-7283-4031-b930-bec404e1ff2a'),
 ('53', '2', '2', 'lunanegra-logo.svg', 'image', '641', '355', '6778', '2017-03-15 23:42:39', '2017-03-15 23:42:39', '2017-03-15 23:42:39', '611d91cf-7b51-40b2-b493-429077e2af88'),
 ('54', '2', '2', 'smsales-logo.svg', 'image', '252', '108', '12003', '2017-03-15 23:42:39', '2017-03-15 23:42:39', '2017-03-15 23:42:39', '2635be6b-63b7-4cd0-917f-92f1ebc9f487'),
 ('55', '2', '2', 'tv2-logo.svg', 'image', '410', '171', '1021', '2017-03-15 23:42:39', '2017-03-15 23:42:39', '2017-03-15 23:42:39', 'a0a29729-871d-43d1-8e99-b781bf94e851'),
 ('56', '2', '2', 'uhuru-logo.svg', 'image', '468', '587', '7511', '2017-03-15 23:42:39', '2017-03-15 23:42:39', '2017-03-15 23:42:39', '6855bf27-1dce-4799-9d81-e83978a9fd54'),
 ('64', '1', '1', 'people-cropped_960.jpg', 'image', '960', '503', '137702', '2017-04-07 15:48:39', '2017-03-16 18:42:00', '2017-04-07 15:48:41', 'a80bf6a3-31ad-46a1-9c6e-20a1f263706f'),
 ('67', '2', '2', 'studentmedia-logo.svg', 'image', '252', '108', '4756', '2017-03-23 03:31:51', '2017-03-23 03:31:51', '2017-03-23 03:31:51', 'a9a591a3-7f09-4fe2-9ba2-f5058dc57011'),
 ('78', '2', '2', 'SM_Logo.svg', 'image', '252', '108', '4756', '2017-04-07 15:46:46', '2017-04-03 19:35:52', '2017-04-07 15:46:49', 'eb8a3707-2be1-4642-9b38-bb09f4c863ae'),
 ('85', '2', '2', 'SM_Logo_RGB_White.png', 'image', '1050', '449', '34165', '2017-04-10 17:23:27', '2017-04-10 17:23:27', '2017-04-10 17:23:27', '2a637b23-835a-4661-87de-87edd61ab9a4'),
 ('86', '2', '2', 'logo_mark.svg', 'image', '113', '108', '1217', '2017-04-10 18:58:41', '2017-04-10 18:58:41', '2017-04-10 18:58:41', '2e90c2c4-37d4-4860-bdf5-24c9f82cc97f'),
 ('88', '1', '1', 'seaside.jpg', 'image', '3775', '2500', '9273143', '2017-04-10 19:59:04', '2017-04-10 19:59:06', '2017-04-10 19:59:06', '07f4fd1e-1d11-4b1c-ac9f-26a81c50cbf5'),
 ('90', '1', '1', 'grid-field-03.png', 'image', '1801', '1800', '9889304', '2017-04-10 19:59:13', '2017-04-10 19:59:15', '2017-04-10 19:59:15', '6c5a28d5-e5f7-475d-a473-3feed0df9256'),
 ('118', '1', '1', 'amag-logo.svg', 'image', '313', '317', '21910', '2017-04-20 17:54:24', '2017-04-20 17:54:24', '2017-04-20 17:54:24', '79cc5c1f-73e0-4560-a460-7265aaf77a22'),
 ('119', '1', '1', 'bsr-logo.svg', 'image', '503', '221', '9353', '2017-04-20 17:54:25', '2017-04-20 17:54:25', '2017-04-20 17:54:25', '71c2537d-ae75-4f51-b3f1-8957176c1d09'),
 ('120', '1', '1', 'burr-logo.svg', 'image', '1589', '899', '2858', '2017-04-20 17:54:25', '2017-04-20 17:54:25', '2017-04-20 17:54:25', 'f483cf4f-24a4-4f42-9c99-8ca0780673eb'),
 ('121', '1', '1', 'fusion-logo.svg', 'image', '582', '187', '3377', '2017-04-20 17:54:25', '2017-04-20 17:54:25', '2017-04-20 17:54:25', '442c9a61-5a73-412e-8fc2-50e5526c138b'),
 ('122', '1', '1', 'Intel.png', 'image', '197', '140', '7665', '2017-04-20 17:54:25', '2017-04-20 17:54:25', '2017-04-20 17:54:25', '4a96bd8e-672f-48e2-a674-d9fe02c10058'),
 ('123', '1', '1', 'kentstater-logo.svg', 'image', '586', '151', '8138', '2017-04-20 17:54:26', '2017-04-20 17:54:26', '2017-04-20 17:54:26', 'ac01d17a-7864-444b-a6a3-3d3a863a9b44'),
 ('124', '1', '1', 'ksuif-logo.svg', 'image', '631', '198', '18277', '2017-04-20 17:54:26', '2017-04-20 17:54:26', '2017-04-20 17:54:26', '7027823c-7d13-4935-8492-fb47494e16f9'),
 ('125', '1', '1', 'lunanegra-logo.svg', 'image', '641', '355', '6778', '2017-04-20 17:54:26', '2017-04-20 17:54:26', '2017-04-20 17:54:26', '5989e079-8f44-4a89-86a9-654f6d0d0052'),
 ('126', '1', '1', 'smsales-logo.svg', 'image', '252', '108', '12003', '2017-04-20 17:54:26', '2017-04-20 17:54:26', '2017-04-20 17:54:26', '397c0430-e8f3-429f-a0d7-b1f592aa3b61'),
 ('127', '1', '1', 'tv2-logo.svg', 'image', '410', '171', '1021', '2017-04-20 17:54:26', '2017-04-20 17:54:26', '2017-04-20 17:54:26', 'c2ee2e3a-e76d-4ffb-a4d6-27b53e346a76'),
 ('128', '1', '1', 'uhuru-logo.svg', 'image', '468', '587', '7511', '2017-04-20 17:54:26', '2017-04-20 17:54:26', '2017-04-20 17:54:26', '1b5cacc3-69bd-49e7-8f06-251d0e752efd'),
 ('169', '5', '5', 'DSCI_MDS_Handout.pdf', 'pdf', NULL, NULL, '77003', '2017-04-27 19:56:55', '2017-04-27 19:56:55', '2017-04-27 19:56:55', '8253a48f-d56a-42d8-b0f2-4f5ecf0bf074'),
 ('170', '1', '1', 'DSC6954.JPG', 'image', '6016', '4016', '12063391', '2017-04-27 21:03:24', '2017-04-27 21:03:25', '2017-04-27 21:03:25', 'a3c98a8e-0226-44ba-bdc2-850714a6ed0f'),
 ('171', '1', '1', 'fake-headshot.jpg', 'image', '467', '467', '61981', '2017-05-04 16:16:48', '2017-05-04 16:16:48', '2017-05-04 16:16:48', '7c941b7b-53be-4816-bb55-50896ebf7e30'),
 ('203', '5', '5', 'JMCMB_SMPC_04_16_15.pdf', 'pdf', NULL, NULL, '66741', '2017-05-04 21:07:50', '2017-05-04 21:07:50', '2017-05-04 21:07:50', 'c20fae46-fe62-4c09-8d2d-2ad261c2b3be'),
 ('204', '5', '5', 'SMB_Guidelines_102015.pdf', 'pdf', NULL, NULL, '76272', '2017-05-10 21:33:23', '2017-05-10 21:33:23', '2017-05-10 21:33:23', 'c2b82fca-a683-4f48-b0e5-1cf8f9b293a9'),
 ('205', '5', '5', 'SMB_budget_040116.pdf', 'pdf', NULL, NULL, '70294', '2017-05-10 21:41:37', '2017-05-10 21:41:37', '2017-05-10 21:41:37', 'be17c9a6-0c15-4b9f-97cf-6378d5c61e51'),
 ('207', '5', '5', 'SMB_full_041516.pdf', 'pdf', NULL, NULL, '98786', '2017-05-10 21:44:05', '2017-05-10 21:44:05', '2017-05-10 21:44:05', 'ca46f6e1-7046-4e4e-9eb1-7ae86b5f4b6a'),
 ('209', '5', '5', 'SMB_full_100915.pdf', 'pdf', NULL, NULL, '93605', '2017-05-10 21:45:47', '2017-05-10 21:45:47', '2017-05-10 21:45:47', 'a48ba769-0c6e-4674-8c8a-8db6d8971f0c'),
 ('211', '5', '5', 'SMB_selection_033016.pdf', 'pdf', NULL, NULL, '20806', '2017-05-10 21:49:56', '2017-05-10 21:49:56', '2017-05-10 21:49:56', 'c23221d4-cd7c-4fdd-955d-062a2ebad25a'),
 ('213', '5', '5', 'SMB_selection_040816.pdf', 'pdf', NULL, NULL, '83875', '2017-05-10 21:51:30', '2017-05-10 21:51:30', '2017-05-10 21:51:30', '076791ee-b644-42da-aade-c2b459cc63ca'),
 ('215', '5', '5', 'SMB_selection_120415.pdf', 'pdf', NULL, NULL, '90294', '2017-05-10 21:53:00', '2017-05-10 21:53:00', '2017-05-10 21:53:00', 'f4d12ab0-9001-43c4-a474-0acf0ca5cda2'),
 ('217', '5', '5', 'SMB_special_012216.pdf', 'pdf', NULL, NULL, '37971', '2017-05-10 21:55:14', '2017-05-10 21:55:14', '2017-05-10 21:55:14', '94b3d7a9-9de7-4848-b43e-fe97ac214100'),
 ('219', '1', '1', 'IMG_0161.jpg', 'image', '4769', '3132', '7311681', '2017-05-10 23:50:41', '2017-05-10 23:50:41', '2017-05-10 23:50:41', 'd8a0fb7e-95df-4d98-9598-c993ab159642'),
 ('220', '1', '1', 'DSC8013-copy.jpg', 'image', '5013', '2896', '5181365', '2017-05-10 23:51:45', '2017-05-10 23:51:45', '2017-05-10 23:51:45', '4a5285e4-93da-49fd-9818-7934e119923d'),
 ('221', '1', '1', 'IMG_0216.jpg', 'image', '5184', '3456', '7737365', '2017-05-10 23:54:50', '2017-05-10 23:54:51', '2017-05-10 23:54:51', '9956e757-172f-4bcd-a7c2-587f88efc555'),
 ('223', '2', '2', 'FB_Cover_Overlay4.jpg', 'image', '828', '315', '167810', '2017-05-11 02:39:49', '2017-05-11 02:39:49', '2017-05-11 02:39:49', '17955e4f-4a2e-4d09-8f42-1f26b66bb8a0'),
 ('224', '1', '1', 'Twitter_Cover_Overlay4.jpg', 'image', '1500', '500', '402406', '2017-05-11 02:40:08', '2017-05-11 02:40:08', '2017-05-11 02:40:08', '5591fb1b-0434-4d90-a6ec-c4e5e83d3270'),
 ('233', '1', '1', 'IMG_0230.jpg', 'image', '5184', '3456', '9060565', '2017-05-11 16:54:32', '2017-05-11 16:54:33', '2017-05-11 16:54:33', '34268272-f4f7-4022-80f8-4bbc159a667d'),
 ('234', '1', '1', 'DSC8042.jpg', 'image', '4949', '3304', '6540332', '2017-05-11 17:19:49', '2017-05-11 17:19:50', '2017-05-11 17:19:50', 'c11cb256-14ee-4ad2-a83b-c602a74334dc'),
 ('236', '1', '1', '24805284962_094b55a1e1_k.jpg', 'image', '2048', '1365', '706407', '2017-05-27 17:52:30', '2017-05-27 17:52:31', '2017-05-27 17:52:31', 'a9772e44-8a64-4072-9a58-20a26c2f1a4e'),
 ('237', '1', '1', 'lab.jpg', 'image', '5472', '3031', '9325831', '2017-05-27 18:12:33', '2017-05-27 18:12:34', '2017-05-27 18:12:34', 'deda0332-8040-4c59-87a0-1ba70f367049');



DROP TABLE IF EXISTS `craft_assetfolders`;


--
-- Schema for table `craft_assetfolders`
--
CREATE TABLE `craft_assetfolders` (
  `id` int(11) NOT NULL AUTO_INCREMENT,
  `parentId` int(11) DEFAULT NULL,
  `sourceId` int(11) DEFAULT NULL,
  `name` varchar(255) COLLATE utf8_unicode_ci NOT NULL,
  `path` varchar(255) COLLATE utf8_unicode_ci DEFAULT NULL,
  `dateCreated` datetime NOT NULL,
  `dateUpdated` datetime NOT NULL,
  `uid` char(36) COLLATE utf8_unicode_ci NOT NULL DEFAULT '0',
  PRIMARY KEY (`id`),
  UNIQUE KEY `craft_assetfolders_name_parentId_sourceId_unq_idx` (`name`,`parentId`,`sourceId`),
  KEY `craft_assetfolders_parentId_fk` (`parentId`),
  KEY `craft_assetfolders_sourceId_fk` (`sourceId`)
) ENGINE=InnoDB AUTO_INCREMENT=6 DEFAULT CHARSET=utf8 COLLATE=utf8_unicode_ci;

--
-- Data for table `craft_assetfolders`
--

INSERT INTO `craft_assetfolders` (`id`, `parentId`, `sourceId`, `name`, `path`, `dateCreated`, `dateUpdated`, `uid`) VALUES
 ('1', NULL, '1', 'Hero Image', '', '2017-02-16 21:36:06', '2017-04-07 15:46:09', 'f22f8b8d-448f-4415-9768-9410172cd18c'),
 ('2', NULL, '2', 'Global', '', '2017-02-16 21:36:48', '2017-02-16 21:36:48', 'e80dac9c-4efa-40de-be0e-c09b95b9b557'),
 ('5', NULL, '5', 'Files', '', '2017-04-27 19:42:19', '2017-04-27 19:42:19', 'd75d79a8-90a8-40a8-b8a2-31ee95d3d568');



DROP TABLE IF EXISTS `craft_assetindexdata`;


--
-- Schema for table `craft_assetindexdata`
--
CREATE TABLE `craft_assetindexdata` (
  `id` int(11) NOT NULL AUTO_INCREMENT,
  `sessionId` varchar(36) COLLATE utf8_unicode_ci NOT NULL DEFAULT '',
  `sourceId` int(10) NOT NULL,
  `offset` int(10) NOT NULL,
  `uri` varchar(255) COLLATE utf8_unicode_ci DEFAULT NULL,
  `size` varchar(255) COLLATE utf8_unicode_ci DEFAULT NULL,
  `recordId` int(10) DEFAULT NULL,
  `dateCreated` datetime NOT NULL,
  `dateUpdated` datetime NOT NULL,
  `uid` char(36) COLLATE utf8_unicode_ci NOT NULL DEFAULT '0',
  PRIMARY KEY (`id`),
  UNIQUE KEY `craft_assetindexdata_sessionId_sourceId_offset_unq_idx` (`sessionId`,`sourceId`,`offset`),
  KEY `craft_assetindexdata_sourceId_fk` (`sourceId`)
) ENGINE=InnoDB DEFAULT CHARSET=utf8 COLLATE=utf8_unicode_ci;

DROP TABLE IF EXISTS `craft_assetsources`;


--
-- Schema for table `craft_assetsources`
--
CREATE TABLE `craft_assetsources` (
  `id` int(11) NOT NULL AUTO_INCREMENT,
  `name` varchar(255) COLLATE utf8_unicode_ci NOT NULL,
  `handle` varchar(255) COLLATE utf8_unicode_ci NOT NULL,
  `type` varchar(150) COLLATE utf8_unicode_ci NOT NULL,
  `settings` text COLLATE utf8_unicode_ci,
  `sortOrder` smallint(6) unsigned DEFAULT NULL,
  `fieldLayoutId` int(10) DEFAULT NULL,
  `dateCreated` datetime NOT NULL,
  `dateUpdated` datetime NOT NULL,
  `uid` char(36) COLLATE utf8_unicode_ci NOT NULL DEFAULT '0',
  PRIMARY KEY (`id`),
  UNIQUE KEY `craft_assetsources_name_unq_idx` (`name`),
  UNIQUE KEY `craft_assetsources_handle_unq_idx` (`handle`),
  KEY `craft_assetsources_fieldLayoutId_fk` (`fieldLayoutId`)
) ENGINE=InnoDB AUTO_INCREMENT=6 DEFAULT CHARSET=utf8 COLLATE=utf8_unicode_ci;

--
-- Data for table `craft_assetsources`
--

INSERT INTO `craft_assetsources` (`id`, `name`, `handle`, `type`, `settings`, `sortOrder`, `fieldLayoutId`, `dateCreated`, `dateUpdated`, `uid`) VALUES
 ('1', 'Hero Image', 'heroImage', 'Local', '{\"path\":\"assets\\/uploads\\/hero\\/\",\"publicURLs\":\"1\",\"url\":\"{baseUrl}\\/assets\\/uploads\\/hero\\/\"}', '1', '86', '2017-02-16 21:36:06', '2017-04-07 15:46:09', '3395b214-0269-4ea9-ae34-ca5dcfc66966'),
 ('2', 'Global', 'global', 'Local', '{\"path\":\"assets\\/uploads\\/global\\/\",\"publicURLs\":\"1\",\"url\":\"{baseUrl}\\/assets\\/uploads\\/global\\/\"}', '2', '85', '2017-02-16 21:36:48', '2017-04-07 15:44:02', '616d6936-1f20-4789-8346-a43e3424f70b'),
 ('5', 'Files', 'files', 'Local', '{\"path\":\"assets\\/uploads\\/files\\/\",\"publicURLs\":\"1\",\"url\":\"{baseUrl}\\/assets\\/uploads\\/files\\/\"}', '3', '123', '2017-04-27 19:42:19', '2017-04-27 19:42:19', 'a3bcc1fc-15c0-4f42-b95f-6d849f100caa');



DROP TABLE IF EXISTS `craft_assettransformindex`;


--
-- Schema for table `craft_assettransformindex`
--
CREATE TABLE `craft_assettransformindex` (
  `id` int(11) NOT NULL AUTO_INCREMENT,
  `fileId` int(11) NOT NULL,
  `filename` varchar(255) COLLATE utf8_unicode_ci DEFAULT NULL,
  `format` varchar(255) COLLATE utf8_unicode_ci DEFAULT NULL,
  `location` varchar(255) COLLATE utf8_unicode_ci NOT NULL,
  `sourceId` int(11) DEFAULT NULL,
  `fileExists` tinyint(1) DEFAULT NULL,
  `inProgress` tinyint(1) DEFAULT NULL,
  `dateIndexed` datetime DEFAULT NULL,
  `dateCreated` datetime NOT NULL,
  `dateUpdated` datetime NOT NULL,
  `uid` char(36) COLLATE utf8_unicode_ci NOT NULL DEFAULT '0',
  PRIMARY KEY (`id`),
  KEY `craft_assettransformindex_sourceId_fileId_location_idx` (`sourceId`,`fileId`,`location`)
) ENGINE=InnoDB AUTO_INCREMENT=66 DEFAULT CHARSET=utf8 COLLATE=utf8_unicode_ci;

DROP TABLE IF EXISTS `craft_assettransforms`;


--
-- Schema for table `craft_assettransforms`
--
CREATE TABLE `craft_assettransforms` (
  `id` int(11) NOT NULL AUTO_INCREMENT,
  `name` varchar(255) COLLATE utf8_unicode_ci NOT NULL,
  `handle` varchar(255) COLLATE utf8_unicode_ci NOT NULL,
  `mode` enum('stretch','fit','crop') COLLATE utf8_unicode_ci NOT NULL DEFAULT 'crop',
  `position` enum('top-left','top-center','top-right','center-left','center-center','center-right','bottom-left','bottom-center','bottom-right') COLLATE utf8_unicode_ci NOT NULL DEFAULT 'center-center',
  `height` int(10) DEFAULT NULL,
  `width` int(10) DEFAULT NULL,
  `format` varchar(255) COLLATE utf8_unicode_ci DEFAULT NULL,
  `quality` int(10) DEFAULT NULL,
  `dimensionChangeTime` datetime DEFAULT NULL,
  `dateCreated` datetime NOT NULL,
  `dateUpdated` datetime NOT NULL,
  `uid` char(36) COLLATE utf8_unicode_ci NOT NULL DEFAULT '0',
  PRIMARY KEY (`id`),
  UNIQUE KEY `craft_assettransforms_name_unq_idx` (`name`),
  UNIQUE KEY `craft_assettransforms_handle_unq_idx` (`handle`)
) ENGINE=InnoDB AUTO_INCREMENT=6 DEFAULT CHARSET=utf8 COLLATE=utf8_unicode_ci;

--
-- Data for table `craft_assettransforms`
--

INSERT INTO `craft_assettransforms` (`id`, `name`, `handle`, `mode`, `position`, `height`, `width`, `format`, `quality`, `dimensionChangeTime`, `dateCreated`, `dateUpdated`, `uid`) VALUES
 ('1', 'Transform Hero Image', 'hero', 'crop', 'center-center', '800', '2000', 'jpg', '82', '2017-06-01 14:28:35', '2017-03-09 15:27:19', '2017-06-01 14:28:35', '8ebdf247-3a63-4b33-bcbe-b5364717ca57'),
 ('2', 'Media Partner Icon', 'mediaPartnerIcon', 'crop', 'center-center', '200', '200', 'jpg', '60', '2017-05-11 02:48:33', '2017-05-11 02:48:33', '2017-05-11 02:48:33', '3141c1bc-c673-4c34-aed9-5070d63be1e7'),
 ('3', 'Staff Profile', 'staffProfile', 'crop', 'center-center', '400', '400', NULL, '82', '2017-05-28 23:12:49', '2017-05-28 23:12:49', '2017-05-28 23:12:49', 'ebcbd3ab-2724-4150-8abf-ff88f9935b3e'),
 ('4', 'Hero Image Small', 'heroSmall', 'crop', 'center-center', '750', '1200', NULL, '82', '2017-06-01 14:37:40', '2017-06-01 14:23:34', '2017-06-01 14:37:40', '2ad3d68f-dd5f-4b1a-bef6-441f160271b2'),
 ('5', 'Hero Short', 'heroShort', 'crop', 'center-center', '600', '2000', NULL, '82', '2017-06-01 14:37:21', '2017-06-01 14:30:16', '2017-06-01 14:37:21', 'ac05021c-cf78-46af-a1c8-b8de67a88ff0');



DROP TABLE IF EXISTS `craft_categories`;


--
-- Schema for table `craft_categories`
--
CREATE TABLE `craft_categories` (
  `id` int(11) NOT NULL,
  `groupId` int(11) NOT NULL,
  `dateCreated` datetime NOT NULL,
  `dateUpdated` datetime NOT NULL,
  `uid` char(36) COLLATE utf8_unicode_ci NOT NULL DEFAULT '0',
  PRIMARY KEY (`id`),
  KEY `craft_categories_groupId_fk` (`groupId`)
) ENGINE=InnoDB DEFAULT CHARSET=utf8 COLLATE=utf8_unicode_ci;

--
-- Data for table `craft_categories`
--

INSERT INTO `craft_categories` (`id`, `groupId`, `dateCreated`, `dateUpdated`, `uid`) VALUES
 ('42', '1', '2017-03-12 16:15:37', '2017-04-13 20:38:00', '5bfefb15-e0ff-4aa6-91eb-e7993f5a388b'),
 ('68', '1', '2017-03-23 18:09:01', '2017-03-23 18:09:01', '371d0b01-049e-4baf-80d9-ff1e60fceceb'),
 ('69', '1', '2017-03-23 18:09:09', '2017-04-13 20:05:31', '5c3e9d51-f6db-4fa4-baaf-fb0e5ab1637e'),
 ('70', '1', '2017-03-23 18:09:15', '2017-03-23 18:09:15', '43729e98-3e7f-42d6-83bf-10846aabbf5b'),
 ('239', '1', '2017-05-31 19:21:02', '2017-05-31 19:21:02', 'a5987c9c-2599-47e1-97ff-7e4aa3748c79');



DROP TABLE IF EXISTS `craft_categorygroups`;


--
-- Schema for table `craft_categorygroups`
--
CREATE TABLE `craft_categorygroups` (
  `id` int(11) NOT NULL AUTO_INCREMENT,
  `structureId` int(11) NOT NULL,
  `fieldLayoutId` int(11) DEFAULT NULL,
  `name` varchar(255) COLLATE utf8_unicode_ci NOT NULL,
  `handle` varchar(255) COLLATE utf8_unicode_ci NOT NULL,
  `hasUrls` tinyint(1) unsigned NOT NULL DEFAULT '1',
  `template` varchar(500) COLLATE utf8_unicode_ci DEFAULT NULL,
  `dateCreated` datetime NOT NULL,
  `dateUpdated` datetime NOT NULL,
  `uid` char(36) COLLATE utf8_unicode_ci NOT NULL DEFAULT '0',
  PRIMARY KEY (`id`),
  UNIQUE KEY `craft_categorygroups_name_unq_idx` (`name`),
  UNIQUE KEY `craft_categorygroups_handle_unq_idx` (`handle`),
  KEY `craft_categorygroups_structureId_fk` (`structureId`),
  KEY `craft_categorygroups_fieldLayoutId_fk` (`fieldLayoutId`)
) ENGINE=InnoDB AUTO_INCREMENT=2 DEFAULT CHARSET=utf8 COLLATE=utf8_unicode_ci;

--
-- Data for table `craft_categorygroups`
--

INSERT INTO `craft_categorygroups` (`id`, `structureId`, `fieldLayoutId`, `name`, `handle`, `hasUrls`, `template`, `dateCreated`, `dateUpdated`, `uid`) VALUES
 ('1', '1', '80', 'Ad Format', 'adFormat', '1', '', '2017-03-12 16:02:21', '2017-03-23 19:52:23', 'c36c6155-0aaf-49b9-aa79-bbaacf8849e6');



DROP TABLE IF EXISTS `craft_categorygroups_i18n`;


--
-- Schema for table `craft_categorygroups_i18n`
--
CREATE TABLE `craft_categorygroups_i18n` (
  `id` int(11) NOT NULL AUTO_INCREMENT,
  `groupId` int(11) NOT NULL,
  `locale` char(12) COLLATE utf8_unicode_ci NOT NULL,
  `urlFormat` text COLLATE utf8_unicode_ci,
  `nestedUrlFormat` text COLLATE utf8_unicode_ci,
  `dateCreated` datetime NOT NULL,
  `dateUpdated` datetime NOT NULL,
  `uid` char(36) COLLATE utf8_unicode_ci NOT NULL DEFAULT '0',
  PRIMARY KEY (`id`),
  UNIQUE KEY `craft_categorygroups_i18n_groupId_locale_unq_idx` (`groupId`,`locale`),
  KEY `craft_categorygroups_i18n_locale_fk` (`locale`)
) ENGINE=InnoDB AUTO_INCREMENT=2 DEFAULT CHARSET=utf8 COLLATE=utf8_unicode_ci;

--
-- Data for table `craft_categorygroups_i18n`
--

INSERT INTO `craft_categorygroups_i18n` (`id`, `groupId`, `locale`, `urlFormat`, `nestedUrlFormat`, `dateCreated`, `dateUpdated`, `uid`) VALUES
 ('1', '1', 'en_us', 'ad-format/{slug}', '{parent.uri}/{slug}', '2017-03-12 16:02:21', '2017-03-12 16:02:21', '2c4838b0-1726-4ae6-bc84-5a03942cf30a');



DROP TABLE IF EXISTS `craft_content`;


--
-- Schema for table `craft_content`
--
CREATE TABLE `craft_content` (
  `id` int(11) NOT NULL AUTO_INCREMENT,
  `elementId` int(11) NOT NULL,
  `locale` char(12) COLLATE utf8_unicode_ci NOT NULL,
  `title` varchar(255) COLLATE utf8_unicode_ci DEFAULT NULL,
  `field_body` text COLLATE utf8_unicode_ci,
  `field_awardsAchievements` text COLLATE utf8_unicode_ci,
  `field_email` text COLLATE utf8_unicode_ci,
  `field_employeeType` varchar(255) COLLATE utf8_unicode_ci DEFAULT NULL,
  `field_firstName` text COLLATE utf8_unicode_ci,
  `field_lastName` text COLLATE utf8_unicode_ci,
  `field_jobTitle` text COLLATE utf8_unicode_ci,
  `field_organization` text COLLATE utf8_unicode_ci,
  `field_phone` text COLLATE utf8_unicode_ci,
  `field_description` text COLLATE utf8_unicode_ci,
  `field_mailingAddress` text COLLATE utf8_unicode_ci,
  `field_mediaPartnerText` text COLLATE utf8_unicode_ci,
  `field_tagline` text COLLATE utf8_unicode_ci,
  `field_time` datetime DEFAULT NULL,
  `field_location` text COLLATE utf8_unicode_ci,
  `field_statistics` varchar(100) COLLATE utf8_unicode_ci DEFAULT NULL,
  `field_video` text COLLATE utf8_unicode_ci,
  `field_shortDescription` text COLLATE utf8_unicode_ci,
  `field_featuredMediaPartner` tinyint(1) unsigned NOT NULL DEFAULT '0',
  `field_quotee` text COLLATE utf8_unicode_ci,
  `field_quote` text COLLATE utf8_unicode_ci,
  `field_supportUs` text COLLATE utf8_unicode_ci,
  `field_date` datetime DEFAULT NULL,
  `field_address` text COLLATE utf8_unicode_ci,
  `field_department` text COLLATE utf8_unicode_ci,
  `field_adBody` text COLLATE utf8_unicode_ci,
  `field_advertisingHeader` text COLLATE utf8_unicode_ci,
  `field_mediaPartnersHeader` text COLLATE utf8_unicode_ci,
  `field_videoCaption` text COLLATE utf8_unicode_ci,
  `field_creativeServicesDescription` text COLLATE utf8_unicode_ci,
  `dateCreated` datetime NOT NULL,
  `dateUpdated` datetime NOT NULL,
  `uid` char(36) COLLATE utf8_unicode_ci NOT NULL DEFAULT '0',
  PRIMARY KEY (`id`),
  UNIQUE KEY `craft_content_elementId_locale_unq_idx` (`elementId`,`locale`),
  KEY `craft_content_title_idx` (`title`),
  KEY `craft_content_locale_fk` (`locale`)
) ENGINE=InnoDB AUTO_INCREMENT=180 DEFAULT CHARSET=utf8 COLLATE=utf8_unicode_ci;

--
-- Data for table `craft_content`
--

INSERT INTO `craft_content` (`id`, `elementId`, `locale`, `title`, `field_body`, `field_awardsAchievements`, `field_email`, `field_employeeType`, `field_firstName`, `field_lastName`, `field_jobTitle`, `field_organization`, `field_phone`, `field_description`, `field_mailingAddress`, `field_mediaPartnerText`, `field_tagline`, `field_time`, `field_location`, `field_statistics`, `field_video`, `field_shortDescription`, `field_featuredMediaPartner`, `field_quotee`, `field_quote`, `field_supportUs`, `field_date`, `field_address`, `field_department`, `field_adBody`, `field_advertisingHeader`, `field_mediaPartnersHeader`, `field_videoCaption`, `field_creativeServicesDescription`, `dateCreated`, `dateUpdated`, `uid`) VALUES
 ('1', '1', 'en_us', NULL, NULL, NULL, NULL, NULL, NULL, NULL, NULL, NULL, NULL, NULL, NULL, NULL, NULL, NULL, NULL, NULL, NULL, NULL, '0', NULL, NULL, NULL, NULL, NULL, NULL, NULL, NULL, NULL, NULL, NULL, '2017-01-12 16:12:58', '2017-01-12 16:12:58', '24776682-9b14-4436-b619-1e1cc56a0686'),
 ('2', '2', 'en_us', 'Home', '<p>Kent State Student Media is the brand that represents all the broadcast and film, print, and online content created by Kent State students. Our media partners are  independent, nationally recognized, and nationally award-winning. </p>\n<p>Every student is invited to come join us and gain a professional, practical, and fun experience that will add to their resume. <br /></p>', NULL, NULL, NULL, NULL, NULL, NULL, NULL, NULL, 'About Student Media', NULL, '', 'Kent State\'s Independent Student Media Organization', NULL, NULL, '', 'https://player.vimeo.com/video/210945217', NULL, '0', NULL, NULL, NULL, NULL, NULL, NULL, '<p>Kent State Student Media is the brand that represents all the broadcast and film, print, and online content created by Kent State students. Our media partners are independent, nationally recognized, and nationally award-winning. </p>', 'Advertising With Us', 'Our Media Partners', 'Watch our student-produced video to learn more about Student Media.', NULL, '2017-01-12 16:12:59', '2017-05-27 18:34:58', 'f78f163d-6654-40b7-9f92-e347dd1a8a48'),
 ('3', '3', 'en_us', 'We just installed Craft!', '<p>Craft is the CMS that’s powering Kentstatestudentmedia.com. It’s beautiful, powerful, flexible, and easy-to-use, and it’s made by Pixel &amp; Tonic. We can’t wait to dive in and see what it’s capable of!</p><!--pagebreak--><p>This is even more captivating content, which you couldn’t see on the News index page because it was entered after a Page Break, and the News index template only likes to show the content on the first page.</p><p>Craft: a nice alternative to Word, if you’re making a website.</p>', NULL, NULL, NULL, NULL, NULL, NULL, NULL, NULL, NULL, NULL, NULL, NULL, NULL, NULL, NULL, NULL, NULL, '0', NULL, NULL, NULL, NULL, NULL, NULL, NULL, NULL, NULL, NULL, NULL, '2017-01-12 16:12:59', '2017-01-12 16:12:59', 'dfa73501-ee0c-49a1-9e07-9d9311da2157'),
 ('5', '5', 'en_us', NULL, NULL, NULL, NULL, '[]', NULL, NULL, NULL, NULL, NULL, NULL, NULL, NULL, NULL, NULL, NULL, NULL, NULL, NULL, '0', NULL, NULL, NULL, NULL, NULL, NULL, NULL, NULL, NULL, NULL, NULL, '2017-02-16 21:06:16', '2017-04-10 18:58:43', '7716c3ac-f175-4791-b627-428240c39bde'),
 ('6', '6', 'en_us', NULL, NULL, NULL, 'ads@ksustudentmedia.com', '[]', NULL, NULL, NULL, NULL, '330-672-6306', NULL, '500 Hilltop Drive Kent, OH 44240', NULL, NULL, NULL, NULL, NULL, NULL, NULL, '0', NULL, NULL, NULL, NULL, NULL, NULL, NULL, NULL, NULL, NULL, NULL, '2017-02-16 21:16:37', '2017-05-29 00:22:40', 'd409f537-992f-48ec-85bb-020d0efded32'),
 ('10', '10', 'en_us', 'A Magazine', '<p>A Magazine is Kent State\'s publication for all things fashion, beauty and culture on campus and beyond. A focuses on both women\'s and men\'s fashion and has companion website that is updated regularly, providing students with the latest fashion industry and more. It is distributed at Kent State and the Fashion School’s New York studio.<br /></p>', NULL, 'amagksu@gmail.com', '[]', 'Payton', 'Moore', 'Student Leader', NULL, '', 'A Magazine is a visually stunning student-run magazine at Kent State. It is the publication for all things fashion, beauty, accessories and culture on campus and beyond. A focuses on both women\'s and men\'s fashion and has companion website that is updated regularly with extended content and videos, providing students with the latest fashion news. It is distributed at Kent State and the Fashion School’s New York studio.', NULL, NULL, 'mnjkhhghgj', NULL, NULL, NULL, NULL, 'A Magazine is Kent State’s student-run fashion magazine and is the hub for all things fashion, beauty and culture related.', '1', NULL, NULL, NULL, NULL, NULL, '', NULL, NULL, NULL, NULL, NULL, '2017-02-23 21:56:29', '2017-06-01 18:43:57', '6f8e97bf-9f33-417d-ac37-a04cb04c79ba'),
 ('11', '11', 'en_us', '85+', NULL, NULL, NULL, '[]', NULL, NULL, NULL, NULL, NULL, 'This is a description of the statistic', NULL, NULL, NULL, NULL, NULL, 'years involved within the Kent community', NULL, NULL, '0', NULL, NULL, NULL, NULL, NULL, NULL, NULL, NULL, NULL, NULL, NULL, '2017-02-24 21:50:46', '2017-04-13 19:39:10', 'b37eef99-19a3-4fa9-9c81-deed5db3e4e2'),
 ('12', '12', 'en_us', '34', NULL, NULL, NULL, '[]', NULL, NULL, NULL, NULL, NULL, 'This is a description of the second statistic', NULL, NULL, NULL, NULL, NULL, 'content outlets that are regularly updated', NULL, NULL, '0', NULL, NULL, NULL, NULL, NULL, NULL, NULL, NULL, NULL, NULL, NULL, '2017-02-24 21:51:00', '2017-05-11 15:52:21', '7fc4b890-5442-4999-84b0-b9bf626cf39f'),
 ('14', '14', 'en_us', 'The Burr', '<p>The Burr is Kent State University\'s first student magazine. Published once a semester, The Burr looks into current trends, issues and people in Kent and the surrounding communities. Each issue contains a compelling mix of original reporting, in depth issue coverage, profiles and personal essays. The web counterpoint TheBurr.com features online feature stories and multimedia as well as weekly blogs on topics such as relationships, fashion, health and entertainment. The Burr has been producing strong, award-winning journalism since 1986.</p>', NULL, 'theburrmagazine@gmail.com', '[]', 'Sammi', 'Ickes', 'Student Leader', NULL, '330-672-2947', 'The Burr is an independent, award-winning student magazine and was Kent State’s first student magazine ever. The magazine features a mix of original reporting, how-to articles, feature articles and personal essays. TheBurr.com is frequently updated with multimedia stories and blogs and has an archive of past issues.', NULL, NULL, '', NULL, NULL, NULL, NULL, 'The Burr is Kent State’s first student-produced magazine made for those who have made a home in Kent.', '1', NULL, NULL, NULL, NULL, NULL, '', NULL, NULL, NULL, NULL, NULL, '2017-02-27 15:21:05', '2017-05-11 18:34:23', '45cdefa8-367e-4d2d-9733-583b8f9829b4'),
 ('15', '15', 'en_us', 'Kent Stater', '<p>The Kent Stater is an award-winning student-run newspaper. Reaching more than 9,500 people per issue, the Stater keeps the community up-to-date with campus, local and national news, sports and features. The Stater publishes on Monday, Wednesday and Thursday and has a circulation of 6,000 per day. During the summer months, The Kent Stater runs special print issues and the annual Orientation issue to welcome back students. The Kent Stater publishes online with media partner, TV2, at KentWired.com\n      </p>', NULL, 'kentwired@gmail.com', '[]', 'Jimmy', 'Miller', 'Student Leader', NULL, '330-672-2586', 'The Kent Stater is the award-winning, student-run newspaper at Kent State University. Reaching more than 15,000 people per issue, the Stater keeps the community up-to-date with campus, local and national news, sports and features. The Stater publishes on Monday, Wednesday and Thursday and has a circulation of 6,750 per day. During the summer months, The Kent Stater runs special print issues and also runs the annual Orientation issue to welcome new and returning students.', NULL, NULL, '', NULL, NULL, NULL, NULL, 'The Kent Stater is the award-winning, student-run newspaper at Kent State University. ', '1', NULL, NULL, NULL, NULL, NULL, '', NULL, NULL, NULL, NULL, NULL, '2017-02-27 15:21:14', '2017-05-11 18:35:57', '7e622988-7d52-4011-872c-1c063f8dcc6e'),
 ('19', '19', 'en_us', 'Black Squirrel Radio', '<p>Black Squirrel Radio is a student-run radio station committed to providing innovative media content inspired by the community of Kent, Ohio, dedicated to professionalism, integrity, creativity and diversity. With 56 different student-hosted shows airing from 10am to 2am everyday, we are committed to providing professional industry experience while continuing to be a platform for experimental programming. Through alternative media content, we aim to grow our audience by becoming the destination for students and alumni to remember what was and experience what is college life in Kent, Ohio.</p>', NULL, 'lgerbig@kent.edu', '[]', 'Layne', 'Gerbig', 'Student Leader', NULL, '', 'Black Squirrel Radio (BSR) is a student-run radio station that has 10,000 loyal monthly listeners. BSR features a large selection of urban, rock and local music with numerous local bands and entertainers coming for in-studio performances and interviews. BSR is available at www.blacksquirrelradio.com, iTunes radio under College Stations, the TuneIn app and channels 2-4 and 2-6 though on-campus television.', NULL, NULL, '', NULL, NULL, NULL, NULL, 'Black Squirrel Radio (BSR) is the student-run radio station on Kent State’s campus and provides innovative media content inspired by the community of Kent, Ohio.', '1', NULL, NULL, NULL, NULL, NULL, '', NULL, NULL, NULL, NULL, NULL, '2017-03-02 19:46:01', '2017-05-28 23:21:43', 'b9058ae3-0353-4198-93c6-ca8357c03eb1'),
 ('20', '20', 'en_us', 'TV2', '<p>TV2 is Kent State\'s award winning television station that strives to be Truly Portage County. From local news and sports to entertainment buzz and important social issues surrounding the region, TV2 covers the Kent State and Portage County area like no other television station can, while educating and preparing students for the future.</p>', NULL, 'lkober@kent.edu', '[]', 'Leisel', 'Kober', 'Student Leader', NULL, '330-672-2584', 'TV2 is the award-winning, student-run television station of Kent State University. TV2 is also Portage County’s only local television station and the best source for local news and original television content. TV2 reaches more than 26,000 homes throughout Portage County on Spectrum (formerly Time Warner Cable) channel 16 and more than 7,500 Kent State students living on-campus on channel 2-2. TV2 is also live streamed on KentWired.com/TV2. With 10 different TV shows, TV2 covers everything from breaking news, local news, weather, sports, entertainment and humor.', NULL, NULL, '', NULL, NULL, NULL, NULL, 'TV2 is Kent State\'s award winning television station that strives to be Truly Portage County.', '1', NULL, NULL, NULL, NULL, NULL, '', NULL, NULL, NULL, NULL, NULL, '2017-03-02 19:46:26', '2017-05-31 19:59:52', 'a23b03af-0e18-4a7b-8901-95644568668e'),
 ('21', '21', 'en_us', 'Fusion Magazine', '<p>Fusion is Kent State University\'s LGBTQ magazine. We publish news, entertainment, opinions and interviews for and about the LGBTQ community. Each spring, we release a print issue and we regularly update our website year-round. </p>\n<p>Our mission is to promote equality, education and community through journalism. When Fusion was founded, in 2003, marriage equality was not yet legal anywhere in the United States and laws against consensual sex between gay men were overturned that year. LGBTQ rights have significantly advanced since trans women, drag queens and street kids fought back against police violence in 1959. But the community, particularly trans people and people of color, still face substantial adversity. Journalism and storytelling helps humanize the community and its struggle. By publicizing their perspectives and experiences, Fusion helps demonstrate why LGBTQ people need an equal place in society.</p>', NULL, 'meckhous@kent.edu', '[]', 'MJ', 'Eckhouse', 'Student Leader', NULL, '', 'Fusion is Kent State\'s lesbian, gay, bisexual, transgender and queer/questioning student advocacy and entertainment magazine. Fusion strives to promote equality and community in northeast Ohio and beyond through journalism and they have been recognized by the Society of Professional Journalists for excellence. Fusion is the only student magazine focusing on LGBTQ issues in the region.', NULL, NULL, '', NULL, NULL, NULL, NULL, 'Fusion is Kent State\'s lesbian, gay, bisexual, transgender and queer/questioning student advocacy and entertainment magazine.', '1', NULL, NULL, NULL, NULL, NULL, '', NULL, NULL, NULL, NULL, NULL, '2017-03-02 19:46:47', '2017-05-11 03:27:21', '7588d518-0261-46ab-a865-1600d104616c'),
 ('22', '22', 'en_us', 'Uhuru', '<p>Uhuru is an award-winning magazine that aims to promote innovation, creativity, and culture through the voice of marginalized students on the Kent State University campus. Having a history of pan-African teachings and values, Uhuru magazine focuses on the plight of all students around the globe.\n  </p>\n<p>Uhuru, which is Kiswahili for ‘freedom,’ serves as a platform for student creation and expression in art, writing, photography and graphic design, while discussing racial, social and/or political ignorance.\n      </p>', NULL, 'uhurumag1@gmail.com', '[]', 'Sierra', 'Allen', 'Student Leader', NULL, '', 'Uhuru is an award-winning magazine that promotes innovation, creativity and culture through the voice of marginalized students. A derivative of Black Unites Students, Uhuru is focused on the unification of the African-American population but serves as a safe haven for others by reflecting all people of color at Kent State. Uhuru is Kent State\'s only minority news outlet and serves as a platform for student creation and expression in art, writing, photography and graphic design while addressing social issues.', NULL, NULL, '', NULL, NULL, NULL, NULL, 'Uhuru is the magazine that promotes innovation, creativity and culture through the voice of marginalized students at Kent State.', '1', NULL, NULL, NULL, NULL, NULL, '', NULL, NULL, NULL, NULL, NULL, '2017-03-02 19:46:53', '2017-05-11 18:32:04', 'b1238632-d5b9-44ea-a4f5-8584bb4f074e'),
 ('23', '23', 'en_us', 'KentWired', '<p>KentWired.com is the hub of all Kent State Student Media. Featuring top news, entertainment, community and campus news, sports and video, KentWired is the place to turn to for everything Kent. The site also features  classifieds, daily podcasts, newscasts and live streams to TV2 and Black Squirrel Radio. KentWired is also the key source to news over the summer months.</p>', NULL, 'kentwired@gmail.com', '[]', '', '', '', NULL, '330-672-2586', 'KentWired.com is a news organization hosting content created by the collaborative effort of students working in student media at Kent State University. KentWired is the independent news website for the Kent Stater and TV2 and is the year round news source for everything Kent. KentWired has top news, entertainment, sports, and community and campus news. It also features classifieds and live streams for TV2 and Black Squirrel Radio. ', NULL, NULL, '', NULL, NULL, NULL, NULL, 'KentWired.com is a news organization that holds content created by students working in student media at Kent State University. ', '1', NULL, NULL, NULL, NULL, NULL, '', NULL, NULL, NULL, NULL, NULL, '2017-03-02 19:48:46', '2017-05-11 18:30:51', 'ecc0b93e-3f1e-4938-9f03-c3892be4e7ac'),
 ('24', '24', 'en_us', 'Luna Negra', '<p>Luna Negra, though sometimes under different names, has been around since 1956. It began under the English department, where it found its footing within the campus’s cultural atmosphere. Since then, the publication has been a staple of the university, witnessing the path Kent State has taken through the decades. We have published works describing the culture of collegiate 1950s, the Kent State shootings, and 9/11; the literary pieces published by Luna Negra, written by the students themselves, have chronicled every major cultural and historical event of America. Since its inception, and still to today, Luna Negra is run by students and filled with student content. We strive to foster creative activity across campus and seek to be the keeper and encourager of the student body’s creative spirit.</p>', NULL, 'lunanegramag@gmail.com', '[]', 'Sam', 'Hersh', 'Student Leader', NULL, '', 'Luna Negra is Kent State’s literary student publication and they publish a blend of poetry, prose, photography and illustration. For over 50 years, they have published submissions from current students and community members. Their magazine is published every spring and they produce additional content on LunaNegraMag.com.', NULL, NULL, 'fsfsdfdsfds', NULL, NULL, NULL, NULL, 'Luna Negra is Kent State’s literary student magazine that publishes a blend of poetry, prose, photography and illustration. ', '1', NULL, NULL, NULL, NULL, NULL, '', NULL, NULL, NULL, NULL, NULL, '2017-03-02 19:49:24', '2017-06-01 18:46:27', '64fa8053-5481-4595-9f99-d2f2720dbed5'),
 ('25', '25', 'en_us', 'KSU Independent Films', '<p>Kent State University Independent Films (KSUIF) is an organization fueled by students’ passion for film. In 2008, professors Traci E. Williams and David Smeltzer collaborated to create this wonderful program, which is designed to give students real-world film experience. Today, nearly 500 people are currently involved in the organization.</p>', NULL, 'kentstatefilms@gmail.com', '[]', 'Erica', 'Collins', 'Student Leader', NULL, '330-672-8198', 'Kent State University Independent Films (KSUIF) is a student-run production company that teaches, inspires and prepares filmmakers for the real-world industry. KSUIF produces a wide variety of content including webseries, short films, award-winning music videos, documentaries, TV shows and feature films. KSUIF is one of three organizations in the country that allows students to create full-length feature films.', NULL, NULL, '', NULL, NULL, NULL, NULL, 'Kent State University Independent Films (KSUIF) is a student-run production company that teaches, inspires and prepares filmmakers for the real-world industry. ', '1', NULL, NULL, NULL, NULL, NULL, '', NULL, NULL, NULL, NULL, NULL, '2017-03-02 19:49:47', '2017-05-11 18:30:18', 'd408f63f-0d5c-42e8-84c9-70b90293d6dd'),
 ('27', '27', 'en_us', '70K+', NULL, NULL, NULL, '[]', NULL, NULL, NULL, NULL, NULL, '', NULL, NULL, NULL, NULL, NULL, 'people see our media partners\' final products', NULL, NULL, '0', NULL, NULL, NULL, NULL, NULL, NULL, NULL, NULL, NULL, NULL, NULL, '2017-03-09 01:59:38', '2017-05-11 16:07:36', 'e58e7579-29b7-48fc-865c-3199878e3a49'),
 ('35', '35', 'en_us', 'Seaside', NULL, NULL, NULL, '[]', NULL, NULL, NULL, NULL, NULL, NULL, NULL, NULL, NULL, NULL, NULL, NULL, NULL, NULL, '0', NULL, NULL, NULL, NULL, NULL, NULL, NULL, NULL, NULL, NULL, NULL, '2017-03-09 19:36:31', '2017-03-09 19:36:31', 'b91056af-5fdf-4010-835a-3742a0f9636b'),
 ('41', '42', 'en_us', 'Broadcast & Film', NULL, NULL, NULL, '[]', NULL, NULL, NULL, NULL, NULL, '', NULL, NULL, NULL, NULL, NULL, NULL, NULL, NULL, '0', NULL, NULL, NULL, NULL, NULL, NULL, NULL, NULL, NULL, NULL, NULL, '2017-03-12 16:15:37', '2017-04-13 20:38:00', 'fd8469a7-e208-403a-af6d-0c8bd9d06e44'),
 ('43', '45', 'en_us', 'Kevin Dilley', '<p>Kevin serves Student Media by providing management of our business and advising operations. He also works with student leaders to set a strategic direction for Student Media and mentors and advises student leaders.  </p>\n<p><strong>Words to Live By:</strong></p>\n<p>If you want to go fast, go alone. If you want to go far, go together.  ~ origin unknown.</p>\n<p><strong>Personal:</strong></p>\n<p>I’ve traveled to Siberia, Malaysia, Mexico and 46 of 50 states in the U.S. I love going places and meeting new people, but I always yearn to return home. For me, that’s in Hudson with my two children, mi media naranja (si, hablo español), and Pancho, my very best friend because, well he’s a dog and I’m a man. I hold degrees in journalism and visual communication from the University of Missouri and Ohio University. I’ve worked as a writer, photojournalist, editor, designer, web designer, project manager, consultant, professor and adviser. I love what I do because I’m constantly inspired by my students who bring ideas, enthusiasm, opportunity and optimism to this place every day.</p>\n<p><strong>I can help you with:</strong></p>\n<ul><li><p>General questions</p></li><li><p>Strategic planning</p></li><li><p>Idea development</p></li><li><p>Budgets</p></li></ul>', NULL, 'kdilley@kent.edu', '[\"director\",\"nonVoting\",\"officeStaff\"]', 'Kevin ', 'Dilley', 'Director of Student Media', NULL, '330-672-4603', NULL, NULL, NULL, NULL, NULL, NULL, NULL, NULL, NULL, '0', NULL, NULL, NULL, NULL, NULL, NULL, NULL, NULL, NULL, NULL, NULL, '2017-03-12 16:17:55', '2017-05-04 21:03:34', 'a1f46deb-5b8e-45c2-a2c2-8a7e02d6cc7d'),
 ('44', '46', 'en_us', 'Amag Logo', NULL, NULL, NULL, '[]', NULL, NULL, NULL, NULL, NULL, NULL, NULL, NULL, NULL, NULL, NULL, NULL, NULL, NULL, '0', NULL, NULL, NULL, NULL, NULL, NULL, NULL, NULL, NULL, NULL, NULL, '2017-03-15 23:42:37', '2017-03-15 23:42:37', 'e21b634f-5cd0-484d-af55-1ec59e4685e6'),
 ('45', '47', 'en_us', 'Bsr Logo', NULL, NULL, NULL, '[]', NULL, NULL, NULL, NULL, NULL, NULL, NULL, NULL, NULL, NULL, NULL, NULL, NULL, NULL, '0', NULL, NULL, NULL, NULL, NULL, NULL, NULL, NULL, NULL, NULL, NULL, '2017-03-15 23:42:38', '2017-03-15 23:42:38', '542258f8-a035-4b19-826a-99a4a5e1e45b'),
 ('46', '48', 'en_us', 'Burr Logo', NULL, NULL, NULL, '[]', NULL, NULL, NULL, NULL, NULL, NULL, NULL, NULL, NULL, NULL, NULL, NULL, NULL, NULL, '0', NULL, NULL, NULL, NULL, NULL, NULL, NULL, NULL, NULL, NULL, NULL, '2017-03-15 23:42:38', '2017-03-15 23:42:38', '865b09ff-5dad-4118-8949-5c3064d6731c'),
 ('47', '49', 'en_us', 'Fusion Logo', NULL, NULL, NULL, '[]', NULL, NULL, NULL, NULL, NULL, NULL, NULL, NULL, NULL, NULL, NULL, NULL, NULL, NULL, '0', NULL, NULL, NULL, NULL, NULL, NULL, NULL, NULL, NULL, NULL, NULL, '2017-03-15 23:42:38', '2017-03-15 23:42:38', '2f422c01-0efd-4b0f-82d0-3348f01778fc'),
 ('48', '50', 'en_us', 'Intel', NULL, NULL, NULL, '[]', NULL, NULL, NULL, NULL, NULL, NULL, NULL, NULL, NULL, NULL, NULL, NULL, NULL, NULL, '0', NULL, NULL, NULL, NULL, NULL, NULL, NULL, NULL, NULL, NULL, NULL, '2017-03-15 23:42:38', '2017-03-15 23:42:38', '163625b6-8df8-4167-9067-98abbac8b06d'),
 ('49', '51', 'en_us', 'Kentstater Logo', NULL, NULL, NULL, '[]', NULL, NULL, NULL, NULL, NULL, NULL, NULL, NULL, NULL, NULL, NULL, NULL, NULL, NULL, '0', NULL, NULL, NULL, NULL, NULL, NULL, NULL, NULL, NULL, NULL, NULL, '2017-03-15 23:42:39', '2017-03-15 23:42:39', '1ab01218-967f-469f-9d4c-62b4dd2c7bdb'),
 ('50', '52', 'en_us', 'Ksuif Logo', NULL, NULL, NULL, '[]', NULL, NULL, NULL, NULL, NULL, NULL, NULL, NULL, NULL, NULL, NULL, NULL, NULL, NULL, '0', NULL, NULL, NULL, NULL, NULL, NULL, NULL, NULL, NULL, NULL, NULL, '2017-03-15 23:42:39', '2017-03-15 23:42:39', '42d3362c-a0d1-4a9c-ad22-bb0d7afbc4eb'),
 ('51', '53', 'en_us', 'Lunanegra Logo', NULL, NULL, NULL, '[]', NULL, NULL, NULL, NULL, NULL, NULL, NULL, NULL, NULL, NULL, NULL, NULL, NULL, NULL, '0', NULL, NULL, NULL, NULL, NULL, NULL, NULL, NULL, NULL, NULL, NULL, '2017-03-15 23:42:39', '2017-03-15 23:42:39', '4b74612b-53cc-42bc-b2bd-c0df2d8ef879'),
 ('52', '54', 'en_us', 'Smsales Logo', NULL, NULL, NULL, '[]', NULL, NULL, NULL, NULL, NULL, NULL, NULL, NULL, NULL, NULL, NULL, NULL, NULL, NULL, '0', NULL, NULL, NULL, NULL, NULL, NULL, NULL, NULL, NULL, NULL, NULL, '2017-03-15 23:42:39', '2017-03-15 23:42:39', 'fefa9f03-2685-4de4-a315-7e87e0d4bd13'),
 ('53', '55', 'en_us', 'Tv2 Logo', NULL, NULL, NULL, '[]', NULL, NULL, NULL, NULL, NULL, NULL, NULL, NULL, NULL, NULL, NULL, NULL, NULL, NULL, '0', NULL, NULL, NULL, NULL, NULL, NULL, NULL, NULL, NULL, NULL, NULL, '2017-03-15 23:42:39', '2017-03-15 23:42:39', '29033196-d534-4346-be88-dd66b4384a86'),
 ('54', '56', 'en_us', 'Uhuru Logo', NULL, NULL, NULL, '[]', NULL, NULL, NULL, NULL, NULL, NULL, NULL, NULL, NULL, NULL, NULL, NULL, NULL, NULL, '0', NULL, NULL, NULL, NULL, NULL, NULL, NULL, NULL, NULL, NULL, NULL, '2017-03-15 23:42:39', '2017-03-15 23:42:39', '9e9d19fe-1836-4039-9f8f-8ffc8a814fe1'),
 ('56', '58', 'en_us', 'About Kent State Student Media', '<p>Test Kent State Student Media empowers students to be the best they can be. Students of any major and grade level are able to join us and gain a fun, practical experience that will provide transferable skills for any career they choose. We believe diversity is a strength, and we welcome all to join us! Our wide array of Media Partners means that every student can find their best fit. <br /></p>\n<p><strong>Our Mission:</strong><strong><em><br /></em></strong></p>\n<p><strong><em>Student Media empowers students</em></strong> through practical, collaborative and professional learning opportunities within an independent, student-led and multi-platform media framework.<strong><em><br /></em></strong></p>\n<p><strong><em>Our students create valued sources</em></strong> of journalism, information, entertainment and advertising and develop meaningful connections with our core audiences.<strong><em><br /></em></strong></p>\n<p><strong><em>We encourage excellence, leadership and accountability</em></strong> as students become innovative, ethical and skilled media producers within a diverse and global society. <br /></p>', NULL, NULL, '[]', NULL, NULL, NULL, NULL, NULL, NULL, NULL, NULL, 'Through the combined effort of students and faculty, our mission is to provide a professional learning foundation for all.', NULL, NULL, NULL, NULL, NULL, '0', NULL, NULL, '<p>You can help further our mission! Learn about the different ways you can support us. <br /></p>', NULL, NULL, NULL, '<p>Advertise with us!</p>', NULL, NULL, NULL, NULL, '2017-03-16 18:11:56', '2017-05-11 16:20:51', '13261c0b-f807-4755-b432-6dabac5a1e5c'),
 ('57', '59', 'en_us', 'Media Partners', '<p>This is the body introduction.</p>', NULL, NULL, '[]', NULL, NULL, NULL, NULL, NULL, NULL, NULL, NULL, 'This is the tagline', NULL, NULL, NULL, NULL, NULL, '0', NULL, NULL, NULL, NULL, NULL, NULL, NULL, NULL, NULL, NULL, NULL, '2017-03-16 18:12:46', '2017-05-29 00:04:15', '57fa80e5-3b72-4d48-9fbe-73f241d20602'),
 ('58', '60', 'en_us', 'Get Involved', '<p>Everyone is welcome to join us! Involvement in Student Media gives you an experience that will set you apart. Utilize the chance to share your voice and gain practical experience to help launch your career.</p>', NULL, NULL, '[]', NULL, NULL, NULL, NULL, NULL, 'Everyone is welcome to join us! Involvement in Student Media gives you an experience that will set you apart. Utilize the chance to share your voice and gain practical experience to help launch your career.', NULL, NULL, NULL, NULL, NULL, NULL, NULL, NULL, '0', NULL, NULL, NULL, NULL, NULL, NULL, NULL, NULL, NULL, NULL, NULL, '2017-03-16 18:13:51', '2017-06-01 14:38:29', '89e67a7d-4178-48fa-895b-7dd52c79ccb5'),
 ('59', '61', 'en_us', 'Advertising', '<p>Advertising paragraph.</p>', NULL, NULL, '[]', NULL, NULL, NULL, NULL, NULL, NULL, NULL, NULL, 'Reach More Customers', NULL, NULL, NULL, NULL, NULL, '0', NULL, NULL, NULL, NULL, NULL, NULL, NULL, NULL, NULL, NULL, '<p>This is a description about creative services.</p>', '2017-03-16 18:15:33', '2017-05-27 19:59:45', '667228ba-73ff-4a60-afa9-d2627eea0c08'),
 ('60', '62', 'en_us', 'Contact Student Media', '<p>Feel free to contact us! Shoot us an e-mail at <a href=\"mailto:ads@ksustudentmedia.com\">ads@ksustudentmedia.com</a>, call us at 330-672-6306 or drop by our office during business hours.</p>', NULL, NULL, '[]', NULL, NULL, NULL, NULL, '330-672-6306', 'Feel free to contact us! Shoot us an e-mail at ads@ksustudentmedia.com, call us at 330-672-6306 or drop by our office during business hours.', NULL, NULL, 'Any more questions or concerns?', NULL, NULL, NULL, NULL, NULL, '0', NULL, NULL, NULL, NULL, '205 Franklin Hall, Hilltop Drive Kent, Ohio 44240', NULL, NULL, NULL, NULL, NULL, NULL, '2017-03-16 18:15:45', '2017-05-28 23:11:26', '26429fb1-6847-4a0e-8b08-c8f65cd97187'),
 ('62', '64', 'en_us', 'People Cropped 960', NULL, NULL, NULL, '[]', NULL, NULL, NULL, NULL, NULL, NULL, NULL, NULL, NULL, NULL, NULL, NULL, NULL, NULL, '0', NULL, NULL, NULL, NULL, NULL, NULL, NULL, NULL, NULL, NULL, NULL, '2017-03-16 18:42:00', '2017-04-07 15:48:41', '3bb3d9c3-21aa-46b3-87d9-2ac322b13e5e'),
 ('63', '65', 'en_us', 'Testimonial #1', NULL, NULL, NULL, '[]', NULL, NULL, NULL, NULL, NULL, NULL, NULL, NULL, NULL, NULL, NULL, NULL, NULL, NULL, '0', 'Dorothy Ly', 'This is an amazing thing!', NULL, NULL, NULL, NULL, NULL, NULL, NULL, NULL, NULL, '2017-03-21 17:36:38', '2017-03-21 17:36:38', '1198837b-c003-4f31-9e0e-66a81a3a8325'),
 ('65', '67', 'en_us', 'Kent State Student Media', NULL, NULL, NULL, '[]', NULL, NULL, NULL, NULL, NULL, NULL, NULL, NULL, NULL, NULL, NULL, NULL, NULL, NULL, '0', NULL, NULL, NULL, NULL, NULL, NULL, NULL, NULL, NULL, NULL, NULL, '2017-03-23 03:31:51', '2017-03-23 03:32:18', '75290603-5d96-4bf3-af22-a715edcd37bd'),
 ('66', '68', 'en_us', 'Print', NULL, NULL, NULL, '[]', NULL, NULL, NULL, NULL, NULL, NULL, NULL, NULL, NULL, NULL, NULL, NULL, NULL, NULL, '0', NULL, NULL, NULL, NULL, NULL, NULL, NULL, NULL, NULL, NULL, NULL, '2017-03-23 18:09:01', '2017-03-23 18:09:01', 'b7be05cb-50ec-4dd8-9647-2ce60292f1eb'),
 ('67', '69', 'en_us', 'Online', NULL, NULL, NULL, '[]', NULL, NULL, NULL, NULL, NULL, '', NULL, NULL, NULL, NULL, NULL, NULL, NULL, NULL, '0', NULL, NULL, NULL, NULL, NULL, NULL, NULL, NULL, NULL, NULL, NULL, '2017-03-23 18:09:09', '2017-04-13 20:05:31', '61906350-4841-4f6b-b7b9-25921a8c7420'),
 ('68', '70', 'en_us', 'Bundles', NULL, NULL, NULL, '[]', NULL, NULL, NULL, NULL, NULL, NULL, NULL, NULL, NULL, NULL, NULL, NULL, NULL, NULL, '0', NULL, NULL, NULL, NULL, NULL, NULL, NULL, NULL, NULL, NULL, NULL, '2017-03-23 18:09:15', '2017-03-23 18:09:15', 'f4652c00-42dc-464b-8ca2-4fc096241800'),
 ('69', '71', 'en_us', 'KentWired Website', NULL, NULL, NULL, '[]', NULL, NULL, NULL, NULL, NULL, NULL, NULL, NULL, NULL, NULL, NULL, NULL, NULL, NULL, '0', NULL, NULL, NULL, NULL, NULL, NULL, NULL, NULL, NULL, NULL, NULL, '2017-03-23 18:10:55', '2017-05-31 19:36:41', 'f24e0795-e67e-414e-a662-9d25532eb764'),
 ('70', '73', 'en_us', 'The Kent Stater', NULL, NULL, NULL, '[]', NULL, NULL, NULL, NULL, NULL, NULL, NULL, NULL, NULL, NULL, NULL, NULL, NULL, NULL, '0', NULL, NULL, NULL, NULL, NULL, NULL, NULL, NULL, NULL, NULL, NULL, '2017-03-23 18:20:19', '2017-05-31 19:36:41', '8254d352-deec-4388-94dd-02160a24d23f'),
 ('72', '78', 'en_us', 'Sm Logo', NULL, NULL, NULL, '[]', NULL, NULL, NULL, NULL, NULL, NULL, NULL, NULL, NULL, NULL, NULL, NULL, NULL, NULL, '0', NULL, NULL, NULL, NULL, NULL, NULL, NULL, NULL, NULL, NULL, NULL, '2017-04-03 19:35:52', '2017-04-07 15:46:49', '8a7b6a1a-4f21-4549-8da7-c1596829b4e7'),
 ('74', '81', 'en_us', 'A Magazine, The Burr, Fusion, Luna Negra and Uhuru', NULL, NULL, NULL, '[]', NULL, NULL, NULL, NULL, NULL, NULL, NULL, NULL, NULL, NULL, NULL, NULL, NULL, NULL, '0', NULL, NULL, NULL, NULL, NULL, NULL, NULL, NULL, NULL, NULL, NULL, '2017-04-06 19:24:00', '2017-05-31 20:03:29', 'c8ba2a5c-a12d-4f0e-8f10-6734acb045dd'),
 ('77', '85', 'en_us', 'Sm Logo Rgb White', NULL, NULL, NULL, '[]', NULL, NULL, NULL, NULL, NULL, NULL, NULL, NULL, NULL, NULL, NULL, NULL, NULL, NULL, '0', NULL, NULL, NULL, NULL, NULL, NULL, NULL, NULL, NULL, NULL, NULL, '2017-04-10 17:23:27', '2017-04-10 17:23:27', 'b6f56125-b7c7-41f8-970d-f8855b4602f2'),
 ('78', '86', 'en_us', 'Logo Mark', NULL, NULL, NULL, '[]', NULL, NULL, NULL, NULL, NULL, NULL, NULL, NULL, NULL, NULL, NULL, NULL, NULL, NULL, '0', NULL, NULL, NULL, NULL, NULL, NULL, NULL, NULL, NULL, NULL, NULL, '2017-04-10 18:58:41', '2017-04-10 18:58:41', '3557ed30-d83e-4778-b939-008757561587'),
 ('80', '88', 'en_us', 'Seaside', NULL, NULL, NULL, '[]', NULL, NULL, NULL, NULL, NULL, NULL, NULL, NULL, NULL, NULL, NULL, NULL, NULL, NULL, '0', NULL, NULL, NULL, NULL, NULL, NULL, NULL, NULL, NULL, NULL, NULL, '2017-04-10 19:59:06', '2017-04-10 19:59:06', '021d2c80-d897-4fe4-a2d2-485dc72d355c'),
 ('82', '90', 'en_us', 'Grid Field 03', NULL, NULL, NULL, '[]', NULL, NULL, NULL, NULL, NULL, NULL, NULL, NULL, NULL, NULL, NULL, NULL, NULL, NULL, '0', NULL, NULL, NULL, NULL, NULL, NULL, NULL, NULL, NULL, NULL, NULL, '2017-04-10 19:59:15', '2017-04-10 19:59:15', 'b7c7d7c5-9dae-4a33-8207-aa972149d6ff'),
 ('83', '91', 'en_us', 'KentWired Sponsored Tweets', NULL, NULL, NULL, '[]', NULL, NULL, NULL, NULL, NULL, NULL, NULL, NULL, NULL, NULL, NULL, NULL, NULL, NULL, '0', NULL, NULL, NULL, NULL, NULL, NULL, NULL, NULL, NULL, NULL, NULL, '2017-04-13 20:24:07', '2017-05-31 19:36:41', 'cc7b54c9-7f5c-41a2-a158-26e36bddbcdc'),
 ('84', '93', 'en_us', 'Transitions', '<p>Transitions magazine is a go-to guide about area restaurants, shopping, banks, ATMs, hotels, transportation and other tips to make the first year at Kent State successful. It is endorsed by Destination Kent State and is given to students and their parents/guardians during the freshman orientation program.</p>', NULL, '', '[]', '', '', '', NULL, '', '', NULL, NULL, '', NULL, NULL, NULL, NULL, 'Transitions magazine is the freshman\'s go-to guide for everything Kent.', '1', NULL, NULL, NULL, NULL, NULL, '', NULL, NULL, NULL, NULL, NULL, '2017-04-13 20:34:15', '2017-05-11 18:34:53', 'fd47bd5b-c2d2-47ce-9a2d-fab849cda125'),
 ('85', '94', 'en_us', 'Transitions', NULL, NULL, NULL, '[]', NULL, NULL, NULL, NULL, NULL, NULL, NULL, NULL, NULL, NULL, NULL, NULL, NULL, NULL, '0', NULL, NULL, NULL, NULL, NULL, NULL, NULL, NULL, NULL, NULL, NULL, '2017-04-13 20:34:19', '2017-05-31 19:36:41', '4f0b2797-1ee5-4cb2-946d-d4b3de5a5947'),
 ('86', '95', 'en_us', 'TV2', NULL, NULL, NULL, '[]', NULL, NULL, NULL, NULL, NULL, NULL, NULL, NULL, NULL, NULL, NULL, NULL, NULL, NULL, '0', NULL, NULL, NULL, NULL, NULL, NULL, NULL, NULL, NULL, NULL, NULL, '2017-04-13 20:36:11', '2017-05-31 19:36:42', '11a8c670-960b-49e4-a449-0bcb18b731e0'),
 ('87', '96', 'en_us', 'Creative Services', NULL, NULL, NULL, '[]', NULL, NULL, NULL, NULL, NULL, NULL, NULL, NULL, NULL, NULL, NULL, NULL, NULL, NULL, '0', NULL, NULL, NULL, NULL, NULL, NULL, NULL, NULL, NULL, NULL, NULL, '2017-04-13 20:37:01', '2017-05-31 19:36:42', '54da203a-3037-4cb7-8136-4c8f35fc754e'),
 ('88', '99', 'en_us', 'Black Squirrel Radio', NULL, NULL, NULL, '[]', NULL, NULL, NULL, NULL, NULL, NULL, NULL, NULL, NULL, NULL, NULL, NULL, NULL, NULL, '0', NULL, NULL, NULL, NULL, NULL, NULL, NULL, NULL, NULL, NULL, NULL, '2017-04-13 20:37:21', '2017-05-31 20:01:30', '593c1799-9ef7-433b-a79b-f696f38f4258'),
 ('89', '100', 'en_us', 'KSU Independent Films', NULL, NULL, NULL, '[]', NULL, NULL, NULL, NULL, NULL, NULL, NULL, NULL, NULL, NULL, NULL, NULL, NULL, NULL, '0', NULL, NULL, NULL, NULL, NULL, NULL, NULL, NULL, NULL, NULL, NULL, '2017-04-13 20:38:02', '2017-05-31 19:36:42', '80fe0d8d-8f59-4bd2-9b0f-40ab5ef4c2ec'),
 ('90', '101', 'en_us', 'Student Media Ad Sales', '', NULL, 'ads@ksustudentmedia.com', '[]', 'Clara', 'Sulivan', 'Student Leader', NULL, '330-672-6303', '', NULL, NULL, '', NULL, NULL, NULL, NULL, '', '0', NULL, NULL, NULL, NULL, NULL, 'Ad Sales', NULL, NULL, NULL, NULL, NULL, '2017-04-13 20:42:03', '2017-05-11 18:34:48', 'f9e2dd93-a2bc-405b-981a-df7db23a90c7'),
 ('91', '102', 'en_us', 'KentCribs', NULL, NULL, NULL, '[]', NULL, NULL, NULL, NULL, NULL, NULL, NULL, NULL, NULL, NULL, NULL, NULL, NULL, NULL, '0', NULL, NULL, NULL, NULL, NULL, NULL, NULL, NULL, NULL, NULL, NULL, '2017-04-13 20:42:13', '2017-05-31 19:36:42', '3b623b2b-ff60-4dbd-b933-5063776e488a'),
 ('92', '103', 'en_us', 'Advertising Bundles', NULL, NULL, NULL, '[]', NULL, NULL, NULL, NULL, NULL, NULL, NULL, NULL, NULL, NULL, NULL, NULL, NULL, NULL, '0', NULL, NULL, NULL, NULL, NULL, NULL, NULL, NULL, NULL, NULL, NULL, '2017-04-13 20:45:00', '2017-05-31 19:36:42', 'e2fd7d23-7e02-4a87-b3f5-e16ee7b2f441'),
 ('95', '115', 'en_us', 'Newspaper Release', NULL, NULL, NULL, '[]', NULL, NULL, NULL, NULL, NULL, 'The Kent Stater will release it\'s special edition Homecoming issue. Look out for it on stands around campus and downtown Kent! Find out the homecoing court and all of the festivities going on around Kent on Saturday.', NULL, NULL, NULL, '2017-10-18 04:00:00', '', NULL, NULL, NULL, '0', NULL, NULL, NULL, NULL, NULL, NULL, NULL, NULL, NULL, NULL, NULL, '2017-04-20 17:50:26', '2017-04-20 17:50:26', 'bc02a7ae-fd32-4138-a397-80287963f230'),
 ('96', '116', 'en_us', 'Applications Due', NULL, NULL, NULL, '[]', NULL, NULL, NULL, NULL, NULL, 'Now is your chance to work for the Kent Stater! Fill out an application and submit it by Novemeber 4th to be considered. Calling all writers, photographers, and designers.', NULL, NULL, NULL, '2017-11-04 04:00:00', '', NULL, NULL, NULL, '0', NULL, NULL, NULL, NULL, NULL, NULL, NULL, NULL, NULL, NULL, NULL, '2017-04-20 17:51:08', '2017-04-20 17:51:08', '6a05aa6d-5f22-4e9a-b1bc-f08a9aa63f89'),
 ('97', '117', 'en_us', 'Release Date', NULL, NULL, NULL, '[]', NULL, NULL, NULL, NULL, NULL, 'Release date for latest issue of The Kent Stater. Pick up a copy around campus!', NULL, NULL, NULL, '2017-11-10 05:00:00', '', NULL, NULL, NULL, '0', NULL, NULL, NULL, NULL, NULL, NULL, NULL, NULL, NULL, NULL, NULL, '2017-04-20 17:51:30', '2017-04-20 17:51:30', '046ed019-54aa-4e51-bb49-9d3dc60fd14b'),
 ('98', '118', 'en_us', 'Amag Logo', NULL, NULL, NULL, '[]', NULL, NULL, NULL, NULL, NULL, NULL, NULL, NULL, NULL, NULL, NULL, NULL, NULL, NULL, '0', NULL, NULL, NULL, NULL, NULL, NULL, NULL, NULL, NULL, NULL, NULL, '2017-04-20 17:54:24', '2017-04-20 17:54:24', '4e8f8c67-af11-48ee-8dc5-0f93353e1337'),
 ('99', '119', 'en_us', 'Bsr Logo', NULL, NULL, NULL, '[]', NULL, NULL, NULL, NULL, NULL, NULL, NULL, NULL, NULL, NULL, NULL, NULL, NULL, NULL, '0', NULL, NULL, NULL, NULL, NULL, NULL, NULL, NULL, NULL, NULL, NULL, '2017-04-20 17:54:25', '2017-04-20 17:54:25', 'c2a28936-fbb6-4fa9-ba02-f8d42c15744a'),
 ('100', '120', 'en_us', 'Burr Logo', NULL, NULL, NULL, '[]', NULL, NULL, NULL, NULL, NULL, NULL, NULL, NULL, NULL, NULL, NULL, NULL, NULL, NULL, '0', NULL, NULL, NULL, NULL, NULL, NULL, NULL, NULL, NULL, NULL, NULL, '2017-04-20 17:54:25', '2017-04-20 17:54:25', '0a60b10a-0880-4a15-b6a4-7184ec9bcc29'),
 ('101', '121', 'en_us', 'Fusion Logo', NULL, NULL, NULL, '[]', NULL, NULL, NULL, NULL, NULL, NULL, NULL, NULL, NULL, NULL, NULL, NULL, NULL, NULL, '0', NULL, NULL, NULL, NULL, NULL, NULL, NULL, NULL, NULL, NULL, NULL, '2017-04-20 17:54:25', '2017-04-20 17:54:25', '99490ab7-e4af-47ac-be4a-7735f621b136'),
 ('102', '122', 'en_us', 'Intel', NULL, NULL, NULL, '[]', NULL, NULL, NULL, NULL, NULL, NULL, NULL, NULL, NULL, NULL, NULL, NULL, NULL, NULL, '0', NULL, NULL, NULL, NULL, NULL, NULL, NULL, NULL, NULL, NULL, NULL, '2017-04-20 17:54:25', '2017-04-20 17:54:25', 'd728b2f6-5359-4277-b102-717e6b452f4d'),
 ('103', '123', 'en_us', 'Kentstater Logo', NULL, NULL, NULL, '[]', NULL, NULL, NULL, NULL, NULL, NULL, NULL, NULL, NULL, NULL, NULL, NULL, NULL, NULL, '0', NULL, NULL, NULL, NULL, NULL, NULL, NULL, NULL, NULL, NULL, NULL, '2017-04-20 17:54:26', '2017-04-20 17:54:26', '45cabf3f-0dac-4006-af2d-9fe025adaf3d'),
 ('104', '124', 'en_us', 'Ksuif Logo', NULL, NULL, NULL, '[]', NULL, NULL, NULL, NULL, NULL, NULL, NULL, NULL, NULL, NULL, NULL, NULL, NULL, NULL, '0', NULL, NULL, NULL, NULL, NULL, NULL, NULL, NULL, NULL, NULL, NULL, '2017-04-20 17:54:26', '2017-04-20 17:54:26', '25e062fb-cb7d-4180-94c9-5035c6b07d5f'),
 ('105', '125', 'en_us', 'Lunanegra Logo', NULL, NULL, NULL, '[]', NULL, NULL, NULL, NULL, NULL, NULL, NULL, NULL, NULL, NULL, NULL, NULL, NULL, NULL, '0', NULL, NULL, NULL, NULL, NULL, NULL, NULL, NULL, NULL, NULL, NULL, '2017-04-20 17:54:26', '2017-04-20 17:54:26', '25781ae4-b56f-4945-af71-fcf815a7d568'),
 ('106', '126', 'en_us', 'Smsales Logo', NULL, NULL, NULL, '[]', NULL, NULL, NULL, NULL, NULL, NULL, NULL, NULL, NULL, NULL, NULL, NULL, NULL, NULL, '0', NULL, NULL, NULL, NULL, NULL, NULL, NULL, NULL, NULL, NULL, NULL, '2017-04-20 17:54:26', '2017-04-20 17:54:26', 'ccbb28fa-1ac7-4db8-ae1d-60045cd960b4'),
 ('107', '127', 'en_us', 'Tv2 Logo', NULL, NULL, NULL, '[]', NULL, NULL, NULL, NULL, NULL, NULL, NULL, NULL, NULL, NULL, NULL, NULL, NULL, NULL, '0', NULL, NULL, NULL, NULL, NULL, NULL, NULL, NULL, NULL, NULL, NULL, '2017-04-20 17:54:26', '2017-04-20 17:54:26', 'cb987375-e79f-4cfc-9d05-cc4c7db06ec7'),
 ('108', '128', 'en_us', 'Uhuru Logo', NULL, NULL, NULL, '[]', NULL, NULL, NULL, NULL, NULL, NULL, NULL, NULL, NULL, NULL, NULL, NULL, NULL, NULL, '0', NULL, NULL, NULL, NULL, NULL, NULL, NULL, NULL, NULL, NULL, NULL, '2017-04-20 17:54:26', '2017-04-20 17:54:26', '28bd39a3-b87b-4c92-bc5d-7b57ebc83f84'),
 ('109', '160', 'en_us', 'News', NULL, NULL, NULL, '[]', NULL, NULL, NULL, NULL, NULL, 'Learn more about Student Media news. ', NULL, NULL, NULL, NULL, NULL, NULL, NULL, NULL, '0', NULL, NULL, NULL, NULL, NULL, NULL, NULL, NULL, NULL, NULL, NULL, '2017-04-22 21:35:28', '2017-04-26 19:17:16', '640a865b-b850-4d0d-8718-36d19af73fb3'),
 ('110', '161', 'en_us', 'Student Media Board Members', '<p>The Student Media Board is made up of various stakeholders to ensure that Kent State Student Media is the best that it can be. Voting members include faculty members appointed by the faculty senate, faculty members appointed by the school of journalism and mass communication faculty advisory committee, the JMC director, the CSI director, USG appointees, a graduate senate appointee, JMC undergraduate students, a JMC graduate student and a media professional. All student leaders, student media advisors and the director of student media serve as non-voting members. <br /></p><p>Check out the guidelines, members and meeting minutes below.<br /></p>', NULL, NULL, '[]', NULL, NULL, NULL, NULL, NULL, NULL, NULL, NULL, 'The Team That Makes It Happen', NULL, NULL, NULL, NULL, NULL, '0', NULL, NULL, NULL, NULL, NULL, NULL, NULL, NULL, NULL, NULL, NULL, '2017-04-22 21:50:41', '2017-05-10 21:41:05', '4ab20dbb-c122-4519-826a-77a8f89c25d6'),
 ('113', '164', 'en_us', NULL, NULL, NULL, NULL, '[]', NULL, NULL, NULL, NULL, NULL, NULL, NULL, NULL, NULL, NULL, NULL, NULL, NULL, NULL, '0', NULL, NULL, NULL, NULL, NULL, NULL, NULL, NULL, NULL, NULL, NULL, '2017-04-24 13:36:19', '2017-04-24 13:40:12', '41e02416-36c9-4f6d-90aa-59fee6d4f2ce'),
 ('114', '165', 'en_us', 'Lorie Bednar', '<p>Lorie Bednar joined Kent State’s School of Journalism and Mass Communication in 2015 as an administrative clerk in the Kent State Student Media office. She now shares her time between both offices. (Other information you want to add)</p>\n<p><b>Words to Live By:</b></p>\n<p>Be Where Your Feet Are – Anonymous</p>\n<p><b>Personal</b>:</p>\n<p>Lorie is a graduate of Kent State University and loves everything about her Alma mater. If you don’t find her on campus, chances are you may run into her downtown and throughout Kent, where she lives and enjoys spending time with her husband and three kids. Two of her greatest achievements are winning an Associated Press award for enterprise writing and being the illustrator of a book jacket.</p>\n<p><b>I can help you with:</b></p>\n<ul><li><p>KEYS!</p></li><li><p>Staff lists</p></li><li><p>Job offers</p></li><li><p>Travel</p></li><li>General questions</li></ul>', NULL, '', '[\"officeStaff\"]', 'Lorie', 'Bednar', 'Administrative Clerk', NULL, '330-672-3290', NULL, NULL, NULL, NULL, NULL, NULL, NULL, NULL, NULL, '0', NULL, NULL, NULL, NULL, NULL, NULL, NULL, NULL, NULL, NULL, NULL, '2017-04-24 17:37:01', '2017-04-24 17:37:01', '5e0b009f-baba-4aef-b7db-adf004400e1c'),
 ('115', '166', 'en_us', 'Support Us', NULL, NULL, NULL, '[]', NULL, NULL, NULL, NULL, NULL, NULL, NULL, NULL, NULL, NULL, NULL, NULL, NULL, NULL, '0', NULL, NULL, NULL, NULL, NULL, NULL, NULL, NULL, NULL, NULL, NULL, '2017-04-24 17:57:47', '2017-04-27 18:41:09', '3f83ff12-8d53-4e79-a85f-e15d4731d040'),
 ('116', '167', 'en_us', 'Thor Wasbotton', '<p>Hi</p>', NULL, 'twasbot@kent.edu', '[\"voting\"]', 'Thor', 'Wasbotton', 'Director of Journalism and Mass Communications', NULL, '330-931-2911', NULL, NULL, NULL, NULL, NULL, NULL, NULL, NULL, NULL, '0', NULL, NULL, NULL, NULL, NULL, NULL, NULL, NULL, NULL, NULL, NULL, '2017-04-25 01:55:57', '2017-04-27 15:56:02', '3bd07fbc-cc38-4ebf-b38d-198e3d3ba70b'),
 ('117', '168', 'en_us', 'April 16, 2015 JMCMB/SMPC Meeting Minutes', NULL, NULL, NULL, '[]', NULL, NULL, NULL, NULL, NULL, NULL, NULL, NULL, NULL, NULL, NULL, NULL, NULL, NULL, '0', NULL, NULL, NULL, '2015-04-16 04:00:00', NULL, NULL, NULL, NULL, NULL, NULL, NULL, '2017-04-27 19:47:13', '2017-05-10 21:45:01', '02f9e9d9-d0b3-46bb-b952-f706fc1f9138'),
 ('118', '169', 'en_us', 'Dsci Mds Handout', NULL, NULL, NULL, '[]', NULL, NULL, NULL, NULL, NULL, NULL, NULL, NULL, NULL, NULL, NULL, NULL, NULL, NULL, '0', NULL, NULL, NULL, NULL, NULL, NULL, NULL, NULL, NULL, NULL, NULL, '2017-04-27 19:56:55', '2017-04-27 19:56:55', 'c2d3918a-4472-4df5-a5ea-28b798353555'),
 ('119', '170', 'en_us', 'Student Media engages in a lively discussion', NULL, NULL, NULL, '[]', NULL, NULL, NULL, NULL, NULL, NULL, NULL, NULL, NULL, NULL, NULL, NULL, NULL, NULL, '0', NULL, NULL, NULL, NULL, NULL, NULL, NULL, NULL, NULL, NULL, NULL, '2017-04-27 21:03:25', '2017-04-27 21:05:22', '1bffa4fa-4586-4ea9-9eb4-7c8fb9bf064e'),
 ('120', '171', 'en_us', 'Fake Headshot', NULL, NULL, NULL, '[]', NULL, NULL, NULL, NULL, NULL, NULL, NULL, NULL, NULL, NULL, NULL, NULL, NULL, NULL, '0', NULL, NULL, NULL, NULL, NULL, NULL, NULL, NULL, NULL, NULL, NULL, '2017-05-04 16:16:48', '2017-05-04 16:16:48', '5c07cb84-77d4-4b53-9672-fb84ca5f223f'),
 ('121', '172', 'en_us', 'Kristan Dolan', '', NULL, 'kdolan3@kent.edu', '[\"voting\"]', 'Kristan', 'Dolan', 'Director of Center for Student Involvement ', NULL, '330-672-2480', NULL, NULL, NULL, NULL, NULL, NULL, NULL, NULL, NULL, '0', NULL, NULL, NULL, NULL, NULL, NULL, NULL, NULL, NULL, NULL, NULL, '2017-05-04 20:13:55', '2017-05-04 20:13:55', '435a12da-64bf-44c8-911b-894c0326e4cf'),
 ('122', '173', 'en_us', 'Mark Goodman', '', NULL, 'mgoodm10@kent.edu', '[\"voting\"]', 'Mark', 'Goodman', 'JMC Faculty', NULL, '330-672-6239', NULL, NULL, NULL, NULL, NULL, NULL, NULL, NULL, NULL, '0', NULL, NULL, NULL, NULL, NULL, NULL, NULL, NULL, NULL, NULL, NULL, '2017-05-04 20:19:40', '2017-05-04 20:19:40', 'd3c8697c-1755-4925-8d4a-4b68dc3895b2'),
 ('123', '174', 'en_us', 'Eugene Shelton', '', NULL, 'eshelto1@kent.edu', '[\"voting\"]', 'Eugene', 'Shelton', 'JMC Faculty', NULL, '330-672-8298', NULL, NULL, NULL, NULL, NULL, NULL, NULL, NULL, NULL, '0', NULL, NULL, NULL, NULL, NULL, NULL, NULL, NULL, NULL, NULL, NULL, '2017-05-04 20:21:40', '2017-05-04 20:21:40', '4ea04884-c3a4-4433-8a52-47a625225a42'),
 ('124', '175', 'en_us', 'Carol Robinson', '', NULL, 'clrobins@kent.edu', '[\"voting\"]', 'Carol', 'Robinson', 'Faculty Senate Appointee', NULL, '330-675-8907', NULL, NULL, NULL, NULL, NULL, NULL, NULL, NULL, NULL, '0', NULL, NULL, NULL, NULL, NULL, NULL, NULL, NULL, NULL, NULL, NULL, '2017-05-04 20:25:05', '2017-05-04 20:25:05', 'f5327ebe-89a7-4786-9a71-9e81a56cbb65'),
 ('125', '176', 'en_us', 'Karl Idsvoog', '', NULL, 'kidsvoog@kent.edu', '[\"voting\"]', 'Karl', 'Idsvoog', 'Faculty Senate Appointee', NULL, '330-672-8301', NULL, NULL, NULL, NULL, NULL, NULL, NULL, NULL, NULL, '0', NULL, NULL, NULL, NULL, NULL, NULL, NULL, NULL, NULL, NULL, NULL, '2017-05-04 20:30:32', '2017-05-04 20:30:32', '88f58ee3-db6e-467e-b729-04dd4b7ae6b2'),
 ('127', '178', 'en_us', 'Kristen Traynor', '', NULL, '', '', 'Kristen ', 'Traynor', 'Graduate Student Senate Appointee', NULL, '', NULL, NULL, NULL, NULL, NULL, NULL, NULL, NULL, NULL, '0', NULL, NULL, NULL, NULL, NULL, NULL, NULL, NULL, NULL, NULL, NULL, '2017-05-04 20:34:15', '2017-05-04 20:34:15', 'bfd39baf-72ff-447a-9d2f-4a450244a7e8'),
 ('129', '180', 'en_us', 'Lusi Cai', '', NULL, '', '[\"voting\"]', 'Lusi ', 'Cai', 'JMC Graduate Student', NULL, '', NULL, NULL, NULL, NULL, NULL, NULL, NULL, NULL, NULL, '0', NULL, NULL, NULL, NULL, NULL, NULL, NULL, NULL, NULL, NULL, NULL, '2017-05-04 20:35:29', '2017-05-04 20:35:29', '8a6cb9b0-0d4d-4528-976d-6755a58295fb'),
 ('130', '181', 'en_us', 'Mark Turner', '', NULL, '', '[\"voting\"]', 'Mark', 'Turner', 'Media Professional', NULL, '', NULL, NULL, NULL, NULL, NULL, NULL, NULL, NULL, NULL, '0', NULL, NULL, NULL, NULL, NULL, NULL, NULL, NULL, NULL, NULL, NULL, '2017-05-04 20:36:07', '2017-05-04 20:36:07', 'a96d66a6-784d-43ee-93b5-06f26cab1f9c'),
 ('134', '185', 'en_us', 'Amanda Rabinowitz', '', NULL, 'challahan@gmail.com', '[\"studentMediaLeader\"]', 'Amanda', 'Rabinowitz', 'Black Squirrel Radio Adviser', NULL, '', NULL, NULL, NULL, NULL, NULL, NULL, NULL, NULL, NULL, '0', NULL, NULL, NULL, NULL, NULL, NULL, NULL, NULL, NULL, NULL, NULL, '2017-05-04 20:39:52', '2017-05-28 23:14:20', '574ad224-9a6a-4ad9-9207-31ae4a86dbf5'),
 ('136', '187', 'en_us', 'M.J. Eckhouse', '', NULL, 'meckhous@kent.edu', '[\"nonVoting\",\"studentMediaLeader\"]', 'M.J.', 'Eckhouse', 'Fusion Editor', NULL, '', NULL, NULL, NULL, NULL, NULL, NULL, NULL, NULL, NULL, '0', NULL, NULL, NULL, NULL, NULL, NULL, NULL, NULL, NULL, NULL, NULL, '2017-05-04 20:41:27', '2017-05-04 20:55:26', 'd3b25a15-8cfc-4d80-83ee-2171196beac4'),
 ('137', '188', 'en_us', 'Bruce Zake', '', NULL, '', '[\"nonVoting\"]', 'Bruce', 'Zake', 'Fusion Adviser', NULL, '', NULL, NULL, NULL, NULL, NULL, NULL, NULL, NULL, NULL, '0', NULL, NULL, NULL, NULL, NULL, NULL, NULL, NULL, NULL, NULL, NULL, '2017-05-04 20:43:38', '2017-05-04 20:43:38', 'fec19afd-7e4e-4e38-83f4-42fc63a2a48f'),
 ('139', '190', 'en_us', 'Sue Zake', '', NULL, '', '[\"nonVoting\"]', 'Sue', 'Zake', 'Student Media Newsroom Adviser (Kent Stater, TV2, Kentwired)', NULL, '', NULL, NULL, NULL, NULL, NULL, NULL, NULL, NULL, NULL, '0', NULL, NULL, NULL, NULL, NULL, NULL, NULL, NULL, NULL, NULL, NULL, '2017-05-04 20:44:58', '2017-05-04 20:44:58', '17908037-d148-4fc2-92db-8e9f6b23f57a'),
 ('145', '196', 'en_us', 'Kim Winebrenner', '', NULL, '', '[\"nonVoting\"]', 'Kim', 'Winebrenner', 'Luna Negra Adviser', NULL, '', NULL, NULL, NULL, NULL, NULL, NULL, NULL, NULL, NULL, '0', NULL, NULL, NULL, NULL, NULL, NULL, NULL, NULL, NULL, NULL, NULL, '2017-05-04 20:52:14', '2017-05-04 20:52:14', '03ac43ce-9bbd-4f21-826b-846435d6aeb7'),
 ('146', '197', 'en_us', 'Leisel Kober', '', NULL, 'lkober@kent.edu', '[\"nonVoting\",\"studentMediaLeader\"]', 'Leisel', 'Kober', 'TV2 General Manager', NULL, '', NULL, NULL, NULL, NULL, NULL, NULL, NULL, NULL, NULL, '0', NULL, NULL, NULL, NULL, NULL, NULL, NULL, NULL, NULL, NULL, NULL, '2017-05-04 20:54:53', '2017-05-04 20:54:53', '0f7b292a-0539-41af-bd2b-ac5202a07a1d'),
 ('148', '199', 'en_us', 'Sierra Allen', '', NULL, 'sallen38@kent.edu', '[\"nonVoting\",\"studentMediaLeader\"]', 'Sierra', 'Allen', 'Uhuru Editor', NULL, '', NULL, NULL, NULL, NULL, NULL, NULL, NULL, NULL, NULL, '0', NULL, NULL, NULL, NULL, NULL, NULL, NULL, NULL, NULL, NULL, NULL, '2017-05-04 20:58:52', '2017-05-04 20:58:52', 'b94d5f8c-1fd5-4b3e-8d1b-ce6e83128db9');
INSERT INTO `craft_content` (`id`, `elementId`, `locale`, `title`, `field_body`, `field_awardsAchievements`, `field_email`, `field_employeeType`, `field_firstName`, `field_lastName`, `field_jobTitle`, `field_organization`, `field_phone`, `field_description`, `field_mailingAddress`, `field_mediaPartnerText`, `field_tagline`, `field_time`, `field_location`, `field_statistics`, `field_video`, `field_shortDescription`, `field_featuredMediaPartner`, `field_quotee`, `field_quote`, `field_supportUs`, `field_date`, `field_address`, `field_department`, `field_adBody`, `field_advertisingHeader`, `field_mediaPartnersHeader`, `field_videoCaption`, `field_creativeServicesDescription`, `dateCreated`, `dateUpdated`, `uid`) VALUES
 ('150', '201', 'en_us', 'Clara Sullivan', '', NULL, 'csulli21@kent.edu', '[\"nonVoting\",\"studentMediaLeader\"]', 'Clara', 'Sullivan', 'Student Media Advertising & Marketing Manager', NULL, '', NULL, NULL, NULL, NULL, NULL, NULL, NULL, NULL, NULL, '0', NULL, NULL, NULL, NULL, NULL, NULL, NULL, NULL, NULL, NULL, NULL, '2017-05-04 21:02:28', '2017-05-04 21:02:28', '17d1c208-3333-495f-822c-419e45b141e8'),
 ('151', '202', 'en_us', 'Tami Bongiorni', '<p>This is Tammi\'s long long profile.  This is Tammi\'s long long profile. This is Tammi\'s long long profile. This is Tammi\'s long long profile. This is Tammi\'s long long profile. This is Tammi\'s long long profile. This is Tammi\'s long long profile. This is Tammi\'s long long profile. This is Tammi\'s long long profile. This is Tammi\'s long long profile.</p>', NULL, '', '[\"officeStaff\"]', 'Tami', 'Bongiorni', 'Student Media Advertising & Marketing Adviser', NULL, '', NULL, NULL, NULL, NULL, NULL, NULL, NULL, NULL, NULL, '0', NULL, NULL, NULL, NULL, NULL, NULL, NULL, NULL, NULL, NULL, NULL, '2017-05-04 21:03:08', '2017-05-28 23:30:08', '20c78565-26ef-4051-a240-273b649c1765'),
 ('152', '203', 'en_us', 'Jmcmb Smpc 04 16 15', NULL, NULL, NULL, '[]', NULL, NULL, NULL, NULL, NULL, NULL, NULL, NULL, NULL, NULL, NULL, NULL, NULL, NULL, '0', NULL, NULL, NULL, NULL, NULL, NULL, NULL, NULL, NULL, NULL, NULL, '2017-05-04 21:07:50', '2017-05-04 21:07:50', '59b7dc40-b808-4ee2-a20a-42ff4607c70d'),
 ('153', '204', 'en_us', 'Smb Guidelines 102015', NULL, NULL, NULL, '[]', NULL, NULL, NULL, NULL, NULL, NULL, NULL, NULL, NULL, NULL, NULL, NULL, NULL, NULL, '0', NULL, NULL, NULL, NULL, NULL, NULL, NULL, NULL, NULL, NULL, NULL, '2017-05-10 21:33:23', '2017-05-10 21:33:23', '0568823e-eae6-4fd0-82a4-49276bcddcf0'),
 ('154', '205', 'en_us', 'Smb Budget 040116', NULL, NULL, NULL, '[]', NULL, NULL, NULL, NULL, NULL, NULL, NULL, NULL, NULL, NULL, NULL, NULL, NULL, NULL, '0', NULL, NULL, NULL, NULL, NULL, NULL, NULL, NULL, NULL, NULL, NULL, '2017-05-10 21:41:37', '2017-05-10 21:41:37', '5fbc2072-e206-46f0-8a08-8f26eab6ed73'),
 ('155', '206', 'en_us', 'April 1, 2016 Budget Meeting Minutes', NULL, NULL, NULL, '[]', NULL, NULL, NULL, NULL, NULL, NULL, NULL, NULL, NULL, NULL, NULL, NULL, NULL, NULL, '0', NULL, NULL, NULL, '2016-04-01 04:00:00', NULL, NULL, NULL, NULL, NULL, NULL, NULL, '2017-05-10 21:42:55', '2017-05-10 21:42:55', '8161114d-19a5-4920-86ad-e190c9e32892'),
 ('156', '207', 'en_us', 'Smb Full 041516', NULL, NULL, NULL, '[]', NULL, NULL, NULL, NULL, NULL, NULL, NULL, NULL, NULL, NULL, NULL, NULL, NULL, NULL, '0', NULL, NULL, NULL, NULL, NULL, NULL, NULL, NULL, NULL, NULL, NULL, '2017-05-10 21:44:05', '2017-05-10 21:44:05', '211c8c5b-af1c-46c6-ac15-785a7250ee69'),
 ('157', '208', 'en_us', 'April 15, 2016 SMB Meeting Minutes', NULL, NULL, NULL, '[]', NULL, NULL, NULL, NULL, NULL, NULL, NULL, NULL, NULL, NULL, NULL, NULL, NULL, NULL, '0', NULL, NULL, NULL, '2016-04-15 04:00:00', NULL, NULL, NULL, NULL, NULL, NULL, NULL, '2017-05-10 21:44:34', '2017-05-10 21:45:30', 'bacd6f50-eb6c-4333-91c7-92f49446e9a9'),
 ('158', '209', 'en_us', 'Smb Full 100915', NULL, NULL, NULL, '[]', NULL, NULL, NULL, NULL, NULL, NULL, NULL, NULL, NULL, NULL, NULL, NULL, NULL, NULL, '0', NULL, NULL, NULL, NULL, NULL, NULL, NULL, NULL, NULL, NULL, NULL, '2017-05-10 21:45:47', '2017-05-10 21:45:47', '178c525a-515e-44a9-970e-e78af3c99198'),
 ('159', '210', 'en_us', 'October 9, 2015 SMB Meeting Minutes', NULL, NULL, NULL, '[]', NULL, NULL, NULL, NULL, NULL, NULL, NULL, NULL, NULL, NULL, NULL, NULL, NULL, NULL, '0', NULL, NULL, NULL, '2015-10-09 04:00:00', NULL, NULL, NULL, NULL, NULL, NULL, NULL, '2017-05-10 21:46:44', '2017-05-10 21:46:44', '03738429-6f7f-44ce-9730-63732a787e06'),
 ('160', '211', 'en_us', 'Smb Selection 033016', NULL, NULL, NULL, '[]', NULL, NULL, NULL, NULL, NULL, NULL, NULL, NULL, NULL, NULL, NULL, NULL, NULL, NULL, '0', NULL, NULL, NULL, NULL, NULL, NULL, NULL, NULL, NULL, NULL, NULL, '2017-05-10 21:49:56', '2017-05-10 21:49:56', 'b82cd32e-1412-4978-9d3a-4d7622c5fa09'),
 ('161', '212', 'en_us', 'April 6, 2016 SMB Selection Meeting Minutes', NULL, NULL, NULL, '[]', NULL, NULL, NULL, NULL, NULL, NULL, NULL, NULL, NULL, NULL, NULL, NULL, NULL, NULL, '0', NULL, NULL, NULL, '2016-04-06 04:00:00', NULL, NULL, NULL, NULL, NULL, NULL, NULL, '2017-05-10 21:51:09', '2017-05-10 21:51:09', '2aca4ba2-1796-4d9b-9925-40a8fae0ca72'),
 ('162', '213', 'en_us', 'Smb Selection 040816', NULL, NULL, NULL, '[]', NULL, NULL, NULL, NULL, NULL, NULL, NULL, NULL, NULL, NULL, NULL, NULL, NULL, NULL, '0', NULL, NULL, NULL, NULL, NULL, NULL, NULL, NULL, NULL, NULL, NULL, '2017-05-10 21:51:30', '2017-05-10 21:51:30', '6842ff05-84aa-4159-a7cd-d36782a78452'),
 ('163', '214', 'en_us', 'April 8, 2016 SMB Selection Meeting Minutes', NULL, NULL, NULL, '[]', NULL, NULL, NULL, NULL, NULL, NULL, NULL, NULL, NULL, NULL, NULL, NULL, NULL, NULL, '0', NULL, NULL, NULL, '2016-04-08 04:00:00', NULL, NULL, NULL, NULL, NULL, NULL, NULL, '2017-05-10 21:51:57', '2017-05-10 21:51:57', '6e6b7fe9-6bb3-4c24-944a-895f8011c554'),
 ('164', '215', 'en_us', 'Smb Selection 120415', NULL, NULL, NULL, '[]', NULL, NULL, NULL, NULL, NULL, NULL, NULL, NULL, NULL, NULL, NULL, NULL, NULL, NULL, '0', NULL, NULL, NULL, NULL, NULL, NULL, NULL, NULL, NULL, NULL, NULL, '2017-05-10 21:53:00', '2017-05-10 21:53:00', '65e861bf-df3d-4a9c-8fa9-63904bf685c1'),
 ('165', '216', 'en_us', 'December 4, 2015 SMB Selection Meeting Minutes', NULL, NULL, NULL, '[]', NULL, NULL, NULL, NULL, NULL, NULL, NULL, NULL, NULL, NULL, NULL, NULL, NULL, NULL, '0', NULL, NULL, NULL, '2015-12-04 05:00:00', NULL, NULL, NULL, NULL, NULL, NULL, NULL, '2017-05-10 21:53:27', '2017-05-10 21:53:27', '84d00860-b342-4a63-a1dd-a77caa541bf5'),
 ('166', '217', 'en_us', 'Smb Special 012216', NULL, NULL, NULL, '[]', NULL, NULL, NULL, NULL, NULL, NULL, NULL, NULL, NULL, NULL, NULL, NULL, NULL, NULL, '0', NULL, NULL, NULL, NULL, NULL, NULL, NULL, NULL, NULL, NULL, NULL, '2017-05-10 21:55:14', '2017-05-10 21:55:14', 'a9fb353e-05a4-43e1-a38a-73d9228cfeda'),
 ('167', '218', 'en_us', 'January 22, 2016 Special Meeting Minutes', NULL, NULL, NULL, '[]', NULL, NULL, NULL, NULL, NULL, NULL, NULL, NULL, NULL, NULL, NULL, NULL, NULL, NULL, '0', NULL, NULL, NULL, '2016-01-22 05:00:00', NULL, NULL, NULL, NULL, NULL, NULL, NULL, '2017-05-10 21:55:39', '2017-05-10 21:55:39', 'f575a70a-72ec-441a-8337-bc79439e7c6e'),
 ('168', '219', 'en_us', 'Img 0161', NULL, NULL, NULL, '[]', NULL, NULL, NULL, NULL, NULL, NULL, NULL, NULL, NULL, NULL, NULL, NULL, NULL, NULL, '0', NULL, NULL, NULL, NULL, NULL, NULL, NULL, NULL, NULL, NULL, NULL, '2017-05-10 23:50:41', '2017-05-10 23:50:41', 'f119c4c8-54b7-4219-a3f3-ad0478899091'),
 ('169', '220', 'en_us', 'Dsc8013 Copy', NULL, NULL, NULL, '[]', NULL, NULL, NULL, NULL, NULL, NULL, NULL, NULL, NULL, NULL, NULL, NULL, NULL, NULL, '0', NULL, NULL, NULL, NULL, NULL, NULL, NULL, NULL, NULL, NULL, NULL, '2017-05-10 23:51:45', '2017-05-10 23:51:45', 'b94fa97a-4a7d-4844-987f-944439c426f2'),
 ('170', '221', 'en_us', 'Img 0216', NULL, NULL, NULL, '[]', NULL, NULL, NULL, NULL, NULL, NULL, NULL, NULL, NULL, NULL, NULL, NULL, NULL, NULL, '0', NULL, NULL, NULL, NULL, NULL, NULL, NULL, NULL, NULL, NULL, NULL, '2017-05-10 23:54:51', '2017-05-10 23:54:51', 'a403fcfe-39ed-47b3-a535-1a45d1c83ce2'),
 ('171', '223', 'en_us', 'Fb Cover Overlay4', NULL, NULL, NULL, '[]', NULL, NULL, NULL, NULL, NULL, NULL, NULL, NULL, NULL, NULL, NULL, NULL, NULL, NULL, '0', NULL, NULL, NULL, NULL, NULL, NULL, NULL, NULL, NULL, NULL, NULL, '2017-05-11 02:39:49', '2017-05-11 02:39:49', 'bf72024e-da26-4b80-968b-7310186a9eae'),
 ('172', '224', 'en_us', 'Twitter Cover Overlay4', NULL, NULL, NULL, '[]', NULL, NULL, NULL, NULL, NULL, NULL, NULL, NULL, NULL, NULL, NULL, NULL, NULL, NULL, '0', NULL, NULL, NULL, NULL, NULL, NULL, NULL, NULL, NULL, NULL, NULL, '2017-05-11 02:40:08', '2017-05-11 02:40:08', '73654440-adc8-4a8a-9c04-14d453c47ce0'),
 ('173', '233', 'en_us', 'Img 0230', NULL, NULL, NULL, '[]', NULL, NULL, NULL, NULL, NULL, NULL, NULL, NULL, NULL, NULL, NULL, NULL, NULL, NULL, '0', NULL, NULL, NULL, NULL, NULL, NULL, NULL, NULL, NULL, NULL, NULL, '2017-05-11 16:54:33', '2017-05-11 16:54:33', 'd1f51358-6f6f-4da3-9ec3-712dcebba335'),
 ('174', '234', 'en_us', 'Dsc8042', NULL, NULL, NULL, '[]', NULL, NULL, NULL, NULL, NULL, NULL, NULL, NULL, NULL, NULL, NULL, NULL, NULL, NULL, '0', NULL, NULL, NULL, NULL, NULL, NULL, NULL, NULL, NULL, NULL, NULL, '2017-05-11 17:19:50', '2017-05-11 17:19:50', '174419af-0a85-408b-9c5c-9b659254ed93'),
 ('175', '235', 'en_us', NULL, NULL, NULL, NULL, '[]', NULL, NULL, NULL, NULL, NULL, NULL, NULL, NULL, NULL, NULL, NULL, NULL, NULL, NULL, '0', NULL, NULL, NULL, NULL, NULL, NULL, NULL, NULL, NULL, NULL, NULL, '2017-05-19 18:26:25', '2017-05-19 18:26:25', 'ab861a7d-7157-45b1-9755-a1682f7479da'),
 ('176', '236', 'en_us', '24805284962 094B55A1E1 K', NULL, NULL, NULL, '[]', NULL, NULL, NULL, NULL, NULL, NULL, NULL, NULL, NULL, NULL, NULL, NULL, NULL, NULL, '0', NULL, NULL, NULL, NULL, NULL, NULL, NULL, NULL, NULL, NULL, NULL, '2017-05-27 17:52:31', '2017-05-27 17:52:31', '3473164a-71af-4a8d-af9b-ec26f7def4db'),
 ('177', '237', 'en_us', 'Lab', NULL, NULL, NULL, '[]', NULL, NULL, NULL, NULL, NULL, NULL, NULL, NULL, NULL, NULL, NULL, NULL, NULL, NULL, '0', NULL, NULL, NULL, NULL, NULL, NULL, NULL, NULL, NULL, NULL, NULL, '2017-05-27 18:12:34', '2017-05-27 18:12:34', '160470e3-42e3-4c29-a10c-9288116e0f34'),
 ('178', '238', 'en_us', 'Recognition Title', NULL, NULL, NULL, '[]', NULL, NULL, NULL, NULL, NULL, 'This is the description of the recognition', NULL, NULL, NULL, NULL, NULL, NULL, NULL, NULL, '0', NULL, NULL, NULL, NULL, NULL, NULL, NULL, NULL, NULL, NULL, NULL, '2017-05-30 14:19:02', '2017-05-30 14:19:02', 'a65357d6-dc43-42af-b553-ce07f595583f'),
 ('179', '239', 'en_us', 'Virtual Reality', NULL, NULL, NULL, '[]', NULL, NULL, NULL, NULL, NULL, 'virtual', NULL, NULL, NULL, NULL, NULL, NULL, NULL, NULL, '0', NULL, NULL, NULL, NULL, NULL, NULL, NULL, NULL, NULL, NULL, NULL, '2017-05-31 19:21:02', '2017-05-31 19:21:02', 'dcdaced7-d35e-4c33-84d6-c7302f9f7fb1');



DROP TABLE IF EXISTS `craft_cpnav_layouts`;


--
-- Schema for table `craft_cpnav_layouts`
--
CREATE TABLE `craft_cpnav_layouts` (
  `id` int(11) NOT NULL AUTO_INCREMENT,
  `name` varchar(255) COLLATE utf8_unicode_ci DEFAULT NULL,
  `isDefault` tinyint(1) unsigned NOT NULL DEFAULT '0',
  `permissions` text COLLATE utf8_unicode_ci,
  `dateCreated` datetime NOT NULL,
  `dateUpdated` datetime NOT NULL,
  `uid` char(36) COLLATE utf8_unicode_ci NOT NULL DEFAULT '0',
  PRIMARY KEY (`id`)
) ENGINE=InnoDB AUTO_INCREMENT=2 DEFAULT CHARSET=utf8 COLLATE=utf8_unicode_ci;

--
-- Data for table `craft_cpnav_layouts`
--

INSERT INTO `craft_cpnav_layouts` (`id`, `name`, `isDefault`, `permissions`, `dateCreated`, `dateUpdated`, `uid`) VALUES
 ('1', 'Default', '1', NULL, '2017-04-10 18:39:31', '2017-04-10 18:39:31', '113704b6-2e3c-4b86-b370-686f845dd8c3');



DROP TABLE IF EXISTS `craft_cpnav_navs`;


--
-- Schema for table `craft_cpnav_navs`
--
CREATE TABLE `craft_cpnav_navs` (
  `id` int(11) NOT NULL AUTO_INCREMENT,
  `layoutId` int(11) DEFAULT NULL,
  `handle` varchar(255) COLLATE utf8_unicode_ci DEFAULT NULL,
  `prevLabel` varchar(255) COLLATE utf8_unicode_ci DEFAULT NULL,
  `currLabel` varchar(255) COLLATE utf8_unicode_ci DEFAULT NULL,
  `enabled` tinyint(1) unsigned NOT NULL DEFAULT '1',
  `order` int(10) DEFAULT '0',
  `prevUrl` varchar(255) COLLATE utf8_unicode_ci DEFAULT NULL,
  `url` varchar(255) COLLATE utf8_unicode_ci DEFAULT NULL,
  `icon` varchar(255) COLLATE utf8_unicode_ci DEFAULT NULL,
  `customIcon` varchar(255) COLLATE utf8_unicode_ci DEFAULT NULL,
  `manualNav` tinyint(1) unsigned NOT NULL DEFAULT '0',
  `newWindow` tinyint(1) unsigned NOT NULL DEFAULT '0',
  `dateCreated` datetime NOT NULL,
  `dateUpdated` datetime NOT NULL,
  `uid` char(36) COLLATE utf8_unicode_ci NOT NULL DEFAULT '0',
  PRIMARY KEY (`id`),
  KEY `craft_cpnav_navs_layoutId_fk` (`layoutId`)
) ENGINE=InnoDB AUTO_INCREMENT=17 DEFAULT CHARSET=utf8 COLLATE=utf8_unicode_ci;

--
-- Data for table `craft_cpnav_navs`
--

INSERT INTO `craft_cpnav_navs` (`id`, `layoutId`, `handle`, `prevLabel`, `currLabel`, `enabled`, `order`, `prevUrl`, `url`, `icon`, `customIcon`, `manualNav`, `newWindow`, `dateCreated`, `dateUpdated`, `uid`) VALUES
 ('1', '1', 'dashboard', 'Dashboard', 'Dashboard', '1', '1', 'dashboard', 'dashboard', 'gauge', NULL, '0', '0', '2017-04-10 18:39:31', '2017-04-24 13:54:20', '63938891-4a9d-496b-aad2-20edb20c0847'),
 ('2', '1', 'entries', 'Entries', 'Entries', '1', '2', 'entries', 'entries', 'section', NULL, '0', '0', '2017-04-10 18:39:31', '2017-04-24 13:54:20', '148ec080-094d-45b1-9aab-42df1dd4d004'),
 ('3', '1', 'globals', 'Globals', 'Globals', '1', '3', 'globals/footer', 'globals/footer', 'globe', NULL, '0', '0', '2017-04-10 18:39:31', '2017-04-24 13:54:20', '015f4085-7702-4b4b-9863-cae0787a1b06'),
 ('4', '1', 'categories', 'Categories', 'Categories', '1', '4', 'categories', 'categories', 'categories', NULL, '0', '0', '2017-04-10 18:39:31', '2017-04-24 13:54:20', '18bb10c1-0ae1-4fad-a6cb-a062d3176430'),
 ('5', '1', 'assets', 'Assets', 'Assets', '1', '5', 'assets', 'assets', 'assets', NULL, '0', '0', '2017-04-10 18:39:31', '2017-04-24 13:54:20', '6d775750-1f63-44ec-a571-be94e3ef32b4'),
 ('6', '1', 'amnav', 'Navigation', 'Navigation', '1', '6', 'amnav', 'amnav', 'iconSvg-amnav', NULL, '0', '0', '2017-04-10 18:39:31', '2017-04-24 13:54:20', '30e034c5-b56f-478a-9993-ac0ed980a795'),
 ('8', '1', 'seomatic', 'SEOmatic', 'Search Optimization', '1', '8', 'seomatic', 'seomatic', 'iconSvg-seomatic', '', '0', '0', '2017-04-10 18:46:46', '2017-04-24 13:54:32', '9e6a318b-ba26-4fda-bb5f-6e6eff0399e4'),
 ('9', '1', 'users', 'Users', 'Users', '1', '7', 'users', 'users', 'users', NULL, '0', '0', '2017-04-24 13:33:40', '2017-04-24 13:54:20', '4904f662-db7a-4ccc-933e-fb0ef99fd395'),
 ('16', '1', 'settings', 'Settings', 'Settings', '1', '8', 'settings', 'settings', 'settings', NULL, '0', '0', '2017-05-25 20:00:34', '2017-05-25 20:00:34', 'c5762da3-d002-4c8f-b4b9-642125f43f80');



DROP TABLE IF EXISTS `craft_deprecationerrors`;


--
-- Schema for table `craft_deprecationerrors`
--
CREATE TABLE `craft_deprecationerrors` (
  `id` int(11) NOT NULL AUTO_INCREMENT,
  `key` varchar(255) COLLATE utf8_unicode_ci NOT NULL,
  `fingerprint` varchar(255) COLLATE utf8_unicode_ci NOT NULL,
  `lastOccurrence` datetime NOT NULL,
  `file` varchar(255) COLLATE utf8_unicode_ci NOT NULL,
  `line` smallint(6) unsigned NOT NULL,
  `class` varchar(255) COLLATE utf8_unicode_ci DEFAULT NULL,
  `method` varchar(255) COLLATE utf8_unicode_ci DEFAULT NULL,
  `template` varchar(255) COLLATE utf8_unicode_ci DEFAULT NULL,
  `templateLine` smallint(6) unsigned DEFAULT NULL,
  `message` varchar(255) COLLATE utf8_unicode_ci DEFAULT NULL,
  `traces` text COLLATE utf8_unicode_ci,
  `dateCreated` datetime NOT NULL,
  `dateUpdated` datetime NOT NULL,
  `uid` char(36) COLLATE utf8_unicode_ci NOT NULL DEFAULT '0',
  PRIMARY KEY (`id`),
  UNIQUE KEY `craft_deprecationerrors_key_fingerprint_unq_idx` (`key`,`fingerprint`)
) ENGINE=InnoDB DEFAULT CHARSET=utf8 COLLATE=utf8_unicode_ci;

DROP TABLE IF EXISTS `craft_elementindexsettings`;


--
-- Schema for table `craft_elementindexsettings`
--
CREATE TABLE `craft_elementindexsettings` (
  `id` int(11) NOT NULL AUTO_INCREMENT,
  `type` varchar(150) COLLATE utf8_unicode_ci NOT NULL,
  `settings` text COLLATE utf8_unicode_ci,
  `dateCreated` datetime NOT NULL,
  `dateUpdated` datetime NOT NULL,
  `uid` char(36) COLLATE utf8_unicode_ci NOT NULL DEFAULT '0',
  PRIMARY KEY (`id`),
  UNIQUE KEY `craft_elementindexsettings_type_unq_idx` (`type`)
) ENGINE=InnoDB DEFAULT CHARSET=utf8 COLLATE=utf8_unicode_ci;

DROP TABLE IF EXISTS `craft_elements`;


--
-- Schema for table `craft_elements`
--
CREATE TABLE `craft_elements` (
  `id` int(11) NOT NULL AUTO_INCREMENT,
  `type` varchar(150) COLLATE utf8_unicode_ci NOT NULL,
  `enabled` tinyint(1) unsigned NOT NULL DEFAULT '1',
  `archived` tinyint(1) unsigned NOT NULL DEFAULT '0',
  `dateCreated` datetime NOT NULL,
  `dateUpdated` datetime NOT NULL,
  `uid` char(36) COLLATE utf8_unicode_ci NOT NULL DEFAULT '0',
  PRIMARY KEY (`id`),
  KEY `craft_elements_type_idx` (`type`),
  KEY `craft_elements_enabled_idx` (`enabled`),
  KEY `craft_elements_archived_dateCreated_idx` (`archived`,`dateCreated`)
) ENGINE=InnoDB AUTO_INCREMENT=242 DEFAULT CHARSET=utf8 COLLATE=utf8_unicode_ci;

--
-- Data for table `craft_elements`
--

INSERT INTO `craft_elements` (`id`, `type`, `enabled`, `archived`, `dateCreated`, `dateUpdated`, `uid`) VALUES
 ('1', 'User', '1', '0', '2017-01-12 16:12:58', '2017-01-12 16:12:58', 'f7e649cc-d708-4064-b045-8d55e4df9cdc'),
 ('2', 'Entry', '1', '0', '2017-01-12 16:12:59', '2017-05-27 18:34:58', 'b591e424-5e7d-4c14-868a-8c75c5beb180'),
 ('3', 'Entry', '1', '0', '2017-01-12 16:12:59', '2017-01-12 16:12:59', 'ab93eba5-c1a5-4afc-8f5b-b4d4b4ebb468'),
 ('5', 'GlobalSet', '1', '0', '2017-02-16 21:06:16', '2017-04-10 18:58:43', '4dabac74-8e39-4693-b877-5551f2ecc684'),
 ('6', 'GlobalSet', '1', '0', '2017-02-16 21:16:37', '2017-05-29 00:22:40', 'e530bcb1-2f24-4887-8131-e44a4acb252c'),
 ('10', 'Entry', '1', '0', '2017-02-23 21:56:29', '2017-06-01 18:43:57', '1ed58f4f-8116-4533-be29-c550f1c97d5e'),
 ('11', 'Entry', '1', '0', '2017-02-24 21:50:46', '2017-04-13 19:39:10', '56fc4a16-a8b9-4c39-872e-1c4734a0a72f'),
 ('12', 'Entry', '1', '0', '2017-02-24 21:51:00', '2017-05-11 15:52:21', '7b24e459-2a90-4c22-9502-11f736bca1ab'),
 ('14', 'Entry', '1', '0', '2017-02-27 15:21:05', '2017-05-11 18:34:23', 'c7202d30-00f8-45f1-b72c-4ef75869c36c'),
 ('15', 'Entry', '1', '0', '2017-02-27 15:21:14', '2017-05-11 18:35:57', 'bda8057d-36a9-4b13-92e9-c41e9cbeb2ab'),
 ('19', 'Entry', '1', '0', '2017-03-02 19:46:01', '2017-05-28 23:21:43', '674fcd92-6525-4ceb-ad52-1568bc109958'),
 ('20', 'Entry', '1', '0', '2017-03-02 19:46:26', '2017-05-31 19:59:52', '580f7cf8-7f7b-4828-adf5-d9f1c651347b'),
 ('21', 'Entry', '1', '0', '2017-03-02 19:46:47', '2017-05-11 03:27:21', '34a945af-4021-4d9e-b737-151f20c89b98'),
 ('22', 'Entry', '1', '0', '2017-03-02 19:46:53', '2017-05-11 18:32:04', '3704eec1-1971-4439-8d8b-2c11c241c33f'),
 ('23', 'Entry', '1', '0', '2017-03-02 19:48:46', '2017-05-11 18:30:51', '988307df-67a0-429e-8325-cd1fde75434c'),
 ('24', 'Entry', '1', '0', '2017-03-02 19:49:24', '2017-06-01 18:46:27', 'fe943bd9-1dbc-49f5-93e4-8521d53b02fc'),
 ('25', 'Entry', '1', '0', '2017-03-02 19:49:47', '2017-05-11 18:30:18', '3f317e76-3366-40bb-ad49-bc526a969167'),
 ('27', 'Entry', '1', '0', '2017-03-09 01:59:38', '2017-05-11 16:07:36', '88b8c960-04a6-40b4-90b6-a134c214d7fe'),
 ('35', 'Asset', '1', '0', '2017-03-09 19:36:31', '2017-03-09 19:36:31', '37698d1c-b77f-48ed-a9db-7d5a704a91cd'),
 ('37', 'MatrixBlock', '1', '0', '2017-03-10 16:00:22', '2017-05-11 18:30:18', '7b05fd89-07ff-4eb1-b25f-e24d8b5fdda7'),
 ('42', 'Category', '1', '0', '2017-03-12 16:15:37', '2017-04-13 20:38:00', 'c507f82a-9830-4435-8e1d-52898c91db86'),
 ('45', 'Entry', '1', '0', '2017-03-12 16:17:55', '2017-05-04 21:03:34', '59137a98-ff07-4723-8786-39b36b3edddd'),
 ('46', 'Asset', '1', '0', '2017-03-15 23:42:37', '2017-03-15 23:42:37', 'bf7dc30d-028f-439c-84ac-cdb4f7c69c93'),
 ('47', 'Asset', '1', '0', '2017-03-15 23:42:38', '2017-03-15 23:42:38', 'd7affb2a-7707-4c90-8440-780903e04e96'),
 ('48', 'Asset', '1', '0', '2017-03-15 23:42:38', '2017-03-15 23:42:38', '63edbbff-e18f-484b-8d22-edad3f2ef9c9'),
 ('49', 'Asset', '1', '0', '2017-03-15 23:42:38', '2017-03-15 23:42:38', '6dcfd8ab-776a-485d-9f91-44c5369d51d4'),
 ('50', 'Asset', '1', '0', '2017-03-15 23:42:38', '2017-03-15 23:42:38', '2dc2fcec-193c-4912-883b-7244ebd54858'),
 ('51', 'Asset', '1', '0', '2017-03-15 23:42:39', '2017-03-15 23:42:39', 'b9247bf4-1aae-48dd-9609-3d7b3183392e'),
 ('52', 'Asset', '1', '0', '2017-03-15 23:42:39', '2017-03-15 23:42:39', '2827aa37-d0fa-46b5-bae1-d462827f5bc4'),
 ('53', 'Asset', '1', '0', '2017-03-15 23:42:39', '2017-03-15 23:42:39', '6dff4feb-f3dd-4399-9ea8-18e3e326b808'),
 ('54', 'Asset', '1', '0', '2017-03-15 23:42:39', '2017-03-15 23:42:39', '19401f8b-4c0f-4ec3-908d-870e3dcb93d6'),
 ('55', 'Asset', '1', '0', '2017-03-15 23:42:39', '2017-03-15 23:42:39', 'cae907ec-e48f-4981-a238-57a98d1e47bc'),
 ('56', 'Asset', '1', '0', '2017-03-15 23:42:39', '2017-03-15 23:42:39', 'b4f30f9d-fd60-4d2f-86a7-fb76dc1cef43'),
 ('58', 'Entry', '1', '0', '2017-03-16 18:11:56', '2017-05-11 16:20:51', '8df9aecc-6168-4ad7-9f0e-a7fcfcfdd445'),
 ('59', 'Entry', '1', '0', '2017-03-16 18:12:46', '2017-05-29 00:04:15', '5ee14415-8470-441f-90ad-e37b34ef0615'),
 ('60', 'Entry', '1', '0', '2017-03-16 18:13:51', '2017-06-01 14:38:29', 'd205379d-c3a9-4e38-bd7b-28448ed165d9'),
 ('61', 'Entry', '1', '0', '2017-03-16 18:15:33', '2017-05-27 19:59:45', '5ff306fc-08c9-4850-b168-6a0b73c47c5c'),
 ('62', 'Entry', '1', '0', '2017-03-16 18:15:45', '2017-05-28 23:11:26', '49181e7b-1cb8-439a-95e7-e4d1d8582807'),
 ('64', 'Asset', '1', '0', '2017-03-16 18:42:00', '2017-04-07 15:48:41', '9f190647-6c81-432e-aa5c-4dd976f62027'),
 ('65', 'Entry', '1', '0', '2017-03-21 17:36:38', '2017-03-21 17:36:38', '74216f56-b8ed-436b-8a75-527c8fbfc775'),
 ('67', 'Asset', '1', '0', '2017-03-23 03:31:51', '2017-03-23 03:32:18', 'ab9424a4-bf0c-449d-b972-11833d694a99'),
 ('68', 'Category', '1', '0', '2017-03-23 18:09:01', '2017-03-23 18:09:01', 'e5c98da5-47eb-406e-9a3c-39ac260b4033'),
 ('69', 'Category', '1', '0', '2017-03-23 18:09:09', '2017-04-13 20:05:31', '82bd5931-15b0-4a3a-8987-a7d00cc941eb'),
 ('70', 'Category', '1', '0', '2017-03-23 18:09:15', '2017-03-23 18:09:15', '0e162c11-c90d-4a3d-acc9-a5561c207cd0'),
 ('71', 'Entry', '1', '0', '2017-03-23 18:10:55', '2017-05-31 19:36:41', 'b5327033-3b14-4484-b9cd-1671fb8f2bed'),
 ('72', 'MatrixBlock', '1', '0', '2017-03-23 18:10:55', '2017-04-15 20:54:45', '2e247c14-8fe4-4863-af34-ba08620d85a1'),
 ('73', 'Entry', '1', '0', '2017-03-23 18:20:19', '2017-05-31 19:36:41', '74cf1f09-397d-4b62-9c72-d06b9fc5b73e'),
 ('74', 'MatrixBlock', '1', '0', '2017-03-23 18:21:18', '2017-04-14 22:37:18', '8db63f9b-648e-40e5-abb3-59712ccd5733'),
 ('75', 'MatrixBlock', '1', '0', '2017-03-23 18:27:09', '2017-04-14 22:37:18', '65e385c3-17fe-4b4f-bf9f-1982a7ad55b7'),
 ('78', 'Asset', '1', '0', '2017-04-03 19:35:52', '2017-04-07 15:46:49', '876c2831-d904-4be3-aa3a-880512bdf975'),
 ('81', 'Entry', '1', '0', '2017-04-06 19:24:00', '2017-05-31 20:03:29', 'e76cd795-fb72-4765-86d5-bcd540b6072e'),
 ('82', 'MatrixBlock', '1', '0', '2017-04-06 19:25:39', '2017-05-31 20:03:29', 'aa8150d2-42b8-4983-8025-7c338d800220'),
 ('85', 'Asset', '1', '0', '2017-04-10 17:23:27', '2017-04-10 17:23:27', '38ac964e-b1ca-42fe-b533-a4e5252365ac'),
 ('86', 'Asset', '1', '0', '2017-04-10 18:58:41', '2017-04-10 18:58:41', '222ea787-d092-437b-b5f9-50e338aada46'),
 ('88', 'Asset', '1', '0', '2017-04-10 19:59:06', '2017-04-10 19:59:06', '44b8dafd-e56a-4e4b-b19b-3e624d77053e'),
 ('90', 'Asset', '1', '0', '2017-04-10 19:59:15', '2017-04-10 19:59:15', 'be359d05-ca63-4fd2-b2dc-090be5746614'),
 ('91', 'Entry', '1', '0', '2017-04-13 20:24:07', '2017-05-31 19:36:41', '36c04e29-c958-4dc1-beb3-e82c37979921'),
 ('92', 'MatrixBlock', '1', '0', '2017-04-13 20:31:54', '2017-04-14 22:28:27', '15bc4b16-c023-48c4-af9d-2e5a45919875'),
 ('93', 'Entry', '1', '0', '2017-04-13 20:34:15', '2017-05-11 18:34:53', 'a45a9b88-da1f-4c1d-86ca-9f9759148e9e'),
 ('94', 'Entry', '1', '0', '2017-04-13 20:34:19', '2017-05-31 19:36:41', 'f57e0cfd-b309-4ec0-8a60-e9fe811616a0'),
 ('95', 'Entry', '1', '0', '2017-04-13 20:36:11', '2017-05-31 19:36:42', '4332844a-dda9-48f6-bac0-685265379538'),
 ('96', 'Entry', '1', '0', '2017-04-13 20:37:01', '2017-05-31 19:36:42', '86814061-4c18-4017-ae8d-277ea24b314a'),
 ('97', 'MatrixBlock', '1', '0', '2017-04-13 20:37:01', '2017-04-13 20:37:01', '25e07fd6-97fd-4edb-af76-90d88c25eb2b'),
 ('98', 'MatrixBlock', '1', '0', '2017-04-13 20:37:01', '2017-04-13 20:37:01', '5e5088b5-0828-4438-9af6-772ff6dd4224'),
 ('99', 'Entry', '1', '0', '2017-04-13 20:37:21', '2017-05-31 20:01:30', '2f8a4bba-4c53-405c-8483-c416131bca28'),
 ('100', 'Entry', '1', '0', '2017-04-13 20:38:02', '2017-05-31 19:36:42', '7afd3435-27d9-457b-a30b-1242d5245103'),
 ('101', 'Entry', '1', '0', '2017-04-13 20:42:03', '2017-05-11 18:34:48', '2bc0ac58-7393-4919-9ea3-4ff5527d6f40'),
 ('102', 'Entry', '1', '0', '2017-04-13 20:42:13', '2017-05-31 19:36:42', 'a4047882-919a-4f63-a9ab-f7e711c7ea33'),
 ('103', 'Entry', '1', '0', '2017-04-13 20:45:00', '2017-05-31 19:36:42', '8d64369c-90b2-4173-82d1-12a1d32abda4'),
 ('104', 'MatrixBlock', '1', '0', '2017-04-13 20:45:00', '2017-04-14 21:46:25', '7f15ea62-062c-4da6-9a57-c95fcf943558'),
 ('105', 'MatrixBlock', '1', '0', '2017-04-14 21:45:58', '2017-04-14 21:46:25', '7eddef4f-c02e-4ab6-8082-ee18ff2c539a'),
 ('106', 'MatrixBlock', '1', '0', '2017-04-14 21:45:58', '2017-04-14 21:46:25', '0990c3e2-1bfa-4a70-82de-75bccbdaa4aa'),
 ('107', 'MatrixBlock', '1', '0', '2017-04-14 21:45:58', '2017-04-14 21:46:25', 'ef843093-df3c-4200-9fde-b0e49db57cee'),
 ('108', 'MatrixBlock', '1', '0', '2017-04-14 21:45:58', '2017-04-14 21:46:25', 'e9009c57-17db-4595-b24c-b044a4e1f24a'),
 ('109', 'MatrixBlock', '1', '0', '2017-04-14 21:45:58', '2017-04-14 21:46:25', 'bc3c603b-e3e1-4136-81d7-0f760f046636'),
 ('110', 'MatrixBlock', '1', '0', '2017-04-14 21:49:58', '2017-04-14 21:50:44', 'cea03ece-f417-4880-85d9-e8ab5159c5e2'),
 ('111', 'MatrixBlock', '1', '0', '2017-04-14 21:58:18', '2017-04-15 20:54:45', '3caf5388-dad4-4911-8d1b-78c7143b6690'),
 ('112', 'MatrixBlock', '1', '0', '2017-04-14 22:37:18', '2017-04-14 22:37:18', 'd35c48bf-dde0-472f-9762-7bd80fa7688b'),
 ('115', 'Entry', '1', '0', '2017-04-20 17:50:26', '2017-04-20 17:50:26', '2d9ad848-e9b2-4daa-b081-4a22b1ba622b'),
 ('116', 'Entry', '1', '0', '2017-04-20 17:51:08', '2017-04-20 17:51:08', '7062455b-e68f-40df-b46a-178c1e6c17de'),
 ('117', 'Entry', '1', '0', '2017-04-20 17:51:30', '2017-04-20 17:51:30', '52a92966-f5e4-426e-9db5-c2a7fe6152ab'),
 ('118', 'Asset', '1', '0', '2017-04-20 17:54:24', '2017-04-20 17:54:24', '87dd0fa0-9c5f-4244-b0c2-850158ffeada'),
 ('119', 'Asset', '1', '0', '2017-04-20 17:54:25', '2017-04-20 17:54:25', '0f453ab7-ad80-4a0b-8c31-23e3aa2a492a'),
 ('120', 'Asset', '1', '0', '2017-04-20 17:54:25', '2017-04-20 17:54:25', '1cba5fb2-a2e8-48d0-90f0-6a34e76dea8c'),
 ('121', 'Asset', '1', '0', '2017-04-20 17:54:25', '2017-04-20 17:54:25', '2f0e8be2-1fd4-42ce-b138-fc9bf3930ee6'),
 ('122', 'Asset', '1', '0', '2017-04-20 17:54:25', '2017-04-20 17:54:25', 'ce67f0e9-aea6-40ae-9f7f-6a7c5af8be35'),
 ('123', 'Asset', '1', '0', '2017-04-20 17:54:26', '2017-04-20 17:54:26', 'cbf745a8-1854-4e96-8e36-d9d77cbc0a30'),
 ('124', 'Asset', '1', '0', '2017-04-20 17:54:26', '2017-04-20 17:54:26', 'ff9d49e0-126c-4b05-9e68-e03f0778dc2f'),
 ('125', 'Asset', '1', '0', '2017-04-20 17:54:26', '2017-04-20 17:54:26', '76ae3273-acae-42bf-be9a-eaa3cf316463'),
 ('126', 'Asset', '1', '0', '2017-04-20 17:54:26', '2017-04-20 17:54:26', 'dc7bf87c-2997-4f2b-9e06-9a7bf7ee2725'),
 ('127', 'Asset', '1', '0', '2017-04-20 17:54:26', '2017-04-20 17:54:26', 'eb4b708e-4795-4026-90aa-d25fc41e445b'),
 ('128', 'Asset', '1', '0', '2017-04-20 17:54:26', '2017-04-20 17:54:26', 'aacd8212-61bd-4cb3-8aac-b7cdea0f9b94'),
 ('129', 'MatrixBlock', '1', '0', '2017-04-20 19:32:21', '2017-06-01 18:46:27', 'fafe7b4a-84fc-4952-acc3-0cee76521ce2'),
 ('130', 'MatrixBlock', '1', '0', '2017-04-20 19:32:21', '2017-06-01 18:46:27', 'cc7d76bb-cfb0-43c8-9b61-6871990b4ae3'),
 ('131', 'MatrixBlock', '1', '0', '2017-04-20 19:32:21', '2017-06-01 18:46:27', 'ca0b6ab7-2a11-4eb1-993e-0c40600dafea'),
 ('132', 'MatrixBlock', '1', '0', '2017-04-20 19:32:42', '2017-06-01 18:46:27', '4cfd1e34-2567-4ba4-a713-6b1cd425cc61'),
 ('133', 'MatrixBlock', '1', '0', '2017-04-20 19:35:15', '2017-05-11 18:32:04', '99b6049e-614f-4f08-9f51-52fd49b0b3b9'),
 ('134', 'MatrixBlock', '1', '0', '2017-04-20 19:35:15', '2017-05-11 18:32:04', '0dc52312-e046-455f-b121-ab77dc7b5aa4'),
 ('135', 'MatrixBlock', '1', '0', '2017-04-20 19:35:15', '2017-05-11 18:32:04', '9a9a79f7-65b4-49ed-b16b-8a2f86ac7ff8'),
 ('136', 'MatrixBlock', '1', '0', '2017-04-20 19:35:15', '2017-05-11 18:32:04', '4ff6e86c-4d0d-455b-9585-4202c7e68a92');
INSERT INTO `craft_elements` (`id`, `type`, `enabled`, `archived`, `dateCreated`, `dateUpdated`, `uid`) VALUES
 ('137', 'MatrixBlock', '1', '0', '2017-04-20 19:36:29', '2017-05-11 03:27:21', '70e560fa-2a23-4e0f-801b-ff62b2abdcdf'),
 ('138', 'MatrixBlock', '1', '0', '2017-04-20 19:36:29', '2017-05-11 03:27:21', 'c4ad6a29-4061-44a0-8522-780239be3a93'),
 ('139', 'MatrixBlock', '1', '0', '2017-04-20 19:36:29', '2017-05-11 03:27:21', '6dce6ec5-0fac-4320-b5d9-99256e250ddb'),
 ('140', 'MatrixBlock', '1', '0', '2017-04-20 19:37:56', '2017-06-01 18:43:57', '524fee8f-eb8c-444c-b51d-9888cc91791f'),
 ('141', 'MatrixBlock', '1', '0', '2017-04-20 19:37:56', '2017-06-01 18:43:57', '9c0523aa-89b7-4240-9519-cc11c54bd110'),
 ('142', 'MatrixBlock', '1', '0', '2017-04-20 19:37:56', '2017-06-01 18:43:57', '9732b9dc-3a71-40e1-8978-b390ee02b853'),
 ('143', 'MatrixBlock', '1', '0', '2017-04-20 19:37:56', '2017-06-01 18:43:57', '0e294426-4aad-43c0-a58c-ab569759692a'),
 ('145', 'MatrixBlock', '1', '0', '2017-04-20 19:40:18', '2017-05-11 18:34:23', 'ffeb8a0b-b217-4fe1-9141-30a5b9582803'),
 ('146', 'MatrixBlock', '1', '0', '2017-04-20 19:40:18', '2017-05-11 18:34:23', '27f1e794-4bed-48b5-ba2c-e1f407735350'),
 ('147', 'MatrixBlock', '1', '0', '2017-04-20 19:40:18', '2017-05-11 18:34:23', '88ba806e-2e56-4b73-8835-0c25d296c8bf'),
 ('148', 'MatrixBlock', '1', '0', '2017-04-20 19:40:18', '2017-05-11 18:34:23', '2623397a-ca1e-48ab-b459-4eaacd9c65c3'),
 ('149', 'MatrixBlock', '1', '0', '2017-04-20 19:41:17', '2017-05-11 18:30:51', 'f0f922fe-89cf-4a85-be15-0bfef91763d2'),
 ('150', 'MatrixBlock', '1', '0', '2017-04-20 19:41:17', '2017-05-11 18:30:51', 'b5c7ae78-0025-4559-a4f3-ace51097cb00'),
 ('151', 'MatrixBlock', '1', '0', '2017-04-20 19:42:23', '2017-05-11 18:30:51', '4a5c4fa1-1e1b-422e-8d48-7c22c2eaae8e'),
 ('152', 'MatrixBlock', '1', '0', '2017-04-20 19:42:23', '2017-05-11 18:30:51', '20dffad0-0170-4a1e-aada-77c1e6acc8a1'),
 ('153', 'MatrixBlock', '1', '0', '2017-04-20 19:43:14', '2017-05-31 19:59:52', 'd60f6532-392f-4d5a-810d-52b9a9fa223e'),
 ('154', 'MatrixBlock', '1', '0', '2017-04-20 19:43:14', '2017-05-31 19:59:52', 'ae6feffb-d4eb-4329-8b2a-2cd48c537027'),
 ('155', 'MatrixBlock', '1', '0', '2017-04-20 19:43:14', '2017-05-31 19:59:52', 'c6c8dd34-ecf0-4af4-ad15-162c57870e34'),
 ('156', 'MatrixBlock', '1', '0', '2017-04-20 19:44:16', '2017-05-28 23:21:44', '1dc7cbf7-634a-4699-8f49-c336ebd519f6'),
 ('157', 'MatrixBlock', '1', '0', '2017-04-20 19:44:16', '2017-05-28 23:21:44', '4f71c0e0-4387-4d54-9ed2-3e24be68ea18'),
 ('158', 'MatrixBlock', '1', '0', '2017-04-20 19:44:16', '2017-05-28 23:21:44', '766382ca-d556-435e-8f9b-ad230b1943fe'),
 ('159', 'MatrixBlock', '1', '0', '2017-04-20 19:44:16', '2017-05-28 23:21:44', 'eb9720bc-e95f-400f-9114-6f76f235856f'),
 ('160', 'Entry', '1', '0', '2017-04-22 21:35:28', '2017-04-26 19:17:16', 'd1642165-40f4-4ff8-afbb-a64b32167a51'),
 ('161', 'Entry', '1', '0', '2017-04-22 21:50:41', '2017-05-10 21:41:05', '55b1919e-15cd-4f70-9e5d-8cf86096f786'),
 ('164', 'User', '1', '0', '2017-04-24 13:36:19', '2017-04-24 13:40:12', 'd3345c9f-d70a-4029-9c25-b05e021feac1'),
 ('165', 'Entry', '1', '0', '2017-04-24 17:37:01', '2017-04-24 17:37:01', 'b3c11f09-deb6-4633-85e6-16376b9acd1b'),
 ('166', 'Entry', '1', '0', '2017-04-24 17:57:47', '2017-04-27 18:41:09', '963d2444-8162-4091-9fb6-421d69dbd457'),
 ('167', 'Entry', '1', '0', '2017-04-25 01:55:57', '2017-04-27 15:56:02', 'a69c3285-a928-45fc-bb12-e0a5e2fff017'),
 ('168', 'Entry', '1', '0', '2017-04-27 19:47:13', '2017-05-10 21:45:01', '32ae4454-85a8-492e-8c77-6665410b83a3'),
 ('169', 'Asset', '1', '0', '2017-04-27 19:56:55', '2017-04-27 19:56:55', '30f6f64d-d051-435c-b269-b87deb5bf348'),
 ('170', 'Asset', '1', '0', '2017-04-27 21:03:25', '2017-04-27 21:05:22', '29e1ce1f-798e-41ee-98bd-3c6dc69c9d38'),
 ('171', 'Asset', '1', '0', '2017-05-04 16:16:48', '2017-05-04 16:16:48', 'a597a76e-ee92-4001-af26-64af6444772f'),
 ('172', 'Entry', '1', '0', '2017-05-04 20:13:55', '2017-05-04 20:13:55', '0a4732d0-7185-4aea-8b2d-eafd46104103'),
 ('173', 'Entry', '1', '0', '2017-05-04 20:19:40', '2017-05-04 20:19:40', '639e2664-cb51-48a2-b12d-b48f0cbd873f'),
 ('174', 'Entry', '1', '0', '2017-05-04 20:21:40', '2017-05-04 20:21:40', 'ab32aadd-3ac4-49f4-8d41-75b7101fc5f4'),
 ('175', 'Entry', '1', '0', '2017-05-04 20:25:05', '2017-05-04 20:25:05', 'd2f0cad0-7f7b-4e90-b210-9aa398a9695d'),
 ('176', 'Entry', '1', '0', '2017-05-04 20:30:32', '2017-05-04 20:30:32', 'a50eea1f-452c-4b62-a3ee-22b5d0e316aa'),
 ('178', 'Entry', '1', '0', '2017-05-04 20:34:15', '2017-05-04 20:34:15', '7ceba17b-cbaa-4cc0-8158-bb2b15080708'),
 ('180', 'Entry', '1', '0', '2017-05-04 20:35:29', '2017-05-04 20:35:29', '51e39869-b0b2-48a0-9951-5ed314ed4c93'),
 ('181', 'Entry', '1', '0', '2017-05-04 20:36:07', '2017-05-04 20:36:07', 'cb957219-bc00-48fa-abc1-ecbcaa2b4218'),
 ('185', 'Entry', '1', '0', '2017-05-04 20:39:52', '2017-05-28 23:14:20', '1af071f9-cb6a-4d3f-91ee-01c3a2f851c9'),
 ('187', 'Entry', '1', '0', '2017-05-04 20:41:27', '2017-05-04 20:55:26', '6e01c5d0-06c7-40c7-b963-89e1ecb70a1e'),
 ('188', 'Entry', '1', '0', '2017-05-04 20:43:38', '2017-05-04 20:43:38', 'd666d077-98de-4c5e-a7ea-81579ad42025'),
 ('190', 'Entry', '1', '0', '2017-05-04 20:44:58', '2017-05-04 20:44:58', '3a769205-9966-4e55-a5b3-d12b07e08c99'),
 ('196', 'Entry', '1', '0', '2017-05-04 20:52:14', '2017-05-04 20:52:14', '6e1b574e-78b0-4b49-81dd-96d38224a29b'),
 ('197', 'Entry', '1', '0', '2017-05-04 20:54:53', '2017-05-04 20:54:53', 'bbf3ee44-efe1-4c63-80a9-4eaa6a690df1'),
 ('199', 'Entry', '1', '0', '2017-05-04 20:58:52', '2017-05-04 20:58:52', '98b5893d-6373-4bb5-82a9-9f92ea605e4e'),
 ('201', 'Entry', '1', '0', '2017-05-04 21:02:28', '2017-05-04 21:02:28', '5e3092ff-5fdf-4d72-a88b-a15f9948dcae'),
 ('202', 'Entry', '1', '0', '2017-05-04 21:03:08', '2017-05-28 23:30:08', '96f76faf-8665-495b-beb6-e1f7247fdbf0'),
 ('203', 'Asset', '1', '0', '2017-05-04 21:07:50', '2017-05-04 21:07:50', 'c03623be-8478-4a9c-ab51-57ead147097e'),
 ('204', 'Asset', '1', '0', '2017-05-10 21:33:23', '2017-05-10 21:33:23', 'f3f11a56-3f3e-48ae-a560-60436d5c47c2'),
 ('205', 'Asset', '1', '0', '2017-05-10 21:41:37', '2017-05-10 21:41:37', 'cae10754-5083-421c-a766-eb2b1e816ac6'),
 ('206', 'Entry', '1', '0', '2017-05-10 21:42:55', '2017-05-10 21:42:55', '1ae67436-55a3-450a-b820-c67e93f8cb6d'),
 ('207', 'Asset', '1', '0', '2017-05-10 21:44:05', '2017-05-10 21:44:05', 'd3356cb1-e962-4533-8471-71fab53dcc4e'),
 ('208', 'Entry', '1', '0', '2017-05-10 21:44:34', '2017-05-10 21:45:30', '499e2b5c-740f-43bb-beae-ebd497987767'),
 ('209', 'Asset', '1', '0', '2017-05-10 21:45:47', '2017-05-10 21:45:47', '42d697c8-5b65-4651-bc27-d27f6d1cbea3'),
 ('210', 'Entry', '1', '0', '2017-05-10 21:46:44', '2017-05-10 21:46:44', 'db40c798-b7ba-4f3b-af87-19d6d81f6568'),
 ('211', 'Asset', '1', '0', '2017-05-10 21:49:56', '2017-05-10 21:49:56', 'ee489fb9-0dfe-44c3-bc5c-b99f381ea1ad'),
 ('212', 'Entry', '1', '0', '2017-05-10 21:51:09', '2017-05-10 21:51:09', '02c0d469-4118-405e-ad10-f3c297a9f47f'),
 ('213', 'Asset', '1', '0', '2017-05-10 21:51:30', '2017-05-10 21:51:30', 'f0df5f32-788a-415a-9695-1f07a0e9f3a4'),
 ('214', 'Entry', '1', '0', '2017-05-10 21:51:57', '2017-05-10 21:51:57', '9f8dfe6d-5817-4aa8-a907-790e5110132b'),
 ('215', 'Asset', '1', '0', '2017-05-10 21:53:00', '2017-05-10 21:53:00', '412812c2-eeed-4b36-9da7-7d3300acdbf8'),
 ('216', 'Entry', '1', '0', '2017-05-10 21:53:27', '2017-05-10 21:53:27', 'd185d28a-726b-4fd8-b324-583c21817d47'),
 ('217', 'Asset', '1', '0', '2017-05-10 21:55:14', '2017-05-10 21:55:14', 'f6afc869-e5f2-46d0-a0ff-6ab4220d8251'),
 ('218', 'Entry', '1', '0', '2017-05-10 21:55:39', '2017-05-10 21:55:39', '3388a623-6833-4828-ab97-23f5701a3817'),
 ('219', 'Asset', '1', '0', '2017-05-10 23:50:41', '2017-05-10 23:50:41', 'c2eb5cc3-6a4b-40cb-91c8-c4c36115b6bc'),
 ('220', 'Asset', '1', '0', '2017-05-10 23:51:45', '2017-05-10 23:51:45', 'ef3e3859-89b5-4cab-8fb2-66a15265cc01'),
 ('221', 'Asset', '1', '0', '2017-05-10 23:54:51', '2017-05-10 23:54:51', '29d4c97c-c1ee-4dde-aef6-dd29f546a2ae'),
 ('222', 'MatrixBlock', '1', '0', '2017-05-11 02:34:14', '2017-05-31 19:59:53', '5073fcac-8c1b-45c8-adff-2dbfa7cdbe17'),
 ('223', 'Asset', '1', '0', '2017-05-11 02:39:49', '2017-05-11 02:39:49', '3f79162d-8a61-4030-b3f9-2fcacc48955f'),
 ('224', 'Asset', '1', '0', '2017-05-11 02:40:08', '2017-05-11 02:40:08', '90320ffd-f3c6-4ad1-afae-3be9d793ef77'),
 ('225', 'MatrixBlock', '1', '0', '2017-05-11 02:41:50', '2017-05-11 18:30:18', '544ce7d0-521b-4dd5-bbe7-6727c21b5fa7'),
 ('226', 'MatrixBlock', '1', '0', '2017-05-11 02:41:50', '2017-05-11 18:30:18', '306cf8cb-eee1-4113-bc2e-8909deae6fe9'),
 ('227', 'MatrixBlock', '1', '0', '2017-05-11 02:54:26', '2017-05-11 18:35:57', '9ab8a106-4069-413d-8ed7-140d3db62cde'),
 ('228', 'MatrixBlock', '1', '0', '2017-05-11 02:54:26', '2017-05-11 18:35:57', 'f6053a00-114f-453e-84f1-d09affb179ae'),
 ('229', 'MatrixBlock', '1', '0', '2017-05-11 02:54:26', '2017-05-11 18:35:57', 'b1c135c4-f108-4395-af73-0eb78d14070a'),
 ('230', 'MatrixBlock', '1', '0', '2017-05-11 02:54:26', '2017-05-11 18:35:57', 'a454837f-83b8-4639-a03d-ba0fbf7cdcae'),
 ('231', 'MatrixBlock', '1', '0', '2017-05-11 03:35:13', '2017-06-01 14:38:29', '6f001686-1b17-4bce-a95b-70be945f1f6c'),
 ('232', 'MatrixBlock', '1', '0', '2017-05-11 14:06:53', '2017-06-01 14:38:29', '29b75423-19e4-4267-9c17-b04a7b7d5ef2'),
 ('233', 'Asset', '1', '0', '2017-05-11 16:54:33', '2017-05-11 16:54:33', '6b1ccd16-2922-42a0-848f-d2c4edbd1f68'),
 ('234', 'Asset', '1', '0', '2017-05-11 17:19:50', '2017-05-11 17:19:50', 'f569a80a-6ac4-459a-bb58-91ec2cf1ea12'),
 ('235', 'User', '1', '0', '2017-05-19 18:26:25', '2017-05-19 18:26:25', 'e1bc8aba-667f-4603-a292-599172bcab37'),
 ('236', 'Asset', '1', '0', '2017-05-27 17:52:31', '2017-05-27 17:52:31', '5f27d663-fad5-42ac-970f-96cedfa63f1b'),
 ('237', 'Asset', '1', '0', '2017-05-27 18:12:34', '2017-05-27 18:12:34', '680cef14-68ab-4b1d-96e7-4b6168cda068'),
 ('238', 'Entry', '1', '0', '2017-05-30 14:19:02', '2017-05-30 14:19:02', '0485c913-c795-472b-81a4-c1c2b43ef0c0'),
 ('239', 'Category', '1', '0', '2017-05-31 19:21:02', '2017-05-31 19:21:02', '586f9a6f-0ff8-4be5-aa00-0d6c628438eb'),
 ('240', 'MatrixBlock', '1', '0', '2017-05-31 19:28:52', '2017-05-31 19:28:52', '9ff02d5d-5a70-4514-a4e3-7b6afe29b965'),
 ('241', 'MatrixBlock', '1', '0', '2017-05-31 20:01:30', '2017-05-31 20:01:30', 'e6a71db2-c28f-4614-8f71-a8f0b376ed90');



DROP TABLE IF EXISTS `craft_elements_i18n`;


--
-- Schema for table `craft_elements_i18n`
--
CREATE TABLE `craft_elements_i18n` (
  `id` int(11) NOT NULL AUTO_INCREMENT,
  `elementId` int(11) NOT NULL,
  `locale` char(12) COLLATE utf8_unicode_ci NOT NULL,
  `slug` varchar(255) COLLATE utf8_unicode_ci DEFAULT NULL,
  `uri` varchar(255) COLLATE utf8_unicode_ci DEFAULT NULL,
  `enabled` tinyint(1) unsigned NOT NULL DEFAULT '1',
  `dateCreated` datetime NOT NULL,
  `dateUpdated` datetime NOT NULL,
  `uid` char(36) COLLATE utf8_unicode_ci NOT NULL DEFAULT '0',
  PRIMARY KEY (`id`),
  UNIQUE KEY `craft_elements_i18n_elementId_locale_unq_idx` (`elementId`,`locale`),
  UNIQUE KEY `craft_elements_i18n_uri_locale_unq_idx` (`uri`,`locale`),
  KEY `craft_elements_i18n_slug_locale_idx` (`slug`,`locale`),
  KEY `craft_elements_i18n_enabled_idx` (`enabled`),
  KEY `craft_elements_i18n_locale_fk` (`locale`)
) ENGINE=InnoDB AUTO_INCREMENT=242 DEFAULT CHARSET=utf8 COLLATE=utf8_unicode_ci;

--
-- Data for table `craft_elements_i18n`
--

INSERT INTO `craft_elements_i18n` (`id`, `elementId`, `locale`, `slug`, `uri`, `enabled`, `dateCreated`, `dateUpdated`, `uid`) VALUES
 ('1', '1', 'en_us', '', NULL, '1', '2017-01-12 16:12:58', '2017-01-12 16:12:58', '55dfb4e5-38dd-439c-9bf0-818a1c6524ed'),
 ('2', '2', 'en_us', 'homepage', '__home__', '1', '2017-01-12 16:12:59', '2017-05-27 18:34:59', 'efa52522-d95f-46d4-96e4-e89630ac50eb'),
 ('3', '3', 'en_us', 'we-just-installed-craft', 'news/2017/we-just-installed-craft', '1', '2017-01-12 16:12:59', '2017-01-12 16:12:59', 'bafce75b-c074-4fe9-b0dc-e7575a68a0b0'),
 ('5', '5', 'en_us', '', NULL, '1', '2017-02-16 21:06:16', '2017-04-10 18:58:43', '5715c706-6133-47e9-b366-0835801aea5f'),
 ('6', '6', 'en_us', '', NULL, '1', '2017-02-16 21:16:37', '2017-05-29 00:22:40', '1965815c-9703-42b8-8c12-4aa837d21150'),
 ('10', '10', 'en_us', 'a-magazine', 'partners/a-magazine', '1', '2017-02-23 21:56:29', '2017-06-01 18:43:57', '17b5e254-5a7a-47e3-9278-1882615ffa71'),
 ('11', '11', 'en_us', 'this-is-a-fun-statistic', 'statistics/this-is-a-fun-statistic', '1', '2017-02-24 21:50:46', '2017-04-13 19:39:10', '8f0bd7e0-2921-484f-9202-d9f27093eef2'),
 ('12', '12', 'en_us', 'this-is-a-second-statistic', 'statistics/this-is-a-second-statistic', '1', '2017-02-24 21:51:00', '2017-05-11 15:52:21', '867a5538-d660-49f6-a540-c3c690c0ad6f'),
 ('14', '14', 'en_us', 'the-burr', 'partners/the-burr', '1', '2017-02-27 15:21:05', '2017-05-11 18:34:23', 'c046eb3b-48c3-463a-99ad-d7d29690de39'),
 ('15', '15', 'en_us', 'kent-stater', 'partners/kent-stater', '1', '2017-02-27 15:21:14', '2017-05-11 18:35:57', '9fc046ad-6570-4ff7-b4b1-d8ca3e1faba1'),
 ('19', '19', 'en_us', 'black-squirrel-radio', 'partners/black-squirrel-radio', '1', '2017-03-02 19:46:01', '2017-05-28 23:21:44', '7ab14e9f-7423-47c0-97a7-cfe3fab1c5e5'),
 ('20', '20', 'en_us', 'tv2', 'partners/tv2', '1', '2017-03-02 19:46:26', '2017-05-31 19:59:52', '006a9954-333a-4c3b-b4d2-3326368efba3'),
 ('21', '21', 'en_us', 'fusion-magazine', 'partners/fusion-magazine', '1', '2017-03-02 19:46:47', '2017-05-11 03:27:21', 'dde77f32-556a-4d0d-ab82-cc2f23f8e342'),
 ('22', '22', 'en_us', 'uhuru', 'partners/uhuru', '1', '2017-03-02 19:46:53', '2017-05-11 18:32:04', '378de073-70ed-4c40-bcba-13a776592878'),
 ('23', '23', 'en_us', 'kentwired', 'partners/kentwired', '1', '2017-03-02 19:48:46', '2017-05-11 18:30:51', '2f34410a-214c-492b-a778-a45e5c88ff87'),
 ('24', '24', 'en_us', 'luna-negra', 'partners/luna-negra', '1', '2017-03-02 19:49:24', '2017-06-01 18:46:27', 'f196ea92-2b2a-42f5-bc85-bc3d54b5ea93'),
 ('25', '25', 'en_us', 'ksu-independent-films', 'partners/ksu-independent-films', '1', '2017-03-02 19:49:47', '2017-05-11 18:30:18', '41b214a5-1c80-4f8b-a9da-7e3e289f15d2'),
 ('27', '27', 'en_us', 'statistics', 'statistics/statistics', '1', '2017-03-09 01:59:38', '2017-05-11 16:07:36', 'a5d809b1-dc12-4509-a39f-9e35866a9441'),
 ('35', '35', 'en_us', 'seaside', NULL, '1', '2017-03-09 19:36:31', '2017-03-09 19:36:31', '9fef4d53-e3ee-40a7-b6f4-de46c4d9999a'),
 ('37', '37', 'en_us', '', NULL, '1', '2017-03-10 16:00:22', '2017-05-11 18:30:18', '22241473-2c70-4965-a879-dd57f6ffc764'),
 ('42', '42', 'en_us', 'broadcast-film', 'ad-format/broadcast-film', '1', '2017-03-12 16:15:37', '2017-04-13 20:38:00', 'f7f937a2-0b95-4c5a-bde4-25cfcbec671e'),
 ('45', '45', 'en_us', 'kevin-dilley', 'staff/kevin-dilley', '1', '2017-03-12 16:17:55', '2017-05-04 21:03:34', 'b9ef2d85-94ed-4411-ac7a-e3244c0458e0'),
 ('46', '46', 'en_us', 'amag-logo', NULL, '1', '2017-03-15 23:42:37', '2017-03-15 23:42:37', '9bb4897f-7acb-4842-bbe5-ac3114cf6772'),
 ('47', '47', 'en_us', 'bsr-logo', NULL, '1', '2017-03-15 23:42:38', '2017-03-15 23:42:38', '4716edbc-5e6e-495d-9a9d-b3c30c70ff9b'),
 ('48', '48', 'en_us', 'burr-logo', NULL, '1', '2017-03-15 23:42:38', '2017-03-15 23:42:38', '8e42dccd-6e32-498f-a88b-a55534daa5bb'),
 ('49', '49', 'en_us', 'fusion-logo', NULL, '1', '2017-03-15 23:42:38', '2017-03-15 23:42:38', '8ae1e262-0fad-4650-baca-59ea7b3e60c9'),
 ('50', '50', 'en_us', 'intel', NULL, '1', '2017-03-15 23:42:38', '2017-03-15 23:42:38', '357571a5-3622-46f2-ad9e-3c6b907a88ad'),
 ('51', '51', 'en_us', 'kentstater-logo', NULL, '1', '2017-03-15 23:42:39', '2017-03-15 23:42:39', '046d56cc-1280-419d-b910-ba54e87c20c0'),
 ('52', '52', 'en_us', 'ksuif-logo', NULL, '1', '2017-03-15 23:42:39', '2017-03-15 23:42:39', '2781786a-0557-4440-b15d-0c304f676d54'),
 ('53', '53', 'en_us', 'lunanegra-logo', NULL, '1', '2017-03-15 23:42:39', '2017-03-15 23:42:39', '305e7978-04cd-4167-bb1a-c8fc6c117176'),
 ('54', '54', 'en_us', 'smsales-logo', NULL, '1', '2017-03-15 23:42:39', '2017-03-15 23:42:39', '8ce8716e-b744-4131-a355-718d786c6a9a'),
 ('55', '55', 'en_us', 'tv2-logo', NULL, '1', '2017-03-15 23:42:39', '2017-03-15 23:42:39', '747d87bf-4c0b-478c-8312-cd6922a0f94e'),
 ('56', '56', 'en_us', 'uhuru-logo', NULL, '1', '2017-03-15 23:42:39', '2017-03-15 23:42:39', '2ef6fbf8-f9c7-47c0-8c76-77af9ab37836'),
 ('58', '58', 'en_us', 'about', 'about', '1', '2017-03-16 18:11:56', '2017-05-11 16:20:51', 'c24f379d-6b80-4f99-ab47-5c58b716f695'),
 ('59', '59', 'en_us', 'media-partners-home', 'partners', '1', '2017-03-16 18:12:46', '2017-05-29 00:04:15', 'a6b6ab38-a66f-4ba8-8165-bc2cd4908825'),
 ('60', '60', 'en_us', 'get-involved', 'involvement', '1', '2017-03-16 18:13:51', '2017-06-01 14:38:29', 'ff534bdf-8345-4e9e-9603-b51170549743'),
 ('61', '61', 'en_us', 'advertising', 'advertising', '1', '2017-03-16 18:15:33', '2017-05-27 19:59:45', '679c8b72-774a-4a61-b5c7-8131b6f257eb'),
 ('62', '62', 'en_us', 'contact', 'contact', '1', '2017-03-16 18:15:45', '2017-05-28 23:11:26', 'eb0b3597-7a20-41b1-8537-436ab139f861'),
 ('64', '64', 'en_us', 'people-cropped-960', NULL, '1', '2017-03-16 18:42:00', '2017-04-07 15:48:41', '4e2a3462-bf49-4dcb-9a29-cff51008de73'),
 ('65', '65', 'en_us', 'testimonial-1', NULL, '1', '2017-03-21 17:36:38', '2017-03-21 17:36:38', 'dd815e18-0cc0-419f-a61d-57c04b946174'),
 ('67', '67', 'en_us', 'studentmedia-logo', NULL, '1', '2017-03-23 03:31:51', '2017-03-23 03:32:18', '864ff2e9-46a4-41b6-b01a-10223273a29e'),
 ('68', '68', 'en_us', 'print', 'ad-format/print', '1', '2017-03-23 18:09:01', '2017-03-23 18:10:35', 'c6e25d16-4448-4150-9f54-f252401d62ec'),
 ('69', '69', 'en_us', 'online', 'ad-format/online', '1', '2017-03-23 18:09:09', '2017-04-13 20:05:31', '31c0e4ad-878b-477d-a164-68e60f6868fc'),
 ('70', '70', 'en_us', 'bundles', 'ad-format/bundles', '1', '2017-03-23 18:09:15', '2017-03-23 18:10:35', '22c23677-9bd0-4a74-aeca-d0c38f4b4dea'),
 ('71', '71', 'en_us', 'ad-2', 'ad/ad-2', '1', '2017-03-23 18:10:55', '2017-05-31 19:36:41', 'f51e6416-2cc7-4121-886c-ff6588d11e69'),
 ('72', '72', 'en_us', '', NULL, '1', '2017-03-23 18:10:55', '2017-04-15 20:54:45', '4271370d-2183-4c3b-8368-ad6f847dd51d'),
 ('73', '73', 'en_us', 'daily-kent-stater-ads', 'ad/daily-kent-stater-ads', '1', '2017-03-23 18:20:19', '2017-05-31 19:36:41', 'cb16c22e-309e-462c-9b0e-8fabcaa0990e'),
 ('74', '74', 'en_us', '', NULL, '1', '2017-03-23 18:21:18', '2017-04-14 22:37:18', '268141ba-62c9-4e22-9633-c7615685f368'),
 ('75', '75', 'en_us', '', NULL, '1', '2017-03-23 18:27:09', '2017-04-14 22:37:18', '63c5215e-11fd-4dfa-b44e-12c8e8cefc5d'),
 ('78', '78', 'en_us', 'sm-logo', NULL, '1', '2017-04-03 19:35:52', '2017-04-07 15:46:49', '5d2a31dd-8865-49a0-9d04-83bd10379b2e'),
 ('81', '81', 'en_us', 'luna-negra', 'ad/luna-negra', '1', '2017-04-06 19:24:00', '2017-05-31 20:03:29', '58c3f8d5-92f7-4f59-a02d-c33105a9da34'),
 ('82', '82', 'en_us', '', NULL, '1', '2017-04-06 19:25:39', '2017-05-31 20:03:29', 'c4f2489b-c9ab-411d-ad31-a5c797e0a2f6'),
 ('85', '85', 'en_us', 'sm-logo-rgb-white', NULL, '1', '2017-04-10 17:23:27', '2017-04-10 17:23:27', '61f371dc-ba3a-4eb7-86c1-b160cc4dbb06'),
 ('86', '86', 'en_us', 'logo-mark', NULL, '1', '2017-04-10 18:58:41', '2017-04-10 18:58:41', '05d03a54-1002-4273-83fa-20b00acd3ba4'),
 ('88', '88', 'en_us', 'seaside', NULL, '1', '2017-04-10 19:59:06', '2017-04-10 19:59:06', 'ccdc7da7-99fe-40b1-8b23-218b4da6c642'),
 ('90', '90', 'en_us', 'grid-field-03', NULL, '1', '2017-04-10 19:59:15', '2017-04-10 19:59:15', '3a32e505-f9c9-42d6-9258-a2116599962b'),
 ('91', '91', 'en_us', 'kentwired-sponsored-tweets', 'ad/kentwired-sponsored-tweets', '1', '2017-04-13 20:24:07', '2017-05-31 19:36:41', '0bff3b52-e91a-4795-8f25-1ceb1953494f'),
 ('92', '92', 'en_us', '', NULL, '1', '2017-04-13 20:31:54', '2017-04-14 22:28:27', 'a1c0a184-3c0f-4d3a-b648-9862a8adbb00'),
 ('93', '93', 'en_us', 'transitions', 'partners/transitions', '1', '2017-04-13 20:34:15', '2017-05-11 18:34:53', 'f5df635c-147c-4395-bce4-64b4fb5c71d6'),
 ('94', '94', 'en_us', 'transitions', 'ad/transitions', '1', '2017-04-13 20:34:19', '2017-05-31 19:36:42', 'b6cd1992-96b8-4334-945f-e9ccf54c6f57'),
 ('95', '95', 'en_us', 'tv2-1', 'ad/tv2-1', '1', '2017-04-13 20:36:11', '2017-05-31 19:36:42', '8b796861-d59b-4fef-ab27-ad8257da49da'),
 ('96', '96', 'en_us', 'creative-services', 'ad/creative-services', '1', '2017-04-13 20:37:01', '2017-05-31 19:36:42', 'e295325a-61ad-41d6-9db0-8583ea260e4c'),
 ('97', '97', 'en_us', '', NULL, '1', '2017-04-13 20:37:01', '2017-04-13 20:37:01', 'dc9f20b7-580b-4f0a-936c-47db55db12b3'),
 ('98', '98', 'en_us', '', NULL, '1', '2017-04-13 20:37:01', '2017-04-13 20:37:01', '8a992454-1e29-455e-80b8-eded04a3f6dd'),
 ('99', '99', 'en_us', 'black-squirrel-radio', 'ad/black-squirrel-radio', '1', '2017-04-13 20:37:21', '2017-05-31 20:01:30', '0da15cf1-0114-4271-b4f0-b246b103dbfa'),
 ('100', '100', 'en_us', 'ksu-independent-films', 'ad/ksu-independent-films', '1', '2017-04-13 20:38:02', '2017-05-31 19:36:42', 'edb108bc-c41c-4620-89d2-77b8767e2995'),
 ('101', '101', 'en_us', 'student-media-ad-sales', 'partners/student-media-ad-sales', '1', '2017-04-13 20:42:03', '2017-05-11 18:34:48', '46b034d6-0233-4f8b-965e-3d0db2bd3b90'),
 ('102', '102', 'en_us', 'kentcribs', 'ad/kentcribs', '1', '2017-04-13 20:42:13', '2017-05-31 19:36:42', '72cbe4d1-7baa-4f3b-9839-9311f9206cfa'),
 ('103', '103', 'en_us', 'advertising-bundles', 'ad/advertising-bundles', '1', '2017-04-13 20:45:00', '2017-05-31 19:36:42', 'f247406e-7373-49ad-a0ac-bb4dd5213c9c'),
 ('104', '104', 'en_us', '', NULL, '1', '2017-04-13 20:45:00', '2017-04-14 21:46:25', '017852da-5f02-4b9d-8f9a-dd6dfa3adf94'),
 ('105', '105', 'en_us', '', NULL, '1', '2017-04-14 21:45:58', '2017-04-14 21:46:25', '0f3021ff-416f-444b-b228-e7148893cddd'),
 ('106', '106', 'en_us', '', NULL, '1', '2017-04-14 21:45:58', '2017-04-14 21:46:25', 'c49ed725-d649-4be5-8963-c5b568e0e60e'),
 ('107', '107', 'en_us', '', NULL, '1', '2017-04-14 21:45:58', '2017-04-14 21:46:25', '8ea6c009-31ce-4d94-a05c-6ee778ed3d42'),
 ('108', '108', 'en_us', '', NULL, '1', '2017-04-14 21:45:58', '2017-04-14 21:46:25', 'cd50b0a9-1f52-4c40-814f-7a1cb7714d63'),
 ('109', '109', 'en_us', '', NULL, '1', '2017-04-14 21:45:58', '2017-04-14 21:46:25', 'e9e9493f-6720-49fe-a707-6092fd078873'),
 ('110', '110', 'en_us', '', NULL, '1', '2017-04-14 21:49:58', '2017-04-14 21:50:44', '58af0667-748e-49dd-a2cd-f0c0e1d79583'),
 ('111', '111', 'en_us', '', NULL, '1', '2017-04-14 21:58:18', '2017-04-15 20:54:45', '922271b6-dc41-4784-b43e-4213f28551b2'),
 ('112', '112', 'en_us', '', NULL, '1', '2017-04-14 22:37:18', '2017-04-14 22:37:18', '105b95a1-c97e-4bf6-96c4-7e6300da2a26'),
 ('115', '115', 'en_us', 'newspaper-release', 'events/newspaper-release', '1', '2017-04-20 17:50:26', '2017-04-20 17:50:26', '7ef3a813-f575-4789-a63e-025b5e4897c1'),
 ('116', '116', 'en_us', 'applications-due', 'events/applications-due', '1', '2017-04-20 17:51:08', '2017-04-20 17:51:08', '2ef29f9c-f2a1-4115-bb7c-26513dd5bd5c'),
 ('117', '117', 'en_us', 'release-date', 'events/release-date', '1', '2017-04-20 17:51:30', '2017-04-20 17:51:30', 'c3a9195f-a0bf-44af-9705-75087f2e8624'),
 ('118', '118', 'en_us', 'amag-logo', NULL, '1', '2017-04-20 17:54:24', '2017-04-20 17:54:24', 'e9154a06-bda3-4ce9-a073-25e072195b19'),
 ('119', '119', 'en_us', 'bsr-logo', NULL, '1', '2017-04-20 17:54:25', '2017-04-20 17:54:25', '98432c70-29f1-4dba-a2b6-91fee28fd87d'),
 ('120', '120', 'en_us', 'burr-logo', NULL, '1', '2017-04-20 17:54:25', '2017-04-20 17:54:25', '3e2b56a1-0f67-424f-9607-41a979e329ef'),
 ('121', '121', 'en_us', 'fusion-logo', NULL, '1', '2017-04-20 17:54:25', '2017-04-20 17:54:25', '1518d161-7f63-472b-999b-a185ef4b577a'),
 ('122', '122', 'en_us', 'intel', NULL, '1', '2017-04-20 17:54:25', '2017-04-20 17:54:25', '3e56997c-e3fb-4900-ba99-5c75bfef10ab'),
 ('123', '123', 'en_us', 'kentstater-logo', NULL, '1', '2017-04-20 17:54:26', '2017-04-20 17:54:26', 'f9118986-7a9d-4fd5-b9c8-599a9e0ee77b'),
 ('124', '124', 'en_us', 'ksuif-logo', NULL, '1', '2017-04-20 17:54:26', '2017-04-20 17:54:26', '22eee217-38c9-42f5-b32e-d04f04be7237'),
 ('125', '125', 'en_us', 'lunanegra-logo', NULL, '1', '2017-04-20 17:54:26', '2017-04-20 17:54:26', 'bcf93a38-cd17-4f6f-9e39-0e89ef4e08b0'),
 ('126', '126', 'en_us', 'smsales-logo', NULL, '1', '2017-04-20 17:54:26', '2017-04-20 17:54:26', '95de862d-7cca-4487-9197-c583d7ce2c42'),
 ('127', '127', 'en_us', 'tv2-logo', NULL, '1', '2017-04-20 17:54:26', '2017-04-20 17:54:26', '13f00e87-974a-4a3a-987f-cf53d3ded35a'),
 ('128', '128', 'en_us', 'uhuru-logo', NULL, '1', '2017-04-20 17:54:26', '2017-04-20 17:54:26', 'effb9f2e-d172-41fd-bfdb-d2d585a00216'),
 ('129', '129', 'en_us', '', NULL, '1', '2017-04-20 19:32:21', '2017-06-01 18:46:27', 'ec1b05a2-d5bf-4553-b538-a0144d6736fd'),
 ('130', '130', 'en_us', '', NULL, '1', '2017-04-20 19:32:21', '2017-06-01 18:46:27', '543a29df-e93d-491e-b438-45e7a85c8278'),
 ('131', '131', 'en_us', '', NULL, '1', '2017-04-20 19:32:21', '2017-06-01 18:46:27', '1e33fc93-d1bc-49a6-9c45-504c437cc324'),
 ('132', '132', 'en_us', '', NULL, '1', '2017-04-20 19:32:42', '2017-06-01 18:46:27', '850f0a64-0822-4c1d-ab66-df43c5a41c27'),
 ('133', '133', 'en_us', '', NULL, '1', '2017-04-20 19:35:15', '2017-05-11 18:32:04', 'e24be314-a9c4-4968-924d-daa13a5cb2fd'),
 ('134', '134', 'en_us', '', NULL, '1', '2017-04-20 19:35:15', '2017-05-11 18:32:04', '1a4905ac-d6e7-4566-b815-63e21c810140'),
 ('135', '135', 'en_us', '', NULL, '1', '2017-04-20 19:35:15', '2017-05-11 18:32:04', 'dcc9c4e5-c6d3-4b56-a5aa-d4b52ae5d27f'),
 ('136', '136', 'en_us', '', NULL, '1', '2017-04-20 19:35:15', '2017-05-11 18:32:04', '69b194a0-1ff1-4ea3-97ee-c50770b2a292');
INSERT INTO `craft_elements_i18n` (`id`, `elementId`, `locale`, `slug`, `uri`, `enabled`, `dateCreated`, `dateUpdated`, `uid`) VALUES
 ('137', '137', 'en_us', '', NULL, '1', '2017-04-20 19:36:29', '2017-05-11 03:27:21', 'a73e88e2-e938-4195-bc66-0891723e5d81'),
 ('138', '138', 'en_us', '', NULL, '1', '2017-04-20 19:36:29', '2017-05-11 03:27:21', 'e930f9bb-e04d-4f06-9d4c-2a2351b70c63'),
 ('139', '139', 'en_us', '', NULL, '1', '2017-04-20 19:36:29', '2017-05-11 03:27:21', '9ed0e6f9-bb92-4ea4-b2a0-4a952efc4fdc'),
 ('140', '140', 'en_us', '', NULL, '1', '2017-04-20 19:37:56', '2017-06-01 18:43:57', '51857d83-5398-4b71-ab6e-f5065fae52a6'),
 ('141', '141', 'en_us', '', NULL, '1', '2017-04-20 19:37:56', '2017-06-01 18:43:57', 'fc63197a-8e5b-47d7-b248-2eee3bbdb724'),
 ('142', '142', 'en_us', '', NULL, '1', '2017-04-20 19:37:56', '2017-06-01 18:43:57', 'bdd51fe1-0c7a-4d8d-a661-734a7a086d8e'),
 ('143', '143', 'en_us', '', NULL, '1', '2017-04-20 19:37:56', '2017-06-01 18:43:57', 'db1b6aca-6e7d-42f6-a22d-dc63df9ff84d'),
 ('145', '145', 'en_us', '', NULL, '1', '2017-04-20 19:40:18', '2017-05-11 18:34:23', 'd69a8d8f-1a2b-4f49-be78-39baed91608e'),
 ('146', '146', 'en_us', '', NULL, '1', '2017-04-20 19:40:18', '2017-05-11 18:34:23', '8c9d3b94-e557-4c2a-9be1-75f68937f39a'),
 ('147', '147', 'en_us', '', NULL, '1', '2017-04-20 19:40:18', '2017-05-11 18:34:23', 'df901052-e04c-4cd5-b55a-5b5a0d68b5f7'),
 ('148', '148', 'en_us', '', NULL, '1', '2017-04-20 19:40:18', '2017-05-11 18:34:23', '68d159c2-d18c-45b6-9d07-93cf6182d1a1'),
 ('149', '149', 'en_us', '', NULL, '1', '2017-04-20 19:41:17', '2017-05-11 18:30:51', 'bb82cd80-9b29-4fe3-9013-21aeb7699c74'),
 ('150', '150', 'en_us', '', NULL, '1', '2017-04-20 19:41:17', '2017-05-11 18:30:51', '2d5d8bc3-7e33-4e9c-9187-f8f24ee1f413'),
 ('151', '151', 'en_us', '', NULL, '1', '2017-04-20 19:42:23', '2017-05-11 18:30:51', '55e816e1-753a-4a2a-bc7c-0c22c2a0d6e1'),
 ('152', '152', 'en_us', '', NULL, '1', '2017-04-20 19:42:23', '2017-05-11 18:30:51', '0f25d5dd-ed70-4f29-a573-4c10a44ad5fd'),
 ('153', '153', 'en_us', '', NULL, '1', '2017-04-20 19:43:14', '2017-05-31 19:59:52', '5889ddb3-8e58-4bc4-bb18-98f8161f07c7'),
 ('154', '154', 'en_us', '', NULL, '1', '2017-04-20 19:43:14', '2017-05-31 19:59:52', 'ff3377cb-dfae-406d-acaf-428428ac28e0'),
 ('155', '155', 'en_us', '', NULL, '1', '2017-04-20 19:43:14', '2017-05-31 19:59:52', '7ac58894-7566-4902-80fd-f3316029321d'),
 ('156', '156', 'en_us', '', NULL, '1', '2017-04-20 19:44:16', '2017-05-28 23:21:44', 'bf323bf9-ecb3-49e9-9ca5-b3009dc3017f'),
 ('157', '157', 'en_us', '', NULL, '1', '2017-04-20 19:44:16', '2017-05-28 23:21:44', 'c01a68d1-b02e-4e40-8012-4dfaaf980b81'),
 ('158', '158', 'en_us', '', NULL, '1', '2017-04-20 19:44:16', '2017-05-28 23:21:44', 'ddb0e067-3f63-4705-b057-e8aaa4de8315'),
 ('159', '159', 'en_us', '', NULL, '1', '2017-04-20 19:44:16', '2017-05-28 23:21:44', '16a0a7ec-6412-4f04-ad29-64a45dbcb736'),
 ('160', '160', 'en_us', 'about-student-media-news', 'news', '1', '2017-04-22 21:35:28', '2017-04-26 19:17:16', '0f586017-4f25-4801-a909-e71a099934dd'),
 ('161', '161', 'en_us', 'board-members', 'boardMembers', '1', '2017-04-22 21:50:41', '2017-05-10 21:41:05', 'd4ab62b7-e410-4227-84e6-a698236b7168'),
 ('164', '164', 'en_us', '', NULL, '1', '2017-04-24 13:36:19', '2017-04-24 13:40:12', '5cad626c-b943-48f8-b665-b5cdf6108183'),
 ('165', '165', 'en_us', 'lorie-bednar', 'staff/lorie-bednar', '1', '2017-04-24 17:37:01', '2017-04-24 17:37:01', '7f3bbc04-445f-449d-9298-1fdf72cfa81e'),
 ('166', '166', 'en_us', 'support-us', 'supportUs', '1', '2017-04-24 17:57:47', '2017-04-27 18:41:09', 'c95fb3f7-10d4-486b-b68d-f6bc846adb54'),
 ('167', '167', 'en_us', 'grant-wang', 'staff/grant-wang', '1', '2017-04-25 01:55:57', '2017-04-27 15:56:02', '65aa5b0f-a7e1-421e-bf03-c2658f692107'),
 ('168', '168', 'en_us', 'meeting-minutes-example-1', 'meeting-minutes/meeting-minutes-example-1', '1', '2017-04-27 19:47:13', '2017-05-10 21:45:01', '30f9c064-a717-41c2-976c-bba26720c5aa'),
 ('169', '169', 'en_us', 'dsci-mds-handout', NULL, '1', '2017-04-27 19:56:55', '2017-04-27 19:56:55', '16339d93-45a0-426b-ac43-4b6169cd9d57'),
 ('170', '170', 'en_us', 'dsc6954', NULL, '1', '2017-04-27 21:03:25', '2017-04-27 21:05:22', 'f0d14a93-7d3c-43f3-8d22-f7dcda8d43c6'),
 ('171', '171', 'en_us', 'fake-headshot', NULL, '1', '2017-05-04 16:16:48', '2017-05-04 16:16:48', 'bf23e78e-62de-4a63-88dc-6153a9822319'),
 ('172', '172', 'en_us', 'kristan-dolan', 'staff/kristan-dolan', '1', '2017-05-04 20:13:56', '2017-05-04 20:13:56', '7ae29c2d-59c8-449b-95a8-be678a1124fe'),
 ('173', '173', 'en_us', 'mark-goodman', 'staff/mark-goodman', '1', '2017-05-04 20:19:40', '2017-05-04 20:19:40', 'f3de8289-7fd5-4999-ae08-b7eb48a941e1'),
 ('174', '174', 'en_us', 'eugene-shelton', 'staff/eugene-shelton', '1', '2017-05-04 20:21:40', '2017-05-04 20:21:40', '9175524a-333e-46cf-89f1-d09a7fe3d6cb'),
 ('175', '175', 'en_us', 'carol-robinson', 'staff/carol-robinson', '1', '2017-05-04 20:25:05', '2017-05-04 20:25:05', 'd5883dc2-0d52-421a-acc5-79381e224892'),
 ('176', '176', 'en_us', 'karl-idsvoog', 'staff/karl-idsvoog', '1', '2017-05-04 20:30:32', '2017-05-04 20:30:32', 'cbad97fd-633a-4365-8e7f-044156ec555d'),
 ('178', '178', 'en_us', 'kristen-traynor', 'staff/kristen-traynor', '1', '2017-05-04 20:34:15', '2017-05-04 20:34:15', '21ae878d-3d56-47a5-aca5-1bc41b91a365'),
 ('180', '180', 'en_us', 'lusi-cai', 'staff/lusi-cai', '1', '2017-05-04 20:35:29', '2017-05-04 20:35:29', '0793da52-84a6-4575-a642-3fa3905b7a69'),
 ('181', '181', 'en_us', 'mark-turner', 'staff/mark-turner', '1', '2017-05-04 20:36:07', '2017-05-04 20:36:07', 'bcd22457-9076-4bc9-9bb8-6edf3ce358f3'),
 ('185', '185', 'en_us', 'amanda-rabinowitz', 'staff/amanda-rabinowitz', '1', '2017-05-04 20:39:52', '2017-05-28 23:14:20', 'aa979b04-dcf1-4688-b88a-30b234668166'),
 ('187', '187', 'en_us', 'm-j-eckhouse', 'staff/m-j-eckhouse', '1', '2017-05-04 20:41:27', '2017-05-04 20:55:26', '6b59c215-a696-4cbd-b677-f7a1ab0f3185'),
 ('188', '188', 'en_us', 'bruce-zake', 'staff/bruce-zake', '1', '2017-05-04 20:43:38', '2017-05-04 20:43:38', '4b30b0b0-dd54-47d5-9f7f-41f42f2db9d0'),
 ('190', '190', 'en_us', 'sue-zake', 'staff/sue-zake', '1', '2017-05-04 20:44:58', '2017-05-04 20:44:58', '348fe332-1e6c-4987-b275-309566b23c84'),
 ('196', '196', 'en_us', 'kim-winebrenner', 'staff/kim-winebrenner', '1', '2017-05-04 20:52:14', '2017-05-04 20:52:14', '40ab675c-97a5-4dc0-b56a-a9f89ac04f04'),
 ('197', '197', 'en_us', 'leisel-kober', 'staff/leisel-kober', '1', '2017-05-04 20:54:53', '2017-05-04 20:54:53', 'a1d41d58-1ad8-4768-a581-49679f66fbf2'),
 ('199', '199', 'en_us', 'sierra-allen', 'staff/sierra-allen', '1', '2017-05-04 20:58:52', '2017-05-04 20:58:52', 'ab1729ac-6a9c-46fd-9f52-90b7527bf5ee'),
 ('201', '201', 'en_us', 'clara-sullivan', 'staff/clara-sullivan', '1', '2017-05-04 21:02:28', '2017-05-04 21:02:28', '617af33f-2a4f-460b-b149-e0787613e57b'),
 ('202', '202', 'en_us', 'tami-bongiorni', 'staff/tami-bongiorni', '1', '2017-05-04 21:03:08', '2017-05-28 23:30:08', '9047858c-a3c5-4f39-80f2-0bcbf1457bd7'),
 ('203', '203', 'en_us', 'jmcmb-smpc-04-16-15', NULL, '1', '2017-05-04 21:07:50', '2017-05-04 21:07:50', '761deb70-50ad-46d8-bbae-e29a182e0541'),
 ('204', '204', 'en_us', 'smb-guidelines-102015', NULL, '1', '2017-05-10 21:33:23', '2017-05-10 21:33:23', '2c7da274-a247-4487-96d6-4e54d10a9d84'),
 ('205', '205', 'en_us', 'smb-budget-040116', NULL, '1', '2017-05-10 21:41:37', '2017-05-10 21:41:37', '883ad005-590a-4692-a42a-3e4c0b6eb452'),
 ('206', '206', 'en_us', 'april-1-2016-budget-meeting-minutes', 'meeting-minutes/april-1-2016-budget-meeting-minutes', '1', '2017-05-10 21:42:55', '2017-05-10 21:42:55', '98e9226b-46f5-473e-ba9c-7acac6ff6410'),
 ('207', '207', 'en_us', 'smb-full-041516', NULL, '1', '2017-05-10 21:44:05', '2017-05-10 21:44:05', '8734fd90-9366-4f1d-beaa-b9fee0a3288b'),
 ('208', '208', 'en_us', 'april-15-2016-media-board-meeting-minutes', 'meeting-minutes/april-15-2016-media-board-meeting-minutes', '1', '2017-05-10 21:44:34', '2017-05-10 21:45:30', '2e29cf1a-b874-461e-9f2c-811dbd87fea7'),
 ('209', '209', 'en_us', 'smb-full-100915', NULL, '1', '2017-05-10 21:45:47', '2017-05-10 21:45:47', 'eb0b4e0d-c552-4c41-a984-ce04597e999c'),
 ('210', '210', 'en_us', 'october-9-2015-smb-meeting-minutes', 'meeting-minutes/october-9-2015-smb-meeting-minutes', '1', '2017-05-10 21:46:44', '2017-05-10 21:46:44', 'd2969086-bf7b-4c52-a36e-c8e85d174f88'),
 ('211', '211', 'en_us', 'smb-selection-033016', NULL, '1', '2017-05-10 21:49:56', '2017-05-10 21:49:56', '01fe37c2-bf6f-4c76-aa98-19a4d285aaaa'),
 ('212', '212', 'en_us', 'april-6-2016-smb-selection-meeting-minutes', 'meeting-minutes/april-6-2016-smb-selection-meeting-minutes', '1', '2017-05-10 21:51:09', '2017-05-10 21:51:09', '813e7cee-dac5-4e6f-bdbd-912dcf9e90ab'),
 ('213', '213', 'en_us', 'smb-selection-040816', NULL, '1', '2017-05-10 21:51:30', '2017-05-10 21:51:30', '8c4f2ba3-c9e2-4c6e-bd0a-b478f45d2946'),
 ('214', '214', 'en_us', 'april-8-2016-smb-selection-meeting-minutes', 'meeting-minutes/april-8-2016-smb-selection-meeting-minutes', '1', '2017-05-10 21:51:57', '2017-05-10 21:51:57', 'a2ca9560-f1e3-416c-90e5-d6d3231dcb61'),
 ('215', '215', 'en_us', 'smb-selection-120415', NULL, '1', '2017-05-10 21:53:00', '2017-05-10 21:53:00', '9075a654-5d41-4311-bcd2-765da2e99095'),
 ('216', '216', 'en_us', 'december-4-2015-smb-selection-meeting-minutes', 'meeting-minutes/december-4-2015-smb-selection-meeting-minutes', '1', '2017-05-10 21:53:27', '2017-05-10 21:53:27', '2ef5fc5a-5b9f-466a-8fbf-79d0ad4e4909'),
 ('217', '217', 'en_us', 'smb-special-012216', NULL, '1', '2017-05-10 21:55:14', '2017-05-10 21:55:14', 'd076362a-25cf-4dc5-9c55-228cf45e08dc'),
 ('218', '218', 'en_us', 'january-22-2016-special-meeting-minutes', 'meeting-minutes/january-22-2016-special-meeting-minutes', '1', '2017-05-10 21:55:39', '2017-05-10 21:55:39', '1e20af4e-09b5-45fa-be5e-ab51cf6cd6d8'),
 ('219', '219', 'en_us', 'img-0161', NULL, '1', '2017-05-10 23:50:41', '2017-05-10 23:50:41', 'f352fc79-482e-41bc-aa0a-05e508dcc8c8'),
 ('220', '220', 'en_us', 'dsc8013-copy', NULL, '1', '2017-05-10 23:51:45', '2017-05-10 23:51:45', '54bbe830-4723-45a9-8418-ff5d767de67c'),
 ('221', '221', 'en_us', 'img-0216', NULL, '1', '2017-05-10 23:54:51', '2017-05-10 23:54:51', '1ca6c767-c402-41b0-b2b8-f81d07e91d49'),
 ('222', '222', 'en_us', '', NULL, '1', '2017-05-11 02:34:14', '2017-05-31 19:59:53', '25db89de-efc8-4f9c-a4e5-4961abf9442a'),
 ('223', '223', 'en_us', 'fb-cover-overlay4', NULL, '1', '2017-05-11 02:39:49', '2017-05-11 02:39:49', '7f6a7af8-4706-4ecf-b1c7-b4c1537b65c1'),
 ('224', '224', 'en_us', 'twitter-cover-overlay4', NULL, '1', '2017-05-11 02:40:08', '2017-05-11 02:40:08', '08ce7b7f-4130-49ca-b8cb-7e45a1fabfc2'),
 ('225', '225', 'en_us', '', NULL, '1', '2017-05-11 02:41:50', '2017-05-11 18:30:18', '5328a528-eee1-4786-aa6d-8b0723d8821c'),
 ('226', '226', 'en_us', '', NULL, '1', '2017-05-11 02:41:50', '2017-05-11 18:30:18', '59555b8c-d9bb-486e-b5e1-9ce7ac78a44e'),
 ('227', '227', 'en_us', '', NULL, '1', '2017-05-11 02:54:26', '2017-05-11 18:35:57', '54bc81d6-0314-44b2-ac69-7b930b2efcc9'),
 ('228', '228', 'en_us', '', NULL, '1', '2017-05-11 02:54:26', '2017-05-11 18:35:57', '76316b37-f761-44c6-b870-83f61181053c'),
 ('229', '229', 'en_us', '', NULL, '1', '2017-05-11 02:54:26', '2017-05-11 18:35:57', '0d857350-ee74-4b4c-be38-d6895ffbcd1b'),
 ('230', '230', 'en_us', '', NULL, '1', '2017-05-11 02:54:26', '2017-05-11 18:35:57', 'fc6dd814-2d9b-4688-916a-0b3bb3553587'),
 ('231', '231', 'en_us', '', NULL, '1', '2017-05-11 03:35:13', '2017-06-01 14:38:29', 'c3b52bfc-0a13-4ad1-8f52-1e05c2caf922'),
 ('232', '232', 'en_us', '', NULL, '1', '2017-05-11 14:06:53', '2017-06-01 14:38:29', 'f3637489-288c-487f-b029-e19448c73592'),
 ('233', '233', 'en_us', 'img-0230', NULL, '1', '2017-05-11 16:54:33', '2017-05-11 16:54:33', '2bbf782f-17a0-4ee9-98c6-06d4b4b9f7cb'),
 ('234', '234', 'en_us', 'dsc8042', NULL, '1', '2017-05-11 17:19:50', '2017-05-11 17:19:50', '440b26da-2e1d-4441-aca9-d0957b908b68'),
 ('235', '235', 'en_us', '', NULL, '1', '2017-05-19 18:26:26', '2017-05-19 18:26:26', '3aa7c6d7-ee45-4350-9755-da5b229489ae'),
 ('236', '236', 'en_us', '24805284962-094b55a1e1-k', NULL, '1', '2017-05-27 17:52:31', '2017-05-27 17:52:31', 'df3345ad-4a3f-4381-82dd-ab7895f74cae'),
 ('237', '237', 'en_us', 'lab', NULL, '1', '2017-05-27 18:12:34', '2017-05-27 18:12:34', 'd36246b5-9334-40d8-ad89-7c4d828799b5'),
 ('238', '238', 'en_us', 'recognition-title', 'recognition/recognition-title', '1', '2017-05-30 14:19:03', '2017-05-30 14:19:03', '497534dc-653b-456d-b28d-1bc7ef64edbe'),
 ('239', '239', 'en_us', 'virtual-reality', 'ad-format/virtual-reality', '1', '2017-05-31 19:21:02', '2017-05-31 19:21:04', '83c46056-5303-44af-852d-b7ea9746e3f5'),
 ('240', '240', 'en_us', '', NULL, '1', '2017-05-31 19:28:52', '2017-05-31 19:28:52', '1bd47c0b-2b6d-449a-bd12-6efe8cc59b93'),
 ('241', '241', 'en_us', '', NULL, '1', '2017-05-31 20:01:30', '2017-05-31 20:01:30', 'f9ffced2-7a85-4f43-ba12-4ded48f28b53');



DROP TABLE IF EXISTS `craft_emailmessages`;


--
-- Schema for table `craft_emailmessages`
--
CREATE TABLE `craft_emailmessages` (
  `id` int(11) NOT NULL AUTO_INCREMENT,
  `key` char(150) COLLATE utf8_unicode_ci NOT NULL,
  `locale` char(12) COLLATE utf8_unicode_ci NOT NULL,
  `subject` varchar(1000) COLLATE utf8_unicode_ci NOT NULL,
  `body` text COLLATE utf8_unicode_ci NOT NULL,
  `dateCreated` datetime NOT NULL,
  `dateUpdated` datetime NOT NULL,
  `uid` char(36) COLLATE utf8_unicode_ci NOT NULL DEFAULT '0',
  PRIMARY KEY (`id`),
  UNIQUE KEY `craft_emailmessages_key_locale_unq_idx` (`key`,`locale`),
  KEY `craft_emailmessages_locale_fk` (`locale`)
) ENGINE=InnoDB DEFAULT CHARSET=utf8 COLLATE=utf8_unicode_ci;

DROP TABLE IF EXISTS `craft_entries`;


--
-- Schema for table `craft_entries`
--
CREATE TABLE `craft_entries` (
  `id` int(11) NOT NULL,
  `sectionId` int(11) NOT NULL,
  `typeId` int(11) DEFAULT NULL,
  `authorId` int(11) DEFAULT NULL,
  `postDate` datetime DEFAULT NULL,
  `expiryDate` datetime DEFAULT NULL,
  `dateCreated` datetime NOT NULL,
  `dateUpdated` datetime NOT NULL,
  `uid` char(36) COLLATE utf8_unicode_ci NOT NULL DEFAULT '0',
  PRIMARY KEY (`id`),
  KEY `craft_entries_sectionId_idx` (`sectionId`),
  KEY `craft_entries_typeId_idx` (`typeId`),
  KEY `craft_entries_postDate_idx` (`postDate`),
  KEY `craft_entries_expiryDate_idx` (`expiryDate`),
  KEY `craft_entries_authorId_fk` (`authorId`)
) ENGINE=InnoDB DEFAULT CHARSET=utf8 COLLATE=utf8_unicode_ci;

--
-- Data for table `craft_entries`
--

INSERT INTO `craft_entries` (`id`, `sectionId`, `typeId`, `authorId`, `postDate`, `expiryDate`, `dateCreated`, `dateUpdated`, `uid`) VALUES
 ('2', '1', NULL, NULL, '2017-01-12 16:12:59', NULL, '2017-01-12 16:12:59', '2017-05-27 18:34:59', 'f4565454-7bb3-4ecc-91b8-207b59d5aade'),
 ('3', '2', '2', '1', '2017-01-12 16:12:59', NULL, '2017-01-12 16:12:59', '2017-01-12 16:12:59', 'a6a26c4b-2a27-4dab-9fa0-0dac85b46446'),
 ('10', '4', '4', '1', '2017-02-23 21:56:00', NULL, '2017-02-23 21:56:29', '2017-06-01 18:43:57', '44e4ff40-8838-4055-8c5a-754f25b16ff7'),
 ('11', '5', '5', '1', '2017-02-24 21:50:00', NULL, '2017-02-24 21:50:46', '2017-04-13 19:39:10', '8d9fadf2-b167-469b-b4d7-74b1f34cb8fe'),
 ('12', '5', '5', '1', '2017-02-24 21:51:00', NULL, '2017-02-24 21:51:00', '2017-05-11 15:52:21', '7c56eb50-869f-492a-96ee-e41e5456d01a'),
 ('14', '4', '4', '1', '2017-02-27 15:21:00', NULL, '2017-02-27 15:21:05', '2017-05-11 18:34:23', '3c6e1564-faa8-4cbc-9361-49a89287b9bd'),
 ('15', '4', '4', '1', '2017-02-27 15:21:00', NULL, '2017-02-27 15:21:14', '2017-05-11 18:35:57', '19d716e2-40f6-45d9-a934-d278d9a021ef'),
 ('19', '4', '4', '1', '2017-03-02 19:46:00', NULL, '2017-03-02 19:46:01', '2017-05-28 23:21:44', '955fa00b-658f-4b97-9941-7678aec54224'),
 ('20', '4', '4', '1', '2017-03-02 19:46:00', NULL, '2017-03-02 19:46:26', '2017-05-31 19:59:53', '400cd694-5dc9-4cd2-a6d8-b931b4f1dbe5'),
 ('21', '4', '4', '1', '2017-03-02 19:46:00', NULL, '2017-03-02 19:46:47', '2017-05-11 03:27:21', 'aa54ef4f-33b9-4226-b42a-906e86ca3a54'),
 ('22', '4', '4', '1', '2017-03-02 19:46:00', NULL, '2017-03-02 19:46:53', '2017-05-11 18:32:04', 'e3a3536c-65ba-466e-b589-5191c0db6050'),
 ('23', '4', '4', '1', '2017-03-02 19:48:00', NULL, '2017-03-02 19:48:46', '2017-05-11 18:30:51', '25bd7ff8-b444-4a05-a016-f66ac75a5015'),
 ('24', '4', '4', '1', '2017-03-02 19:49:00', NULL, '2017-03-02 19:49:24', '2017-06-01 18:46:27', 'add48f53-3b81-4d4b-953a-d86c07d94fa0'),
 ('25', '4', '4', '1', '2017-03-02 19:49:00', NULL, '2017-03-02 19:49:47', '2017-05-11 18:30:18', '07ab73f4-6d86-4358-b347-ffb3958a56f0'),
 ('27', '5', '5', '1', '2017-03-09 01:59:00', NULL, '2017-03-09 01:59:38', '2017-05-11 16:07:36', '92c01960-4d9d-4dc1-9bab-88a1bf7017a3'),
 ('45', '8', '8', '1', '2017-03-12 16:17:00', NULL, '2017-03-12 16:17:55', '2017-05-04 21:03:34', 'eb96025f-51cd-4788-8837-88b1ef46abfc'),
 ('58', '9', '9', NULL, '2017-04-19 00:14:54', NULL, '2017-03-16 18:11:56', '2017-05-11 16:20:51', 'a32d7ce6-5e0b-478f-bec7-a7e340d12614'),
 ('59', '10', NULL, NULL, '2017-03-16 18:12:46', NULL, '2017-03-16 18:12:46', '2017-05-29 00:04:15', 'a988dd90-b76d-4a50-a3fa-b39e85c44bd7'),
 ('60', '11', '11', NULL, '2017-04-20 17:57:07', NULL, '2017-03-16 18:13:51', '2017-06-01 14:38:29', '2a90f5c7-976e-46e8-a7fa-ef9273dfc9f1'),
 ('61', '12', '12', NULL, '2017-04-23 15:26:55', NULL, '2017-03-16 18:15:33', '2017-05-27 19:59:45', '8fe0021c-ea1f-4748-94be-f455fca01893'),
 ('62', '13', NULL, NULL, '2017-03-16 18:15:45', NULL, '2017-03-16 18:15:45', '2017-05-28 23:11:26', '5cdc5b83-ac5e-48c9-aca9-68ed3f29afd9'),
 ('65', '14', '14', '1', '2017-03-21 17:36:38', NULL, '2017-03-21 17:36:38', '2017-03-21 17:36:38', 'cb4222b5-07ce-4d7f-906c-127a9a4b46dc'),
 ('71', '7', '7', '1', '2017-03-23 18:10:00', NULL, '2017-03-23 18:10:55', '2017-04-15 20:54:45', '3f65c53d-6ca6-4288-821c-662b0d05dd78'),
 ('73', '7', '7', '1', '2017-03-23 18:20:00', NULL, '2017-03-23 18:20:19', '2017-04-14 22:37:18', 'ae4f4e21-7d5f-44b0-abe5-e6af61cc2dfd'),
 ('81', '7', '7', '1', '2017-04-06 19:24:00', NULL, '2017-04-06 19:24:00', '2017-05-31 20:03:29', '35f2d172-2fb8-4c98-bab7-6c752fbf55e5'),
 ('91', '7', '7', '1', '2017-04-13 20:24:00', NULL, '2017-04-13 20:24:07', '2017-04-14 22:28:27', '0b1ed9fb-7695-4ccb-8e73-6e6b41f00a2d'),
 ('93', '4', '4', '1', '2017-04-13 20:34:00', NULL, '2017-04-13 20:34:15', '2017-05-11 18:34:53', '24381611-c263-45d4-81b4-8075f633e30f'),
 ('94', '7', '7', '1', '2017-04-13 20:34:19', NULL, '2017-04-13 20:34:19', '2017-04-13 20:34:19', '7a6a2f7b-f6ca-44b9-aa13-75b612431538'),
 ('95', '7', '7', '1', '2017-04-13 20:36:11', NULL, '2017-04-13 20:36:11', '2017-04-13 20:36:11', 'e1b763cd-1196-4302-9d55-0d4800140ba5'),
 ('96', '7', '7', '1', '2017-04-13 20:37:01', NULL, '2017-04-13 20:37:01', '2017-04-13 20:37:01', 'd11b2db3-51c2-445e-ab3b-440004ae27aa'),
 ('99', '7', '7', '1', '2017-04-13 20:37:00', NULL, '2017-04-13 20:37:21', '2017-05-31 20:01:30', '29c71c5b-352f-4775-81ca-d70d147bcb69'),
 ('100', '7', '7', '1', '2017-04-13 20:38:00', NULL, '2017-04-13 20:38:02', '2017-05-31 19:28:52', '79b5f8a9-073c-4fbe-ba7e-5ef24a04f445'),
 ('101', '4', '4', '1', '2017-04-13 20:42:00', NULL, '2017-04-13 20:42:03', '2017-05-11 18:34:48', 'c2b7954b-747c-4298-92aa-a6a7f622ff01'),
 ('102', '7', '7', '1', '2017-04-13 20:42:00', NULL, '2017-04-13 20:42:13', '2017-04-14 21:50:44', 'c972693b-68fe-4eea-811d-a8d3ed244041'),
 ('103', '7', '7', '1', '2017-04-13 20:45:00', NULL, '2017-04-13 20:45:00', '2017-04-14 21:46:25', '04eaafb6-5241-41b9-9256-faa4c35daa93'),
 ('115', '6', '6', '1', '2017-04-20 17:50:26', NULL, '2017-04-20 17:50:26', '2017-04-20 17:50:26', 'eddd74d1-f3cb-4988-b327-c16eaefc183b'),
 ('116', '6', '6', '1', '2017-04-20 17:51:08', NULL, '2017-04-20 17:51:08', '2017-04-20 17:51:08', 'be28c5ee-4462-43a1-8e5f-d4ee46dcc6d9'),
 ('117', '6', '6', '1', '2017-04-20 17:51:30', NULL, '2017-04-20 17:51:30', '2017-04-20 17:51:30', 'b63248bc-5f29-428d-a053-86a8b99a720a'),
 ('160', '20', '20', NULL, '2017-04-26 19:17:10', NULL, '2017-04-22 21:35:28', '2017-04-26 19:17:16', '942e4198-35c5-4483-a4d4-be40c4ef8a65'),
 ('161', '21', '21', NULL, '2017-05-10 11:14:55', NULL, '2017-04-22 21:50:41', '2017-05-10 21:41:05', '76e8b7b2-f188-46cc-9ce6-499d89d18bb7'),
 ('165', '8', '8', '1', '2017-04-24 17:37:01', NULL, '2017-04-24 17:37:01', '2017-04-24 17:37:01', 'ba15b39c-eb82-425c-a8e4-0504bc24b006'),
 ('166', '22', '22', NULL, '2017-04-27 18:41:09', NULL, '2017-04-24 17:57:47', '2017-04-27 18:41:09', '0a08f370-01a6-4ef3-9447-ffd7c8c3504e'),
 ('167', '8', '8', '1', '2017-04-25 01:55:00', NULL, '2017-04-25 01:55:57', '2017-04-27 15:56:02', 'bb1c1724-f007-46ba-8dc9-5aefb724b876'),
 ('168', '23', '23', '1', '2017-04-27 19:47:00', NULL, '2017-04-27 19:47:13', '2017-05-10 21:45:01', '6cbf06b9-3b67-41ae-a11e-68a3e41364eb'),
 ('172', '8', '8', '1', '2017-05-04 20:13:55', NULL, '2017-05-04 20:13:56', '2017-05-04 20:13:56', '55dfafaa-2e02-4c90-98f7-8d1914006dae'),
 ('173', '8', '8', '1', '2017-05-04 20:19:40', NULL, '2017-05-04 20:19:40', '2017-05-04 20:19:40', '07138168-1e49-4431-bea1-413cef0f951c'),
 ('174', '8', '8', '1', '2017-05-04 20:21:40', NULL, '2017-05-04 20:21:40', '2017-05-04 20:21:40', '5e50c655-aac0-4b9c-a7f2-542a67c33864'),
 ('175', '8', '8', '1', '2017-05-04 20:25:05', NULL, '2017-05-04 20:25:05', '2017-05-04 20:25:05', '7728acd1-3cf9-444f-89d6-1fd9906afe0d'),
 ('176', '8', '8', '1', '2017-05-04 20:30:32', NULL, '2017-05-04 20:30:33', '2017-05-04 20:30:33', '0170efa9-6048-47a4-929f-4692d6c5aeb2'),
 ('178', '8', '8', '1', '2017-05-04 20:34:15', NULL, '2017-05-04 20:34:15', '2017-05-04 20:34:15', 'd10d12cd-6452-4716-9380-2eb4f4105fac'),
 ('180', '8', '8', '1', '2017-05-04 20:35:29', NULL, '2017-05-04 20:35:29', '2017-05-04 20:35:29', '8d003f62-b958-47b5-8756-02c906227b4b'),
 ('181', '8', '8', '1', '2017-05-04 20:36:07', NULL, '2017-05-04 20:36:07', '2017-05-04 20:36:07', 'a4e0bd5b-287a-426b-b76d-c25776e135bd'),
 ('185', '8', '8', '1', '2017-05-04 20:39:00', NULL, '2017-05-04 20:39:52', '2017-05-28 23:14:21', 'b6ff81f8-ba6f-46b5-ab07-12200d9e971b'),
 ('187', '8', '8', '1', '2017-05-04 20:41:00', NULL, '2017-05-04 20:41:27', '2017-05-04 20:55:26', '74f0ea2a-be93-43b0-9481-2366931946de'),
 ('188', '8', '8', '1', '2017-05-04 20:43:38', NULL, '2017-05-04 20:43:38', '2017-05-04 20:43:38', '80943dcc-4366-4de4-a1b2-e9fd59e260cf'),
 ('190', '8', '8', '1', '2017-05-04 20:44:58', NULL, '2017-05-04 20:44:58', '2017-05-04 20:44:58', '21fcfae3-2ee8-48e4-9312-c4322688e79c'),
 ('196', '8', '8', '1', '2017-05-04 20:52:14', NULL, '2017-05-04 20:52:14', '2017-05-04 20:52:14', 'b06f293e-a85f-4b55-b975-90171fc2220f'),
 ('197', '8', '8', '1', '2017-05-04 20:54:53', NULL, '2017-05-04 20:54:53', '2017-05-04 20:54:53', 'fe0d0345-0e8a-413c-96f1-77d37b50dea3'),
 ('199', '8', '8', '1', '2017-05-04 20:58:52', NULL, '2017-05-04 20:58:52', '2017-05-04 20:58:52', '00649bc5-0851-4feb-9578-fbd3f295d8b4'),
 ('201', '8', '8', '1', '2017-05-04 21:02:28', NULL, '2017-05-04 21:02:28', '2017-05-04 21:02:28', '96bfa15b-919f-491a-aa1a-3e0728cda5af'),
 ('202', '8', '8', '1', '2017-05-04 21:03:00', NULL, '2017-05-04 21:03:08', '2017-05-28 23:30:08', '9471e1b0-3c18-4e6a-b2e5-edf8134b6050'),
 ('206', '23', '23', '1', '2017-05-10 21:42:55', NULL, '2017-05-10 21:42:55', '2017-05-10 21:42:55', 'deb10990-3a0a-4fc2-92c1-b202b6b9d730'),
 ('208', '23', '23', '1', '2017-05-10 21:44:00', NULL, '2017-05-10 21:44:34', '2017-05-10 21:45:30', '5d1322f3-54d6-490b-abfa-e8a21e0b6e46'),
 ('210', '23', '23', '1', '2017-05-10 21:46:44', NULL, '2017-05-10 21:46:44', '2017-05-10 21:46:44', '23b8a04a-a4a1-47a6-901d-e18baa4b9491'),
 ('212', '23', '23', '1', '2017-05-10 21:51:09', NULL, '2017-05-10 21:51:09', '2017-05-10 21:51:09', '9a06f23c-6732-422d-8f23-1149c0b1a58a'),
 ('214', '23', '23', '1', '2017-05-10 21:51:57', NULL, '2017-05-10 21:51:57', '2017-05-10 21:51:57', '27629ac0-a391-4aec-ac57-8027d737f32e'),
 ('216', '23', '23', '1', '2017-05-10 21:53:27', NULL, '2017-05-10 21:53:27', '2017-05-10 21:53:27', '07daf863-1bfe-4bc3-939b-92daa4e2f506'),
 ('218', '23', '23', '1', '2017-05-10 21:55:39', NULL, '2017-05-10 21:55:39', '2017-05-10 21:55:39', '2b6a67ef-f442-4cb9-b145-18e3704ac98a'),
 ('238', '18', '18', '1', '2017-05-30 14:19:02', NULL, '2017-05-30 14:19:03', '2017-05-30 14:19:03', '5eb953f6-652f-418e-863b-c0bb1f0fb336');



DROP TABLE IF EXISTS `craft_entrydrafts`;


--
-- Schema for table `craft_entrydrafts`
--
CREATE TABLE `craft_entrydrafts` (
  `id` int(11) NOT NULL AUTO_INCREMENT,
  `entryId` int(11) NOT NULL,
  `sectionId` int(11) NOT NULL,
  `creatorId` int(11) NOT NULL,
  `locale` char(12) COLLATE utf8_unicode_ci NOT NULL,
  `name` varchar(255) COLLATE utf8_unicode_ci NOT NULL,
  `notes` tinytext COLLATE utf8_unicode_ci,
  `data` mediumtext COLLATE utf8_unicode_ci NOT NULL,
  `dateCreated` datetime NOT NULL,
  `dateUpdated` datetime NOT NULL,
  `uid` char(36) COLLATE utf8_unicode_ci NOT NULL DEFAULT '0',
  PRIMARY KEY (`id`),
  KEY `craft_entrydrafts_entryId_locale_idx` (`entryId`,`locale`),
  KEY `craft_entrydrafts_sectionId_fk` (`sectionId`),
  KEY `craft_entrydrafts_creatorId_fk` (`creatorId`),
  KEY `craft_entrydrafts_locale_fk` (`locale`)
) ENGINE=InnoDB DEFAULT CHARSET=utf8 COLLATE=utf8_unicode_ci;

DROP TABLE IF EXISTS `craft_entrytypes`;


--
-- Schema for table `craft_entrytypes`
--
CREATE TABLE `craft_entrytypes` (
  `id` int(11) NOT NULL AUTO_INCREMENT,
  `sectionId` int(11) NOT NULL,
  `fieldLayoutId` int(11) DEFAULT NULL,
  `name` varchar(255) COLLATE utf8_unicode_ci NOT NULL,
  `handle` varchar(255) COLLATE utf8_unicode_ci NOT NULL,
  `hasTitleField` tinyint(1) unsigned NOT NULL DEFAULT '1',
  `titleLabel` varchar(255) COLLATE utf8_unicode_ci DEFAULT 'Title',
  `titleFormat` varchar(255) COLLATE utf8_unicode_ci DEFAULT NULL,
  `sortOrder` smallint(6) unsigned DEFAULT NULL,
  `dateCreated` datetime NOT NULL,
  `dateUpdated` datetime NOT NULL,
  `uid` char(36) COLLATE utf8_unicode_ci NOT NULL DEFAULT '0',
  PRIMARY KEY (`id`),
  UNIQUE KEY `craft_entrytypes_name_sectionId_unq_idx` (`name`,`sectionId`),
  UNIQUE KEY `craft_entrytypes_handle_sectionId_unq_idx` (`handle`,`sectionId`),
  KEY `craft_entrytypes_sectionId_fk` (`sectionId`),
  KEY `craft_entrytypes_fieldLayoutId_fk` (`fieldLayoutId`)
) ENGINE=InnoDB AUTO_INCREMENT=24 DEFAULT CHARSET=utf8 COLLATE=utf8_unicode_ci;

--
-- Data for table `craft_entrytypes`
--

INSERT INTO `craft_entrytypes` (`id`, `sectionId`, `fieldLayoutId`, `name`, `handle`, `hasTitleField`, `titleLabel`, `titleFormat`, `sortOrder`, `dateCreated`, `dateUpdated`, `uid`) VALUES
 ('1', '1', '155', 'Homepage', 'homepage', '1', 'Title', NULL, '1', '2017-01-12 16:12:59', '2017-05-27 18:33:45', '2ef3366c-c591-4567-95b0-ef767094c97b'),
 ('2', '2', '5', 'News', 'news', '1', 'Title', NULL, '1', '2017-01-12 16:12:59', '2017-01-12 16:12:59', '405885be-3145-49ec-b56b-0be492c25659'),
 ('4', '4', '135', 'Media Partners', 'mediaPartners', '1', 'Title', NULL, '1', '2017-02-23 21:40:51', '2017-05-11 02:22:10', '1172b808-87ff-4952-9f73-71a79bc22d31'),
 ('5', '5', '61', 'Statistics', 'statistics', '1', 'Title', NULL, '1', '2017-02-24 21:50:00', '2017-03-15 23:47:13', '867b5d4d-3f05-4b18-bfe0-248ed8a7b380'),
 ('6', '6', '59', 'Events', 'events', '1', 'Title', NULL, '1', '2017-03-08 16:24:40', '2017-03-12 16:11:41', '43403449-d2f0-45c6-b4ac-4f3cc8bcfc4f'),
 ('7', '7', '162', 'Ad', 'ad', '1', 'Title', NULL, '1', '2017-03-12 16:08:01', '2017-05-31 20:00:35', 'ab6f6ae7-0d25-49b2-81bb-937d0a3aaef0'),
 ('8', '8', '58', 'Staff', 'staff', '1', 'Title', NULL, '1', '2017-03-12 16:09:15', '2017-03-12 16:10:18', '6c8593d1-b542-4469-b668-15cce0bef8ab'),
 ('9', '9', '149', 'About', 'about', '1', '', NULL, '1', '2017-03-16 18:11:56', '2017-05-11 16:19:30', '83ab898f-96d5-4239-bd17-8df200d295c5'),
 ('10', '10', '161', 'Media Partners Home', 'mediaPartnersHome', '1', '', NULL, '1', '2017-03-16 18:12:46', '2017-05-29 00:02:39', 'c932b283-8c4e-49e9-bcc9-86836209ae57'),
 ('11', '11', '148', 'Get Involved', 'getInvolved', '0', NULL, '{section.name|raw}', '1', '2017-03-16 18:13:51', '2017-05-11 14:06:01', '630919e1-842f-4f53-b1dc-913805a08a35'),
 ('12', '12', '157', 'Advertising', 'advertising', '1', 'Title', NULL, '1', '2017-03-16 18:15:33', '2017-05-27 19:59:32', '6f29ce86-08d0-4852-a937-223f0288e765'),
 ('13', '13', '160', 'Contact', 'contact', '1', 'Title', NULL, '1', '2017-03-16 18:15:45', '2017-05-28 23:10:43', '0c8764fa-49e8-42b9-8c54-890d8d19b670'),
 ('14', '14', '72', 'Testimonials', 'testimonials', '1', 'Title', NULL, '1', '2017-03-21 17:33:15', '2017-03-21 17:34:26', 'ce82acca-bdf2-4152-92ed-7d8dc2cd09d4'),
 ('18', '18', '99', 'Recognition', 'recognition', '1', 'Title', NULL, '1', '2017-04-19 00:47:11', '2017-04-19 00:48:00', 'a0ceae1f-6c51-40ae-acf9-cf6358b81d3b'),
 ('19', '19', '101', 'Jobs', 'jobs', '1', 'Title', NULL, '1', '2017-04-19 00:49:33', '2017-04-19 00:50:16', 'f5bd6010-398a-4062-b110-9284cd91b6ae'),
 ('20', '20', '118', 'About Student Media News', 'aboutStudentMediaNews', '1', '', NULL, '1', '2017-04-22 21:35:28', '2017-04-26 19:17:04', 'ec6ab07f-b10c-4a15-9556-e95e95ab562a'),
 ('21', '21', '131', 'Media Boards', 'boardMembers', '1', '', NULL, '1', '2017-04-22 21:50:41', '2017-05-10 17:02:54', '27a7cd3c-032b-4d25-812e-eaa1a38e7903'),
 ('22', '22', '120', 'Support Us', 'supportUs', '1', '', NULL, '1', '2017-04-24 17:57:47', '2017-04-27 18:41:09', '9d558521-8282-4f1b-99b9-a453f3f6d642'),
 ('23', '23', '124', 'Meeting Minutes', 'meetingMinutes', '1', 'Title', NULL, '1', '2017-04-27 19:08:02', '2017-04-27 19:44:02', 'be4fbf3c-be30-49c1-9697-28bbc2fb17f0');



DROP TABLE IF EXISTS `craft_entryversions`;


--
-- Schema for table `craft_entryversions`
--
CREATE TABLE `craft_entryversions` (
  `id` int(11) NOT NULL AUTO_INCREMENT,
  `entryId` int(11) NOT NULL,
  `sectionId` int(11) NOT NULL,
  `creatorId` int(11) DEFAULT NULL,
  `locale` char(12) COLLATE utf8_unicode_ci NOT NULL,
  `num` smallint(6) unsigned NOT NULL,
  `notes` tinytext COLLATE utf8_unicode_ci,
  `data` mediumtext COLLATE utf8_unicode_ci NOT NULL,
  `dateCreated` datetime NOT NULL,
  `dateUpdated` datetime NOT NULL,
  `uid` char(36) COLLATE utf8_unicode_ci NOT NULL DEFAULT '0',
  PRIMARY KEY (`id`),
  KEY `craft_entryversions_entryId_locale_idx` (`entryId`,`locale`),
  KEY `craft_entryversions_sectionId_fk` (`sectionId`),
  KEY `craft_entryversions_creatorId_fk` (`creatorId`),
  KEY `craft_entryversions_locale_fk` (`locale`)
) ENGINE=InnoDB AUTO_INCREMENT=398 DEFAULT CHARSET=utf8 COLLATE=utf8_unicode_ci;

--
-- Data for table `craft_entryversions`
--

INSERT INTO `craft_entryversions` (`id`, `entryId`, `sectionId`, `creatorId`, `locale`, `num`, `notes`, `data`, `dateCreated`, `dateUpdated`, `uid`) VALUES
 ('1', '2', '1', '1', 'en_us', '1', NULL, '{\"typeId\":\"1\",\"authorId\":null,\"title\":\"Homepage\",\"slug\":\"homepage\",\"postDate\":1484237579,\"expiryDate\":null,\"enabled\":1,\"parentId\":null,\"fields\":[]}', '2017-01-12 16:12:59', '2017-01-12 16:12:59', 'dc34fecf-f736-4ab5-adeb-19ff77ed9cf2'),
 ('2', '2', '1', '1', 'en_us', '2', NULL, '{\"typeId\":null,\"authorId\":null,\"title\":\"Welcome to Kentstatestudentmedia.com!\",\"slug\":\"homepage\",\"postDate\":1484237579,\"expiryDate\":null,\"enabled\":\"1\",\"parentId\":null,\"fields\":{\"1\":\"<p>It\\u2019s true, this site doesn\\u2019t have a whole lot of content yet, but don\\u2019t worry. Our web developers have just installed the CMS, and they\\u2019re setting things up for the content editors this very moment. Soon Kentstatestudentmedia.com will be an oasis of fresh perspectives, sharp analyses, and astute opinions that will keep you coming back again and again.<\\/p>\"}}', '2017-01-12 16:12:59', '2017-01-12 16:12:59', '0a7f0c7a-c97e-40e3-b8b9-140b0ea42974'),
 ('3', '3', '2', '1', 'en_us', '1', NULL, '{\"typeId\":\"2\",\"authorId\":\"1\",\"title\":\"We just installed Craft!\",\"slug\":\"we-just-installed-craft\",\"postDate\":1484237579,\"expiryDate\":null,\"enabled\":1,\"parentId\":null,\"fields\":[]}', '2017-01-12 16:12:59', '2017-01-12 16:12:59', 'e94f2383-d753-4fbc-84e4-9eac760e8864'),
 ('7', '2', '1', '1', 'en_us', '3', '', '{\"typeId\":null,\"authorId\":null,\"title\":\"Title\",\"slug\":\"homepage\",\"postDate\":1484237579,\"expiryDate\":null,\"enabled\":1,\"parentId\":null,\"fields\":{\"1\":\"<p>It\\u2019s true, this site doesn\\u2019t have a whole lot of content yet, but don\\u2019t worry. Our web developers have just installed the CMS, and they\\u2019re setting things up for the content editors this very moment. Soon Kentstatestudentmedia.com will be an oasis of fresh perspectives, sharp analyses, and astute opinions that will keep you coming back again and again.<\\/p>\",\"16\":[\"7\"],\"17\":\"Tigger the dog\"}}', '2017-02-23 21:19:58', '2017-02-23 21:19:58', '0cddd1f1-aae0-4c39-83d4-6453e0d04cf5'),
 ('8', '10', '4', '1', 'en_us', '1', '', '{\"typeId\":null,\"authorId\":\"1\",\"title\":\"A Magazine\",\"slug\":\"a-magazine\",\"postDate\":1487886989,\"expiryDate\":null,\"enabled\":1,\"parentId\":null,\"fields\":{\"16\":\"\"}}', '2017-02-23 21:56:29', '2017-02-23 21:56:29', 'd0dba58b-3f20-4db8-96c6-26770cd5d65f'),
 ('9', '11', '5', '1', 'en_us', '1', '', '{\"typeId\":null,\"authorId\":\"1\",\"title\":\"This is a fun statistic\",\"slug\":\"this-is-a-fun-statistic\",\"postDate\":1487973046,\"expiryDate\":null,\"enabled\":1,\"parentId\":null,\"fields\":{\"20\":[\"10\"],\"12\":\"This is a description of the statistic\",\"19\":[\"7\"]}}', '2017-02-24 21:50:46', '2017-02-24 21:50:46', '1f5dc5d7-935e-40c8-b14c-a8ac03e3dc22'),
 ('10', '12', '5', '1', 'en_us', '1', '', '{\"typeId\":null,\"authorId\":\"1\",\"title\":\"This is a second statistic\",\"slug\":\"this-is-a-second-statistic\",\"postDate\":1487973060,\"expiryDate\":null,\"enabled\":1,\"parentId\":null,\"fields\":{\"20\":[\"10\"],\"12\":\"This is a description of the second statistic\",\"19\":[\"7\"]}}', '2017-02-24 21:51:00', '2017-02-24 21:51:00', '2cf3545c-bf69-404f-bcd9-6b9981a27893'),
 ('11', '12', '5', '1', 'en_us', '2', '', '{\"typeId\":\"5\",\"authorId\":\"1\",\"title\":\"This is a second statistic\",\"slug\":\"this-is-a-second-statistic\",\"postDate\":1487973060,\"expiryDate\":null,\"enabled\":1,\"parentId\":null,\"fields\":{\"20\":[\"10\"],\"12\":\"This is a description of the second statistic\",\"19\":[\"9\"]}}', '2017-02-24 21:52:32', '2017-02-24 21:52:32', '24cf5d68-70c4-476c-a54c-727eae302965'),
 ('12', '14', '4', '1', 'en_us', '1', '', '{\"typeId\":null,\"authorId\":\"1\",\"title\":\"The Burr\",\"slug\":\"the-burr\",\"postDate\":1488208865,\"expiryDate\":null,\"enabled\":1,\"parentId\":null,\"fields\":{\"19\":\"\",\"14\":\"\"}}', '2017-02-27 15:21:05', '2017-02-27 15:21:05', '150bb256-52ec-4490-a5ff-f489456cb7a3'),
 ('13', '15', '4', '1', 'en_us', '1', '', '{\"typeId\":null,\"authorId\":\"1\",\"title\":\"Kent Stater\",\"slug\":\"kent-stater\",\"postDate\":1488208874,\"expiryDate\":null,\"enabled\":1,\"parentId\":null,\"fields\":{\"19\":\"\",\"14\":\"\"}}', '2017-02-27 15:21:14', '2017-02-27 15:21:14', '2bdbf924-216d-4789-b6bf-f88f99848f45'),
 ('14', '15', '4', '1', 'en_us', '2', '', '{\"typeId\":\"4\",\"authorId\":\"1\",\"title\":\"Kent Stater\",\"slug\":\"kent-stater\",\"postDate\":1488208860,\"expiryDate\":null,\"enabled\":1,\"parentId\":null,\"fields\":{\"19\":[\"18\"],\"14\":[\"16\"]}}', '2017-02-27 15:22:49', '2017-02-27 15:22:49', '173c4ba2-2f0e-4450-a7af-60bd49a24309'),
 ('15', '2', '1', '1', 'en_us', '4', '', '{\"typeId\":null,\"authorId\":null,\"title\":\"Kent State Student Media\",\"slug\":\"homepage\",\"postDate\":1484237579,\"expiryDate\":null,\"enabled\":1,\"parentId\":null,\"fields\":{\"1\":\"<p>It\\u2019s true, this site doesn\\u2019t have a whole lot of content yet, but don\\u2019t worry. Our web developers have just installed the CMS, and they\\u2019re setting things up for the content editors this very moment. Soon Kentstatestudentmedia.com will be an oasis of fresh perspectives, sharp analyses, and astute opinions that will keep you coming back again and again.<\\/p>\",\"16\":\"\",\"17\":\"Tigger the dog\"}}', '2017-03-02 19:23:52', '2017-03-02 19:23:52', 'aa66fb8e-03f8-4258-8a2d-5bb18b0afeb4'),
 ('16', '2', '1', '1', 'en_us', '5', '', '{\"typeId\":null,\"authorId\":null,\"title\":\"Kent State Student Media\",\"slug\":\"homepage\",\"postDate\":1484237579,\"expiryDate\":null,\"enabled\":1,\"parentId\":null,\"fields\":{\"1\":\"<p>It\\u2019s true, this site doesn\\u2019t have a whole lot of content yet, but don\\u2019t worry. Our web developers have just installed the CMS, and they\\u2019re setting things up for the content editors this very moment. Soon Kentstatestudentmedia.com will be an oasis of fresh perspectives, sharp analyses, and astute opinions that will keep you coming back again and again.<\\/p>\",\"11\":\"\",\"12\":\"This is our description\",\"13\":\"\",\"16\":\"\",\"17\":\"Tigger the dog\"}}', '2017-03-02 19:37:35', '2017-03-02 19:37:35', 'b713de47-a79c-4922-86f7-76d05ead8833'),
 ('17', '19', '4', '1', 'en_us', '1', '', '{\"typeId\":null,\"authorId\":\"1\",\"title\":\"Black Squirrel Radio\",\"slug\":\"black-squirrel-radio\",\"postDate\":1488483961,\"expiryDate\":null,\"enabled\":1,\"parentId\":null,\"fields\":{\"20\":\"\",\"19\":\"\",\"14\":\"\"}}', '2017-03-02 19:46:01', '2017-03-02 19:46:01', '354a0f17-264a-465e-9a9b-a66797548880'),
 ('18', '20', '4', '1', 'en_us', '1', '', '{\"typeId\":null,\"authorId\":\"1\",\"title\":\"TV2\",\"slug\":\"tv2\",\"postDate\":1488483986,\"expiryDate\":null,\"enabled\":1,\"parentId\":null,\"fields\":{\"20\":\"\",\"19\":\"\",\"14\":\"\"}}', '2017-03-02 19:46:26', '2017-03-02 19:46:26', '5399d1b1-d880-4a9a-9e6c-e9d668e7fb25'),
 ('19', '21', '4', '1', 'en_us', '1', '', '{\"typeId\":null,\"authorId\":\"1\",\"title\":\"Fusion Magazine\",\"slug\":\"fusion-magazine\",\"postDate\":1488484007,\"expiryDate\":null,\"enabled\":1,\"parentId\":null,\"fields\":{\"20\":\"\",\"19\":\"\",\"14\":\"\"}}', '2017-03-02 19:46:47', '2017-03-02 19:46:47', 'b3651215-ee29-49d2-a8de-659a46b60562'),
 ('20', '22', '4', '1', 'en_us', '1', '', '{\"typeId\":null,\"authorId\":\"1\",\"title\":\"Uhuru\",\"slug\":\"uhuru\",\"postDate\":1488484013,\"expiryDate\":null,\"enabled\":1,\"parentId\":null,\"fields\":{\"20\":\"\",\"19\":\"\",\"14\":\"\"}}', '2017-03-02 19:46:53', '2017-03-02 19:46:53', '36666391-5248-48d6-9870-b4e6b863d233'),
 ('21', '23', '4', '1', 'en_us', '1', '', '{\"typeId\":null,\"authorId\":\"1\",\"title\":\"KentWired\",\"slug\":\"kentwired\",\"postDate\":1488484126,\"expiryDate\":null,\"enabled\":1,\"parentId\":null,\"fields\":{\"20\":\"\",\"19\":\"\",\"14\":\"\"}}', '2017-03-02 19:48:46', '2017-03-02 19:48:46', 'a56379e0-ddd7-448b-9cf7-4d05c86ab563'),
 ('22', '24', '4', '1', 'en_us', '1', '', '{\"typeId\":null,\"authorId\":\"1\",\"title\":\"Luna Negra\",\"slug\":\"luna-negra\",\"postDate\":1488484164,\"expiryDate\":null,\"enabled\":1,\"parentId\":null,\"fields\":{\"20\":\"\",\"19\":\"\",\"14\":\"\"}}', '2017-03-02 19:49:24', '2017-03-02 19:49:24', '6e301869-b48e-475f-bd97-bdabe86bf37a'),
 ('23', '25', '4', '1', 'en_us', '1', '', '{\"typeId\":null,\"authorId\":\"1\",\"title\":\"KSU Independent Films\",\"slug\":\"ksu-independent-films\",\"postDate\":1488484187,\"expiryDate\":null,\"enabled\":1,\"parentId\":null,\"fields\":{\"20\":\"\",\"19\":\"\",\"14\":\"\"}}', '2017-03-02 19:49:47', '2017-03-02 19:49:47', 'cbdbd369-b99b-48c1-bf23-1f66b2691447'),
 ('24', '15', '4', '1', 'en_us', '3', '', '{\"typeId\":\"4\",\"authorId\":\"1\",\"title\":\"Kent Stater\",\"slug\":\"kent-stater\",\"postDate\":1488208860,\"expiryDate\":null,\"enabled\":1,\"parentId\":null,\"fields\":{\"20\":\"\",\"19\":[\"18\"],\"14\":\"\"}}', '2017-03-02 19:50:39', '2017-03-02 19:50:39', 'a4503084-00dd-4303-8885-7eb0fa9aedc0'),
 ('25', '10', '4', '1', 'en_us', '2', '', '{\"typeId\":\"4\",\"authorId\":\"1\",\"title\":\"A Magazine\",\"slug\":\"a-magazine\",\"postDate\":1487886960,\"expiryDate\":null,\"enabled\":1,\"parentId\":null,\"fields\":{\"20\":\"\",\"19\":\"\",\"14\":\"\"}}', '2017-03-02 19:51:16', '2017-03-02 19:51:16', '770d62c7-5e40-4d7d-bc99-50e6da597e29'),
 ('26', '15', '4', '1', 'en_us', '4', '', '{\"typeId\":\"4\",\"authorId\":\"1\",\"title\":\"Kent Stater\",\"slug\":\"kent-stater\",\"postDate\":1488208860,\"expiryDate\":null,\"enabled\":1,\"parentId\":null,\"fields\":{\"20\":\"\",\"19\":\"\",\"14\":\"\"}}', '2017-03-02 19:51:30', '2017-03-02 19:51:30', '2be7e079-fac3-4d4c-8c03-d4aceb1d4090'),
 ('27', '15', '4', '1', 'en_us', '5', '', '{\"typeId\":\"4\",\"authorId\":\"1\",\"title\":\"Kent Stater\",\"slug\":\"kent-stater\",\"postDate\":1488208860,\"expiryDate\":null,\"enabled\":1,\"parentId\":null,\"fields\":{\"20\":\"\",\"19\":[\"18\"],\"14\":\"\"}}', '2017-03-02 19:51:41', '2017-03-02 19:51:41', 'a793197d-1589-4974-bff4-ace562029dc6'),
 ('28', '15', '4', '1', 'en_us', '6', '', '{\"typeId\":\"4\",\"authorId\":\"1\",\"title\":\"Kent Stater\",\"slug\":\"kent-stater\",\"postDate\":1488208860,\"expiryDate\":null,\"enabled\":1,\"parentId\":null,\"fields\":{\"20\":\"\",\"19\":\"\",\"14\":\"\"}}', '2017-03-02 19:52:02', '2017-03-02 19:52:02', '6076386f-a50c-45ce-8972-f34a066ee34a'),
 ('29', '10', '4', '1', 'en_us', '3', '', '{\"typeId\":\"4\",\"authorId\":\"1\",\"title\":\"A Magazine\",\"slug\":\"a-magazine\",\"postDate\":1487886960,\"expiryDate\":null,\"enabled\":1,\"parentId\":null,\"fields\":{\"20\":\"\",\"19\":[\"18\"],\"14\":\"\"}}', '2017-03-02 19:52:11', '2017-03-02 19:52:11', 'fb1200a0-a498-43bb-b2d2-8087ca3b174d'),
 ('30', '10', '4', '1', 'en_us', '4', '', '{\"typeId\":\"4\",\"authorId\":\"1\",\"title\":\"A Magazine\",\"slug\":\"a-magazine\",\"postDate\":1487886960,\"expiryDate\":null,\"enabled\":1,\"parentId\":null,\"fields\":{\"20\":\"\",\"19\":\"\",\"14\":\"\"}}', '2017-03-02 19:52:29', '2017-03-02 19:52:29', 'd090efc4-28e7-4077-a762-1f8498c2bb28'),
 ('31', '10', '4', '1', 'en_us', '5', '', '{\"typeId\":\"4\",\"authorId\":\"1\",\"title\":\"B Magazine\",\"slug\":\"a-magazine\",\"postDate\":1487886960,\"expiryDate\":null,\"enabled\":1,\"parentId\":null,\"fields\":{\"20\":\"\",\"19\":[\"18\"],\"14\":\"\"}}', '2017-03-02 21:06:06', '2017-03-02 21:06:06', 'a374b4b5-f18f-44ba-a312-baa6e26d4f99'),
 ('32', '10', '4', '1', 'en_us', '6', '', '{\"typeId\":\"4\",\"authorId\":\"1\",\"title\":\"A Magazine\",\"slug\":\"a-magazine\",\"postDate\":1487886960,\"expiryDate\":null,\"enabled\":1,\"parentId\":null,\"fields\":{\"20\":\"\",\"19\":\"\",\"14\":\"\"}}', '2017-03-02 21:11:15', '2017-03-02 21:11:15', 'bc1a51ad-54f7-462f-9d34-4eb970a56a9f'),
 ('33', '2', '1', '1', 'en_us', '6', '', '{\"typeId\":null,\"authorId\":null,\"title\":\"Kent State Student Media\",\"slug\":\"homepage\",\"postDate\":1484237579,\"expiryDate\":null,\"enabled\":1,\"parentId\":null,\"fields\":{\"1\":\"<p>It\\u2019s true, this site doesn\\u2019t have a whole lot of content yet, but don\\u2019t worry. Our web developers have just installed the CMS, and they\\u2019re setting things up for the content editors this very moment. Soon Kentstatestudentmedia.com will be an oasis of fresh perspectives, sharp analyses, and astute opinions that will keep you coming back again and again.<\\/p>\",\"11\":\"\",\"12\":\"This is our description\",\"13\":\"\",\"16\":\"\",\"17\":\"Tigger the dog\",\"21\":\"Kent State Student Media is made by students for students.\"}}', '2017-03-02 22:04:30', '2017-03-02 22:04:30', 'd073386b-38d0-4532-a56a-72b236265660'),
 ('34', '2', '1', '1', 'en_us', '7', '', '{\"typeId\":null,\"authorId\":null,\"title\":\"Kent State Student Media\",\"slug\":\"homepage\",\"postDate\":1484237579,\"expiryDate\":null,\"enabled\":1,\"parentId\":null,\"fields\":{\"1\":\"<p>It\\u2019s true, this site doesn\\u2019t have a whole lot of content yet, but don\\u2019t worry. Our web developers have just installed the CMS, and they\\u2019re setting things up for the content editors this very moment. Soon Kentstatestudentmedia.com will be an oasis of fresh perspectives, sharp analyses, and astute opinions that will keep you coming back again and again.<\\/p>\",\"11\":\"\",\"12\":\"This is our description\",\"13\":\"\",\"16\":\"\",\"17\":\"Tigger the dog\",\"21\":\"Kent State Student Media is made by students for students.\"}}', '2017-03-02 22:08:38', '2017-03-02 22:08:38', 'acd7f74a-7829-454e-b526-c7cb479700d1'),
 ('36', '2', '1', '1', 'en_us', '8', '', '{\"typeId\":null,\"authorId\":null,\"title\":\"Kent State Student Media\",\"slug\":\"homepage\",\"postDate\":1484237579,\"expiryDate\":null,\"enabled\":1,\"parentId\":null,\"fields\":{\"1\":\"<p>It\\u2019s true, this site doesn\\u2019t have a whole lot of content yet, but don\\u2019t worry. Our web developers have just installed the CMS, and they\\u2019re setting things up for the content editors this very moment. Soon Kentstatestudentmedia.com will be an oasis of fresh perspectives, sharp analyses, and astute opinions that will keep you coming back again and again.<\\/p>\",\"11\":\"\",\"12\":\"This is our description\",\"13\":\"\",\"16\":\"\",\"17\":\"Tigger the dog\",\"21\":\"Kent State Student Media is made by students for students.\"}}', '2017-03-09 01:33:51', '2017-03-09 01:33:51', '47fdce5a-73bd-48df-8077-eecb39a32b01'),
 ('37', '2', '1', '1', 'en_us', '9', '', '{\"typeId\":null,\"authorId\":null,\"title\":\"Kent State Student Media\",\"slug\":\"homepage\",\"postDate\":1484237579,\"expiryDate\":null,\"enabled\":1,\"parentId\":null,\"fields\":{\"1\":\"<p>It\\u2019s true, this site doesn\\u2019t have a whole lot of content yet, but don\\u2019t worry. Our web developers have just installed the CMS, and they\\u2019re setting things up for the content editors this very moment. Soon Kentstatestudentmedia.com will be an oasis of fresh perspectives, sharp analyses, and astute opinions that will keep you coming back again and again.<\\/p>\",\"11\":\"\",\"12\":\"This is our description\",\"13\":\"\",\"16\":\"\",\"17\":\"Tigger the dog\",\"21\":\"Kent State Student Media is made by students for students.\"}}', '2017-03-09 01:33:52', '2017-03-09 01:33:52', 'd67271ab-129a-4a54-a15c-52de8ce3408f'),
 ('38', '2', '1', '1', 'en_us', '10', '', '{\"typeId\":null,\"authorId\":null,\"title\":\"Kent State Student Media\",\"slug\":\"homepage\",\"postDate\":1484237579,\"expiryDate\":null,\"enabled\":1,\"parentId\":null,\"fields\":{\"1\":\"<p>Kent State Student Media produces six award-winning magazines with subjects including arts and poetry, fashion, minority, and campus issues. The Kent Stater is the premier source for news around campus. Each magazine has a circulation of 4,000+ and the Stater reaches 15,000 individuals. Advertising with Kent State Student Media is an excellent way to make sure you reach the farthest corners of your audience.<\\/p>\",\"11\":\"\",\"12\":\"This is our description\",\"13\":\"\",\"16\":\"\",\"17\":\"Tigger the dog\",\"21\":\"Kent State Student Media is made by students for students.\"}}', '2017-03-09 01:36:17', '2017-03-09 01:36:17', '17d387a4-0452-4711-9923-d3c48d1c6498'),
 ('39', '27', '5', '1', 'en_us', '1', '', '{\"typeId\":null,\"authorId\":\"1\",\"title\":\"Statistics\",\"slug\":\"statistics\",\"postDate\":1489024778,\"expiryDate\":null,\"enabled\":1,\"parentId\":null,\"fields\":{\"20\":\"\",\"12\":\"\",\"19\":\"\"}}', '2017-03-09 01:59:38', '2017-03-09 01:59:38', '1eed3e83-d8a4-4f96-ba0d-a89f7b93a821'),
 ('40', '27', '5', '1', 'en_us', '2', '', '{\"typeId\":\"5\",\"authorId\":\"1\",\"title\":\"10 distinct Media Partners\",\"slug\":\"statistics\",\"postDate\":1489024740,\"expiryDate\":null,\"enabled\":1,\"parentId\":null,\"fields\":{\"20\":\"\",\"12\":\"\",\"19\":\"\"}}', '2017-03-09 02:00:50', '2017-03-09 02:00:50', '774c6bdf-1e5e-4273-9a8e-94e86c341342'),
 ('41', '12', '5', '1', 'en_us', '3', '', '{\"typeId\":\"5\",\"authorId\":\"1\",\"title\":\"750 Students Employed by Student Media Each Year\",\"slug\":\"this-is-a-second-statistic\",\"postDate\":1487973060,\"expiryDate\":null,\"enabled\":1,\"parentId\":null,\"fields\":{\"20\":[\"10\"],\"12\":\"This is a description of the second statistic\",\"19\":\"\"}}', '2017-03-09 02:01:12', '2017-03-09 02:01:12', 'c6eb42dd-4b53-4bc2-a0a8-83079be077f9'),
 ('42', '11', '5', '1', 'en_us', '2', '', '{\"typeId\":\"5\",\"authorId\":\"1\",\"title\":\"80+ years involved with the Kent community\",\"slug\":\"this-is-a-fun-statistic\",\"postDate\":1487973000,\"expiryDate\":null,\"enabled\":1,\"parentId\":null,\"fields\":{\"20\":[\"10\"],\"12\":\"This is a description of the statistic\",\"19\":\"\"}}', '2017-03-09 02:01:45', '2017-03-09 02:01:45', '2866d6e2-701e-4007-b2b9-d5e37a0a46d2'),
 ('51', '10', '4', '1', 'en_us', '7', '', '{\"typeId\":\"4\",\"authorId\":\"1\",\"title\":\"B Magazine\",\"slug\":\"a-magazine\",\"postDate\":1487886960,\"expiryDate\":null,\"enabled\":1,\"parentId\":null,\"fields\":{\"20\":\"\",\"19\":\"\",\"14\":\"\"}}', '2017-03-09 03:28:57', '2017-03-09 03:28:57', 'ea36db62-a54f-46fd-9200-b6ec47524cae'),
 ('52', '10', '4', '1', 'en_us', '8', '', '{\"typeId\":\"4\",\"authorId\":\"1\",\"title\":\"A Magazine\",\"slug\":\"a-magazine\",\"postDate\":1487886960,\"expiryDate\":null,\"enabled\":1,\"parentId\":null,\"fields\":{\"20\":\"\",\"19\":\"\",\"14\":\"\"}}', '2017-03-09 03:29:14', '2017-03-09 03:29:14', '9f5e6f01-07c6-435b-8416-c42fcb80e26c'),
 ('54', '27', '5', '1', 'en_us', '3', '', '{\"typeId\":\"5\",\"authorId\":\"1\",\"title\":\"10 \",\"slug\":\"statistics\",\"postDate\":1489024740,\"expiryDate\":null,\"enabled\":1,\"parentId\":null,\"fields\":{\"12\":\"\",\"25\":\"distinct Media Partners\"}}', '2017-03-09 03:37:00', '2017-03-09 03:37:00', '115adf46-b62a-475b-ac96-0ed0af40d810'),
 ('55', '27', '5', '1', 'en_us', '4', '', '{\"typeId\":\"5\",\"authorId\":\"1\",\"title\":\"10 distinct Media Partners\",\"slug\":\"statistics\",\"postDate\":1489024740,\"expiryDate\":null,\"enabled\":1,\"parentId\":null,\"fields\":{\"12\":\"\",\"25\":\"\"}}', '2017-03-09 03:37:30', '2017-03-09 03:37:30', 'edafdc75-9b89-4b09-a205-ed0286368df1'),
 ('56', '27', '5', '1', 'en_us', '5', '', '{\"typeId\":\"5\",\"authorId\":\"1\",\"title\":\"10 distinct Media Partners\",\"slug\":\"statistics\",\"postDate\":1489024740,\"expiryDate\":null,\"enabled\":1,\"parentId\":null,\"fields\":{\"12\":\"\"}}', '2017-03-09 03:43:18', '2017-03-09 03:43:18', 'e635d7ad-2398-45b9-b7ac-bab7472ba963'),
 ('57', '27', '5', '1', 'en_us', '6', '', '{\"typeId\":\"5\",\"authorId\":\"1\",\"title\":\"10 distinct Media Partners\",\"slug\":\"statistics\",\"postDate\":1489024740,\"expiryDate\":null,\"enabled\":1,\"parentId\":null,\"fields\":{\"12\":\"\"}}', '2017-03-09 03:43:35', '2017-03-09 03:43:35', '3468cd20-8de4-434b-998f-bf8bda0cece7'),
 ('58', '2', '1', '1', 'en_us', '11', '', '{\"typeId\":null,\"authorId\":null,\"title\":\"Kent State Student Media\",\"slug\":\"homepage\",\"postDate\":1484237579,\"expiryDate\":null,\"enabled\":1,\"parentId\":null,\"fields\":{\"1\":\"<p>Kent State Student Media produces six award-winning magazines with subjects including arts and poetry, fashion, minority, and campus issues. The Kent Stater is the premier source for news around campus. Each magazine has a circulation of 4,000+ and the Stater reaches 15,000 individuals. Advertising with Kent State Student Media is an excellent way to make sure you reach the farthest corners of your audience.<\\/p>\",\"11\":\"\",\"12\":\"This is our description\",\"13\":[\"33\"],\"16\":\"\",\"17\":\"Tigger the dog\",\"25\":\"\",\"21\":\"Kent State Student Media is made by students for students.\",\"22\":\"\"}}', '2017-03-09 15:11:11', '2017-03-09 15:11:11', 'f4e90bd8-7978-437d-8394-d6fe9b9520dd'),
 ('59', '2', '1', '1', 'en_us', '12', '', '{\"typeId\":null,\"authorId\":null,\"title\":\"Kent State Student Media\",\"slug\":\"homepage\",\"postDate\":1484237579,\"expiryDate\":null,\"enabled\":1,\"parentId\":null,\"fields\":{\"1\":\"<p>Kent State Student Media produces six award-winning magazines with subjects including arts and poetry, fashion, minority, and campus issues. The Kent Stater is the premier source for news around campus. Each magazine has a circulation of 4,000+ and the Stater reaches 15,000 individuals. Advertising with Kent State Student Media is an excellent way to make sure you reach the farthest corners of your audience.<\\/p>\",\"11\":\"\",\"12\":\"This is our description\",\"13\":[\"33\"],\"16\":\"\",\"17\":\"Tigger the dog\",\"25\":\"\",\"21\":\"Kent State Student Media is made by students for students.\",\"22\":\"\"}}', '2017-03-09 15:30:51', '2017-03-09 15:30:51', 'c39183d7-1ca0-4e48-b6b5-28c88dd580d8'),
 ('60', '2', '1', '1', 'en_us', '13', '', '{\"typeId\":null,\"authorId\":null,\"title\":\"Kent State Student Media\",\"slug\":\"homepage\",\"postDate\":1484237579,\"expiryDate\":null,\"enabled\":1,\"parentId\":null,\"fields\":{\"1\":\"<p>Kent State Student Media produces six award-winning magazines with subjects including arts and poetry, fashion, minority, and campus issues. The Kent Stater is the premier source for news around campus. Each magazine has a circulation of 4,000+ and the Stater reaches 15,000 individuals. Advertising with Kent State Student Media is an excellent way to make sure you reach the farthest corners of your audience.<\\/p>\",\"11\":\"\",\"12\":\"This is our description\",\"13\":[\"33\"],\"16\":\"\",\"17\":\"Tigger the dog\",\"25\":\"\",\"21\":\"Kent State Student Media is made by students for students.\",\"22\":\"\"}}', '2017-03-09 15:32:26', '2017-03-09 15:32:26', 'c2385178-5612-4eb8-be8a-6274cc0ddee3'),
 ('61', '2', '1', '1', 'en_us', '14', '', '{\"typeId\":null,\"authorId\":null,\"title\":\"Kent State Student Media\",\"slug\":\"homepage\",\"postDate\":1484237579,\"expiryDate\":null,\"enabled\":1,\"parentId\":null,\"fields\":{\"1\":\"<p>Kent State Student Media produces six award-winning magazines with subjects including arts and poetry, fashion, minority, and campus issues. The Kent Stater is the premier source for news around campus. Each magazine has a circulation of 4,000+ and the Stater reaches 15,000 individuals. Advertising with Kent State Student Media is an excellent way to make sure you reach the farthest corners of your audience.<\\/p>\",\"11\":\"\",\"12\":\"This is our description\",\"13\":[\"33\"],\"16\":\"\",\"17\":\"Tigger the dog\",\"25\":\"\",\"21\":\"Kent State Student Media is made by students for students.\",\"22\":\"https:\\/\\/player.vimeo.com\\/video\\/183532877\"}}', '2017-03-09 19:31:38', '2017-03-09 19:31:38', 'd365d805-a8d4-49c5-b779-7cd89ec9ff6d'),
 ('62', '2', '1', '1', 'en_us', '15', '', '{\"typeId\":null,\"authorId\":null,\"title\":\"Kent State Student Media\",\"slug\":\"homepage\",\"postDate\":1484237579,\"expiryDate\":null,\"enabled\":1,\"parentId\":null,\"fields\":{\"1\":\"<p>Kent State Student Media produces six award-winning magazines with subjects including arts and poetry, fashion, minority, and campus issues. The Kent Stater is the premier source for news around campus. Each magazine has a circulation of 4,000+ and the Stater reaches 15,000 individuals. Advertising with Kent State Student Media is an excellent way to make sure you reach the farthest corners of your audience.<\\/p>\",\"12\":\"This is our description\",\"13\":[\"35\"],\"16\":\"\",\"17\":\"Tigger the dog\",\"25\":\"\",\"21\":\"Kent State Student Media is made by students for students.\",\"22\":\"https:\\/\\/player.vimeo.com\\/video\\/183532877\"}}', '2017-03-09 19:36:35', '2017-03-09 19:36:35', 'a1d562c9-fadf-4186-9106-3880fbcb4709'),
 ('63', '2', '1', '1', 'en_us', '16', '', '{\"typeId\":null,\"authorId\":null,\"title\":\"Kent State Student Media\",\"slug\":\"homepage\",\"postDate\":1484237579,\"expiryDate\":null,\"enabled\":1,\"parentId\":null,\"fields\":{\"1\":\"<p>Kent State Student Media produces six award-winning magazines with subjects including arts and poetry, fashion, minority, and campus issues. The Kent Stater is the premier source for news around campus. Each magazine has a circulation of 4,000+ and the Stater reaches 15,000 individuals. Advertising with Kent State Student Media is an excellent way to make sure you reach the farthest corners of your audience.<\\/p>\",\"12\":\"This is our description\",\"13\":[\"36\"],\"16\":\"\",\"17\":\"Tigger the dog\",\"25\":\"\",\"21\":\"Kent State Student Media is made by students for students.\",\"22\":\"https:\\/\\/player.vimeo.com\\/video\\/183532877\"}}', '2017-03-09 19:41:09', '2017-03-09 19:41:09', '3c002c3f-9d48-4d36-ba66-e817aa20aa10'),
 ('64', '25', '4', '1', 'en_us', '2', '', '{\"typeId\":\"4\",\"authorId\":\"1\",\"title\":\"KSU Independent Films\",\"slug\":\"ksu-independent-films\",\"postDate\":1488484140,\"expiryDate\":null,\"enabled\":1,\"parentId\":null,\"fields\":{\"20\":\"\",\"12\":\"Our description\",\"4\":\"us@kent.edu\",\"6\":\"Rob\",\"13\":[\"36\"],\"7\":\"Flash\",\"10\":\"333-333-3333\",\"26\":{\"new1\":{\"type\":\"socialMediaBlock\",\"enabled\":\"1\",\"fields\":{\"socialName\":\"twitter\",\"address\":\"http:\\/\\/www.twitter.com\"}}}}}', '2017-03-10 16:00:22', '2017-03-10 16:00:22', 'c9aacbe9-07f0-4c1a-9e9c-99c3a70b3868'),
 ('65', '25', '4', '1', 'en_us', '3', '', '{\"typeId\":\"4\",\"authorId\":\"1\",\"title\":\"KSU Independent Films\",\"slug\":\"ksu-independent-films\",\"postDate\":1488484140,\"expiryDate\":null,\"enabled\":1,\"parentId\":null,\"fields\":{\"12\":\"Our description\",\"4\":\"us@kent.edu\",\"6\":\"Rob\",\"13\":[\"36\"],\"7\":\"Flash\",\"14\":[\"33\"],\"10\":\"333-333-3333\",\"29\":\"a shorter description\",\"26\":{\"37\":{\"type\":\"socialMediaBlock\",\"enabled\":\"1\",\"fields\":{\"socialName\":\"twitter\",\"address\":\"http:\\/\\/www.twitter.com\"}}}}}', '2017-03-10 16:02:43', '2017-03-10 16:02:43', '88ecf243-d044-42fe-88c0-546b9ef384e4'),
 ('69', '45', '8', '1', 'en_us', '1', '', '{\"typeId\":null,\"authorId\":\"1\",\"title\":\"Kevin Dilley\",\"slug\":\"kevin-dilley\",\"postDate\":1489335475,\"expiryDate\":null,\"enabled\":1,\"parentId\":null,\"fields\":{\"20\":[\"24\",\"23\"],\"1\":\"<p>Hi! :D<\\/p>\",\"4\":\"kdilley@kent.edu\",\"5\":[\"faculty\"],\"6\":\"Kevin \",\"19\":\"\",\"8\":\"Big Boss\",\"7\":\"Dilley\",\"10\":\"330-672-4603\"}}', '2017-03-12 16:17:55', '2017-03-12 16:17:55', 'd095155f-1fb7-496e-a4b4-994b99fabc8a'),
 ('70', '24', '4', '1', 'en_us', '2', '', '{\"typeId\":\"4\",\"authorId\":\"1\",\"title\":\"Luna Negra\",\"slug\":\"luna-negra\",\"postDate\":1488484140,\"expiryDate\":null,\"enabled\":1,\"parentId\":null,\"fields\":{\"12\":\"\",\"4\":\"\",\"6\":\"\",\"13\":\"\",\"7\":\"\",\"14\":[\"53\"],\"10\":\"\",\"29\":\"\",\"26\":\"\"}}', '2017-03-15 23:43:24', '2017-03-15 23:43:24', '25e2738a-a4e4-4e83-9d6a-9c4a47b06e93'),
 ('71', '25', '4', '1', 'en_us', '4', '', '{\"typeId\":\"4\",\"authorId\":\"1\",\"title\":\"KSU Independent Films\",\"slug\":\"ksu-independent-films\",\"postDate\":1488484140,\"expiryDate\":null,\"enabled\":1,\"parentId\":null,\"fields\":{\"12\":\"Our description\",\"4\":\"us@kent.edu\",\"6\":\"Rob\",\"13\":[\"36\"],\"7\":\"Flash\",\"14\":[\"52\"],\"10\":\"333-333-3333\",\"29\":\"a shorter description\",\"26\":{\"37\":{\"type\":\"socialMediaBlock\",\"enabled\":\"1\",\"fields\":{\"socialName\":\"twitter\",\"address\":\"http:\\/\\/www.twitter.com\"}}}}}', '2017-03-15 23:43:41', '2017-03-15 23:43:41', '327f3879-9cae-46c8-abdb-5394a72c58d4'),
 ('72', '23', '4', '1', 'en_us', '2', '', '{\"typeId\":\"4\",\"authorId\":\"1\",\"title\":\"KentWired\",\"slug\":\"kentwired\",\"postDate\":1488484080,\"expiryDate\":null,\"enabled\":1,\"parentId\":null,\"fields\":{\"12\":\"\",\"4\":\"\",\"6\":\"\",\"13\":\"\",\"7\":\"\",\"14\":[\"50\"],\"10\":\"\",\"29\":\"\",\"26\":\"\"}}', '2017-03-15 23:44:12', '2017-03-15 23:44:12', 'da24916a-904a-48bd-b067-b0feb6e2fdb7'),
 ('73', '22', '4', '1', 'en_us', '2', '', '{\"typeId\":\"4\",\"authorId\":\"1\",\"title\":\"Uhuru\",\"slug\":\"uhuru\",\"postDate\":1488483960,\"expiryDate\":null,\"enabled\":1,\"parentId\":null,\"fields\":{\"12\":\"\",\"4\":\"\",\"6\":\"\",\"13\":\"\",\"7\":\"\",\"14\":[\"56\"],\"10\":\"\",\"29\":\"\",\"26\":\"\"}}', '2017-03-15 23:44:25', '2017-03-15 23:44:25', '9f9ced54-6e55-4b99-8462-db1f72cd7cfb'),
 ('74', '21', '4', '1', 'en_us', '2', '', '{\"typeId\":\"4\",\"authorId\":\"1\",\"title\":\"Fusion Magazine\",\"slug\":\"fusion-magazine\",\"postDate\":1488483960,\"expiryDate\":null,\"enabled\":1,\"parentId\":null,\"fields\":{\"12\":\"\",\"4\":\"\",\"6\":\"\",\"13\":\"\",\"7\":\"\",\"14\":[\"49\"],\"10\":\"\",\"29\":\"\",\"26\":\"\"}}', '2017-03-15 23:44:38', '2017-03-15 23:44:38', '10fbc5bf-80ca-489a-a9c3-39f051ef8205'),
 ('75', '19', '4', '1', 'en_us', '2', '', '{\"typeId\":\"4\",\"authorId\":\"1\",\"title\":\"Black Squirrel Radio\",\"slug\":\"black-squirrel-radio\",\"postDate\":1488483960,\"expiryDate\":null,\"enabled\":1,\"parentId\":null,\"fields\":{\"12\":\"\",\"4\":\"\",\"6\":\"\",\"13\":\"\",\"7\":\"\",\"14\":[\"47\"],\"10\":\"\",\"29\":\"\",\"26\":\"\"}}', '2017-03-15 23:44:50', '2017-03-15 23:44:50', '9a523b58-7dd2-40f1-95ec-11d0a8fcb385'),
 ('76', '20', '4', '1', 'en_us', '2', '', '{\"typeId\":\"4\",\"authorId\":\"1\",\"title\":\"TV2\",\"slug\":\"tv2\",\"postDate\":1488483960,\"expiryDate\":null,\"enabled\":1,\"parentId\":null,\"fields\":{\"12\":\"\",\"4\":\"\",\"6\":\"\",\"13\":\"\",\"7\":\"\",\"14\":[\"55\"],\"10\":\"\",\"29\":\"\",\"26\":\"\"}}', '2017-03-15 23:45:00', '2017-03-15 23:45:00', 'e9b82975-a5b6-4317-a74e-111a5d7ce5bd'),
 ('77', '24', '4', '1', 'en_us', '3', '', '{\"typeId\":\"4\",\"authorId\":\"1\",\"title\":\"Luna Negra\",\"slug\":\"luna-negra\",\"postDate\":1488484140,\"expiryDate\":null,\"enabled\":1,\"parentId\":null,\"fields\":{\"12\":\"\",\"4\":\"\",\"6\":\"\",\"13\":\"\",\"7\":\"\",\"14\":[\"53\"],\"10\":\"\",\"29\":\"\",\"26\":\"\"}}', '2017-03-15 23:45:06', '2017-03-15 23:45:06', 'bf119eed-b799-4582-a822-b0afad8c1fb2'),
 ('78', '14', '4', '1', 'en_us', '2', '', '{\"typeId\":\"4\",\"authorId\":\"1\",\"title\":\"The Burr\",\"slug\":\"the-burr\",\"postDate\":1488208860,\"expiryDate\":null,\"enabled\":1,\"parentId\":null,\"fields\":{\"12\":\"\",\"4\":\"\",\"6\":\"\",\"13\":\"\",\"7\":\"\",\"14\":[\"48\"],\"10\":\"\",\"29\":\"\",\"26\":\"\"}}', '2017-03-15 23:45:20', '2017-03-15 23:45:20', '67582c22-8bfd-4b0a-98b1-2d081aacb15e'),
 ('79', '15', '4', '1', 'en_us', '7', '', '{\"typeId\":\"4\",\"authorId\":\"1\",\"title\":\"Kent Stater\",\"slug\":\"kent-stater\",\"postDate\":1488208860,\"expiryDate\":null,\"enabled\":1,\"parentId\":null,\"fields\":{\"12\":\"\",\"4\":\"\",\"6\":\"\",\"13\":\"\",\"7\":\"\",\"14\":[\"51\"],\"10\":\"\",\"29\":\"\",\"26\":\"\"}}', '2017-03-15 23:45:33', '2017-03-15 23:45:33', 'c84e69c1-e651-4ceb-9e5c-bb9b75efab47'),
 ('80', '10', '4', '1', 'en_us', '9', '', '{\"typeId\":\"4\",\"authorId\":\"1\",\"title\":\"A Magazine\",\"slug\":\"a-magazine\",\"postDate\":1487886960,\"expiryDate\":null,\"enabled\":1,\"parentId\":null,\"fields\":{\"12\":\"\",\"4\":\"\",\"6\":\"\",\"13\":\"\",\"7\":\"\",\"14\":[\"46\"],\"10\":\"\",\"29\":\"\",\"26\":\"\"}}', '2017-03-15 23:45:42', '2017-03-15 23:45:42', '0ed4d99c-b033-4d4f-bae3-efb2c1a0a13e'),
 ('81', '27', '5', '1', 'en_us', '7', '', '{\"typeId\":\"5\",\"authorId\":\"1\",\"title\":\"10\",\"slug\":\"statistics\",\"postDate\":1489024740,\"expiryDate\":null,\"enabled\":1,\"parentId\":null,\"fields\":{\"25\":\"distinct Media Partners\"}}', '2017-03-15 23:47:33', '2017-03-15 23:47:33', '75b9cd6b-cff3-4b38-9b11-3635c7ba1672'),
 ('82', '27', '5', '1', 'en_us', '8', '', '{\"typeId\":\"5\",\"authorId\":\"1\",\"title\":\"10\",\"slug\":\"statistics\",\"postDate\":1489024740,\"expiryDate\":null,\"enabled\":1,\"parentId\":null,\"fields\":{\"25\":\"distinct Media Partners\"}}', '2017-03-15 23:47:36', '2017-03-15 23:47:36', 'c8472a6c-d86b-46a6-a8cb-117a5ca94699'),
 ('83', '27', '5', '1', 'en_us', '9', '', '{\"typeId\":\"5\",\"authorId\":\"1\",\"title\":\"10\",\"slug\":\"statistics\",\"postDate\":1489024740,\"expiryDate\":null,\"enabled\":1,\"parentId\":null,\"fields\":{\"25\":\"distinct Media Partners\"}}', '2017-03-15 23:47:38', '2017-03-15 23:47:38', '54ed60b9-0360-4931-a88f-59c935cea72a'),
 ('84', '12', '5', '1', 'en_us', '4', '', '{\"typeId\":\"5\",\"authorId\":\"1\",\"title\":\"750\",\"slug\":\"this-is-a-second-statistic\",\"postDate\":1487973060,\"expiryDate\":null,\"enabled\":1,\"parentId\":null,\"fields\":{\"25\":\"Students Employed by Student Media Each Year\"}}', '2017-03-15 23:48:26', '2017-03-15 23:48:26', '8f709f32-6c67-4756-a319-cc1af48de6dc'),
 ('85', '12', '5', '1', 'en_us', '5', '', '{\"typeId\":\"5\",\"authorId\":\"1\",\"title\":\"750\",\"slug\":\"this-is-a-second-statistic\",\"postDate\":1487973060,\"expiryDate\":null,\"enabled\":1,\"parentId\":null,\"fields\":{\"25\":\"Students Employed by Student Media Each Year\"}}', '2017-03-15 23:48:30', '2017-03-15 23:48:30', '6fffb384-fb49-420b-82ac-549ba3f65148'),
 ('86', '11', '5', '1', 'en_us', '3', '', '{\"typeId\":\"5\",\"authorId\":\"1\",\"title\":\"80+\",\"slug\":\"this-is-a-fun-statistic\",\"postDate\":1487973000,\"expiryDate\":null,\"enabled\":1,\"parentId\":null,\"fields\":{\"25\":\"years involved with the Kent community\"}}', '2017-03-15 23:48:42', '2017-03-15 23:48:42', '7080e89c-9a6a-46c6-86f0-4630ab396b50'),
 ('87', '11', '5', '1', 'en_us', '4', '', '{\"typeId\":\"5\",\"authorId\":\"1\",\"title\":\"80+\",\"slug\":\"this-is-a-fun-statistic\",\"postDate\":1487973000,\"expiryDate\":null,\"enabled\":1,\"parentId\":null,\"fields\":{\"25\":\"years involved with the Kent community\"}}', '2017-03-15 23:48:45', '2017-03-15 23:48:45', '21c1e1f2-dfe1-4125-8677-911f45fa95f0'),
 ('88', '24', '4', '1', 'en_us', '4', '', '{\"typeId\":\"4\",\"authorId\":\"1\",\"title\":\"Luna Negra\",\"slug\":\"luna-negra\",\"postDate\":1488484140,\"expiryDate\":null,\"enabled\":1,\"parentId\":null,\"fields\":{\"12\":\"\",\"4\":\"\",\"36\":\"1\",\"6\":\"\",\"13\":\"\",\"7\":\"\",\"14\":[\"53\"],\"10\":\"\",\"29\":\"\",\"26\":\"\"}}', '2017-03-16 18:09:41', '2017-03-16 18:09:41', '9a6dd346-07ed-4dc4-91d9-086133e79a6c'),
 ('89', '25', '4', '1', 'en_us', '5', '', '{\"typeId\":\"4\",\"authorId\":\"1\",\"title\":\"KSU Independent Films\",\"slug\":\"ksu-independent-films\",\"postDate\":1488484140,\"expiryDate\":null,\"enabled\":1,\"parentId\":null,\"fields\":{\"12\":\"Our description\",\"4\":\"us@kent.edu\",\"36\":\"1\",\"6\":\"Rob\",\"13\":[\"36\"],\"7\":\"Flash\",\"14\":[\"52\"],\"10\":\"333-333-3333\",\"29\":\"a shorter description\",\"26\":{\"37\":{\"type\":\"socialMediaBlock\",\"enabled\":\"1\",\"fields\":{\"socialName\":\"twitter\",\"address\":\"http:\\/\\/www.twitter.com\"}}}}}', '2017-03-16 18:09:46', '2017-03-16 18:09:46', '24786e9a-b798-4a4b-b05f-e6e491a7078e'),
 ('90', '23', '4', '1', 'en_us', '3', '', '{\"typeId\":\"4\",\"authorId\":\"1\",\"title\":\"KentWired\",\"slug\":\"kentwired\",\"postDate\":1488484080,\"expiryDate\":null,\"enabled\":1,\"parentId\":null,\"fields\":{\"12\":\"\",\"4\":\"\",\"36\":\"1\",\"6\":\"\",\"13\":\"\",\"7\":\"\",\"14\":[\"50\"],\"10\":\"\",\"29\":\"\",\"26\":\"\"}}', '2017-03-16 18:09:54', '2017-03-16 18:09:54', '266d0253-1cf0-4891-9151-8e2a2ea42455'),
 ('91', '19', '4', '1', 'en_us', '3', '', '{\"typeId\":\"4\",\"authorId\":\"1\",\"title\":\"Black Squirrel Radio\",\"slug\":\"black-squirrel-radio\",\"postDate\":1488483960,\"expiryDate\":null,\"enabled\":1,\"parentId\":null,\"fields\":{\"12\":\"\",\"4\":\"\",\"36\":\"1\",\"6\":\"\",\"13\":\"\",\"7\":\"\",\"14\":[\"47\"],\"10\":\"\",\"29\":\"\",\"26\":\"\"}}', '2017-03-16 18:10:02', '2017-03-16 18:10:02', 'f4a03c7a-ac4a-4109-93e6-76f272471810'),
 ('92', '20', '4', '1', 'en_us', '3', '', '{\"typeId\":\"4\",\"authorId\":\"1\",\"title\":\"TV2\",\"slug\":\"tv2\",\"postDate\":1488483960,\"expiryDate\":null,\"enabled\":1,\"parentId\":null,\"fields\":{\"12\":\"\",\"4\":\"\",\"36\":\"1\",\"6\":\"\",\"13\":\"\",\"7\":\"\",\"14\":[\"55\"],\"10\":\"\",\"29\":\"\",\"26\":\"\"}}', '2017-03-16 18:10:08', '2017-03-16 18:10:08', 'd50966ea-1617-4f60-b5d2-3dec20a0463d'),
 ('93', '21', '4', '1', 'en_us', '3', '', '{\"typeId\":\"4\",\"authorId\":\"1\",\"title\":\"Fusion Magazine\",\"slug\":\"fusion-magazine\",\"postDate\":1488483960,\"expiryDate\":null,\"enabled\":1,\"parentId\":null,\"fields\":{\"12\":\"\",\"4\":\"\",\"36\":\"1\",\"6\":\"\",\"13\":\"\",\"7\":\"\",\"14\":[\"49\"],\"10\":\"\",\"29\":\"\",\"26\":\"\"}}', '2017-03-16 18:10:15', '2017-03-16 18:10:15', 'bfdbd019-a9d4-47e1-b3f7-d4bf95390346'),
 ('94', '22', '4', '1', 'en_us', '3', '', '{\"typeId\":\"4\",\"authorId\":\"1\",\"title\":\"Uhuru\",\"slug\":\"uhuru\",\"postDate\":1488483960,\"expiryDate\":null,\"enabled\":1,\"parentId\":null,\"fields\":{\"12\":\"\",\"4\":\"\",\"36\":\"1\",\"6\":\"\",\"13\":\"\",\"7\":\"\",\"14\":[\"56\"],\"10\":\"\",\"29\":\"\",\"26\":\"\"}}', '2017-03-16 18:10:21', '2017-03-16 18:10:21', 'e228561f-8508-4bb3-9ecc-ecdd94379aff'),
 ('95', '14', '4', '1', 'en_us', '3', '', '{\"typeId\":\"4\",\"authorId\":\"1\",\"title\":\"The Burr\",\"slug\":\"the-burr\",\"postDate\":1488208860,\"expiryDate\":null,\"enabled\":1,\"parentId\":null,\"fields\":{\"12\":\"\",\"4\":\"\",\"36\":\"1\",\"6\":\"\",\"13\":\"\",\"7\":\"\",\"14\":[\"48\"],\"10\":\"\",\"29\":\"\",\"26\":\"\"}}', '2017-03-16 18:10:29', '2017-03-16 18:10:29', '2b15f233-5433-42b2-b957-3544c7609232'),
 ('96', '15', '4', '1', 'en_us', '8', '', '{\"typeId\":\"4\",\"authorId\":\"1\",\"title\":\"Kent Stater\",\"slug\":\"kent-stater\",\"postDate\":1488208860,\"expiryDate\":null,\"enabled\":1,\"parentId\":null,\"fields\":{\"12\":\"\",\"4\":\"\",\"36\":\"1\",\"6\":\"\",\"13\":\"\",\"7\":\"\",\"14\":[\"51\"],\"10\":\"\",\"29\":\"\",\"26\":\"\"}}', '2017-03-16 18:10:39', '2017-03-16 18:10:39', '30ffba04-d8df-4f0a-b7be-47410f23a45b'),
 ('97', '10', '4', '1', 'en_us', '10', '', '{\"typeId\":\"4\",\"authorId\":\"1\",\"title\":\"A Magazine\",\"slug\":\"a-magazine\",\"postDate\":1487886960,\"expiryDate\":null,\"enabled\":1,\"parentId\":null,\"fields\":{\"12\":\"\",\"4\":\"\",\"36\":\"1\",\"6\":\"\",\"13\":\"\",\"7\":\"\",\"14\":[\"46\"],\"10\":\"\",\"29\":\"\",\"26\":\"\"}}', '2017-03-16 18:10:47', '2017-03-16 18:10:47', 'db420513-b1d7-4b82-8178-5791de907228'),
 ('98', '58', '9', '1', 'en_us', '1', NULL, '{\"typeId\":\"9\",\"authorId\":null,\"title\":\"About\",\"slug\":\"about\",\"postDate\":1489687916,\"expiryDate\":null,\"enabled\":1,\"parentId\":null,\"fields\":[]}', '2017-03-16 18:11:56', '2017-03-16 18:11:56', '4262a43a-1f19-43d4-b9be-1b19edb6fc45'),
 ('99', '59', '10', '1', 'en_us', '1', NULL, '{\"typeId\":\"10\",\"authorId\":null,\"title\":\"Media Partners Home\",\"slug\":\"media-partners-home\",\"postDate\":1489687966,\"expiryDate\":null,\"enabled\":1,\"parentId\":null,\"fields\":[]}', '2017-03-16 18:12:46', '2017-03-16 18:12:46', '05ac9c0e-e9c3-4a17-b9dd-eff6c8eb5dda'),
 ('100', '60', '11', '1', 'en_us', '1', NULL, '{\"typeId\":\"11\",\"authorId\":null,\"title\":\"Get Involved\",\"slug\":\"get-involved\",\"postDate\":1489688031,\"expiryDate\":null,\"enabled\":1,\"parentId\":null,\"fields\":[]}', '2017-03-16 18:13:51', '2017-03-16 18:13:51', '6af7d62f-e1cb-4a5e-b9e1-bdb4945c275c'),
 ('101', '61', '12', '1', 'en_us', '1', NULL, '{\"typeId\":\"12\",\"authorId\":null,\"title\":\"Advertising\",\"slug\":\"advertising\",\"postDate\":1489688133,\"expiryDate\":null,\"enabled\":1,\"parentId\":null,\"fields\":[]}', '2017-03-16 18:15:33', '2017-03-16 18:15:33', 'c8e46318-0d18-428d-87e6-f99c396f2411'),
 ('102', '25', '4', '1', 'en_us', '6', '', '{\"typeId\":\"4\",\"authorId\":\"1\",\"title\":\"KSU Independent Films\",\"slug\":\"ksu-independent-films\",\"postDate\":1488484140,\"expiryDate\":null,\"enabled\":1,\"parentId\":null,\"fields\":{\"12\":\"Our description\",\"4\":\"us@kent.edu\",\"36\":\"\",\"6\":\"Rob\",\"13\":[\"36\"],\"7\":\"Flash\",\"14\":[\"52\"],\"10\":\"333-333-3333\",\"29\":\"a shorter description\",\"26\":{\"37\":{\"type\":\"socialMediaBlock\",\"enabled\":\"1\",\"fields\":{\"socialName\":\"twitter\",\"address\":\"http:\\/\\/www.twitter.com\"}}}}}', '2017-03-16 18:15:44', '2017-03-16 18:15:44', 'f1f3615f-ec96-45f2-bc0f-baa93d6ba4ab'),
 ('103', '62', '13', '1', 'en_us', '1', NULL, '{\"typeId\":\"13\",\"authorId\":null,\"title\":\"Contact\",\"slug\":\"contact\",\"postDate\":1489688145,\"expiryDate\":null,\"enabled\":1,\"parentId\":null,\"fields\":[]}', '2017-03-16 18:15:45', '2017-03-16 18:15:45', '9d9856de-3d1f-4426-950c-e4740053438e'),
 ('104', '25', '4', '1', 'en_us', '7', '', '{\"typeId\":\"4\",\"authorId\":\"1\",\"title\":\"KSU Independent Films\",\"slug\":\"ksu-independent-films\",\"postDate\":1488484140,\"expiryDate\":null,\"enabled\":1,\"parentId\":null,\"fields\":{\"12\":\"Our description\",\"4\":\"us@kent.edu\",\"36\":\"\",\"6\":\"Rob\",\"13\":[\"36\"],\"7\":\"Flash\",\"14\":[\"52\"],\"10\":\"333-333-3333\",\"29\":\"a shorter description\",\"26\":{\"37\":{\"type\":\"socialMediaBlock\",\"enabled\":\"1\",\"fields\":{\"socialName\":\"twitter\",\"address\":\"http:\\/\\/www.twitter.com\"}}}}}', '2017-03-16 18:27:07', '2017-03-16 18:27:07', 'b50a9c13-6277-4ff0-b91d-58368396999c'),
 ('105', '25', '4', '1', 'en_us', '8', '', '{\"typeId\":\"4\",\"authorId\":\"1\",\"title\":\"KSU Independent Films\",\"slug\":\"ksu-independent-films\",\"postDate\":1488484140,\"expiryDate\":null,\"enabled\":1,\"parentId\":null,\"fields\":{\"12\":\"Our description\",\"4\":\"us@kent.edu\",\"36\":\"1\",\"6\":\"Rob\",\"13\":[\"36\"],\"7\":\"Flash\",\"14\":[\"52\"],\"10\":\"333-333-3333\",\"29\":\"a shorter description\",\"26\":{\"37\":{\"type\":\"socialMediaBlock\",\"enabled\":\"1\",\"fields\":{\"socialName\":\"twitter\",\"address\":\"http:\\/\\/www.twitter.com\"}}}}}', '2017-03-16 18:28:03', '2017-03-16 18:28:03', '0c88ff9c-4c70-4bc4-bcc3-f8cafa0a0678'),
 ('106', '2', '1', '1', 'en_us', '17', '', '{\"typeId\":null,\"authorId\":null,\"title\":\"Kent State Student Media\",\"slug\":\"homepage\",\"postDate\":1484237579,\"expiryDate\":null,\"enabled\":1,\"parentId\":null,\"fields\":{\"1\":\"<p>Kent State Student Media produces six award-winning magazines with subjects including arts and poetry, fashion, minority, and campus issues. The Kent Stater is the premier source for news around campus. Each magazine has a circulation of 4,000+ and the Stater reaches 15,000 individuals. Advertising with Kent State Student Media is an excellent way to make sure you reach the farthest corners of your audience.<\\/p>\",\"12\":\"This is our description\",\"13\":[\"64\"],\"16\":\"\",\"17\":\"Tigger the dog\",\"25\":\"\",\"21\":\"Kent State Student Media is made by students for students.\",\"22\":\"https:\\/\\/player.vimeo.com\\/video\\/183532877\"}}', '2017-03-16 18:42:19', '2017-03-16 18:42:19', 'ea40ade6-ee7d-467c-a078-48209c1c7b43'),
 ('107', '24', '4', '1', 'en_us', '5', '', '{\"typeId\":\"4\",\"authorId\":\"1\",\"title\":\"Luna Negra\",\"slug\":\"luna-negra\",\"postDate\":1488484140,\"expiryDate\":null,\"enabled\":1,\"parentId\":null,\"fields\":{\"12\":\"Luna Negra is Kent State\\u2019s literary student publication and they publish a blend of poetry, prose, photography and illustration. For over 50 years, they have published submissions from current students and community members. Their magazine is published every spring and they produce additional content on LunaNegraMag.com.\",\"4\":\"\",\"36\":\"1\",\"6\":\"\",\"13\":\"\",\"7\":\"\",\"14\":[\"53\"],\"10\":\"\",\"29\":\"Luna Negra is Kent State\\u2019s literary student magazine that publishes a blend of poetry, prose, photography and illustration. \",\"26\":\"\"}}', '2017-03-16 19:07:53', '2017-03-16 19:07:53', '7b3af154-9385-4791-a8d8-15cf24604f94'),
 ('108', '25', '4', '1', 'en_us', '9', '', '{\"typeId\":\"4\",\"authorId\":\"1\",\"title\":\"KSU Independent Films\",\"slug\":\"ksu-independent-films\",\"postDate\":1488484140,\"expiryDate\":null,\"enabled\":1,\"parentId\":null,\"fields\":{\"12\":\"Kent State University Independent Films (KSUIF) is a student-run production company that teaches, inspires and prepares filmmakers for the real-world industry. KSUIF produces a wide variety of content including webseries, short films, award-winning music videos, documentaries, TV shows and feature films. KSUIF is one of three organizations in the country that allows students to create full-length feature films.\",\"4\":\"us@kent.edu\",\"36\":\"1\",\"6\":\"Rob\",\"13\":\"\",\"7\":\"Flash\",\"14\":[\"52\"],\"10\":\"330-672-6541\",\"29\":\"Kent State University Independent Films (KSUIF) is a student-run production company that teaches, inspires and prepares filmmakers for the real-world industry. \",\"26\":{\"37\":{\"type\":\"socialMediaBlock\",\"enabled\":\"1\",\"fields\":{\"socialName\":\"twitter\",\"address\":\"http:\\/\\/www.twitter.com\"}}}}}', '2017-03-16 19:09:20', '2017-03-16 19:09:20', '0d85878b-2276-43e3-8950-954654e3e671'),
 ('109', '23', '4', '1', 'en_us', '4', '', '{\"typeId\":\"4\",\"authorId\":\"1\",\"title\":\"KentWired\",\"slug\":\"kentwired\",\"postDate\":1488484080,\"expiryDate\":null,\"enabled\":1,\"parentId\":null,\"fields\":{\"12\":\"KentWired.com is a news organization hosting content created by the collaborative effort of students working in student media at Kent State University. KentWired is the independent news website for the Kent Stater and TV2 and is the year round news source for everything Kent. KentWired has top news, entertainment, sports, and community and campus news. It also features classifieds and live streams for TV2 and Black Squirrel Radio. \",\"4\":\"\",\"36\":\"1\",\"6\":\"\",\"13\":\"\",\"7\":\"\",\"14\":[\"50\"],\"10\":\"\",\"29\":\"KentWired.com is a news organization that holds content created by students working in student media at Kent State University. \",\"26\":\"\"}}', '2017-03-16 19:10:27', '2017-03-16 19:10:27', 'af33b03a-d5da-4684-94ed-2b2a4ce73c2d'),
 ('110', '19', '4', '1', 'en_us', '4', '', '{\"typeId\":\"4\",\"authorId\":\"1\",\"title\":\"Black Squirrel Radio\",\"slug\":\"black-squirrel-radio\",\"postDate\":1488483960,\"expiryDate\":null,\"enabled\":1,\"parentId\":null,\"fields\":{\"12\":\"Black Squirrel Radio (BSR) is a student-run radio station that has 10,000 loyal monthly listeners. BSR features a large selection of urban, rock and local music with numerous local bands and entertainers coming for in-studio performances and interviews. BSR is available at www.blacksquirrelradio.com, iTunes radio under College Stations, the TuneIn app and channels 2-4 and 2-6 though on-campus television.\",\"4\":\"\",\"36\":\"1\",\"6\":\"\",\"13\":\"\",\"7\":\"\",\"14\":[\"47\"],\"10\":\"\",\"29\":\"Black Squirrel Radio (BSR) is the student-run radio station on Kent State\\u2019s campus and provides innovative media content inspired by the community of Kent, Ohio.\",\"26\":\"\"}}', '2017-03-16 19:11:04', '2017-03-16 19:11:04', 'ddf86b9a-4909-46ea-abff-6cf992160d6a'),
 ('111', '20', '4', '1', 'en_us', '4', '', '{\"typeId\":\"4\",\"authorId\":\"1\",\"title\":\"TV2\",\"slug\":\"tv2\",\"postDate\":1488483960,\"expiryDate\":null,\"enabled\":1,\"parentId\":null,\"fields\":{\"12\":\"TV2 is the award-winning, student-run television station of Kent State University. TV2 is also Portage County\\u2019s only local television station and the best source for local news and original television content. TV2 reaches more than 26,000 homes throughout Portage County on Spectrum (formerly Time Warner Cable) channel 16 and more than 7,500 Kent State students living on-campus on channel 2-2. TV2 is also live streamed on KentWired.com\\/TV2. With 10 different TV shows, TV2 covers everything from breaking news, local news, weather, sports, entertainment and humor.\",\"4\":\"\",\"36\":\"1\",\"6\":\"\",\"13\":\"\",\"7\":\"\",\"14\":[\"55\"],\"10\":\"\",\"29\":\"TV2 is the award-winning, student-run television station of Kent State that broadcasts to students and the Portage County community.\",\"26\":\"\"}}', '2017-03-16 19:12:03', '2017-03-16 19:12:03', '8bff0c64-3071-4110-810e-12f09d4f6f79'),
 ('112', '21', '4', '1', 'en_us', '4', '', '{\"typeId\":\"4\",\"authorId\":\"1\",\"title\":\"Fusion Magazine\",\"slug\":\"fusion-magazine\",\"postDate\":1488483960,\"expiryDate\":null,\"enabled\":1,\"parentId\":null,\"fields\":{\"12\":\"Fusion is Kent State\'s lesbian, gay, bisexual, transgender and queer\\/questioning student advocacy and entertainment magazine. Fusion strives to promote equality and community in northeast Ohio and beyond through journalism and they have been recognized by the Society of Professional Journalists for excellence. Fusion is the only student magazine focusing on LGBTQ issues in the region.\",\"4\":\"\",\"36\":\"1\",\"6\":\"\",\"13\":\"\",\"7\":\"\",\"14\":[\"49\"],\"10\":\"\",\"29\":\"Fusion is Kent State\'s lesbian, gay, bisexual, transgender and queer\\/questioning student advocacy and entertainment magazine. \",\"26\":\"\"}}', '2017-03-16 19:12:44', '2017-03-16 19:12:44', 'f2e57817-2700-4977-881f-40642fa354c0'),
 ('113', '22', '4', '1', 'en_us', '4', '', '{\"typeId\":\"4\",\"authorId\":\"1\",\"title\":\"Uhuru\",\"slug\":\"uhuru\",\"postDate\":1488483960,\"expiryDate\":null,\"enabled\":1,\"parentId\":null,\"fields\":{\"12\":\"Uhuru is an award-winning magazine that promotes innovation, creativity and culture through the voice of marginalized students. A derivative of Black Unites Students, Uhuru is focused on the unification of the African-American population but serves as a safe haven for others by reflecting all people of color at Kent State. Uhuru is Kent State\'s only minority news outlet and serves as a platform for student creation and expression in art, writing, photography and graphic design while addressing social issues.\",\"4\":\"\",\"36\":\"1\",\"6\":\"\",\"13\":\"\",\"7\":\"\",\"14\":[\"56\"],\"10\":\"\",\"29\":\"Uhuru is the magazine that promotes innovation, creativity and culture through the voice of marginalized students at Kent State.\",\"26\":\"\"}}', '2017-03-16 19:13:21', '2017-03-16 19:13:21', '5ad59367-4472-4359-a7e3-6a99ab7f9aa7'),
 ('114', '14', '4', '1', 'en_us', '4', '', '{\"typeId\":\"4\",\"authorId\":\"1\",\"title\":\"The Burr\",\"slug\":\"the-burr\",\"postDate\":1488208860,\"expiryDate\":null,\"enabled\":1,\"parentId\":null,\"fields\":{\"12\":\"The Burr is an independent, award-winning student magazine and was Kent State\\u2019s first student magazine ever. The magazine features a mix of original reporting, how-to articles, feature articles and personal essays. TheBurr.com is frequently updated with multimedia stories and blogs and has an archive of past issues.\",\"4\":\"\",\"36\":\"1\",\"6\":\"\",\"13\":\"\",\"7\":\"\",\"14\":[\"48\"],\"10\":\"\",\"29\":\"The Burr is Kent State\\u2019s first student-produced magazine made for those who have made a home in Kent.\",\"26\":\"\"}}', '2017-03-16 19:26:26', '2017-03-16 19:26:26', '9c69b62a-27bf-4425-aee0-fc527699f1b1'),
 ('115', '15', '4', '1', 'en_us', '9', '', '{\"typeId\":\"4\",\"authorId\":\"1\",\"title\":\"Kent Stater\",\"slug\":\"kent-stater\",\"postDate\":1488208860,\"expiryDate\":null,\"enabled\":1,\"parentId\":null,\"fields\":{\"12\":\"The Kent Stater is the award-winning, student-run newspaper at Kent State University. Reaching more than 15,000 people per issue, the Stater keeps the community up-to-date with campus, local and national news, sports and features. The Stater publishes on Monday, Wednesday and Thursday and has a circulation of 6,750 per day. During the summer months, The Kent Stater runs special print issues and also runs the annual Orientation issue to welcome new and returning students.\",\"4\":\"\",\"36\":\"1\",\"6\":\"\",\"13\":\"\",\"7\":\"\",\"14\":[\"51\"],\"10\":\"\",\"29\":\"The Kent Stater is the award-winning, student-run newspaper at Kent State University. \",\"26\":\"\"}}', '2017-03-16 19:27:28', '2017-03-16 19:27:28', '15a9f6bc-ac1e-4ef4-97e7-32911f63087f'),
 ('116', '10', '4', '1', 'en_us', '11', '', '{\"typeId\":\"4\",\"authorId\":\"1\",\"title\":\"A Magazine\",\"slug\":\"a-magazine\",\"postDate\":1487886960,\"expiryDate\":null,\"enabled\":1,\"parentId\":null,\"fields\":{\"12\":\"A Magazine is a visually stunning student-run magazine at Kent State. It is the publication for all things fashion, beauty, accessories and culture on campus and beyond. A focuses on both women\'s and men\'s fashion and has companion website that is updated regularly with extended content and videos, providing students with the latest fashion news. It is distributed at Kent State and the Fashion School\\u2019s New York studio.\",\"4\":\"\",\"36\":\"1\",\"6\":\"\",\"13\":\"\",\"7\":\"\",\"14\":[\"46\"],\"10\":\"\",\"29\":\"A Magazine is Kent State\\u2019s student-run fashion magazine and is the hub for all things fashion, beauty and culture related.\",\"26\":\"\"}}', '2017-03-16 19:28:02', '2017-03-16 19:28:02', '16a4db00-ce53-4f94-b784-79fae900f91c');
INSERT INTO `craft_entryversions` (`id`, `entryId`, `sectionId`, `creatorId`, `locale`, `num`, `notes`, `data`, `dateCreated`, `dateUpdated`, `uid`) VALUES
 ('117', '23', '4', '1', 'en_us', '5', '', '{\"typeId\":\"4\",\"authorId\":\"1\",\"title\":\"KentWired\",\"slug\":\"kentwired\",\"postDate\":1488484080,\"expiryDate\":null,\"enabled\":1,\"parentId\":null,\"fields\":{\"12\":\"merpoopybutthole\",\"4\":\"\",\"36\":\"1\",\"6\":\"\",\"13\":\"\",\"7\":\"\",\"14\":[\"50\"],\"10\":\"\",\"29\":\"KentWired.com is a news organization that holds content created by students working in student media at Kent State University. \",\"26\":\"\"}}', '2017-03-16 20:30:58', '2017-03-16 20:30:58', '0cdbff5d-54eb-4282-8e46-33d149eef8b8'),
 ('118', '23', '4', '1', 'en_us', '6', '', '{\"typeId\":\"4\",\"authorId\":\"1\",\"title\":\"KentWired\",\"slug\":\"kentwired\",\"postDate\":1488484080,\"expiryDate\":null,\"enabled\":1,\"parentId\":null,\"fields\":{\"12\":\"KentWired.com is a news organization hosting content created by the collaborative effort of students working in student media at Kent State University. KentWired is the independent news website for the Kent Stater and TV2 and is the year round news source for everything Kent. KentWired has top news, entertainment, sports, and community and campus news. It also features classifieds and live streams for TV2 and Black Squirrel Radio. \",\"4\":\"\",\"36\":\"1\",\"6\":\"\",\"13\":\"\",\"7\":\"\",\"14\":[\"50\"],\"10\":\"\",\"29\":\"KentWired.com is a news organization that holds content created by students working in student media at Kent State University. \",\"26\":\"\"}}', '2017-03-16 20:33:51', '2017-03-16 20:33:51', '24bd2d86-5ba8-408f-9703-88cf7b0a8236'),
 ('119', '2', '1', '1', 'en_us', '18', '', '{\"typeId\":null,\"authorId\":null,\"title\":\"About Kent Student Media\",\"slug\":\"homepage\",\"postDate\":1484237579,\"expiryDate\":null,\"enabled\":1,\"parentId\":null,\"fields\":{\"1\":\"<p>Award-winning, nationally recognized and locally focused. Our independent, student-run media partners create content the campus and Kent community seek. Students learn practical skills through the professional learning opportunities available through Kent State Student Media. Advertising with Kent State Student Media is an excellent way to make sure you reach your audience.<\\/p>\",\"12\":\"This is our description\",\"13\":[\"64\"],\"16\":\"\",\"17\":\"Tigger the dog\",\"25\":\"\",\"21\":\"Kent State Student Media is made by students, for students.\",\"22\":\"https:\\/\\/player.vimeo.com\\/video\\/183532877\"}}', '2017-03-16 20:38:59', '2017-03-16 20:38:59', 'bc5a6e52-09ab-42a3-9534-aa4976ab3181'),
 ('120', '2', '1', '1', 'en_us', '19', '', '{\"typeId\":null,\"authorId\":null,\"title\":\"About Kent Student Media\",\"slug\":\"homepage\",\"postDate\":1484237579,\"expiryDate\":null,\"enabled\":1,\"parentId\":null,\"fields\":{\"1\":\"<p>Award-winning, nationally recognized and locally focused. Our independent, student-run media partners create content the campus and Kent community seek. Students learn practical skills through the professional learning opportunities available through Kent State Student Media. Advertising with Kent State Student Media is an excellent way to make sure you reach your audience.<\\/p>\",\"12\":\"This is our description\",\"13\":[\"64\"],\"16\":\"\",\"17\":\"Tigger the dog\",\"25\":\"\",\"21\":\"Kent State Student Media is made by students, for students.\",\"22\":\"https:\\/\\/player.vimeo.com\\/video\\/183532877\"}}', '2017-03-16 20:41:28', '2017-03-16 20:41:28', '6b72d347-bad5-4769-9014-e56429f6d73f'),
 ('121', '27', '5', '1', 'en_us', '10', '', '{\"typeId\":\"5\",\"authorId\":\"1\",\"title\":\"10\",\"slug\":\"statistics\",\"postDate\":1489024740,\"expiryDate\":null,\"enabled\":1,\"parentId\":null,\"fields\":{\"25\":\"different media outlets ran by student media\"}}', '2017-03-16 20:42:43', '2017-03-16 20:42:43', '7ef462f3-b5c8-4225-8588-ca3f1f9a82ab'),
 ('122', '12', '5', '1', 'en_us', '6', '', '{\"typeId\":\"5\",\"authorId\":\"1\",\"title\":\"750\",\"slug\":\"this-is-a-second-statistic\",\"postDate\":1487973060,\"expiryDate\":null,\"enabled\":1,\"parentId\":null,\"fields\":{\"25\":\"Students work with student media per semester\"}}', '2017-03-16 20:43:37', '2017-03-16 20:43:37', 'be01b841-df9f-4401-adb9-2133b7f82588'),
 ('123', '11', '5', '1', 'en_us', '5', '', '{\"typeId\":\"5\",\"authorId\":\"1\",\"title\":\"105\",\"slug\":\"this-is-a-fun-statistic\",\"postDate\":1487973000,\"expiryDate\":null,\"enabled\":1,\"parentId\":null,\"fields\":{\"25\":\"Publications\"}}', '2017-03-16 20:44:04', '2017-03-16 20:44:04', '4e021b86-caf1-4371-977b-d6cebb8eeba2'),
 ('124', '2', '1', '1', 'en_us', '20', '', '{\"typeId\":null,\"authorId\":null,\"title\":\"About Kent Student Media\",\"slug\":\"homepage\",\"postDate\":1484237579,\"expiryDate\":null,\"enabled\":1,\"parentId\":null,\"fields\":{\"1\":\"<p>Award-winning, nationally recognized and locally focused. Our independent, student-run media partners create content the campus and Kent community seek. Students learn practical skills through the professional learning opportunities available through Kent State Student Media. Advertising with Kent State Student Media is an excellent way to make sure you reach your audience.<\\/p>\",\"12\":\"This is our description\",\"13\":[\"64\"],\"16\":\"\",\"17\":\"Tigger the dog\",\"25\":\"\",\"21\":\"Kent State Student Media is made by students, for students.\",\"22\":\"https:\\/\\/player.vimeo.com\\/video\\/183532877\"}}', '2017-03-16 20:46:20', '2017-03-16 20:46:20', '3fdfc330-a596-487a-b1ce-545587a72037'),
 ('125', '65', '14', '1', 'en_us', '1', '', '{\"typeId\":null,\"authorId\":\"1\",\"title\":\"Testimonial #1\",\"slug\":\"testimonial-1\",\"postDate\":1490117798,\"expiryDate\":null,\"enabled\":1,\"parentId\":null,\"fields\":{\"37\":\"Dorothy Ly\",\"38\":\"This is an amazing thing!\"}}', '2017-03-21 17:36:38', '2017-03-21 17:36:38', '04f295b5-8918-4cee-beed-a319c2370223'),
 ('128', '20', '4', '1', 'en_us', '5', '', '{\"typeId\":\"4\",\"authorId\":\"1\",\"title\":\"TV2\",\"slug\":\"tv2\",\"postDate\":1488483960,\"expiryDate\":null,\"enabled\":1,\"parentId\":null,\"fields\":{\"31\":[\"42\"],\"12\":\"TV2 is the award-winning, student-run television station of Kent State University. TV2 is also Portage County\\u2019s only local television station and the best source for local news and original television content. TV2 reaches more than 26,000 homes throughout Portage County on Spectrum (formerly Time Warner Cable) channel 16 and more than 7,500 Kent State students living on-campus on channel 2-2. TV2 is also live streamed on KentWired.com\\/TV2. With 10 different TV shows, TV2 covers everything from breaking news, local news, weather, sports, entertainment and humor.\",\"36\":\"1\",\"13\":\"\",\"14\":[\"55\"],\"29\":\"TV2 is the award-winning, student-run television station of Kent State that broadcasts to students and the Portage County community.\",\"26\":\"\"}}', '2017-03-23 17:55:20', '2017-03-23 17:55:20', '91c50820-200f-43b4-83f3-959d1aa3c31f'),
 ('129', '71', '7', '1', 'en_us', '1', '', '{\"typeId\":null,\"authorId\":\"1\",\"title\":\"Ad #2\",\"slug\":\"ad-2\",\"postDate\":1490292600,\"expiryDate\":null,\"enabled\":1,\"parentId\":null,\"fields\":{\"31\":[\"68\"],\"32\":{\"new1\":{\"type\":\"adUnit\",\"enabled\":\"1\",\"fields\":{\"timePeriod\":\"week\",\"price\":\"5\",\"size\":\"x17\"}}},\"20\":[\"25\"]}}', '2017-03-23 18:10:55', '2017-03-23 18:10:55', '815ed9b7-3949-4f53-8904-28d790378c20'),
 ('130', '73', '7', '1', 'en_us', '1', '', '{\"typeId\":null,\"authorId\":\"1\",\"title\":\"Daily Kent Stater Ads\",\"slug\":\"daily-kent-stater-ads\",\"postDate\":1490293219,\"expiryDate\":null,\"enabled\":1,\"parentId\":null,\"fields\":{\"31\":\"\",\"32\":\"\",\"20\":\"\"}}', '2017-03-23 18:20:19', '2017-03-23 18:20:19', 'd9769e77-1bb5-4d05-9c79-d37892c4a1b0'),
 ('131', '73', '7', '1', 'en_us', '2', '', '{\"typeId\":\"7\",\"authorId\":\"1\",\"title\":\"Daily Kent Stater Ads\",\"slug\":\"daily-kent-stater-ads\",\"postDate\":1490293200,\"expiryDate\":null,\"enabled\":1,\"parentId\":null,\"fields\":{\"31\":[\"42\"],\"32\":{\"new1\":{\"type\":\"adUnit\",\"enabled\":\"1\",\"fields\":{\"timePeriod\":\"week\",\"price\":\"0\",\"size\":\"x17\"}}},\"20\":[\"15\"]}}', '2017-03-23 18:21:18', '2017-03-23 18:21:18', '7a7a9a3b-8dc2-45fc-b2bb-51e816a14e95'),
 ('132', '73', '7', '1', 'en_us', '3', '', '{\"typeId\":\"7\",\"authorId\":\"1\",\"title\":\"Daily Kent Stater Ads\",\"slug\":\"daily-kent-stater-ads\",\"postDate\":1490293200,\"expiryDate\":null,\"enabled\":1,\"parentId\":null,\"fields\":{\"31\":[\"42\"],\"32\":{\"74\":{\"type\":\"adUnit\",\"enabled\":\"1\",\"fields\":{\"adType\":\"Display Ads\",\"adUnit\":[{\"col3\":\"Full Page\",\"col1\":\"$11.00\",\"col2\":\"11x17\\\"\",\"col4\":\"\"},{\"col3\":\"Quarter Page\",\"col1\":\"$15.00\",\"col2\":\"25x22\",\"col4\":\"\"}]}},\"new1\":{\"type\":\"adUnit\",\"enabled\":\"1\",\"fields\":{\"adType\":\"Inserts & Postits\",\"adUnit\":[{\"col3\":\"Single Page insert\",\"col1\":\"$15\",\"col2\":\"\",\"col4\":\"\"}]}}},\"20\":[\"15\"]}}', '2017-03-23 18:27:09', '2017-03-23 18:27:09', '4eca4e60-21a6-46e7-af65-5959da8afffd'),
 ('133', '73', '7', '1', 'en_us', '4', '', '{\"typeId\":\"7\",\"authorId\":\"1\",\"title\":\"Daily Kent Stater Ads\",\"slug\":\"daily-kent-stater-ads\",\"postDate\":1490293200,\"expiryDate\":null,\"enabled\":1,\"parentId\":null,\"fields\":{\"31\":[\"42\"],\"32\":{\"74\":{\"type\":\"adUnit\",\"enabled\":\"1\",\"fields\":{\"adType\":\"Display Ads\",\"adUnit\":[{\"col3\":\"Full Page\",\"col1\":\"$11.00\",\"col2\":\"11x17\\\"\",\"col4\":\"\"},{\"col3\":\"Quarter Page\",\"col1\":\"$15.00\",\"col2\":\"25x22\",\"col4\":\"\"}]}},\"75\":{\"type\":\"adUnit\",\"enabled\":\"1\",\"fields\":{\"adType\":\"Inserts & Postits\",\"adUnit\":[{\"col3\":\"Single Page insert\",\"col1\":\"$15\",\"col2\":\"\",\"col4\":\"\"}]}}},\"20\":[\"15\"]}}', '2017-03-23 18:28:18', '2017-03-23 18:28:18', '2cffb3c4-7138-4679-8ae6-8fb61632bae2'),
 ('134', '73', '7', '1', 'en_us', '5', '', '{\"typeId\":\"7\",\"authorId\":\"1\",\"title\":\"Daily Kent Stater Ads\",\"slug\":\"daily-kent-stater-ads\",\"postDate\":1490293200,\"expiryDate\":null,\"enabled\":1,\"parentId\":null,\"fields\":{\"31\":[\"42\"],\"32\":{\"74\":{\"type\":\"adUnit\",\"enabled\":\"1\",\"fields\":{\"adType\":\"Display Ads\",\"adUnit\":[{\"col3\":\"Full Page\",\"col1\":\"$11.00\",\"col2\":\"11x17\\\"\",\"col4\":\"\"},{\"col3\":\"Quarter Page\",\"col1\":\"$15.00\",\"col2\":\"25x22\",\"col4\":\"\"}],\"adDescription\":\"Ads smallerr than 1\\/6 ....\"}},\"75\":{\"type\":\"adUnit\",\"enabled\":\"1\",\"fields\":{\"adType\":\"Inserts & Postits\",\"adUnit\":[{\"col3\":\"Single Page insert\",\"col1\":\"$15\",\"col2\":\"\",\"col4\":\"\"}],\"adDescription\":\"\"}}},\"20\":[\"15\"]}}', '2017-03-23 18:29:13', '2017-03-23 18:29:13', '470a8d5b-63ea-4285-b9b4-56988cdc3660'),
 ('136', '73', '7', '1', 'en_us', '6', '', '{\"typeId\":\"7\",\"authorId\":\"1\",\"title\":\"Daily Kent Stater Ads\",\"slug\":\"daily-kent-stater-ads\",\"postDate\":1490293200,\"expiryDate\":null,\"enabled\":1,\"parentId\":null,\"fields\":{\"31\":[\"68\"],\"32\":{\"74\":{\"type\":\"adUnit\",\"enabled\":\"1\",\"fields\":{\"adType\":\"Display Ads\",\"adUnit\":[{\"col3\":\"Full Page\",\"col1\":\"$11.00\",\"col2\":\"11x17\\\"\",\"col4\":\"\"},{\"col3\":\"Quarter Page\",\"col1\":\"$15.00\",\"col2\":\"25x22\",\"col4\":\"\"}],\"adDescription\":\"Ads smallerr than 1\\/6 ....\"}},\"75\":{\"type\":\"adUnit\",\"enabled\":\"1\",\"fields\":{\"adType\":\"Inserts & Postits\",\"adUnit\":[{\"col3\":\"Single Page insert\",\"col1\":\"$15\",\"col2\":\"\",\"col4\":\"\"}],\"adDescription\":\"\"}}},\"20\":[\"15\"]}}', '2017-04-06 18:40:59', '2017-04-06 18:40:59', '19a5df6c-a5e3-420f-974a-b84b58fd2c9d'),
 ('139', '81', '7', '1', 'en_us', '1', '', '{\"typeId\":null,\"authorId\":\"1\",\"title\":\"Luna Negra\",\"slug\":\"luna-negra\",\"postDate\":1491506640,\"expiryDate\":null,\"enabled\":1,\"parentId\":null,\"fields\":{\"31\":[\"68\"],\"32\":\"\",\"20\":[\"24\"]}}', '2017-04-06 19:24:00', '2017-04-06 19:24:00', '34b8aaa4-2abf-4cc7-afb1-302163cc3ff9'),
 ('140', '81', '7', '1', 'en_us', '2', '', '{\"typeId\":\"7\",\"authorId\":\"1\",\"title\":\"Luna Negra\",\"slug\":\"luna-negra\",\"postDate\":1491506640,\"expiryDate\":null,\"enabled\":1,\"parentId\":null,\"fields\":{\"31\":[\"68\"],\"32\":{\"new1\":{\"type\":\"adUnit\",\"enabled\":\"1\",\"fields\":{\"adType\":\"asdfgh\",\"adUnit\":[{\"col3\":\"\",\"col1\":\"\",\"col2\":\"\",\"col4\":\"\"}],\"adDescription\":\"\"}}},\"20\":[\"24\"]}}', '2017-04-06 19:25:39', '2017-04-06 19:25:39', '7b43bbb6-5a0d-4c6c-b74f-3bd935bb0008'),
 ('142', '2', '1', '1', 'en_us', '21', '', '{\"typeId\":null,\"authorId\":null,\"title\":\"About Kent Student Media\",\"slug\":\"homepage\",\"postDate\":1484237579,\"expiryDate\":null,\"enabled\":1,\"parentId\":null,\"fields\":{\"1\":\"<p>Award-winning, nationally recognized and locally focused. Our independent, student-run media partners create content the campus and Kent community seek. Students learn practical skills through the professional learning opportunities available through Kent State Student Media. Advertising with Kent State Student Media is an excellent way to make sure you reach your audience.<\\/p>\",\"12\":\"This is our description\",\"13\":[\"64\"],\"16\":\"\",\"17\":\"Tigger the dog\",\"25\":\"\",\"21\":\"Kent State Student Media is made by students, for students.\",\"22\":\"https:\\/\\/player.vimeo.com\\/video\\/183532877\"}}', '2017-04-07 15:48:45', '2017-04-07 15:48:45', '15599315-443d-4dc4-9f5a-f01b7bedf266'),
 ('143', '2', '1', '1', 'en_us', '22', '', '{\"typeId\":null,\"authorId\":null,\"title\":\"About Kent Student Media\",\"slug\":\"homepage\",\"postDate\":1484237579,\"expiryDate\":null,\"enabled\":1,\"parentId\":null,\"fields\":{\"1\":\"<p>Award-winning, nationally recognized and locally focused. Our independent, student-run media partners create content the campus and Kent community seek. Students learn practical skills through the professional learning opportunities available through Kent State Student Media. Advertising with Kent State Student Media is an excellent way to make sure you reach your audience.<\\/p>\",\"12\":\"This is our description\",\"13\":[\"64\"],\"16\":\"\",\"17\":\"Tigger the dog\",\"25\":\"\",\"21\":\"Kent State Student Media is made by students, for students.\",\"22\":\"https:\\/\\/player.vimeo.com\\/video\\/183532877\"}}', '2017-04-10 19:59:18', '2017-04-10 19:59:18', '0167976a-4dd0-4be5-abb7-d7a613d91411'),
 ('144', '2', '1', '1', 'en_us', '23', '', '{\"typeId\":null,\"authorId\":null,\"title\":\"About Kent Student Media\",\"slug\":\"homepage\",\"postDate\":1484237579,\"expiryDate\":null,\"enabled\":1,\"parentId\":null,\"fields\":{\"1\":\"<p>Award-winning, nationally recognized and locally focused. Our independent, student-run media partners create content the campus and Kent community seek. Students learn practical skills through the professional learning opportunities available through Kent State Student Media. Advertising with Kent State Student Media is an excellent way to make sure you reach your audience.<\\/p>\",\"12\":\"This is our description\",\"13\":[\"64\",\"90\",\"88\"],\"16\":\"\",\"17\":\"Tigger the dog\",\"25\":\"\",\"21\":\"Kent State Student Media is made by students, for students.\",\"22\":\"https:\\/\\/player.vimeo.com\\/video\\/183532877\"}}', '2017-04-10 19:59:27', '2017-04-10 19:59:27', 'c15b3c62-8076-4838-b0a9-62aa520a15ba'),
 ('145', '11', '5', '1', 'en_us', '6', '', '{\"typeId\":\"5\",\"authorId\":\"1\",\"title\":\"85+\",\"slug\":\"this-is-a-fun-statistic\",\"postDate\":1487973000,\"expiryDate\":null,\"enabled\":1,\"parentId\":null,\"fields\":{\"25\":\"years involved within the Kent community\"}}', '2017-04-13 19:39:10', '2017-04-13 19:39:10', '9a9fbe29-c102-46b6-bad0-2a41504d3b8c'),
 ('146', '2', '1', '1', 'en_us', '24', '', '{\"typeId\":null,\"authorId\":null,\"title\":\"About Kent Student Media\",\"slug\":\"homepage\",\"postDate\":1484237579,\"expiryDate\":null,\"enabled\":1,\"parentId\":null,\"fields\":{\"1\":\"<p>Award-winning, nationally recognized and locally focused. Our independent, student-run media partners create content the campus and Kent community seek. Students learn practical skills through the professional learning opportunities available through Kent State Student Media. Advertising with Kent State Student Media is an excellent way to make sure you reach your audience.<\\/p>\",\"12\":\"This is our description\",\"13\":[\"64\",\"90\",\"88\"],\"16\":\"\",\"17\":\"Tigger the dog\",\"25\":\"\",\"21\":\"Kent State Student Media is made by students, for students.\",\"22\":\"https:\\/\\/vimeo.com\\/210945217\"}}', '2017-04-13 20:01:04', '2017-04-13 20:01:04', '452aee30-70b5-4561-9d7f-985d58736129'),
 ('147', '2', '1', '1', 'en_us', '25', '', '{\"typeId\":null,\"authorId\":null,\"title\":\"About Kent Student Media\",\"slug\":\"homepage\",\"postDate\":1484237579,\"expiryDate\":null,\"enabled\":1,\"parentId\":null,\"fields\":{\"1\":\"<p>Award-winning, nationally recognized and locally focused. Our independent, student-run media partners create content the campus and Kent community seek. Students learn practical skills through the professional learning opportunities available through Kent State Student Media. Advertising with Kent State Student Media is an excellent way to make sure you reach your audience.<\\/p>\",\"12\":\"This is our description\",\"13\":[\"64\",\"90\",\"88\"],\"16\":\"\",\"17\":\"Tigger the dog\",\"25\":\"\",\"21\":\"Kent State Student Media is made by students, for students.\",\"22\":\"https:\\/\\/player.vimeo.com\\/video\\/210945217\"}}', '2017-04-13 20:02:38', '2017-04-13 20:02:38', '884d89ee-9850-4f41-b312-5772ef41288a'),
 ('148', '71', '7', '1', 'en_us', '2', '', '{\"typeId\":\"7\",\"authorId\":\"1\",\"title\":\"KentWired website\",\"slug\":\"ad-2\",\"postDate\":1490292600,\"expiryDate\":null,\"enabled\":1,\"parentId\":null,\"fields\":{\"31\":[\"69\"],\"32\":{\"72\":{\"type\":\"adUnits\",\"enabled\":\"1\",\"fields\":{\"adType\":\"Web Ads\",\"adUnitr\":[{\"col3\":\"728 x 90\",\"col1\":\"$195 still, $215 flash\",\"col2\":\"\"}],\"adDescription\":\"Place your ad where the campus and community turns first for breaking news, extended news and entertainment. Each banner ad includes a link to your site, monthly statistics and ad design services.\"}}},\"20\":[\"23\"]}}', '2017-04-13 20:22:29', '2017-04-13 20:22:29', '7ff5c92d-91d8-4b47-8167-47b70cb92496'),
 ('149', '91', '7', '1', 'en_us', '1', '', '{\"typeId\":null,\"authorId\":\"1\",\"title\":\"KentWired Sponsored Tweets\",\"slug\":\"kentwired-sponsored-tweets\",\"postDate\":1492115047,\"expiryDate\":null,\"enabled\":1,\"parentId\":null,\"fields\":{\"31\":\"\",\"32\":\"\",\"20\":\"\"}}', '2017-04-13 20:24:07', '2017-04-13 20:24:07', '4fa72dfe-417d-4cec-bb0e-4c2d97392707'),
 ('150', '91', '7', '1', 'en_us', '2', '', '{\"typeId\":\"7\",\"authorId\":\"1\",\"title\":\"KentWired Sponsored Tweets\",\"slug\":\"kentwired-sponsored-tweets\",\"postDate\":1492115040,\"expiryDate\":null,\"enabled\":1,\"parentId\":null,\"fields\":{\"31\":[\"69\"],\"32\":{\"new1\":{\"type\":\"adUnits\",\"enabled\":\"1\",\"fields\":{\"adType\":\"\",\"adUnitr\":[{\"col3\":\"\",\"col1\":\"\",\"col2\":\"\"}],\"adDescription\":\"\"}}},\"20\":\"\"}}', '2017-04-13 20:31:54', '2017-04-13 20:31:54', '4e03c572-500f-432a-9fae-e364596222d2'),
 ('151', '81', '7', '1', 'en_us', '3', '', '{\"typeId\":\"7\",\"authorId\":\"1\",\"title\":\"A Magazine, The Burr, Fusion, Luna Negra and Uhuru\",\"slug\":\"luna-negra\",\"postDate\":1491506640,\"expiryDate\":null,\"enabled\":1,\"parentId\":null,\"fields\":{\"31\":[\"68\"],\"32\":{\"82\":{\"type\":\"adUnits\",\"enabled\":\"1\",\"fields\":{\"adType\":\"asdfgh\",\"adUnitr\":[{\"col3\":\"\",\"col1\":\"\",\"col2\":\"\"}],\"adDescription\":\"\"}}},\"20\":[\"24\",\"21\",\"22\",\"14\",\"10\"]}}', '2017-04-13 20:33:50', '2017-04-13 20:33:50', '19956368-2d0b-4e9f-87bc-3b9230425750'),
 ('152', '93', '4', '1', 'en_us', '1', NULL, '{\"typeId\":null,\"authorId\":\"1\",\"title\":\"Transitions\",\"slug\":\"transitions\",\"postDate\":1492115655,\"expiryDate\":null,\"enabled\":1,\"parentId\":null,\"fields\":{\"31\":\"\",\"12\":\"\",\"36\":\"\",\"13\":\"\",\"14\":\"\",\"29\":\"\",\"26\":\"\"}}', '2017-04-13 20:34:15', '2017-04-13 20:34:15', '7b76dd4b-9e9d-4d9b-bb1c-9307740045ac'),
 ('153', '94', '7', '1', 'en_us', '1', '', '{\"typeId\":null,\"authorId\":\"1\",\"title\":\"Transitions\",\"slug\":\"transitions\",\"postDate\":1492115659,\"expiryDate\":null,\"enabled\":1,\"parentId\":null,\"fields\":{\"31\":[\"68\"],\"32\":\"\",\"20\":[\"93\"]}}', '2017-04-13 20:34:19', '2017-04-13 20:34:19', '330c22a2-cf9d-443c-a38f-145fda8fe55f'),
 ('154', '95', '7', '1', 'en_us', '1', '', '{\"typeId\":null,\"authorId\":\"1\",\"title\":\"TV2\",\"slug\":\"tv2-1\",\"postDate\":1492115771,\"expiryDate\":null,\"enabled\":1,\"parentId\":null,\"fields\":{\"31\":[\"42\"],\"32\":\"\",\"20\":[\"20\"]}}', '2017-04-13 20:36:11', '2017-04-13 20:36:11', '5f69d9b0-d14b-4c78-a732-55df490744ba'),
 ('155', '96', '7', '1', 'en_us', '1', '', '{\"typeId\":null,\"authorId\":\"1\",\"title\":\"Creative Services\",\"slug\":\"creative-services\",\"postDate\":1492115821,\"expiryDate\":null,\"enabled\":1,\"parentId\":null,\"fields\":{\"31\":\"\",\"32\":{\"new1\":{\"type\":\"adUnits\",\"enabled\":\"1\",\"fields\":{\"adType\":\"TV 2 Productions\",\"adUnitr\":[{\"col3\":\"\",\"col1\":\"\",\"col2\":\"\"},{\"col3\":\"\",\"col1\":\"\",\"col2\":\"\"}],\"adDescription\":\"\"}},\"new2\":{\"type\":\"adUnits\",\"enabled\":\"1\",\"fields\":{\"adType\":\"BSR Mobile DJ\",\"adUnitr\":[{\"col3\":\"\",\"col1\":\"\",\"col2\":\"\"}],\"adDescription\":\"\"}}},\"20\":\"\"}}', '2017-04-13 20:37:01', '2017-04-13 20:37:01', '666f069b-c2f0-47d2-beea-727d22f249b1'),
 ('156', '99', '7', '1', 'en_us', '1', '', '{\"typeId\":null,\"authorId\":\"1\",\"title\":\"Black Squirrel Radio\",\"slug\":\"black-squirrel-radio\",\"postDate\":1492115841,\"expiryDate\":null,\"enabled\":1,\"parentId\":null,\"fields\":{\"31\":\"\",\"32\":\"\",\"20\":\"\"}}', '2017-04-13 20:37:21', '2017-04-13 20:37:21', '002de2cc-6e6b-4bc3-957b-565e6cfe741f'),
 ('157', '100', '7', '1', 'en_us', '1', '', '{\"typeId\":null,\"authorId\":\"1\",\"title\":\"KSU Independent Films\",\"slug\":\"ksu-independent-films\",\"postDate\":1492115882,\"expiryDate\":null,\"enabled\":1,\"parentId\":null,\"fields\":{\"31\":[\"42\"],\"32\":\"\",\"20\":\"\"}}', '2017-04-13 20:38:02', '2017-04-13 20:38:02', '41c8044d-6e57-4fad-bb71-04abda692eba'),
 ('158', '100', '7', '1', 'en_us', '2', '', '{\"typeId\":\"7\",\"authorId\":\"1\",\"title\":\"KSU Independent Films\",\"slug\":\"ksu-independent-films\",\"postDate\":1492115880,\"expiryDate\":null,\"enabled\":1,\"parentId\":null,\"fields\":{\"31\":[\"42\"],\"32\":\"\",\"20\":[\"25\"]}}', '2017-04-13 20:38:06', '2017-04-13 20:38:06', '019d16b3-2286-4022-8a45-c3d6f08fb511'),
 ('159', '73', '7', '1', 'en_us', '7', '', '{\"typeId\":\"7\",\"authorId\":\"1\",\"title\":\"The Stater\",\"slug\":\"daily-kent-stater-ads\",\"postDate\":1490293200,\"expiryDate\":null,\"enabled\":1,\"parentId\":null,\"fields\":{\"31\":[\"68\"],\"32\":{\"74\":{\"type\":\"adUnits\",\"enabled\":\"1\",\"fields\":{\"adType\":\"Display Ads\",\"adUnitr\":[{\"col3\":\"Full Page\",\"col1\":\"$11.00\",\"col2\":\"11x17\\\"\"},{\"col3\":\"Quarter Page\",\"col1\":\"$15.00\",\"col2\":\"25x22\"}],\"adDescription\":\"Ads smallerr than 1\\/6 ....\"}},\"75\":{\"type\":\"adUnits\",\"enabled\":\"1\",\"fields\":{\"adType\":\"Inserts & Postits\",\"adUnitr\":[{\"col3\":\"Single Page insert\",\"col1\":\"$15\",\"col2\":\"\"}],\"adDescription\":\"\"}}},\"20\":[\"15\"]}}', '2017-04-13 20:39:24', '2017-04-13 20:39:24', 'ddcfe8d8-a8ac-4674-a14b-d198ddd052a2'),
 ('160', '73', '7', '1', 'en_us', '8', '', '{\"typeId\":\"7\",\"authorId\":\"1\",\"title\":\"The Kent Stater\",\"slug\":\"daily-kent-stater-ads\",\"postDate\":1490293200,\"expiryDate\":null,\"enabled\":1,\"parentId\":null,\"fields\":{\"31\":[\"68\"],\"32\":{\"74\":{\"type\":\"adUnits\",\"enabled\":\"1\",\"fields\":{\"adType\":\"Display Ads\",\"adUnitr\":[{\"col3\":\"Full Page\",\"col1\":\"$11.00\",\"col2\":\"11x17\\\"\"},{\"col3\":\"Quarter Page\",\"col1\":\"$15.00\",\"col2\":\"25x22\"}],\"adDescription\":\"Ads smallerr than 1\\/6 ....\"}},\"75\":{\"type\":\"adUnits\",\"enabled\":\"1\",\"fields\":{\"adType\":\"Inserts & Postits\",\"adUnitr\":[{\"col3\":\"Single Page insert\",\"col1\":\"$15\",\"col2\":\"\"}],\"adDescription\":\"\"}}},\"20\":[\"15\"]}}', '2017-04-13 20:39:40', '2017-04-13 20:39:40', '7c73bba1-f774-448a-962c-47b54cc85d5c'),
 ('161', '71', '7', '1', 'en_us', '3', '', '{\"typeId\":\"7\",\"authorId\":\"1\",\"title\":\"KentWired Website\",\"slug\":\"ad-2\",\"postDate\":1490292600,\"expiryDate\":null,\"enabled\":1,\"parentId\":null,\"fields\":{\"31\":[\"69\"],\"32\":{\"72\":{\"type\":\"adUnits\",\"enabled\":\"1\",\"fields\":{\"adType\":\"Web Ads\",\"adUnitr\":[{\"col3\":\"728 x 90\",\"col1\":\"$195 still, $215 flash\",\"col2\":\"\"}],\"adDescription\":\"Place your ad where the campus and community turns first for breaking news, extended news and entertainment. Each banner ad includes a link to your site, monthly statistics and ad design services.\"}}},\"20\":[\"23\"]}}', '2017-04-13 20:39:52', '2017-04-13 20:39:52', '4437a5f0-2e1f-4535-8b22-519d1b3fc974'),
 ('162', '101', '4', '1', 'en_us', '1', NULL, '{\"typeId\":null,\"authorId\":\"1\",\"title\":\"Student Media Ad Sales\",\"slug\":\"student-media-ad-sales\",\"postDate\":1492116123,\"expiryDate\":null,\"enabled\":1,\"parentId\":null,\"fields\":{\"31\":\"\",\"12\":\"\",\"36\":\"\",\"13\":\"\",\"14\":\"\",\"29\":\"\",\"26\":\"\"}}', '2017-04-13 20:42:03', '2017-04-13 20:42:03', '7dbaf227-84fb-42f1-8204-3e81a19f6aea'),
 ('163', '102', '7', '1', 'en_us', '1', '', '{\"typeId\":null,\"authorId\":\"1\",\"title\":\"KentCribs\",\"slug\":\"kentcribs\",\"postDate\":1492116133,\"expiryDate\":null,\"enabled\":1,\"parentId\":null,\"fields\":{\"31\":[\"69\"],\"32\":\"\",\"20\":[\"101\"]}}', '2017-04-13 20:42:13', '2017-04-13 20:42:13', '0df3c736-7e47-4650-bf02-53e43132b366'),
 ('164', '103', '7', '1', 'en_us', '1', '', '{\"typeId\":null,\"authorId\":\"1\",\"title\":\"Advertising Bundles\",\"slug\":\"advertising-bundles\",\"postDate\":1492116300,\"expiryDate\":null,\"enabled\":1,\"parentId\":null,\"fields\":{\"31\":\"\",\"32\":{\"new1\":{\"type\":\"adBundle\",\"enabled\":\"1\",\"fields\":{\"bundleName\":\"Print, TV & Radio\",\"bundlePrice\":\"\",\"bundleDescription\":\"\"}}},\"20\":\"\"}}', '2017-04-13 20:45:00', '2017-04-13 20:45:00', '572fc6e0-2e0e-4233-b0f3-39a1d0f9ea82'),
 ('165', '103', '7', '1', 'en_us', '2', '', '{\"typeId\":\"7\",\"authorId\":\"1\",\"title\":\"Advertising Bundles\",\"slug\":\"advertising-bundles\",\"postDate\":1492116300,\"expiryDate\":null,\"enabled\":1,\"parentId\":null,\"fields\":{\"31\":\"\",\"32\":{\"104\":{\"type\":\"adBundle\",\"enabled\":\"1\",\"fields\":{\"bundleName\":\"Print, TV & Radio\",\"bundlePrice\":\"$325\",\"bundleDescription\":\"<ul><li>Two 1\\/16-page full color ads in The Kent Stater for two days.<\\/li><li>Twenty 10-second live-reads with your business\' logo shown on TV2 within two weeks<\\/li><li>Sixty 10-second live-reads on Black Squirrel Radio within one month.<\\/li><\\/ul>\"}},\"new1\":{\"type\":\"adBundle\",\"enabled\":\"1\",\"fields\":{\"bundleName\":\"Print, Web, & Radio\",\"bundlePrice\":\"$375\",\"bundleDescription\":\"<ul><li>A 1\\/8-page full color ad in The Kent Stater for one day.<\\/li><li>A 300x250 box ad on Kentwired.com for one week.<\\/li><li>Sixty 10-second live-reads on Black Squirrel Radio within one month.<\\/li><\\/ul>\"}},\"new2\":{\"type\":\"adBundle\",\"enabled\":\"1\",\"fields\":{\"bundleName\":\"Print, Web, & Twitter\",\"bundlePrice\":\"$425\",\"bundleDescription\":\"<ul><li>A 1\\/8-page full color ad in The Kent Stater for one day.<\\/li><li>A 300x250 box ad on Kentwired.com for one week.<\\/li><li>One sponsored tweet on the @Kentwired handle.<\\/li><\\/ul>\"}},\"new3\":{\"type\":\"adBundle\",\"enabled\":\"1\",\"fields\":{\"bundleName\":\"Print, Web, & Twitter Deluxe\",\"bundlePrice\":\"$525\",\"bundleDescription\":\"<ul><li>A 1\\/4-page full color ad in The Kent Stater for one day.<\\/li><li>A 728x90 banner ad on Kentwired.com for one week.<\\/li><li>One sponsored tweet on the @Kentwired handle.<\\/li><\\/ul>\"}},\"new4\":{\"type\":\"adBundle\",\"enabled\":\"1\",\"fields\":{\"bundleName\":\"Print, Web, Twitter & Radio\",\"bundlePrice\":\"$575\",\"bundleDescription\":\"<ul><li>A 1\\/4-page full color ad in The Kent Stater for one day.&nbsp;<\\/li><li>A 728x90 banner on Kentwired.com for one week.<\\/li><li>One sponsored tweet on the @Kentwired handle<\\/li><li>Sixty 10-second live-reads on Black Squirrel Radio within one month.<\\/li><\\/ul>\"}},\"new5\":{\"type\":\"adBundle\",\"enabled\":\"1\",\"fields\":{\"bundleName\":\"Print, Web, Twitter, Radio & TV\",\"bundlePrice\":\"$625\",\"bundleDescription\":\"<ul><li>A 1\\/4-page full color ad in The Kent Stater for one day.<\\/li><li>A 728x90 banner ad on Kentwired.com for one week.<\\/li><li>One sponsored tweet on the @Kentwired handle<\\/li><li>Sixty 10-second live-reads on Black Squirrel Radio within one month.<\\/li><\\/ul>\"}}},\"20\":\"\"}}', '2017-04-14 21:45:58', '2017-04-14 21:45:58', '65c585c4-02ad-4b63-b028-696ae274be3a'),
 ('166', '103', '7', '1', 'en_us', '3', '', '{\"typeId\":\"7\",\"authorId\":\"1\",\"title\":\"Advertising Bundles\",\"slug\":\"advertising-bundles\",\"postDate\":1492116300,\"expiryDate\":null,\"enabled\":1,\"parentId\":null,\"fields\":{\"31\":\"\",\"32\":{\"104\":{\"type\":\"adBundle\",\"enabled\":\"1\",\"fields\":{\"bundleName\":\"Print, TV & Radio\",\"bundlePrice\":\"$325\",\"bundleDescription\":\"<ul><li>Two 1\\/16-page full color ads in The Kent Stater for two days.<\\/li><li>Twenty 10-second live-reads with your business\' logo shown on TV2 within two weeks<\\/li><li>Sixty 10-second live-reads on Black Squirrel Radio within one month.<\\/li><\\/ul>\"}},\"105\":{\"type\":\"adBundle\",\"enabled\":\"1\",\"fields\":{\"bundleName\":\"Print, Web, & Radio\",\"bundlePrice\":\"$375\",\"bundleDescription\":\"<ul><li>A 1\\/8-page full color ad in The Kent Stater for one day.<\\/li><li>A 300x250 box ad on Kentwired.com for one week.<\\/li><li>Sixty 10-second live-reads on Black Squirrel Radio within one month.<\\/li><\\/ul>\"}},\"106\":{\"type\":\"adBundle\",\"enabled\":\"1\",\"fields\":{\"bundleName\":\"Print, Web, & Twitter\",\"bundlePrice\":\"$425\",\"bundleDescription\":\"<ul><li>A 1\\/8-page full color ad in The Kent Stater for one day.<\\/li><li>A 300x250 box ad on Kentwired.com for one week.<\\/li><li>One sponsored tweet on the @Kentwired handle.<\\/li><\\/ul>\"}},\"107\":{\"type\":\"adBundle\",\"enabled\":\"1\",\"fields\":{\"bundleName\":\"Print, Web, & Twitter Deluxe\",\"bundlePrice\":\"$525\",\"bundleDescription\":\"<ul><li>A 1\\/4-page full color ad in The Kent Stater for one day.<\\/li><li>A 728x90 banner ad on Kentwired.com for one week.<\\/li><li>One sponsored tweet on the @Kentwired handle.<\\/li><\\/ul>\"}},\"108\":{\"type\":\"adBundle\",\"enabled\":\"1\",\"fields\":{\"bundleName\":\"Print, Web, Twitter & Radio\",\"bundlePrice\":\"$575\",\"bundleDescription\":\"<ul><li>A 1\\/4-page full color ad in The Kent Stater for one day.&nbsp;<\\/li><li>A 728x90 banner on Kentwired.com for one week.<\\/li><li>One sponsored tweet on the @Kentwired handle<\\/li><li>Sixty 10-second live-reads on Black Squirrel Radio within one month.<\\/li><\\/ul>\"}},\"109\":{\"type\":\"adBundle\",\"enabled\":\"1\",\"fields\":{\"bundleName\":\"Print, Web, Twitter, Radio & TV\",\"bundlePrice\":\"$625\",\"bundleDescription\":\"<ul><li>A 1\\/4-page full color ad in The Kent Stater for one day.<\\/li><li>A 728x90 banner ad on Kentwired.com for one week.<\\/li><li>One sponsored tweet on the @Kentwired handle<\\/li><li>Sixty 10-second live-reads on Black Squirrel Radio within one month.<\\/li><\\/ul>\"}}},\"20\":\"\"}}', '2017-04-14 21:46:25', '2017-04-14 21:46:25', '43dc6644-54b7-4305-ac20-4ec864d979cc'),
 ('167', '102', '7', '1', 'en_us', '2', '', '{\"typeId\":\"7\",\"authorId\":\"1\",\"title\":\"KentCribs\",\"slug\":\"kentcribs\",\"postDate\":1492116120,\"expiryDate\":null,\"enabled\":1,\"parentId\":null,\"fields\":{\"31\":[\"69\"],\"32\":{\"new1\":{\"type\":\"adUnits\",\"enabled\":\"1\",\"fields\":{\"adType\":\"Rental Listings\",\"adUnitr\":[{\"col3\":\"Rental Listings\",\"col1\":\"$75\\/month\",\"col2\":\"\"}],\"adDescription\":\"Fill your vacancies faster with a Kentcribs listing. The listing showcases your property with unlimited photos and narrative. Prospective tenants can also email or call you directly from a mobile device.\"}}},\"20\":[\"101\"]}}', '2017-04-14 21:49:58', '2017-04-14 21:49:58', '4d499fe6-b1eb-46f3-8888-c5ba98861361'),
 ('168', '102', '7', '1', 'en_us', '3', '', '{\"typeId\":\"7\",\"authorId\":\"1\",\"title\":\"KentCribs\",\"slug\":\"kentcribs\",\"postDate\":1492116120,\"expiryDate\":null,\"enabled\":1,\"parentId\":null,\"fields\":{\"31\":[\"69\"],\"32\":{\"110\":{\"type\":\"adUnits\",\"enabled\":\"1\",\"fields\":{\"adType\":\"Rental Listings\",\"adUnitr\":[{\"col3\":\"Rental Listings\",\"col1\":\"$75\\/month\",\"col2\":\"\"}],\"adDescription\":\"Fill your vacancies faster with a Kentcribs listing. The listing showcases your property with unlimited photos and narrative. Prospective tenants can also email or call you directly from a mobile device. Listings include: \\u2022 Name \\u2022 Phone \\u2022 Address \\u2022 Email \\u2022 Web link \\u2022 Photos \\u2022 Price\\/month\\/unit \\u2022 Apartment type \\u2022 # rooms & baths \\u2022 Amenities \\u2022 Floor plans \\u2022 Map \\u2022 Unlimited narrative \\u2022 Distance from KSU Student Center\"}}},\"20\":[\"101\"]}}', '2017-04-14 21:50:44', '2017-04-14 21:50:44', 'c70ace52-3449-4bc5-aec5-eb9c8353a7f2'),
 ('169', '71', '7', '1', 'en_us', '4', '', '{\"typeId\":\"7\",\"authorId\":\"1\",\"title\":\"KentWired Website\",\"slug\":\"ad-2\",\"postDate\":1490292600,\"expiryDate\":null,\"enabled\":1,\"parentId\":null,\"fields\":{\"31\":[\"69\"],\"32\":{\"72\":{\"type\":\"adUnits\",\"enabled\":\"1\",\"fields\":{\"adType\":\"Web Ads\",\"adUnitr\":[{\"col3\":\"728 x 90\",\"col1\":\"$195 still, $215 flash\",\"col2\":\"\"}],\"adDescription\":\"Place your ad where the campus and community turns first for breaking news, extended news and entertainment. Each banner ad includes a link to your site, monthly statistics and ad design services.\"}},\"new1\":{\"type\":\"adUnits\",\"enabled\":\"1\",\"fields\":{\"adType\":\"\",\"adUnitr\":[{\"col3\":\"\",\"col1\":\"\",\"col2\":\"\"}],\"adDescription\":\"\"}}},\"20\":[\"23\"]}}', '2017-04-14 21:58:18', '2017-04-14 21:58:18', 'b594f745-d286-471a-a903-9bec522b2b50'),
 ('170', '71', '7', '1', 'en_us', '5', '', '{\"typeId\":\"7\",\"authorId\":\"1\",\"title\":\"KentWired Website\",\"slug\":\"ad-2\",\"postDate\":1490292600,\"expiryDate\":null,\"enabled\":1,\"parentId\":null,\"fields\":{\"31\":[\"69\"],\"32\":{\"72\":{\"type\":\"adUnits\",\"enabled\":\"1\",\"fields\":{\"adType\":\"Web Ads\",\"adUnitr\":[{\"col3\":\"728 x 90\",\"col1\":\"$195 still, $215 flash\",\"col2\":\"\"},{\"col3\":\"728 x 90 \",\"col1\":\"$650 still, $700 flash\",\"col2\":\"\"},{\"col3\":\"960 x 30\",\"col1\":\"$125 still, $150 flash\",\"col2\":\"\"},{\"col3\":\"960 x 30\",\"col1\":\"$425 still, $500 flash\",\"col2\":\"\"}],\"adDescription\":\"Place your ad where the campus and community turns first for breaking news, extended news and entertainment. Each banner ad includes a link to your site, monthly statistics and ad design services.\"}},\"111\":{\"type\":\"adUnits\",\"enabled\":\"1\",\"fields\":{\"adType\":\"\",\"adUnitr\":[{\"col3\":\"\",\"col1\":\"\",\"col2\":\"\"}],\"adDescription\":\"\"}}},\"20\":[\"23\"]}}', '2017-04-14 22:02:03', '2017-04-14 22:02:03', '85a69a4d-c649-4f99-b0d1-5c435c2fbf78'),
 ('171', '71', '7', '1', 'en_us', '6', '', '{\"typeId\":\"7\",\"authorId\":\"1\",\"title\":\"KentWired Website\",\"slug\":\"ad-2\",\"postDate\":1490292600,\"expiryDate\":null,\"enabled\":1,\"parentId\":null,\"fields\":{\"31\":[\"69\"],\"32\":{\"72\":{\"type\":\"adUnits\",\"enabled\":\"1\",\"fields\":{\"adType\":\"Web Ads\",\"adUnitr\":[{\"col3\":\"728 x 90\",\"col1\":\"$195 still, $215 flash\",\"col2\":\"\"},{\"col3\":\"728 x 90 \",\"col1\":\"$650 still, $700 flash\",\"col2\":\"\"},{\"col3\":\"960 x 30\",\"col1\":\"$125 still, $150 flash\",\"col2\":\"\"},{\"col3\":\"960 x 30\",\"col1\":\"$425 still, $500 flash\",\"col2\":\"\"},{\"col3\":\"300 x 250\",\"col1\":\"$175 still, $195 flash\",\"col2\":\"\"},{\"col3\":\"300 x 250\",\"col1\":\"$600 still, $650 flash\",\"col2\":\"\"},{\"col3\":\"180 x 600\",\"col1\":\"$100 still, $125 flash\",\"col2\":\"\"},{\"col3\":\"180 x 600\",\"col1\":\"$350 still, $425 flash\",\"col2\":\"\"},{\"col3\":\"120 x 600\",\"col1\":\"$75 still, $100 flash\",\"col2\":\"\"},{\"col3\":\"120 x 600\",\"col1\":\"$275 still, $350 flash\",\"col2\":\"\"}],\"adDescription\":\"Place your ad where the campus and community turns first for breaking news, extended news and entertainment. Each banner ad includes a link to your site, monthly statistics and ad design services.\"}},\"111\":{\"type\":\"adUnits\",\"enabled\":\"1\",\"fields\":{\"adType\":\"Video Pre-Roll\",\"adUnitr\":[{\"col3\":\"\",\"col1\":\"$125\",\"col2\":\"\"},{\"col3\":\"\",\"col1\":\"$450\",\"col2\":\"\"}],\"adDescription\":\"Fifteen-second commercial or video prior to TV2 videos on Kentwired.com. We offer production services if required. Please see page 17 for pricing and more information.\"}}},\"20\":[\"23\"]}}', '2017-04-14 22:26:43', '2017-04-14 22:26:43', '0f726a7a-a823-4461-8d9f-c655df268342'),
 ('172', '91', '7', '1', 'en_us', '3', '', '{\"typeId\":\"7\",\"authorId\":\"1\",\"title\":\"KentWired Sponsored Tweets\",\"slug\":\"kentwired-sponsored-tweets\",\"postDate\":1492115040,\"expiryDate\":null,\"enabled\":1,\"parentId\":null,\"fields\":{\"31\":[\"69\"],\"32\":{\"92\":{\"type\":\"adUnits\",\"enabled\":\"1\",\"fields\":{\"adType\":\"Sponsored Tweets\",\"adUnitr\":[{\"col3\":\"\",\"col1\":\"$85\\/tweet\",\"col2\":\"\"},{\"col3\":\"\",\"col1\":\"$75\\/tweet (minimum purchase of 4)\",\"col2\":\"\"},{\"col3\":\"\",\"col1\":\"$65\\/tweet (minimum purchase of 8)\",\"col2\":\"\"}],\"adDescription\":\"Kentwired currently has more than 9,100 followers on its Twitter account. Sponsored tweets can be purchased for any time of day, any day of the week. Limit of one sponsored tweet per day and a maximum of four per week. Tweets may contain up to 131 characters and must include \\u201cSPONSORED.\\u201d Including hashtags and mentions aid in building traffic and engagement. Tweets may also include creative and\\/or photos. Monthly statistics will be sent to all advertisers. \"}}},\"20\":\"\"}}', '2017-04-14 22:28:27', '2017-04-14 22:28:27', '753af062-74a7-41fe-a0e2-2dd305fcb722'),
 ('173', '73', '7', '1', 'en_us', '9', '', '{\"typeId\":\"7\",\"authorId\":\"1\",\"title\":\"The Kent Stater\",\"slug\":\"daily-kent-stater-ads\",\"postDate\":1490293200,\"expiryDate\":null,\"enabled\":1,\"parentId\":null,\"fields\":{\"31\":[\"68\"],\"32\":{\"74\":{\"type\":\"adUnits\",\"enabled\":\"1\",\"fields\":{\"adType\":\"Display Ads\",\"adUnitr\":[{\"col3\":\"Full Page\",\"col1\":\"$1,450 (local), $1,100 (campus\\/non-profit)\",\"col2\":\"11\\\" x 21\\\"\"},{\"col3\":\"Front Page\",\"col1\":\"$450 (local), $400 (campus\\/non-profit)\",\"col2\":\"11\\\" x 3\\\"\"},{\"col3\":\"2\\/3 Page\",\"col1\":\"$975 (local), $735 (campus\\/non-profit)\",\"col2\":\"7.23\\\" x 21\\\"\"},{\"col3\":\"1\\/2 Page\",\"col1\":\"$725 (local), $550 (campus\\/non-profit)\",\"col2\":\"11\\\" x 10.5\\\"\"},{\"col3\":\"1\\/4 Page \",\"col1\":\"$375 (local), $275 (campus\\/non-profit)\",\"col2\":\"5.44\\\" x 10.5\\\" \"},{\"col3\":\"1\\/8 Page\",\"col1\":\"$175 (local), $130 (campus\\/non-profit)\",\"col2\":\"5.44\\\" x 5\\\"\"},{\"col3\":\"1\\/16 Page\",\"col1\":\"$75 (local), $55 (campus\\/non-profit)\",\"col2\":\"5.44\\\" x 2\\\" \"}],\"adDescription\":\"Ads smaller than 1\\/16 will run on the classifieds page and are priced on an individual basis\"}},\"75\":{\"type\":\"adUnits\",\"enabled\":\"1\",\"fields\":{\"adType\":\"Color Pricing\",\"adUnitr\":[{\"col3\":\"Full Color\",\"col1\":\"$75\",\"col2\":\"\"},{\"col3\":\"Black + 1 Color\",\"col1\":\"$30\",\"col2\":\"\"}],\"adDescription\":\"\"}},\"new1\":{\"type\":\"adUnits\",\"enabled\":\"1\",\"fields\":{\"adType\":\"Inserts & Post-its\",\"adUnitr\":[{\"col3\":\"Single-Page Insert\",\"col1\":\"$450\",\"col2\":\"\"},{\"col3\":\"Multi-Page Insert\",\"col1\":\"$500\",\"col2\":\"\"},{\"col3\":\"3\\\"x3\\\" or 4\\\"x5\\\" Post-it\",\"col1\":\"$600\",\"col2\":\"\"}],\"adDescription\":\"Post-Its must be printed in a fan-fold and boxed. The unwind direction must be #1 or #3. Insert\\/Post-it sample must be submitted to Kent State Student Media for approval. Inserts\\/Post-its must be printed by the client and shipped directly to the printer at least one week prior to insertion. Inserts and Post-Its are within every copy of The Kent Stater. Advertisers should print and ship 6,750 total. Kent State Student Media can arrange the printing of the Post-Its for advertisers for an additional $75. Please ship directly to: Midwest Offset 629 Wabash Avenue NW New Philadelphia, Ohio 44663 800-837-8666\"}}},\"20\":[\"15\"]}}', '2017-04-14 22:37:18', '2017-04-14 22:37:18', '05a61458-70e0-41bf-9dc5-882960b7cc28'),
 ('174', '2', '1', '1', 'en_us', '26', '', '{\"typeId\":null,\"authorId\":null,\"title\":\"About Kent Student Media\",\"slug\":\"homepage\",\"postDate\":1484237579,\"expiryDate\":null,\"enabled\":1,\"parentId\":null,\"fields\":{\"1\":\"<p>Award-winning, nationally recognized and locally focused. Our independent, student-run media partners create content the campus and Kent community seek. Students learn practical skills through the professional learning opportunities available through Kent State Student Media. Advertising with Kent State Student Media is an excellent way to make sure you reach your audience.<\\/p>\",\"12\":\"This is our description\",\"13\":[\"64\",\"90\",\"88\"],\"16\":\"\",\"17\":\"\",\"25\":\"\",\"21\":\"Kent State Student Media is made by students, for students.\",\"22\":\"https:\\/\\/player.vimeo.com\\/video\\/210945217\"}}', '2017-04-14 23:01:06', '2017-04-14 23:01:06', '586a4e1d-ea9c-4d23-9bf9-75d1bb666bf8'),
 ('175', '71', '7', '1', 'en_us', '7', '', '{\"typeId\":\"7\",\"authorId\":\"1\",\"title\":\"KentWired Website\",\"slug\":\"ad-2\",\"postDate\":1490292600,\"expiryDate\":null,\"enabled\":1,\"parentId\":null,\"fields\":{\"31\":[\"69\"],\"32\":{\"72\":{\"type\":\"adUnits\",\"enabled\":\"1\",\"fields\":{\"adType\":\"Web Ads\",\"adUnitr\":[{\"col3\":\"728 x 90\",\"col1\":\"$195 still, $215 flash\",\"col2\":\"\",\"col4\":\"Weekly\"},{\"col3\":\"728 x 90 \",\"col1\":\"$650 still, $700 flash\",\"col2\":\"\",\"col4\":\"Monthly\"},{\"col3\":\"960 x 30\",\"col1\":\"$125 still, $150 flash\",\"col2\":\"\",\"col4\":\"\"},{\"col3\":\"960 x 30\",\"col1\":\"$425 still, $500 flash\",\"col2\":\"\",\"col4\":\"\"},{\"col3\":\"300 x 250\",\"col1\":\"$175 still, $195 flash\",\"col2\":\"\",\"col4\":\"\"},{\"col3\":\"300 x 250\",\"col1\":\"$600 still, $650 flash\",\"col2\":\"\",\"col4\":\"\"},{\"col3\":\"180 x 600\",\"col1\":\"$100 still, $125 flash\",\"col2\":\"\",\"col4\":\"\"},{\"col3\":\"180 x 600\",\"col1\":\"$350 still, $425 flash\",\"col2\":\"\",\"col4\":\"\"},{\"col3\":\"120 x 600\",\"col1\":\"$75 still, $100 flash\",\"col2\":\"\",\"col4\":\"\"},{\"col3\":\"120 x 600\",\"col1\":\"$275 still, $350 flash\",\"col2\":\"\",\"col4\":\"\"}],\"adDescription\":\"Place your ad where the campus and community turns first for breaking news, extended news and entertainment. Each banner ad includes a link to your site, monthly statistics and ad design services.\"}},\"111\":{\"type\":\"adUnits\",\"enabled\":\"1\",\"fields\":{\"adType\":\"Video Pre-Roll\",\"adUnitr\":[{\"col3\":\"\",\"col1\":\"$125\",\"col2\":\"\",\"col4\":\"Weekly\"},{\"col3\":\"\",\"col1\":\"$450\",\"col2\":\"\",\"col4\":\"Monthly\"}],\"adDescription\":\"Fifteen-second commercial or video prior to TV2 videos on Kentwired.com. We offer production services if required. Please see page 17 for pricing and more information.\"}}},\"20\":[\"23\"]}}', '2017-04-15 14:07:32', '2017-04-15 14:07:32', '8181eac2-dbe2-442a-98b3-63ee7be6c394'),
 ('176', '71', '7', '1', 'en_us', '8', '', '{\"typeId\":\"7\",\"authorId\":\"1\",\"title\":\"KentWired Website\",\"slug\":\"ad-2\",\"postDate\":1490292600,\"expiryDate\":null,\"enabled\":1,\"parentId\":null,\"fields\":{\"31\":[\"69\"],\"32\":{\"72\":{\"type\":\"adUnits\",\"enabled\":\"1\",\"fields\":{\"adType\":\"Web Ads\",\"adUnitr\":[{\"col3\":\"728 x 90\",\"col1\":\"$195 still, $215 flash\",\"col2\":\"\",\"col4\":\"Weekly\"},{\"col3\":\"728 x 90 \",\"col1\":\"$650 still, $700 flash\",\"col2\":\"\",\"col4\":\"Monthly\"},{\"col3\":\"960 x 30\",\"col1\":\"$125 still, $150 flash\",\"col2\":\"\",\"col4\":\"\"},{\"col3\":\"960 x 30\",\"col1\":\"$425 still, $500 flash\",\"col2\":\"\",\"col4\":\"\"},{\"col3\":\"300 x 250\",\"col1\":\"$175 still, $195 flash\",\"col2\":\"\",\"col4\":\"\"},{\"col3\":\"300 x 250\",\"col1\":\"$600 still, $650 flash\",\"col2\":\"\",\"col4\":\"\"},{\"col3\":\"180 x 600\",\"col1\":\"$100 still, $125 flash\",\"col2\":\"\",\"col4\":\"\"},{\"col3\":\"180 x 600\",\"col1\":\"$350 still, $425 flash\",\"col2\":\"\",\"col4\":\"\"},{\"col3\":\"120 x 600\",\"col1\":\"$75 still, $100 flash\",\"col2\":\"\",\"col4\":\"\"},{\"col3\":\"120 x 600\",\"col1\":\"$275 still, $350 flash\",\"col2\":\"\",\"col4\":\"\"}],\"adDescription\":\"Place your ad where the campus and community turns first for breaking news, extended news and entertainment. Each banner ad includes a link to your site, monthly statistics and ad design services.\"}},\"111\":{\"type\":\"adUnits\",\"enabled\":\"1\",\"fields\":{\"adType\":\"Video Pre-Roll\",\"adUnitr\":[{\"col3\":\"\",\"col1\":\"$125\",\"col2\":\"\",\"col4\":\"Weekly\"},{\"col3\":\"\",\"col1\":\"$450\",\"col2\":\"\",\"col4\":\"Monthly\"}],\"adDescription\":\"Fifteen-second commercial or video prior to TV2 videos on Kentwired.com. We offer production services if required. Please see page 17 for pricing and more information.\"}}},\"20\":[\"23\"]}}', '2017-04-15 14:09:55', '2017-04-15 14:09:55', '3ba17170-6da0-46a7-af66-69d2cd6b056c'),
 ('183', '71', '7', '1', 'en_us', '9', '', '{\"typeId\":\"7\",\"authorId\":\"1\",\"title\":\"KentWired Website\",\"slug\":\"ad-2\",\"postDate\":1490292600,\"expiryDate\":null,\"enabled\":1,\"parentId\":null,\"fields\":{\"31\":[\"69\"],\"32\":{\"72\":{\"type\":\"adUnits\",\"enabled\":\"1\",\"fields\":{\"adType\":\"Web Ads\",\"adUnitr\":[{\"col3\":\"728 x 90\",\"col1\":\"$195 still, $215 flash\",\"col2\":\"\",\"col4\":\"Weekly\"},{\"col3\":\"728 x 90 \",\"col1\":\"$650 still, $700 flash\",\"col2\":\"\",\"col4\":\"Monthly\"},{\"col3\":\"960 x 30\",\"col1\":\"$125 still, $150 flash\",\"col2\":\"\",\"col4\":\"Weekly\"},{\"col3\":\"960 x 30\",\"col1\":\"$425 still, $500 flash\",\"col2\":\"\",\"col4\":\"Monthly\"},{\"col3\":\"300 x 250\",\"col1\":\"$175 still, $195 flash\",\"col2\":\"\",\"col4\":\"Weekly\"},{\"col3\":\"300 x 250\",\"col1\":\"$600 still, $650 flash\",\"col2\":\"\",\"col4\":\"Monthly\"},{\"col3\":\"180 x 600\",\"col1\":\"$100 still, $125 flash\",\"col2\":\"\",\"col4\":\"Weekly\"},{\"col3\":\"180 x 600\",\"col1\":\"$350 still, $425 flash\",\"col2\":\"\",\"col4\":\"Monthly\"},{\"col3\":\"120 x 600\",\"col1\":\"$75 still, $100 flash\",\"col2\":\"\",\"col4\":\"Weekly\"},{\"col3\":\"120 x 600\",\"col1\":\"$275 still, $350 flash\",\"col2\":\"\",\"col4\":\"Monthly\"}],\"adDescription\":\"Place your ad where the campus and community turns first for breaking news, extended news and entertainment. Each banner ad includes a link to your site, monthly statistics and ad design services.\"}},\"111\":{\"type\":\"adUnits\",\"enabled\":\"1\",\"fields\":{\"adType\":\"Video Pre-Roll\",\"adUnitr\":[{\"col3\":\"\",\"col1\":\"$125\",\"col2\":\"\",\"col4\":\"Weekly\"},{\"col3\":\"\",\"col1\":\"$450\",\"col2\":\"\",\"col4\":\"Monthly\"}],\"adDescription\":\"Fifteen-second commercial or video prior to TV2 videos on Kentwired.com. We offer production services if required. Please see page 17 for pricing and more information.\"}}},\"20\":[\"23\"]}}', '2017-04-15 20:54:45', '2017-04-15 20:54:45', 'ac6c342c-32cd-4aa7-b03b-bd585114d204'),
 ('184', '58', '9', '1', 'en_us', '2', '', '{\"typeId\":\"9\",\"authorId\":null,\"title\":\"About\",\"slug\":\"about\",\"postDate\":1492560894,\"expiryDate\":null,\"enabled\":1,\"parentId\":null,\"fields\":{\"1\":\"<p>Lorem iposum dolor sit amet consectetur adipisicing elit. sed do eiusmod tempor incididunt ut labore et dolore magna aliqua. Ut enim ad minim veniam, quis nostrud exercitation ullamco laboris nisi ut aliquip ex eadimens commodo consequat. Duis aute irure dolor in jeminef reprehenderit yermicta vendimec temi.<\\/p>\",\"11\":[\"2\"],\"13\":[\"88\"],\"47\":\"<p>bkafkld lkdfjlaskjfem.,elhsdflakf djflkasje,mdsafdsnfklen. lkasdnflksdfenc.skldfdfalksdjflafds,mv.lkdjfewl.,cmliejs.mdlskfjoiaejflekmflsa.<\\/p>\",\"21\":\"Through the combined effort of students and faculty, our mission is to provide a professional learning foundation for all.\"}}', '2017-04-19 00:26:24', '2017-04-19 00:26:24', '1bc2e185-0dce-47d2-9275-112c95cb9245'),
 ('185', '58', '9', '1', 'en_us', '3', '', '{\"typeId\":\"9\",\"authorId\":null,\"title\":\"About\",\"slug\":\"about\",\"postDate\":1492560894,\"expiryDate\":null,\"enabled\":1,\"parentId\":null,\"fields\":{\"1\":\"<p>Lorem iposum dolor sit amet consectetur adipisicing elit. sed do eiusmod tempor incididunt ut labore et dolore magna aliqua. Ut enim ad minim veniam, quis nostrud exercitation ullamco laboris nisi ut aliquip ex eadimens commodo consequat. Duis aute irure dolor in jeminef reprehenderit yermicta vendimec temi.<\\/p>\",\"11\":[\"2\"],\"13\":[\"88\"],\"47\":\"<p>bkafkld lkdfjlaskjfem.,elhsdflakf djflkasje,mdsafdsnfklen. lkasdnflksdfenc.skldfdfalksdjflafds,mv.lkdjfewl.,cmliejs.mdlskfjoiaejflekmflsa.<\\/p>\",\"21\":\"Through the combined effort of students and faculty, our mission is to provide a professional learning foundation for all.\"}}', '2017-04-19 00:32:59', '2017-04-19 00:32:59', 'e18e166c-4a56-4a53-98fd-4b53c3b440fa'),
 ('186', '58', '9', '1', 'en_us', '4', '', '{\"typeId\":\"9\",\"authorId\":null,\"title\":\"About\",\"slug\":\"about\",\"postDate\":1492560894,\"expiryDate\":null,\"enabled\":1,\"parentId\":null,\"fields\":{\"1\":\"<p>Lorem iposum dolor sit amet consectetur adipisicing elit. sed do eiusmod tempor incididunt ut labore et dolore magna aliqua. Ut enim ad minim veniam, quis nostrud exercitation ullamco laboris nisi ut aliquip ex eadimens commodo consequat. Duis aute irure dolor in jeminef reprehenderit yermicta vendimec temi.<\\/p>\",\"11\":[\"2\"],\"13\":[\"88\"],\"47\":\"<p>bkafkld lkdfjlaskjfem.,elhsdflakf djflkasje,mdsafdsnfklen. lkasdnflksdfenc.skldfdfalksdjflafds,mv.lkdjfewl.,cmliejs.mdlskfjoiaejflekmflsa.<\\/p>\",\"21\":\"Through the combined effort of students and faculty, our mission is to provide a professional learning foundation for all.\"}}', '2017-04-19 00:33:31', '2017-04-19 00:33:31', '2d178525-73c2-4d2e-9675-e1006e1e799d'),
 ('187', '58', '9', '1', 'en_us', '5', '', '{\"typeId\":\"9\",\"authorId\":null,\"title\":\"About\",\"slug\":\"about\",\"postDate\":1492560894,\"expiryDate\":null,\"enabled\":1,\"parentId\":null,\"fields\":{\"1\":\"<p>Lorem iposum dolor sit amet consectetur adipisicing elit. sed do eiusmod tempor incididunt ut labore et dolore magna aliqua. Ut enim ad minim veniam, quis nostrud exercitation ullamco laboris nisi ut aliquip ex eadimens commodo consequat. Duis aute irure dolor in jeminef reprehenderit yermicta vendimec temi.<\\/p>\",\"11\":[\"2\"],\"13\":[\"88\"],\"47\":\"<p><strong>Support Us<\\/strong><\\/p><p>dlkfjasdlk;fdlfjalsdk;fjsdl;fj;alsdkfn,cv.<\\/p><p>dslkfalsdk;fn.,sdf.<\\/p>\",\"21\":\"Through the combined effort of students and faculty, our mission is to provide a professional learning foundation for all.\"}}', '2017-04-20 17:35:48', '2017-04-20 17:35:48', '03b0f9ac-f65a-4998-87a1-537f6ba1f222'),
 ('188', '58', '9', '1', 'en_us', '6', '', '{\"typeId\":\"9\",\"authorId\":null,\"title\":\"About\",\"slug\":\"about\",\"postDate\":1492560894,\"expiryDate\":null,\"enabled\":1,\"parentId\":null,\"fields\":{\"1\":\"<p>Lorem iposum dolor sit amet consectetur adipisicing elit. sed do eiusmod tempor incididunt ut labore et dolore magna aliqua. Ut enim ad minim veniam, quis nostrud exercitation ullamco laboris nisi ut aliquip ex eadimens commodo consequat. Duis aute irure dolor in jeminef reprehenderit yermicta vendimec temi.<\\/p>\",\"11\":[\"2\"],\"13\":[\"88\"],\"47\":\"<p>dlkfjadlf.s,adfm.asd\\/fjwoeijlsdmf.sdaf.ldfjas;<\\/p>\",\"21\":\"Through the combined effort of students and faculty, our mission is to provide a professional learning foundation for all.\"}}', '2017-04-20 17:36:09', '2017-04-20 17:36:09', 'f022b4bf-c32b-4653-acef-77c6415a0c9e'),
 ('189', '115', '6', '1', 'en_us', '1', '', '{\"typeId\":null,\"authorId\":\"1\",\"title\":\"Newspaper Release\",\"slug\":\"newspaper-release\",\"postDate\":1492710626,\"expiryDate\":null,\"enabled\":1,\"parentId\":null,\"fields\":{\"20\":\"\",\"12\":\"The Kent Stater will release it\'s special edition Homecoming issue. Look out for it on stands around campus and downtown Kent! Find out the homecoing court and all of the festivities going on around Kent on Saturday.\",\"19\":\"\",\"24\":\"\",\"23\":{\"date\":\"10\\/18\\/2017\"}}}', '2017-04-20 17:50:26', '2017-04-20 17:50:26', '09614de2-17d6-4b7d-8eef-ea727e52f789'),
 ('190', '116', '6', '1', 'en_us', '1', '', '{\"typeId\":null,\"authorId\":\"1\",\"title\":\"Applications Due\",\"slug\":\"applications-due\",\"postDate\":1492710668,\"expiryDate\":null,\"enabled\":1,\"parentId\":null,\"fields\":{\"20\":\"\",\"12\":\"Now is your chance to work for the Kent Stater! Fill out an application and submit it by Novemeber 4th to be considered. Calling all writers, photographers, and designers.\",\"19\":\"\",\"24\":\"\",\"23\":{\"date\":\"11\\/4\\/2017\"}}}', '2017-04-20 17:51:08', '2017-04-20 17:51:08', '44ddeea5-eb6c-457d-8dd1-869553bd0c4f'),
 ('191', '58', '9', '1', 'en_us', '7', '', '{\"typeId\":\"9\",\"authorId\":null,\"title\":\"About\",\"slug\":\"about\",\"postDate\":1492560894,\"expiryDate\":null,\"enabled\":1,\"parentId\":null,\"fields\":{\"1\":\"<p>Lorem iposum dolor sit amet consectetur adipisicing elit. sed do eiusmod tempor incididunt ut labore et dolore magna aliqua. Ut enim ad minim veniam, quis nostrud exercitation ullamco laboris nisi ut aliquip ex eadimens commodo consequat. Duis aute irure dolor in jeminef reprehenderit yermicta vendimec temi.<\\/p>\",\"11\":[\"2\"],\"13\":[\"88\"],\"47\":\"<h2>Support Us<\\/h2><p>dlkfjadlf.s,adfm.asd\\/fjwoeijlsdmf.sdaf.ldfjas;<\\/p>\",\"21\":\"Through the combined effort of students and faculty, our mission is to provide a professional learning foundation for all.\"}}', '2017-04-20 17:51:24', '2017-04-20 17:51:24', '6b753cc2-e2f3-4465-b514-9031ebdb0887'),
 ('192', '117', '6', '1', 'en_us', '1', '', '{\"typeId\":null,\"authorId\":\"1\",\"title\":\"Release Date\",\"slug\":\"release-date\",\"postDate\":1492710690,\"expiryDate\":null,\"enabled\":1,\"parentId\":null,\"fields\":{\"20\":\"\",\"12\":\"Release date for latest issue of The Kent Stater. Pick up a copy around campus!\",\"19\":\"\",\"24\":\"\",\"23\":{\"date\":\"11\\/10\\/2017\"}}}', '2017-04-20 17:51:30', '2017-04-20 17:51:30', '193d1c9a-93c3-4249-8d8d-49a03f5e660f'),
 ('193', '58', '9', '1', 'en_us', '8', '', '{\"typeId\":\"9\",\"authorId\":null,\"title\":\"About\",\"slug\":\"about\",\"postDate\":1492560894,\"expiryDate\":null,\"enabled\":1,\"parentId\":null,\"fields\":{\"1\":\"<p>Kent State Student Media empowers students to be the best they can be. Our Media Partners create sources of journalism, information, entertainment and advertising that gives students practical, collaborative and professional learning experiences. The diverse viewpoints we acquire as the second largest on-campus employer allow us to create the best final product.<\\/p>\",\"11\":[\"2\"],\"13\":[\"88\"],\"47\":\"<h2>Support Us<\\/h2>\\r\\n<p>dlkfjadlf.s,adfm.asd\\/fjwoeijlsdmf.sdaf.ldfjas;<\\/p>\",\"21\":\"Through the combined effort of students and faculty, our mission is to provide a professional learning foundation for all.\"}}', '2017-04-20 17:54:13', '2017-04-20 17:54:13', 'c8be01c3-060d-4de2-b2fb-c49162f417f4'),
 ('194', '24', '4', '1', 'en_us', '6', '', '{\"typeId\":\"4\",\"authorId\":\"1\",\"title\":\"Luna Negra\",\"slug\":\"luna-negra\",\"postDate\":1488484140,\"expiryDate\":null,\"enabled\":1,\"parentId\":null,\"fields\":{\"31\":\"\",\"12\":\"Luna Negra is Kent State\\u2019s literary student publication and they publish a blend of poetry, prose, photography and illustration. For over 50 years, they have published submissions from current students and community members. Their magazine is published every spring and they produce additional content on LunaNegraMag.com.\",\"36\":\"1\",\"13\":[\"90\"],\"14\":[\"53\"],\"29\":\"Luna Negra is Kent State\\u2019s literary student magazine that publishes a blend of poetry, prose, photography and illustration. \",\"26\":\"\"}}', '2017-04-20 17:54:53', '2017-04-20 17:54:53', '53e0762b-578e-4713-8097-ce7b84f9413d'),
 ('195', '60', '11', '1', 'en_us', '2', '', '{\"typeId\":\"11\",\"authorId\":null,\"title\":\"Get Involved\",\"slug\":\"get-involved\",\"postDate\":1492711027,\"expiryDate\":null,\"enabled\":1,\"parentId\":null,\"fields\":{\"1\":\"<p>Everyone is welcome to join us! Involvement in Student Media gives you an experience that will set you apart. Utilize the chance to share your voice and gain practical experience to help launch your career.<\\/p>\",\"13\":[\"90\"]}}', '2017-04-20 18:04:35', '2017-04-20 18:04:35', 'e664e723-a145-4b0f-bea2-a825a1839807'),
 ('196', '59', '10', '1', 'en_us', '2', '', '{\"typeId\":null,\"authorId\":null,\"title\":\"Media Partners Home\",\"slug\":\"media-partners-home\",\"postDate\":1489687966,\"expiryDate\":null,\"enabled\":1,\"parentId\":null,\"fields\":{\"13\":[\"64\"]}}', '2017-04-20 18:41:00', '2017-04-20 18:41:00', '2be18418-5f2d-41ed-b1ee-d8abd05d7f31'),
 ('197', '24', '4', '1', 'en_us', '7', '', '{\"typeId\":\"4\",\"authorId\":\"1\",\"title\":\"Luna Negra\",\"slug\":\"luna-negra\",\"postDate\":1488484140,\"expiryDate\":null,\"enabled\":1,\"parentId\":null,\"fields\":{\"31\":\"\",\"12\":\"Luna Negra is Kent State\\u2019s literary student publication and they publish a blend of poetry, prose, photography and illustration. For over 50 years, they have published submissions from current students and community members. Their magazine is published every spring and they produce additional content on LunaNegraMag.com.\",\"36\":\"1\",\"13\":[\"90\"],\"14\":[\"53\"],\"29\":\"Luna Negra is Kent State\\u2019s literary student magazine that publishes a blend of poetry, prose, photography and illustration. \",\"26\":{\"new1\":{\"type\":\"socialMediaBlock\",\"enabled\":\"1\",\"fields\":{\"socialName\":\"facebook\",\"address\":\"https:\\/\\/www.facebook.com\\/lunanegramag\\/\"}},\"new2\":{\"type\":\"socialMediaBlock\",\"enabled\":\"1\",\"fields\":{\"socialName\":\"instagram\",\"address\":\"https:\\/\\/www.instagram.com\\/lunanegramagazine\\/\"}},\"new3\":{\"type\":\"socialMediaBlock\",\"enabled\":\"1\",\"fields\":{\"socialName\":\"twitter\",\"address\":\"https:\\/\\/twitter.com\\/lunanegramag\"}}}}}', '2017-04-20 19:32:21', '2017-04-20 19:32:21', 'fc4c2de3-5eb2-40e6-8d99-fc47508c5427'),
 ('198', '24', '4', '1', 'en_us', '8', '', '{\"typeId\":\"4\",\"authorId\":\"1\",\"title\":\"Luna Negra\",\"slug\":\"luna-negra\",\"postDate\":1488484140,\"expiryDate\":null,\"enabled\":1,\"parentId\":null,\"fields\":{\"31\":\"\",\"12\":\"Luna Negra is Kent State\\u2019s literary student publication and they publish a blend of poetry, prose, photography and illustration. For over 50 years, they have published submissions from current students and community members. Their magazine is published every spring and they produce additional content on LunaNegraMag.com.\",\"36\":\"1\",\"13\":[\"90\"],\"14\":[\"53\"],\"29\":\"Luna Negra is Kent State\\u2019s literary student magazine that publishes a blend of poetry, prose, photography and illustration. \",\"26\":{\"129\":{\"type\":\"socialMediaBlock\",\"enabled\":\"1\",\"fields\":{\"socialName\":\"facebook\",\"address\":\"https:\\/\\/www.facebook.com\\/lunanegramag\\/\"}},\"130\":{\"type\":\"socialMediaBlock\",\"enabled\":\"1\",\"fields\":{\"socialName\":\"instagram\",\"address\":\"https:\\/\\/www.instagram.com\\/lunanegramagazine\\/\"}},\"131\":{\"type\":\"socialMediaBlock\",\"enabled\":\"1\",\"fields\":{\"socialName\":\"twitter\",\"address\":\"https:\\/\\/twitter.com\\/lunanegramag\"}},\"new1\":{\"type\":\"socialMediaBlock\",\"enabled\":\"1\",\"fields\":{\"socialName\":\"website\",\"address\":\"http:\\/\\/www.lunanegramag.com\\/\"}}}}}', '2017-04-20 19:32:42', '2017-04-20 19:32:42', '09d8febb-454b-4367-93f6-3d2a7a66ffd8'),
 ('199', '22', '4', '1', 'en_us', '5', '', '{\"typeId\":\"4\",\"authorId\":\"1\",\"title\":\"Uhuru\",\"slug\":\"uhuru\",\"postDate\":1488483960,\"expiryDate\":null,\"enabled\":1,\"parentId\":null,\"fields\":{\"31\":\"\",\"12\":\"Uhuru is an award-winning magazine that promotes innovation, creativity and culture through the voice of marginalized students. A derivative of Black Unites Students, Uhuru is focused on the unification of the African-American population but serves as a safe haven for others by reflecting all people of color at Kent State. Uhuru is Kent State\'s only minority news outlet and serves as a platform for student creation and expression in art, writing, photography and graphic design while addressing social issues.\",\"36\":\"1\",\"13\":\"\",\"14\":[\"56\"],\"29\":\"Uhuru is the magazine that promotes innovation, creativity and culture through the voice of marginalized students at Kent State.\",\"26\":{\"new1\":{\"type\":\"socialMediaBlock\",\"enabled\":\"1\",\"fields\":{\"socialName\":\"instagram\",\"address\":\"https:\\/\\/www.instagram.com\\/uhurumag\\/\"}},\"new2\":{\"type\":\"socialMediaBlock\",\"enabled\":\"1\",\"fields\":{\"socialName\":\"twitter\",\"address\":\"https:\\/\\/twitter.com\\/UhuruMag\"}},\"new3\":{\"type\":\"socialMediaBlock\",\"enabled\":\"1\",\"fields\":{\"socialName\":\"facebook\",\"address\":\"https:\\/\\/facebook.com\\/uhurumagazine\\/\"}},\"new4\":{\"type\":\"socialMediaBlock\",\"enabled\":\"1\",\"fields\":{\"socialName\":\"website\",\"address\":\"Uhurumag.com\"}}}}}', '2017-04-20 19:35:15', '2017-04-20 19:35:15', 'cf4808e4-f201-470d-a621-4fcdd7f3d715'),
 ('200', '21', '4', '1', 'en_us', '5', '', '{\"typeId\":\"4\",\"authorId\":\"1\",\"title\":\"Fusion Magazine\",\"slug\":\"fusion-magazine\",\"postDate\":1488483960,\"expiryDate\":null,\"enabled\":1,\"parentId\":null,\"fields\":{\"31\":\"\",\"12\":\"Fusion is Kent State\'s lesbian, gay, bisexual, transgender and queer\\/questioning student advocacy and entertainment magazine. Fusion strives to promote equality and community in northeast Ohio and beyond through journalism and they have been recognized by the Society of Professional Journalists for excellence. Fusion is the only student magazine focusing on LGBTQ issues in the region.\",\"36\":\"1\",\"13\":\"\",\"14\":[\"49\"],\"29\":\"Fusion is Kent State\'s lesbian, gay, bisexual, transgender and queer\\/questioning student advocacy and entertainment magazine. \",\"26\":{\"new1\":{\"type\":\"socialMediaBlock\",\"enabled\":\"1\",\"fields\":{\"socialName\":\"twitter\",\"address\":\"https:\\/\\/twitter.com\\/ohiofusion\"}},\"new2\":{\"type\":\"socialMediaBlock\",\"enabled\":\"1\",\"fields\":{\"socialName\":\"facebook\",\"address\":\"https:\\/\\/facebook.com\\/ohiofusion\\/\"}},\"new3\":{\"type\":\"socialMediaBlock\",\"enabled\":\"1\",\"fields\":{\"socialName\":\"website\",\"address\":\"http:\\/\\/ohiofusion.com\\/\"}}}}}', '2017-04-20 19:36:29', '2017-04-20 19:36:29', '08635c72-0cfc-4055-b0ed-882bffd04e57'),
 ('201', '10', '4', '1', 'en_us', '12', '', '{\"typeId\":\"4\",\"authorId\":\"1\",\"title\":\"A Magazine\",\"slug\":\"a-magazine\",\"postDate\":1487886960,\"expiryDate\":null,\"enabled\":1,\"parentId\":null,\"fields\":{\"31\":\"\",\"12\":\"A Magazine is a visually stunning student-run magazine at Kent State. It is the publication for all things fashion, beauty, accessories and culture on campus and beyond. A focuses on both women\'s and men\'s fashion and has companion website that is updated regularly with extended content and videos, providing students with the latest fashion news. It is distributed at Kent State and the Fashion School\\u2019s New York studio.\",\"36\":\"1\",\"13\":\"\",\"14\":[\"46\"],\"29\":\"A Magazine is Kent State\\u2019s student-run fashion magazine and is the hub for all things fashion, beauty and culture related.\",\"26\":{\"new1\":{\"type\":\"socialMediaBlock\",\"enabled\":\"1\",\"fields\":{\"socialName\":\"instagram\",\"address\":\"https:\\/\\/www.instagram.com\\/amagksu\\/\"}},\"new2\":{\"type\":\"socialMediaBlock\",\"enabled\":\"1\",\"fields\":{\"socialName\":\"twitter\",\"address\":\"https:\\/\\/twitter.com\\/AMagKSU\"}},\"new3\":{\"type\":\"socialMediaBlock\",\"enabled\":\"1\",\"fields\":{\"socialName\":\"facebook\",\"address\":\" http:\\/\\/facebook.com\\/amagksu\\/\"}},\"new4\":{\"type\":\"socialMediaBlock\",\"enabled\":\"1\",\"fields\":{\"socialName\":\"website\",\"address\":\"http:\\/\\/theamag.com\\/\"}},\"new5\":{\"type\":\"socialMediaBlock\",\"enabled\":\"1\",\"fields\":{\"socialName\":\"snapchat\",\"address\":\"@amagksu\"}}}}}', '2017-04-20 19:37:56', '2017-04-20 19:37:56', '57760e5f-b3fb-4707-8e59-48c21ae97e50'),
 ('202', '10', '4', '1', 'en_us', '13', '', '{\"typeId\":\"4\",\"authorId\":\"1\",\"title\":\"A Magazine\",\"slug\":\"a-magazine\",\"postDate\":1487886960,\"expiryDate\":null,\"enabled\":1,\"parentId\":null,\"fields\":{\"31\":\"\",\"12\":\"A Magazine is a visually stunning student-run magazine at Kent State. It is the publication for all things fashion, beauty, accessories and culture on campus and beyond. A focuses on both women\'s and men\'s fashion and has companion website that is updated regularly with extended content and videos, providing students with the latest fashion news. It is distributed at Kent State and the Fashion School\\u2019s New York studio.\",\"36\":\"1\",\"13\":\"\",\"14\":[\"46\"],\"29\":\"A Magazine is Kent State\\u2019s student-run fashion magazine and is the hub for all things fashion, beauty and culture related.\",\"26\":{\"140\":{\"type\":\"socialMediaBlock\",\"enabled\":\"1\",\"fields\":{\"socialName\":\"instagram\",\"address\":\"https:\\/\\/www.instagram.com\\/amagksu\\/\"}},\"141\":{\"type\":\"socialMediaBlock\",\"enabled\":\"1\",\"fields\":{\"socialName\":\"twitter\",\"address\":\"https:\\/\\/twitter.com\\/AMagKSU\"}},\"142\":{\"type\":\"socialMediaBlock\",\"enabled\":\"1\",\"fields\":{\"socialName\":\"facebook\",\"address\":\" http:\\/\\/facebook.com\\/amagksu\\/\"}},\"143\":{\"type\":\"socialMediaBlock\",\"enabled\":\"1\",\"fields\":{\"socialName\":\"website\",\"address\":\"http:\\/\\/theamag.com\\/\"}}}}}', '2017-04-20 19:38:44', '2017-04-20 19:38:44', 'd1fd37d5-b8e7-4beb-a0d9-b4b3816c9c8b'),
 ('203', '14', '4', '1', 'en_us', '5', '', '{\"typeId\":\"4\",\"authorId\":\"1\",\"title\":\"The Burr\",\"slug\":\"the-burr\",\"postDate\":1488208860,\"expiryDate\":null,\"enabled\":1,\"parentId\":null,\"fields\":{\"31\":\"\",\"12\":\"The Burr is an independent, award-winning student magazine and was Kent State\\u2019s first student magazine ever. The magazine features a mix of original reporting, how-to articles, feature articles and personal essays. TheBurr.com is frequently updated with multimedia stories and blogs and has an archive of past issues.\",\"36\":\"1\",\"13\":\"\",\"14\":[\"48\"],\"29\":\"The Burr is Kent State\\u2019s first student-produced magazine made for those who have made a home in Kent.\",\"26\":{\"new1\":{\"type\":\"socialMediaBlock\",\"enabled\":\"1\",\"fields\":{\"socialName\":\"instagram\",\"address\":\"https:\\/\\/www.instagram.com\\/theburrmagazine\\/\"}},\"new2\":{\"type\":\"socialMediaBlock\",\"enabled\":\"1\",\"fields\":{\"socialName\":\"twitter\",\"address\":\"https:\\/\\/twitter.com\\/TheBurrMagazine\"}},\"new3\":{\"type\":\"socialMediaBlock\",\"enabled\":\"1\",\"fields\":{\"socialName\":\"facebook\",\"address\":\"https:\\/\\/facebook.com\\/theburrmagazine\\/\"}},\"new4\":{\"type\":\"socialMediaBlock\",\"enabled\":\"1\",\"fields\":{\"socialName\":\"website\",\"address\":\"http:\\/\\/theburr.com\\/\"}}}}}', '2017-04-20 19:40:18', '2017-04-20 19:40:18', 'ad944974-244f-49b4-87b8-6e9f79093ed6'),
 ('204', '23', '4', '1', 'en_us', '7', '', '{\"typeId\":\"4\",\"authorId\":\"1\",\"title\":\"KentWired\",\"slug\":\"kentwired\",\"postDate\":1488484080,\"expiryDate\":null,\"enabled\":1,\"parentId\":null,\"fields\":{\"31\":\"\",\"12\":\"KentWired.com is a news organization hosting content created by the collaborative effort of students working in student media at Kent State University. KentWired is the independent news website for the Kent Stater and TV2 and is the year round news source for everything Kent. KentWired has top news, entertainment, sports, and community and campus news. It also features classifieds and live streams for TV2 and Black Squirrel Radio. \",\"36\":\"1\",\"13\":\"\",\"14\":[\"50\"],\"29\":\"KentWired.com is a news organization that holds content created by students working in student media at Kent State University. \",\"26\":{\"new1\":{\"type\":\"socialMediaBlock\",\"enabled\":\"1\",\"fields\":{\"socialName\":\"instagram\",\"address\":\"https:\\/\\/www.instagram.com\\/kentwired\\/\"}},\"new2\":{\"type\":\"socialMediaBlock\",\"enabled\":\"1\",\"fields\":{\"socialName\":\"twitter\",\"address\":\"https:\\/\\/twitter.com\\/kentwired\"}}}}}', '2017-04-20 19:41:17', '2017-04-20 19:41:17', 'd33766a1-d52b-409a-abd2-5e178c321f58'),
 ('205', '23', '4', '1', 'en_us', '8', '', '{\"typeId\":\"4\",\"authorId\":\"1\",\"title\":\"KentWired\",\"slug\":\"kentwired\",\"postDate\":1488484080,\"expiryDate\":null,\"enabled\":1,\"parentId\":null,\"fields\":{\"31\":\"\",\"12\":\"KentWired.com is a news organization hosting content created by the collaborative effort of students working in student media at Kent State University. KentWired is the independent news website for the Kent Stater and TV2 and is the year round news source for everything Kent. KentWired has top news, entertainment, sports, and community and campus news. It also features classifieds and live streams for TV2 and Black Squirrel Radio. \",\"36\":\"1\",\"13\":\"\",\"14\":[\"50\"],\"29\":\"KentWired.com is a news organization that holds content created by students working in student media at Kent State University. \",\"26\":{\"149\":{\"type\":\"socialMediaBlock\",\"enabled\":\"1\",\"fields\":{\"socialName\":\"instagram\",\"address\":\"https:\\/\\/www.instagram.com\\/kentwired\\/\"}},\"150\":{\"type\":\"socialMediaBlock\",\"enabled\":\"1\",\"fields\":{\"socialName\":\"twitter\",\"address\":\"https:\\/\\/twitter.com\\/kentwired\"}},\"new1\":{\"type\":\"socialMediaBlock\",\"enabled\":\"1\",\"fields\":{\"socialName\":\"facebook\",\"address\":\"https:\\/\\/www.facebook.com\\/KentWired\\/\"}},\"new2\":{\"type\":\"socialMediaBlock\",\"enabled\":\"1\",\"fields\":{\"socialName\":\"website\",\"address\":\"http:\\/\\/www.kentwired.com\\/\"}}}}}', '2017-04-20 19:42:23', '2017-04-20 19:42:23', '8cffe0a5-72a4-4e0c-8fb5-43f0eac380d5'),
 ('206', '20', '4', '1', 'en_us', '6', '', '{\"typeId\":\"4\",\"authorId\":\"1\",\"title\":\"TV2\",\"slug\":\"tv2\",\"postDate\":1488483960,\"expiryDate\":null,\"enabled\":1,\"parentId\":null,\"fields\":{\"31\":[\"42\"],\"12\":\"TV2 is the award-winning, student-run television station of Kent State University. TV2 is also Portage County\\u2019s only local television station and the best source for local news and original television content. TV2 reaches more than 26,000 homes throughout Portage County on Spectrum (formerly Time Warner Cable) channel 16 and more than 7,500 Kent State students living on-campus on channel 2-2. TV2 is also live streamed on KentWired.com\\/TV2. With 10 different TV shows, TV2 covers everything from breaking news, local news, weather, sports, entertainment and humor.\",\"36\":\"1\",\"13\":\"\",\"14\":[\"55\"],\"29\":\"TV2 is the award-winning, student-run television station of Kent State that broadcasts to students and the Portage County community.\",\"26\":{\"new1\":{\"type\":\"socialMediaBlock\",\"enabled\":\"1\",\"fields\":{\"socialName\":\"instagram\",\"address\":\"https:\\/\\/www.instagram.com\\/tv2ksu\\/\"}},\"new2\":{\"type\":\"socialMediaBlock\",\"enabled\":\"1\",\"fields\":{\"socialName\":\"twitter\",\"address\":\"https:\\/\\/twitter.com\\/TV2KSU\"}},\"new3\":{\"type\":\"socialMediaBlock\",\"enabled\":\"1\",\"fields\":{\"socialName\":\"facebook\",\"address\":\"https:\\/\\/www.facebook.com\\/tv2ksu\\/\"}}}}}', '2017-04-20 19:43:14', '2017-04-20 19:43:14', '76a06bb1-dd5e-4f75-bc7d-b7f50b8f7e0b'),
 ('207', '19', '4', '1', 'en_us', '5', '', '{\"typeId\":\"4\",\"authorId\":\"1\",\"title\":\"Black Squirrel Radio\",\"slug\":\"black-squirrel-radio\",\"postDate\":1488483960,\"expiryDate\":null,\"enabled\":1,\"parentId\":null,\"fields\":{\"31\":\"\",\"12\":\"Black Squirrel Radio (BSR) is a student-run radio station that has 10,000 loyal monthly listeners. BSR features a large selection of urban, rock and local music with numerous local bands and entertainers coming for in-studio performances and interviews. BSR is available at www.blacksquirrelradio.com, iTunes radio under College Stations, the TuneIn app and channels 2-4 and 2-6 though on-campus television.\",\"36\":\"1\",\"13\":\"\",\"14\":[\"47\"],\"29\":\"Black Squirrel Radio (BSR) is the student-run radio station on Kent State\\u2019s campus and provides innovative media content inspired by the community of Kent, Ohio.\",\"26\":{\"new1\":{\"type\":\"socialMediaBlock\",\"enabled\":\"1\",\"fields\":{\"socialName\":\"instagram\",\"address\":\"https:\\/\\/www.instagram.com\\/bsrkent\\/\"}},\"new2\":{\"type\":\"socialMediaBlock\",\"enabled\":\"1\",\"fields\":{\"socialName\":\"twitter\",\"address\":\" https:\\/\\/twitter.com\\/BSRKent\"}},\"new3\":{\"type\":\"socialMediaBlock\",\"enabled\":\"1\",\"fields\":{\"socialName\":\"facebook\",\"address\":\"https:\\/\\/www.facebook.com\\/blacksquirrelradio\\/\"}},\"new4\":{\"type\":\"socialMediaBlock\",\"enabled\":\"1\",\"fields\":{\"socialName\":\"website\",\"address\":\"http:\\/\\/blacksquirrelradio.com\\/\"}}}}}', '2017-04-20 19:44:16', '2017-04-20 19:44:16', 'b71113bb-7b1c-4cf7-a4d0-67a1ce6c4747'),
 ('208', '19', '4', '1', 'en_us', '6', '', '{\"typeId\":\"4\",\"authorId\":\"1\",\"title\":\"Black Squirrel Radio\",\"slug\":\"black-squirrel-radio\",\"postDate\":1488483960,\"expiryDate\":null,\"enabled\":1,\"parentId\":null,\"fields\":{\"31\":\"\",\"12\":\"Black Squirrel Radio (BSR) is a student-run radio station that has 10,000 loyal monthly listeners. BSR features a large selection of urban, rock and local music with numerous local bands and entertainers coming for in-studio performances and interviews. BSR is available at www.blacksquirrelradio.com, iTunes radio under College Stations, the TuneIn app and channels 2-4 and 2-6 though on-campus television.\",\"36\":\"1\",\"13\":\"\",\"14\":[\"47\"],\"29\":\"Black Squirrel Radio (BSR) is the student-run radio station on Kent State\\u2019s campus and provides innovative media content inspired by the community of Kent, Ohio.\",\"26\":{\"156\":{\"type\":\"socialMediaBlock\",\"enabled\":\"1\",\"fields\":{\"socialName\":\"instagram\",\"address\":\"https:\\/\\/www.instagram.com\\/bsrkent\\/\"}},\"157\":{\"type\":\"socialMediaBlock\",\"enabled\":\"1\",\"fields\":{\"socialName\":\"twitter\",\"address\":\" https:\\/\\/twitter.com\\/BSRKent\"}},\"158\":{\"type\":\"socialMediaBlock\",\"enabled\":\"1\",\"fields\":{\"socialName\":\"facebook\",\"address\":\"https:\\/\\/www.facebook.com\\/blacksquirrelradio\\/\"}},\"159\":{\"type\":\"socialMediaBlock\",\"enabled\":\"1\",\"fields\":{\"socialName\":\"website\",\"address\":\"http:\\/\\/blacksquirrelradio.com\\/\"}}}}}', '2017-04-20 19:44:27', '2017-04-20 19:44:27', 'e3cbdc4e-56f7-4a0a-a35e-9cbc4b1d6849'),
 ('209', '58', '9', '1', 'en_us', '9', '', '{\"typeId\":\"9\",\"authorId\":null,\"title\":\"About\",\"slug\":\"about\",\"postDate\":1492560894,\"expiryDate\":null,\"enabled\":1,\"parentId\":null,\"fields\":{\"1\":\"<p>Kent State Student Media empowers students to be the best they can be. Our Media Partners create sources of journalism, information, entertainment and advertising that gives students practical, collaborative and professional learning experiences. The diverse viewpoints we acquire as the second largest on-campus employer allow us to create the best final product.<\\/p>\",\"11\":[\"2\"],\"13\":[\"88\"],\"47\":\"<h2>Support Us<\\/h2>\\r\\n<p>we would really like ur&nbsp;money thanks!<\\/p>\",\"21\":\"Through the combined effort of students and faculty, our mission is to provide a professional learning foundation for all.\"}}', '2017-04-20 20:43:47', '2017-04-20 20:43:47', '81a7760f-0e84-45e5-a6d2-68f0d99d27d7'),
 ('210', '160', '20', '1', 'en_us', '1', NULL, '{\"typeId\":\"20\",\"authorId\":null,\"title\":\"About Student Media News\",\"slug\":\"about-student-media-news\",\"postDate\":1492896928,\"expiryDate\":null,\"enabled\":1,\"parentId\":null,\"fields\":[]}', '2017-04-22 21:35:28', '2017-04-22 21:35:28', 'c0eff2be-ceb7-49f0-8f63-0e4a5eb0c9ad'),
 ('211', '160', '20', '1', 'en_us', '2', '', '{\"typeId\":\"20\",\"authorId\":null,\"title\":\"About Student Media News\",\"slug\":\"about-student-media-news\",\"postDate\":1492897049,\"expiryDate\":null,\"enabled\":1,\"parentId\":null,\"fields\":{\"12\":\"Learn more about Student Media news. \",\"13\":[\"64\"]}}', '2017-04-22 21:37:58', '2017-04-22 21:37:58', 'c6d6f08c-4aa7-4694-a99b-bd47b5fdaea0'),
 ('212', '160', '20', '1', 'en_us', '3', '', '{\"typeId\":\"20\",\"authorId\":null,\"title\":\"About Student Media News\",\"slug\":\"about-student-media-news\",\"postDate\":1492897049,\"expiryDate\":null,\"enabled\":1,\"parentId\":null,\"fields\":{\"12\":\"Learn more about Student Media news. \",\"13\":[\"64\"]}}', '2017-04-22 21:38:09', '2017-04-22 21:38:09', 'e6150c2e-cc18-4166-846b-95df74e28c9d'),
 ('213', '161', '21', '1', 'en_us', '1', NULL, '{\"typeId\":\"21\",\"authorId\":null,\"title\":\"Board Members\",\"slug\":\"board-members\",\"postDate\":1492897841,\"expiryDate\":null,\"enabled\":1,\"parentId\":null,\"fields\":[]}', '2017-04-22 21:50:41', '2017-04-22 21:50:41', '20a6c82d-2bdf-49b5-9556-12db613833a0'),
 ('214', '161', '21', '1', 'en_us', '2', '', '{\"typeId\":\"21\",\"authorId\":null,\"title\":\"Board Members\",\"slug\":\"board-members\",\"postDate\":1492898238,\"expiryDate\":null,\"enabled\":1,\"parentId\":null,\"fields\":{\"13\":[\"88\"]}}', '2017-04-22 22:00:40', '2017-04-22 22:00:40', '9c66da0b-39b2-48af-a87f-bcd87b5200ce'),
 ('215', '62', '13', '1', 'en_us', '2', '', '{\"typeId\":null,\"authorId\":null,\"title\":\"Contact\",\"slug\":\"contact\",\"postDate\":1489688145,\"expiryDate\":null,\"enabled\":1,\"parentId\":null,\"fields\":{\"12\":\"\",\"13\":[\"64\"]}}', '2017-04-23 03:02:02', '2017-04-23 03:02:02', 'fe696b7f-a8fe-4a47-900c-b040b9453be0'),
 ('216', '60', '11', '1', 'en_us', '3', '', '{\"typeId\":\"11\",\"authorId\":null,\"title\":\"Get Involved\",\"slug\":\"get-involved\",\"postDate\":1492711027,\"expiryDate\":null,\"enabled\":1,\"parentId\":null,\"fields\":{\"12\":\"\",\"13\":[\"88\"]}}', '2017-04-23 03:10:27', '2017-04-23 03:10:27', 'c2d301a9-9b66-4070-bb75-c196997005e8'),
 ('217', '45', '8', '1', 'en_us', '2', '', '{\"typeId\":\"8\",\"authorId\":\"1\",\"title\":\"Kevin Dilley\",\"slug\":\"kevin-dilley\",\"postDate\":1489335420,\"expiryDate\":null,\"enabled\":1,\"parentId\":null,\"fields\":{\"20\":[\"23\"],\"1\":\"<p>Kevin serves Student Media by providing management of our business and advising operations. He also works with student leaders to set a strategic direction for Student Media and mentors and advises student leaders. &nbsp;<\\/p>\\r\\n<p><b>Words to Live By:<\\/b><\\/p>\\r\\n<p>If you want to go fast, go alone. If you want to go far, go together. &nbsp;~ origin unknown.<\\/p>\\r\\n<p><b>Personal:<\\/b><\\/p>\\r\\n<p>I\\u2019ve traveled to Siberia, Malaysia, Mexico and 46 of 50 states in the U.S. I love going places and meeting new people, but I always yearn to return home. For me, that\\u2019s in Hudson with my two children, mi media naranja (si, hablo espa\\u00f1ol), and Pancho, my very best friend because, well he\\u2019s a dog and I\\u2019m a man. I hold degrees in journalism and visual communication from the University of Missouri and Ohio University. I\\u2019ve worked as a writer, photojournalist, editor, designer, web designer, project manager, consultant, professor and adviser. I love what I do because I\\u2019m constantly inspired by my students who bring ideas, enthusiasm, opportunity and optimism to this place every day.<\\/p>\\r\\n<p><b>I can help you with:<\\/b><\\/p>\\r\\n<ul><li><p>General questions<\\/p><\\/li><li><p>Strategic planning<\\/p><\\/li><li><p>Idea development<\\/p><\\/li><li><p>Budgets<\\/p><\\/li><\\/ul>\",\"4\":\"kdilley@kent.edu\",\"5\":[\"director\"],\"6\":\"Kevin \",\"19\":\"\",\"8\":\"Director of Student Media\",\"7\":\"Dilley\",\"10\":\"330-672-4603\"}}', '2017-04-24 17:36:00', '2017-04-24 17:36:00', 'b7db872b-24c1-4d43-9ff4-5f75c0dc8dd5'),
 ('218', '165', '8', '1', 'en_us', '1', '', '{\"typeId\":null,\"authorId\":\"1\",\"title\":\"Lorie Bednar\",\"slug\":\"lorie-bednar\",\"postDate\":1493055421,\"expiryDate\":null,\"enabled\":1,\"parentId\":null,\"fields\":{\"20\":\"\",\"1\":\"<p>Lorie Bednar joined Kent State\\u2019s School of Journalism and Mass Communication in 2015 as an administrative clerk in the Kent State Student Media office. She now shares her time between both offices. (Other information you want to add)<\\/p>\\r\\n<p><b>Words to Live By:<\\/b><\\/p>\\r\\n<p>Be Where Your Feet Are \\u2013 Anonymous<\\/p>\\r\\n<p><b>Personal<\\/b>:<\\/p>\\r\\n<p>Lorie is a graduate of Kent State University and loves everything about her Alma mater. If you don\\u2019t find her on campus, chances are you may run into her downtown and throughout Kent, where she lives and enjoys spending time with her husband and three kids. Two of her greatest achievements are winning an Associated Press award for enterprise writing and being the illustrator of a book jacket.<\\/p>\\r\\n<p><b>I can help you with:<\\/b><\\/p>\\r\\n<ul><li><p>KEYS!<\\/p><\\/li><li><p>Staff lists<\\/p><\\/li><li><p>Job offers<\\/p><\\/li><li><p>Travel<\\/p><\\/li><li>General questions<\\/li><\\/ul>\",\"4\":\"\",\"5\":[\"officeStaff\"],\"6\":\"Lorie\",\"19\":\"\",\"8\":\"Administrative Clerk\",\"7\":\"Bednar\",\"10\":\"330-672-3290\"}}', '2017-04-24 17:37:01', '2017-04-24 17:37:01', '8624a234-0a74-4b89-9b54-b1ac2cee63c2'),
 ('219', '166', '22', '1', 'en_us', '1', NULL, '{\"typeId\":\"22\",\"authorId\":null,\"title\":\"Support Us\",\"slug\":\"support-us\",\"postDate\":1493056667,\"expiryDate\":null,\"enabled\":1,\"parentId\":null,\"fields\":[]}', '2017-04-24 17:57:47', '2017-04-24 17:57:47', 'f9d3856e-f2d4-4bf7-b33f-bf00cce4073e'),
 ('220', '166', '22', '1', 'en_us', '2', '', '{\"typeId\":null,\"authorId\":null,\"title\":\"Support Us\",\"slug\":\"support-us\",\"postDate\":1493056667,\"expiryDate\":null,\"enabled\":1,\"parentId\":null,\"fields\":{\"13\":[\"88\"]}}', '2017-04-24 17:58:16', '2017-04-24 17:58:16', '9e5f720a-9522-4f0b-8bf5-5610a0aeb169'),
 ('221', '167', '8', '1', 'en_us', '1', '', '{\"typeId\":null,\"authorId\":\"1\",\"title\":\"Grant Wang\",\"slug\":\"grant-wang\",\"postDate\":1493085357,\"expiryDate\":null,\"enabled\":1,\"parentId\":null,\"fields\":{\"20\":[\"24\"],\"1\":\"<p>Hi<\\/p>\",\"4\":\"gwang4@kent.edu\",\"5\":[\"voting\"],\"6\":\"Grant\",\"19\":\"\",\"8\":\"Art Director\",\"7\":\"Wang\",\"10\":\"330-931-2911\"}}', '2017-04-25 01:55:57', '2017-04-25 01:55:57', '7219b9a3-0940-4fd5-affe-638d355d42ba'),
 ('222', '19', '4', '1', 'en_us', '7', '', '{\"typeId\":\"4\",\"authorId\":\"1\",\"title\":\"Black Squirrel Radio\",\"slug\":\"black-squirrel-radio\",\"postDate\":1488483960,\"expiryDate\":null,\"enabled\":1,\"parentId\":null,\"fields\":{\"31\":\"\",\"12\":\"Black Squirrel Radio (BSR) is a student-run radio station that has 10,000 loyal monthly listeners. BSR features a large selection of urban, rock and local music with numerous local bands and entertainers coming for in-studio performances and interviews. BSR is available at www.blacksquirrelradio.com, iTunes radio under College Stations, the TuneIn app and channels 2-4 and 2-6 though on-campus television.\",\"36\":\"1\",\"13\":[\"88\"],\"14\":[\"47\"],\"29\":\"Black Squirrel Radio (BSR) is the student-run radio station on Kent State\\u2019s campus and provides innovative media content inspired by the community of Kent, Ohio.\",\"26\":{\"156\":{\"type\":\"socialMediaBlock\",\"enabled\":\"1\",\"fields\":{\"socialName\":\"instagram\",\"address\":\"https:\\/\\/www.instagram.com\\/bsrkent\\/\"}},\"157\":{\"type\":\"socialMediaBlock\",\"enabled\":\"1\",\"fields\":{\"socialName\":\"twitter\",\"address\":\" https:\\/\\/twitter.com\\/BSRKent\"}},\"158\":{\"type\":\"socialMediaBlock\",\"enabled\":\"1\",\"fields\":{\"socialName\":\"facebook\",\"address\":\"https:\\/\\/www.facebook.com\\/blacksquirrelradio\\/\"}},\"159\":{\"type\":\"socialMediaBlock\",\"enabled\":\"1\",\"fields\":{\"socialName\":\"website\",\"address\":\"http:\\/\\/blacksquirrelradio.com\\/\"}}}}}', '2017-04-26 18:59:34', '2017-04-26 18:59:34', '0846f4f2-1ded-4ea3-911f-d843678fa5ba'),
 ('223', '2', '1', '1', 'en_us', '27', '', '{\"typeId\":null,\"authorId\":null,\"title\":\"Kent State Student Media\",\"slug\":\"homepage\",\"postDate\":1484237579,\"expiryDate\":null,\"enabled\":1,\"parentId\":null,\"fields\":{\"1\":\"<p>Award-winning, nationally recognized and locally focused. Our independent, student-run media partners create content the campus and Kent community seek. Students learn practical skills through the professional learning opportunities available through Kent State Student Media. Advertising with Kent State Student Media is an excellent way to make sure you reach your audience.<\\/p>\",\"12\":\"This is our description\",\"13\":[\"64\",\"90\",\"88\"],\"16\":\"\",\"17\":\"\",\"25\":\"\",\"21\":\"Kent State Student Media is made by students, for students.\",\"22\":\"https:\\/\\/player.vimeo.com\\/video\\/210945217\"}}', '2017-04-26 19:16:08', '2017-04-26 19:16:08', 'de24158a-00ae-4bff-86de-1e7adcb2d403'),
 ('224', '160', '20', '1', 'en_us', '4', '', '{\"typeId\":\"20\",\"authorId\":null,\"title\":\"News\",\"slug\":\"about-student-media-news\",\"postDate\":1493234230,\"expiryDate\":null,\"enabled\":1,\"parentId\":null,\"fields\":{\"12\":\"Learn more about Student Media news. \",\"13\":[\"64\"]}}', '2017-04-26 19:17:16', '2017-04-26 19:17:16', '7280867a-36d3-40f7-9fcb-833bb5dc2148'),
 ('225', '59', '10', '1', 'en_us', '3', '', '{\"typeId\":null,\"authorId\":null,\"title\":\"Media Partners\",\"slug\":\"media-partners-home\",\"postDate\":1489687966,\"expiryDate\":null,\"enabled\":1,\"parentId\":null,\"fields\":{\"13\":[\"64\"]}}', '2017-04-26 19:20:04', '2017-04-26 19:20:04', '8c276121-82ed-4674-a4de-9c2ffddcf522'),
 ('226', '167', '8', '1', 'en_us', '2', '', '{\"typeId\":\"8\",\"authorId\":\"1\",\"title\":\"Thor Wasbotton\",\"slug\":\"grant-wang\",\"postDate\":1493085300,\"expiryDate\":null,\"enabled\":1,\"parentId\":null,\"fields\":{\"20\":[\"24\"],\"1\":\"<p>Hi<\\/p>\",\"4\":\"twasbot@kent.edu\",\"5\":[\"voting\"],\"6\":\"Thor\",\"19\":\"\",\"8\":\"Director of Journalism and Mass Communications\",\"7\":\"Wasbotton\",\"10\":\"330-931-2911\"}}', '2017-04-27 15:56:02', '2017-04-27 15:56:02', 'c3d5ef39-7e2b-449f-a202-7392690899c8'),
 ('227', '58', '9', '1', 'en_us', '10', '', '{\"typeId\":\"9\",\"authorId\":null,\"title\":\"About Kent State Student Media\",\"slug\":\"about\",\"postDate\":1492560894,\"expiryDate\":null,\"enabled\":1,\"parentId\":null,\"fields\":{\"1\":\"<p>Kent State Student Media empowers students to be the best they can be. Our Media Partners create sources of journalism, information, entertainment and advertising that gives students practical, collaborative and professional learning experiences. The diverse viewpoints we acquire as the second largest on-campus employer allow us to create the best final product.<\\/p>\",\"11\":[\"2\"],\"13\":[\"88\"],\"47\":\"<h2>Support Us<\\/h2>\\r\\n<p>we would really like ur&nbsp;money thanks!<\\/p>\",\"21\":\"Through the combined effort of students and faculty, our mission is to provide a professional learning foundation for all.\"}}', '2017-04-27 18:53:51', '2017-04-27 18:53:51', 'f4efcd67-b4c8-461e-a891-cad6798b56b1'),
 ('228', '58', '9', '1', 'en_us', '11', '', '{\"typeId\":\"9\",\"authorId\":null,\"title\":\"About Kent State Student Media\",\"slug\":\"about\",\"postDate\":1492560894,\"expiryDate\":null,\"enabled\":1,\"parentId\":null,\"fields\":{\"1\":\"<p>Kent State Student Media empowers students to be the best they can be. Our Media Partners create sources of journalism, information, entertainment and advertising that gives students practical, collaborative and professional learning experiences. The diverse viewpoints we acquire as the second largest on-campus employer allow us to create the best final product.<\\/p>\",\"11\":[\"2\"],\"13\":[\"88\"],\"47\":\"\",\"21\":\"Through the combined effort of students and faculty, our mission is to provide a professional learning foundation for all.\"}}', '2017-04-27 19:43:36', '2017-04-27 19:43:36', 'a51bd9b1-7a9d-4d85-9008-4db48de71131');
INSERT INTO `craft_entryversions` (`id`, `entryId`, `sectionId`, `creatorId`, `locale`, `num`, `notes`, `data`, `dateCreated`, `dateUpdated`, `uid`) VALUES
 ('229', '168', '23', '1', 'en_us', '1', '', '{\"typeId\":null,\"authorId\":\"1\",\"title\":\"Meeting Minutes Example 1\",\"slug\":\"meeting-minutes-example-1\",\"postDate\":1493322433,\"expiryDate\":null,\"enabled\":1,\"parentId\":null,\"fields\":{\"48\":{\"date\":\"4\\/11\\/2017\"},\"49\":\"\"}}', '2017-04-27 19:47:13', '2017-04-27 19:47:13', '18a675aa-5229-477c-9c56-8f047df2a932'),
 ('230', '58', '9', '1', 'en_us', '12', '', '{\"typeId\":\"9\",\"authorId\":null,\"title\":\"About Kent State Student Media\",\"slug\":\"about\",\"postDate\":1492560894,\"expiryDate\":null,\"enabled\":1,\"parentId\":null,\"fields\":{\"1\":\"<p>Kent State Student Media empowers students to be the best they can be. Our Media Partners create sources of journalism, information, entertainment and advertising that gives students practical, collaborative and professional learning experiences. The diverse viewpoints we acquire as the second largest on-campus employer allow us to create the best final product.<\\/p>\",\"11\":[\"2\"],\"13\":[\"88\"],\"47\":\"<p>Testing<\\/p>\",\"21\":\"Through the combined effort of students and faculty, our mission is to provide a professional learning foundation for all.\"}}', '2017-04-27 19:48:29', '2017-04-27 19:48:29', '74c61f27-55f0-4a62-aa80-46d9d5e515b9'),
 ('231', '58', '9', '1', 'en_us', '13', '', '{\"typeId\":\"9\",\"authorId\":null,\"title\":\"About Kent State Student Media\",\"slug\":\"about\",\"postDate\":1492560894,\"expiryDate\":null,\"enabled\":1,\"parentId\":null,\"fields\":{\"1\":\"<p>Kent State Student Media empowers students to be the best they can be. Our Media Partners create sources of journalism, information, entertainment and advertising that gives students practical, collaborative and professional learning experiences. The diverse viewpoints we acquire as the second largest on-campus employer allow us to create the best final product.<\\/p>\",\"11\":[\"166\"],\"13\":[\"88\"],\"47\":\"<p>Testing<\\/p>\",\"21\":\"Through the combined effort of students and faculty, our mission is to provide a professional learning foundation for all.\"}}', '2017-04-27 19:50:33', '2017-04-27 19:50:33', '4936118e-fd42-436b-88d2-f270ca363b48'),
 ('232', '168', '23', '1', 'en_us', '2', '', '{\"typeId\":\"23\",\"authorId\":\"1\",\"title\":\"Meeting Minutes Example 1\",\"slug\":\"meeting-minutes-example-1\",\"postDate\":1493322420,\"expiryDate\":null,\"enabled\":1,\"parentId\":null,\"fields\":{\"48\":{\"date\":\"4\\/11\\/2017\"},\"49\":[\"118\"]}}', '2017-04-27 19:53:28', '2017-04-27 19:53:28', '407f1f93-9100-4306-a327-0cbc67f8f699'),
 ('233', '168', '23', '1', 'en_us', '3', '', '{\"typeId\":\"23\",\"authorId\":\"1\",\"title\":\"Meeting Minutes Example 1\",\"slug\":\"meeting-minutes-example-1\",\"postDate\":1493322420,\"expiryDate\":null,\"enabled\":1,\"parentId\":null,\"fields\":{\"48\":{\"date\":\"4\\/11\\/2017\"},\"49\":[\"169\"]}}', '2017-04-27 19:57:00', '2017-04-27 19:57:00', 'e0997502-dd6e-4259-ad17-1dbe86dd21b6'),
 ('234', '161', '21', '1', 'en_us', '3', '', '{\"typeId\":\"21\",\"authorId\":null,\"title\":\"Board Members\",\"slug\":\"board-members\",\"postDate\":1492898238,\"expiryDate\":null,\"enabled\":1,\"parentId\":null,\"fields\":{\"49\":[\"169\"],\"13\":[\"88\"]}}', '2017-04-27 20:15:13', '2017-04-27 20:15:13', 'a1449432-cd8e-4325-b86f-064df3de3033'),
 ('235', '21', '4', '1', 'en_us', '6', '', '{\"typeId\":\"4\",\"authorId\":\"1\",\"title\":\"Fusion Magazine\",\"slug\":\"fusion-magazine\",\"postDate\":1488483960,\"expiryDate\":null,\"enabled\":1,\"parentId\":null,\"fields\":{\"31\":\"\",\"1\":\"<p>Fusion is Kent State University\'s LGBTQ magazine. We publish news, entertainment, opinions and interviews for and about the LGBTQ community. Each spring, we release a print issue and we regularly update our website year-round. <\\/p>\\r\\n<p>Our mission is to promote equality, education and community through journalism. When Fusion was founded, in 2003, marriage equality was not yet legal anywhere in the United States and laws against consensual sex between gay men were overturned that year. LGBTQ rights have significantly advanced since trans women, drag queens and street kids fought back against police violence in 1959. But the community, particularly trans people and people of color, still face substantial adversity. Journalism and storytelling helps humanize the community and its struggle. By publicizing their perspectives and experiences, Fusion helps demonstrate why LGBTQ people need an equal place in society.<\\/p>\",\"36\":\"1\",\"13\":\"\",\"14\":[\"49\"],\"29\":\"Fusion is Kent State\'s lesbian, gay, bisexual, transgender and queer\\/questioning student advocacy and entertainment magazine. \",\"26\":{\"137\":{\"type\":\"socialMediaBlock\",\"enabled\":\"1\",\"fields\":{\"socialName\":\"twitter\",\"address\":\"https:\\/\\/twitter.com\\/ohiofusion\"}},\"138\":{\"type\":\"socialMediaBlock\",\"enabled\":\"1\",\"fields\":{\"socialName\":\"facebook\",\"address\":\"https:\\/\\/facebook.com\\/ohiofusion\\/\"}},\"139\":{\"type\":\"socialMediaBlock\",\"enabled\":\"1\",\"fields\":{\"socialName\":\"website\",\"address\":\"http:\\/\\/ohiofusion.com\\/\"}}}}}', '2017-04-27 20:33:24', '2017-04-27 20:33:24', '3086a7df-f54c-482c-aa1a-cf57cb5db7c2'),
 ('236', '21', '4', '1', 'en_us', '7', '', '{\"typeId\":\"4\",\"authorId\":\"1\",\"title\":\"Fusion Magazine\",\"slug\":\"fusion-magazine\",\"postDate\":1488483960,\"expiryDate\":null,\"enabled\":1,\"parentId\":null,\"fields\":{\"31\":\"\",\"1\":\"<p>Fusion is Kent State University\'s LGBTQ magazine. We publish news, entertainment, opinions and interviews for and about the LGBTQ community. Each spring, we release a print issue and we regularly update our website year-round. <\\/p>\\r\\n<p>Our mission is to promote equality, education and community through journalism. When Fusion was founded, in 2003, marriage equality was not yet legal anywhere in the United States and laws against consensual sex between gay men were overturned that year. LGBTQ rights have significantly advanced since trans women, drag queens and street kids fought back against police violence in 1959. But the community, particularly trans people and people of color, still face substantial adversity. Journalism and storytelling helps humanize the community and its struggle. By publicizing their perspectives and experiences, Fusion helps demonstrate why LGBTQ people need an equal place in society.<\\/p>\",\"36\":\"1\",\"13\":\"\",\"14\":[\"49\"],\"29\":\"Fusion is Kent State\'s lesbian, gay, bisexual, transgender and queer\\/questioning student advocacy and entertainment magazine. \",\"26\":{\"137\":{\"type\":\"socialMediaBlock\",\"enabled\":\"1\",\"fields\":{\"socialName\":\"twitter\",\"address\":\"https:\\/\\/twitter.com\\/ohiofusion\"}},\"138\":{\"type\":\"socialMediaBlock\",\"enabled\":\"1\",\"fields\":{\"socialName\":\"facebook\",\"address\":\"https:\\/\\/facebook.com\\/ohiofusion\\/\"}},\"139\":{\"type\":\"socialMediaBlock\",\"enabled\":\"1\",\"fields\":{\"socialName\":\"website\",\"address\":\"http:\\/\\/ohiofusion.com\\/\"}}}}}', '2017-04-27 20:45:38', '2017-04-27 20:45:38', '4a1263aa-3f19-413d-95b1-7f05e77ce62a'),
 ('237', '20', '4', '1', 'en_us', '7', '', '{\"typeId\":\"4\",\"authorId\":\"1\",\"title\":\"TV2\",\"slug\":\"tv2\",\"postDate\":1488483960,\"expiryDate\":null,\"enabled\":1,\"parentId\":null,\"fields\":{\"31\":[\"42\"],\"1\":\"<p>TV2 is Kent State\'s award winning television station that strives to be Truly Portage County. From local news and sports to entertainment buzz and important social issues surrounding the region, TV2 covers the Kent State and Portage County area like no other television station can, while educating and preparing students for the future.<\\/p>\",\"36\":\"1\",\"13\":\"\",\"14\":[\"55\"],\"29\":\"TV2 is Kent State\'s award winning television station that strives to be Truly Portage County.\",\"26\":{\"153\":{\"type\":\"socialMediaBlock\",\"enabled\":\"1\",\"fields\":{\"socialName\":\"instagram\",\"address\":\"https:\\/\\/www.instagram.com\\/tv2ksu\\/\"}},\"154\":{\"type\":\"socialMediaBlock\",\"enabled\":\"1\",\"fields\":{\"socialName\":\"twitter\",\"address\":\"https:\\/\\/twitter.com\\/TV2KSU\"}},\"155\":{\"type\":\"socialMediaBlock\",\"enabled\":\"1\",\"fields\":{\"socialName\":\"facebook\",\"address\":\"https:\\/\\/www.facebook.com\\/tv2ksu\\/\"}}}}}', '2017-04-27 21:00:36', '2017-04-27 21:00:36', '20550161-7ef1-4f96-b0d5-a76b8c25958e'),
 ('238', '21', '4', '1', 'en_us', '8', '', '{\"typeId\":\"4\",\"authorId\":\"1\",\"title\":\"Fusion Magazine\",\"slug\":\"fusion-magazine\",\"postDate\":1488483960,\"expiryDate\":null,\"enabled\":1,\"parentId\":null,\"fields\":{\"31\":\"\",\"1\":\"<p>Fusion is Kent State University\'s LGBTQ magazine. We publish news, entertainment, opinions and interviews for and about the LGBTQ community. Each spring, we release a print issue and we regularly update our website year-round. <\\/p>\\r\\n<p>Our mission is to promote equality, education and community through journalism. When Fusion was founded, in 2003, marriage equality was not yet legal anywhere in the United States and laws against consensual sex between gay men were overturned that year. LGBTQ rights have significantly advanced since trans women, drag queens and street kids fought back against police violence in 1959. But the community, particularly trans people and people of color, still face substantial adversity. Journalism and storytelling helps humanize the community and its struggle. By publicizing their perspectives and experiences, Fusion helps demonstrate why LGBTQ people need an equal place in society.<\\/p>\",\"36\":\"1\",\"13\":[\"170\"],\"14\":[\"49\"],\"29\":\"Fusion is Kent State\'s lesbian, gay, bisexual, transgender and queer\\/questioning student advocacy and entertainment magazine.\",\"26\":{\"137\":{\"type\":\"socialMediaBlock\",\"enabled\":\"1\",\"fields\":{\"socialName\":\"twitter\",\"address\":\"https:\\/\\/twitter.com\\/ohiofusion\"}},\"138\":{\"type\":\"socialMediaBlock\",\"enabled\":\"1\",\"fields\":{\"socialName\":\"facebook\",\"address\":\"https:\\/\\/facebook.com\\/ohiofusion\\/\"}},\"139\":{\"type\":\"socialMediaBlock\",\"enabled\":\"1\",\"fields\":{\"socialName\":\"website\",\"address\":\"http:\\/\\/ohiofusion.com\\/\"}}}}}', '2017-04-27 21:05:39', '2017-04-27 21:05:39', '25a22225-547b-4147-b453-780ab50bcf54'),
 ('239', '45', '8', '1', 'en_us', '3', '', '{\"typeId\":\"8\",\"authorId\":\"1\",\"title\":\"Kevin Dilley\",\"slug\":\"kevin-dilley\",\"postDate\":1489335420,\"expiryDate\":null,\"enabled\":1,\"parentId\":null,\"fields\":{\"20\":[\"23\"],\"1\":\"<p>Kevin serves Student Media by providing management of our business and advising operations. He also works with student leaders to set a strategic direction for Student Media and mentors and advises student leaders. &nbsp;<\\/p>\\r\\n<p><strong>Words to Live By:<\\/strong><\\/p>\\r\\n<p>If you want to go fast, go alone. If you want to go far, go together. &nbsp;~ origin unknown.<\\/p>\\r\\n<p><strong>Personal:<\\/strong><\\/p>\\r\\n<p>I\\u2019ve traveled to Siberia, Malaysia, Mexico and 46 of 50 states in the U.S. I love going places and meeting new people, but I always yearn to return home. For me, that\\u2019s in Hudson with my two children, mi media naranja (si, hablo espa\\u00f1ol), and Pancho, my very best friend because, well he\\u2019s a dog and I\\u2019m a man. I hold degrees in journalism and visual communication from the University of Missouri and Ohio University. I\\u2019ve worked as a writer, photojournalist, editor, designer, web designer, project manager, consultant, professor and adviser. I love what I do because I\\u2019m constantly inspired by my students who bring ideas, enthusiasm, opportunity and optimism to this place every day.<\\/p>\\r\\n<p><strong>I can help you with:<\\/strong><\\/p>\\r\\n<ul><li><p>General questions<\\/p><\\/li><li><p>Strategic planning<\\/p><\\/li><li><p>Idea development<\\/p><\\/li><li><p>Budgets<\\/p><\\/li><\\/ul>\",\"4\":\"kdilley@kent.edu\",\"5\":[\"director\"],\"6\":\"Kevin \",\"19\":[\"118\"],\"8\":\"Director of Student Media\",\"7\":\"Dilley\",\"10\":\"330-672-4603\"}}', '2017-05-02 16:48:21', '2017-05-02 16:48:21', 'ee8bf729-1106-4aa8-8819-d82f48244e48'),
 ('240', '62', '13', '1', 'en_us', '3', '', '{\"typeId\":null,\"authorId\":null,\"title\":\"Contact\",\"slug\":\"contact\",\"postDate\":1489688145,\"expiryDate\":null,\"enabled\":1,\"parentId\":null,\"fields\":{\"50\":\"205 Franklin Hall, Hilltop Drive Kent, Ohio 44240\",\"12\":\"Have any questions or concerns? Contact us by phone or email and we will get back to you as soon as possible.\",\"13\":[\"64\"],\"10\":\"(330)-914-2628\"}}', '2017-05-02 16:54:30', '2017-05-02 16:54:30', '0230109c-763e-4424-aa94-08ac66b46ed1'),
 ('241', '23', '4', '1', 'en_us', '9', '', '{\"typeId\":\"4\",\"authorId\":\"1\",\"title\":\"KentWired\",\"slug\":\"kentwired\",\"postDate\":1488484080,\"expiryDate\":null,\"enabled\":1,\"parentId\":null,\"fields\":{\"31\":\"\",\"1\":\"\",\"36\":\"1\",\"13\":\"\",\"14\":\"\",\"29\":\"KentWired.com is a news organization that holds content created by students working in student media at Kent State University. \",\"26\":{\"149\":{\"type\":\"socialMediaBlock\",\"enabled\":\"1\",\"fields\":{\"socialName\":\"instagram\",\"address\":\"https:\\/\\/www.instagram.com\\/kentwired\\/\"}},\"150\":{\"type\":\"socialMediaBlock\",\"enabled\":\"1\",\"fields\":{\"socialName\":\"twitter\",\"address\":\"https:\\/\\/twitter.com\\/kentwired\"}},\"151\":{\"type\":\"socialMediaBlock\",\"enabled\":\"1\",\"fields\":{\"socialName\":\"facebook\",\"address\":\"https:\\/\\/www.facebook.com\\/KentWired\\/\"}},\"152\":{\"type\":\"socialMediaBlock\",\"enabled\":\"1\",\"fields\":{\"socialName\":\"website\",\"address\":\"http:\\/\\/www.kentwired.com\\/\"}}}}}', '2017-05-04 15:30:43', '2017-05-04 15:30:43', '8b958686-5357-430c-bc4c-bf65a034c7ce'),
 ('242', '45', '8', '1', 'en_us', '4', '', '{\"typeId\":\"8\",\"authorId\":\"1\",\"title\":\"Kevin Dilley\",\"slug\":\"kevin-dilley\",\"postDate\":1489335420,\"expiryDate\":null,\"enabled\":1,\"parentId\":null,\"fields\":{\"20\":[\"23\"],\"1\":\"<p>Kevin serves Student Media by providing management of our business and advising operations. He also works with student leaders to set a strategic direction for Student Media and mentors and advises student leaders. &nbsp;<\\/p>\\r\\n<p><strong>Words to Live By:<\\/strong><\\/p>\\r\\n<p>If you want to go fast, go alone. If you want to go far, go together. &nbsp;~ origin unknown.<\\/p>\\r\\n<p><strong>Personal:<\\/strong><\\/p>\\r\\n<p>I\\u2019ve traveled to Siberia, Malaysia, Mexico and 46 of 50 states in the U.S. I love going places and meeting new people, but I always yearn to return home. For me, that\\u2019s in Hudson with my two children, mi media naranja (si, hablo espa\\u00f1ol), and Pancho, my very best friend because, well he\\u2019s a dog and I\\u2019m a man. I hold degrees in journalism and visual communication from the University of Missouri and Ohio University. I\\u2019ve worked as a writer, photojournalist, editor, designer, web designer, project manager, consultant, professor and adviser. I love what I do because I\\u2019m constantly inspired by my students who bring ideas, enthusiasm, opportunity and optimism to this place every day.<\\/p>\\r\\n<p><strong>I can help you with:<\\/strong><\\/p>\\r\\n<ul><li><p>General questions<\\/p><\\/li><li><p>Strategic planning<\\/p><\\/li><li><p>Idea development<\\/p><\\/li><li><p>Budgets<\\/p><\\/li><\\/ul>\",\"4\":\"kdilley@kent.edu\",\"5\":[\"director\"],\"6\":\"Kevin \",\"19\":[\"171\"],\"8\":\"Director of Student Media\",\"7\":\"Dilley\",\"10\":\"330-672-4603\"}}', '2017-05-04 16:17:12', '2017-05-04 16:17:12', '0e07fd89-f684-472f-aec3-cdfcf0d0195d'),
 ('243', '172', '8', '1', 'en_us', '1', '', '{\"typeId\":null,\"authorId\":\"1\",\"title\":\"Kristan Dolan\",\"slug\":\"kristan-dolan\",\"postDate\":1493928835,\"expiryDate\":null,\"enabled\":1,\"parentId\":null,\"fields\":{\"20\":\"\",\"1\":\"\",\"4\":\"kdolan3@kent.edu\",\"5\":[\"voting\"],\"6\":\"Kristan\",\"19\":\"\",\"8\":\"Director of Center for Student Involvement \",\"7\":\"Dolan\",\"10\":\"330-672-2480\"}}', '2017-05-04 20:13:56', '2017-05-04 20:13:56', 'fcd4bc35-eb7f-4a5c-82b0-39ab799bc3e8'),
 ('244', '173', '8', '1', 'en_us', '1', '', '{\"typeId\":null,\"authorId\":\"1\",\"title\":\"Mark Goodman\",\"slug\":\"mark-goodman\",\"postDate\":1493929180,\"expiryDate\":null,\"enabled\":1,\"parentId\":null,\"fields\":{\"20\":\"\",\"1\":\"\",\"4\":\"mgoodm10@kent.edu\",\"5\":[\"voting\"],\"6\":\"Mark\",\"19\":\"\",\"8\":\"JMC Faculty\",\"7\":\"Goodman\",\"10\":\"330-672-6239\"}}', '2017-05-04 20:19:40', '2017-05-04 20:19:40', 'acb4753b-b78a-4f37-b352-168c2bc19332'),
 ('245', '174', '8', '1', 'en_us', '1', '', '{\"typeId\":null,\"authorId\":\"1\",\"title\":\"Eugene Shelton\",\"slug\":\"eugene-shelton\",\"postDate\":1493929300,\"expiryDate\":null,\"enabled\":1,\"parentId\":null,\"fields\":{\"20\":\"\",\"1\":\"\",\"4\":\"eshelto1@kent.edu\",\"5\":[\"voting\"],\"6\":\"Eugene\",\"19\":\"\",\"8\":\"JMC Faculty\",\"7\":\"Shelton\",\"10\":\"330-672-8298\"}}', '2017-05-04 20:21:40', '2017-05-04 20:21:40', 'a80d2fff-ca5b-45c7-a092-7d5c438f05a7'),
 ('246', '175', '8', '1', 'en_us', '1', '', '{\"typeId\":null,\"authorId\":\"1\",\"title\":\"Carol Robinson\",\"slug\":\"carol-robinson\",\"postDate\":1493929505,\"expiryDate\":null,\"enabled\":1,\"parentId\":null,\"fields\":{\"20\":\"\",\"1\":\"\",\"4\":\"clrobins@kent.edu\",\"5\":[\"voting\"],\"6\":\"Carol\",\"19\":\"\",\"8\":\"Faculty Senate Appointee\",\"7\":\"Robinson\",\"10\":\"330-675-8907\"}}', '2017-05-04 20:25:05', '2017-05-04 20:25:05', 'b829f636-96f7-44e6-90c3-e86c7cf59ef2'),
 ('247', '176', '8', '1', 'en_us', '1', '', '{\"typeId\":null,\"authorId\":\"1\",\"title\":\"Karl Idsvoog\",\"slug\":\"karl-idsvoog\",\"postDate\":1493929832,\"expiryDate\":null,\"enabled\":1,\"parentId\":null,\"fields\":{\"20\":\"\",\"1\":\"\",\"4\":\"kidsvoog@kent.edu\",\"5\":[\"voting\"],\"6\":\"Karl\",\"19\":\"\",\"8\":\"Faculty Senate Appointee\",\"7\":\"Idsvoog\",\"10\":\"330-672-8301\"}}', '2017-05-04 20:30:33', '2017-05-04 20:30:33', '04eec097-de95-40a8-a7bd-a96ebadb2e80'),
 ('249', '178', '8', '1', 'en_us', '1', '', '{\"typeId\":null,\"authorId\":\"1\",\"title\":\"Kristen Traynor\",\"slug\":\"kristen-traynor\",\"postDate\":1493930055,\"expiryDate\":null,\"enabled\":1,\"parentId\":null,\"fields\":{\"20\":\"\",\"1\":\"\",\"4\":\"\",\"5\":\"\",\"6\":\"Kristen \",\"19\":\"\",\"8\":\"Graduate Student Senate Appointee\",\"7\":\"Traynor\",\"10\":\"\"}}', '2017-05-04 20:34:15', '2017-05-04 20:34:15', '3c8fa275-2ef1-4346-997c-fca9319303e7'),
 ('251', '180', '8', '1', 'en_us', '1', '', '{\"typeId\":null,\"authorId\":\"1\",\"title\":\"Lusi Cai\",\"slug\":\"lusi-cai\",\"postDate\":1493930129,\"expiryDate\":null,\"enabled\":1,\"parentId\":null,\"fields\":{\"20\":\"\",\"1\":\"\",\"4\":\"\",\"5\":[\"voting\"],\"6\":\"Lusi \",\"19\":\"\",\"8\":\"JMC Graduate Student\",\"7\":\"Cai\",\"10\":\"\"}}', '2017-05-04 20:35:29', '2017-05-04 20:35:29', '6bdacd4b-09a3-454c-b5e2-3fc745f5afcf'),
 ('254', '181', '8', '1', 'en_us', '1', '', '{\"typeId\":null,\"authorId\":\"1\",\"title\":\"Mark Turner\",\"slug\":\"mark-turner\",\"postDate\":1493930167,\"expiryDate\":null,\"enabled\":1,\"parentId\":null,\"fields\":{\"20\":\"\",\"1\":\"\",\"4\":\"\",\"5\":[\"voting\"],\"6\":\"Mark\",\"19\":\"\",\"8\":\"Media Professional\",\"7\":\"Turner\",\"10\":\"\"}}', '2017-05-04 20:36:07', '2017-05-04 20:36:07', '35784ac3-d1c3-482b-8175-49c2d0a227d0'),
 ('258', '185', '8', '1', 'en_us', '1', '', '{\"typeId\":null,\"authorId\":\"1\",\"title\":\"Amanda Rabinowitz\",\"slug\":\"amanda-rabinowitz\",\"postDate\":1493930392,\"expiryDate\":null,\"enabled\":1,\"parentId\":null,\"fields\":{\"20\":[\"19\"],\"1\":\"\",\"4\":\"\",\"5\":[\"nonVoting\"],\"6\":\"Amanda\",\"19\":\"\",\"8\":\"Black Squirrel Radio Adviser\",\"7\":\"Rabinowitz\",\"10\":\"\"}}', '2017-05-04 20:39:52', '2017-05-04 20:39:52', '1b8e0f7c-f7f4-4873-935a-2aba77f314c0'),
 ('260', '187', '8', '1', 'en_us', '1', '', '{\"typeId\":null,\"authorId\":\"1\",\"title\":\"M.J. Eckhouse\",\"slug\":\"m-j-eckhouse\",\"postDate\":1493930487,\"expiryDate\":null,\"enabled\":1,\"parentId\":null,\"fields\":{\"20\":[\"21\"],\"1\":\"\",\"4\":\"\",\"5\":[\"nonVoting\",\"studentMediaLeader\"],\"6\":\"M.J.\",\"19\":\"\",\"8\":\"Fusion Editor\",\"7\":\"Eckhouse\",\"10\":\"\"}}', '2017-05-04 20:41:27', '2017-05-04 20:41:27', '25bf62c5-4265-4b8a-9020-09e2ee1a273c'),
 ('261', '188', '8', '1', 'en_us', '1', '', '{\"typeId\":null,\"authorId\":\"1\",\"title\":\"Bruce Zake\",\"slug\":\"bruce-zake\",\"postDate\":1493930618,\"expiryDate\":null,\"enabled\":1,\"parentId\":null,\"fields\":{\"20\":[\"21\"],\"1\":\"\",\"4\":\"\",\"5\":[\"nonVoting\"],\"6\":\"Bruce\",\"19\":\"\",\"8\":\"Fusion Adviser\",\"7\":\"Zake\",\"10\":\"\"}}', '2017-05-04 20:43:38', '2017-05-04 20:43:38', '9189de57-1f7b-42e4-b17b-569e68550c61'),
 ('263', '190', '8', '1', 'en_us', '1', '', '{\"typeId\":null,\"authorId\":\"1\",\"title\":\"Sue Zake\",\"slug\":\"sue-zake\",\"postDate\":1493930698,\"expiryDate\":null,\"enabled\":1,\"parentId\":null,\"fields\":{\"20\":[\"23\",\"20\",\"15\"],\"1\":\"\",\"4\":\"\",\"5\":[\"nonVoting\"],\"6\":\"Sue\",\"19\":\"\",\"8\":\"Student Media Newsroom Adviser (Kent Stater, TV2, Kentwired)\",\"7\":\"Zake\",\"10\":\"\"}}', '2017-05-04 20:44:58', '2017-05-04 20:44:58', 'c67ba97f-768e-49a9-8794-e31ad28f0a41'),
 ('264', '59', '10', '1', 'en_us', '4', '', '{\"typeId\":null,\"authorId\":null,\"title\":\"Media Partners\",\"slug\":\"media-partners-home\",\"postDate\":1489687966,\"expiryDate\":null,\"enabled\":1,\"parentId\":null,\"fields\":{\"13\":[\"192\"]}}', '2017-05-04 20:47:41', '2017-05-04 20:47:41', '2180a000-a148-4a9d-a2c8-2bf111f4040a'),
 ('265', '60', '11', '1', 'en_us', '4', '', '{\"typeId\":\"11\",\"authorId\":null,\"title\":\"Get Involved\",\"slug\":\"get-involved\",\"postDate\":1492711027,\"expiryDate\":null,\"enabled\":1,\"parentId\":null,\"fields\":{\"12\":\"\",\"13\":[\"88\"]}}', '2017-05-04 20:49:08', '2017-05-04 20:49:08', 'b4a7e2e9-c5c4-4422-a321-03f258e79607'),
 ('266', '59', '10', '1', 'en_us', '5', '', '{\"typeId\":null,\"authorId\":null,\"title\":\"Media Partners\",\"slug\":\"media-partners-home\",\"postDate\":1489687966,\"expiryDate\":null,\"enabled\":1,\"parentId\":null,\"fields\":{\"13\":[\"88\"]}}', '2017-05-04 20:49:54', '2017-05-04 20:49:54', '3305a742-a3ab-47d1-8ca8-d7bdaed7e92e'),
 ('268', '196', '8', '1', 'en_us', '1', '', '{\"typeId\":null,\"authorId\":\"1\",\"title\":\"Kim Winebrenner\",\"slug\":\"kim-winebrenner\",\"postDate\":1493931134,\"expiryDate\":null,\"enabled\":1,\"parentId\":null,\"fields\":{\"20\":[\"24\"],\"1\":\"\",\"4\":\"\",\"5\":[\"nonVoting\"],\"6\":\"Kim\",\"19\":\"\",\"8\":\"Luna Negra Adviser\",\"7\":\"Winebrenner\",\"10\":\"\"}}', '2017-05-04 20:52:14', '2017-05-04 20:52:14', '60602c86-c1fe-4063-8a37-4083680ac5b1'),
 ('269', '197', '8', '1', 'en_us', '1', '', '{\"typeId\":null,\"authorId\":\"1\",\"title\":\"Leisel Kober\",\"slug\":\"leisel-kober\",\"postDate\":1493931293,\"expiryDate\":null,\"enabled\":1,\"parentId\":null,\"fields\":{\"20\":[\"20\"],\"1\":\"\",\"4\":\"lkober@kent.edu\",\"5\":[\"nonVoting\",\"studentMediaLeader\"],\"6\":\"Leisel\",\"19\":\"\",\"8\":\"TV2 General Manager\",\"7\":\"Kober\",\"10\":\"\"}}', '2017-05-04 20:54:53', '2017-05-04 20:54:53', '82a5e9e9-bb46-493e-aea8-e688eeab31d9'),
 ('271', '187', '8', '1', 'en_us', '2', '', '{\"typeId\":\"8\",\"authorId\":\"1\",\"title\":\"M.J. Eckhouse\",\"slug\":\"m-j-eckhouse\",\"postDate\":1493930460,\"expiryDate\":null,\"enabled\":1,\"parentId\":null,\"fields\":{\"20\":[\"21\"],\"1\":\"\",\"4\":\"meckhous@kent.edu\",\"5\":[\"nonVoting\",\"studentMediaLeader\"],\"6\":\"M.J.\",\"19\":\"\",\"8\":\"Fusion Editor\",\"7\":\"Eckhouse\",\"10\":\"\"}}', '2017-05-04 20:55:26', '2017-05-04 20:55:26', 'f5b0a0ba-02f5-49e6-ba6d-cfe51c1dce08'),
 ('277', '199', '8', '1', 'en_us', '1', '', '{\"typeId\":null,\"authorId\":\"1\",\"title\":\"Sierra Allen\",\"slug\":\"sierra-allen\",\"postDate\":1493931532,\"expiryDate\":null,\"enabled\":1,\"parentId\":null,\"fields\":{\"20\":[\"22\"],\"1\":\"\",\"4\":\"sallen38@kent.edu\",\"5\":[\"nonVoting\",\"studentMediaLeader\"],\"6\":\"Sierra\",\"19\":\"\",\"8\":\"Uhuru Editor\",\"7\":\"Allen\",\"10\":\"\"}}', '2017-05-04 20:58:52', '2017-05-04 20:58:52', '3f238929-1402-47b5-b066-e3a9a4b09bc7'),
 ('279', '201', '8', '1', 'en_us', '1', '', '{\"typeId\":null,\"authorId\":\"1\",\"title\":\"Clara Sullivan\",\"slug\":\"clara-sullivan\",\"postDate\":1493931748,\"expiryDate\":null,\"enabled\":1,\"parentId\":null,\"fields\":{\"20\":[\"101\"],\"1\":\"\",\"4\":\"csulli21@kent.edu\",\"5\":[\"nonVoting\",\"studentMediaLeader\"],\"6\":\"Clara\",\"19\":\"\",\"8\":\"Student Media Advertising & Marketing Manager\",\"7\":\"Sullivan\",\"10\":\"\"}}', '2017-05-04 21:02:28', '2017-05-04 21:02:28', 'b384ce09-abee-4a92-9152-0844b0c19fd4'),
 ('280', '202', '8', '1', 'en_us', '1', '', '{\"typeId\":null,\"authorId\":\"1\",\"title\":\"Tami Bongiorni\",\"slug\":\"tami-bongiorni\",\"postDate\":1493931788,\"expiryDate\":null,\"enabled\":1,\"parentId\":null,\"fields\":{\"20\":[\"101\"],\"1\":\"\",\"4\":\"\",\"5\":[\"nonVoting\",\"officeStaff\"],\"6\":\"Tami\",\"19\":\"\",\"8\":\"Student Media Advertising & Marketing Adviser\",\"7\":\"Bongiorni\",\"10\":\"\"}}', '2017-05-04 21:03:08', '2017-05-04 21:03:08', 'acd07f29-593a-449f-ba1c-829dbe43f80a'),
 ('281', '45', '8', '1', 'en_us', '5', '', '{\"typeId\":\"8\",\"authorId\":\"1\",\"title\":\"Kevin Dilley\",\"slug\":\"kevin-dilley\",\"postDate\":1489335420,\"expiryDate\":null,\"enabled\":1,\"parentId\":null,\"fields\":{\"20\":[\"23\"],\"1\":\"<p>Kevin serves Student Media by providing management of our business and advising operations. He also works with student leaders to set a strategic direction for Student Media and mentors and advises student leaders. &nbsp;<\\/p>\\r\\n<p><strong>Words to Live By:<\\/strong><\\/p>\\r\\n<p>If you want to go fast, go alone. If you want to go far, go together. &nbsp;~ origin unknown.<\\/p>\\r\\n<p><strong>Personal:<\\/strong><\\/p>\\r\\n<p>I\\u2019ve traveled to Siberia, Malaysia, Mexico and 46 of 50 states in the U.S. I love going places and meeting new people, but I always yearn to return home. For me, that\\u2019s in Hudson with my two children, mi media naranja (si, hablo espa\\u00f1ol), and Pancho, my very best friend because, well he\\u2019s a dog and I\\u2019m a man. I hold degrees in journalism and visual communication from the University of Missouri and Ohio University. I\\u2019ve worked as a writer, photojournalist, editor, designer, web designer, project manager, consultant, professor and adviser. I love what I do because I\\u2019m constantly inspired by my students who bring ideas, enthusiasm, opportunity and optimism to this place every day.<\\/p>\\r\\n<p><strong>I can help you with:<\\/strong><\\/p>\\r\\n<ul><li><p>General questions<\\/p><\\/li><li><p>Strategic planning<\\/p><\\/li><li><p>Idea development<\\/p><\\/li><li><p>Budgets<\\/p><\\/li><\\/ul>\",\"4\":\"kdilley@kent.edu\",\"5\":[\"director\",\"nonVoting\",\"officeStaff\"],\"6\":\"Kevin \",\"19\":[\"171\"],\"8\":\"Director of Student Media\",\"7\":\"Dilley\",\"10\":\"330-672-4603\"}}', '2017-05-04 21:03:34', '2017-05-04 21:03:34', 'ae132ae8-cdd0-43eb-a4a4-e47b6d7da0e5'),
 ('282', '168', '23', '1', 'en_us', '4', '', '{\"typeId\":\"23\",\"authorId\":\"1\",\"title\":\"April 16, 2015\",\"slug\":\"meeting-minutes-example-1\",\"postDate\":1493322420,\"expiryDate\":null,\"enabled\":1,\"parentId\":null,\"fields\":{\"48\":{\"date\":\"4\\/16\\/2015\"},\"49\":[\"203\"]}}', '2017-05-04 21:08:18', '2017-05-04 21:08:18', 'd4d32801-1385-4559-92ff-51e91435a339'),
 ('283', '168', '23', '1', 'en_us', '5', '', '{\"typeId\":\"23\",\"authorId\":\"1\",\"title\":\"April 16, 2015 Meeting Minutes\",\"slug\":\"meeting-minutes-example-1\",\"postDate\":1493322420,\"expiryDate\":null,\"enabled\":1,\"parentId\":null,\"fields\":{\"48\":{\"date\":\"4\\/16\\/2015\"},\"49\":[\"203\"]}}', '2017-05-04 21:08:51', '2017-05-04 21:08:51', 'd5eb1ca7-c534-499d-82a7-384f881e21ba'),
 ('284', '161', '21', '1', 'en_us', '4', '', '{\"typeId\":\"21\",\"authorId\":null,\"title\":\"Student Media Board Members\",\"slug\":\"board-members\",\"postDate\":1494414895,\"expiryDate\":null,\"enabled\":1,\"parentId\":null,\"fields\":{\"49\":[\"169\"],\"13\":[\"88\"]}}', '2017-05-10 11:15:29', '2017-05-10 11:15:29', '11933037-ebc2-4050-aa08-ebb3e45922f1'),
 ('285', '161', '21', '1', 'en_us', '5', '', '{\"typeId\":\"21\",\"authorId\":null,\"title\":\"Student Media Board Members\",\"slug\":\"board-members\",\"postDate\":1494414895,\"expiryDate\":null,\"enabled\":1,\"parentId\":null,\"fields\":{\"1\":\"<p>Insert introductory paragraph about the amazing Student Media Board Members here.&nbsp;<\\/p>\",\"49\":[\"169\"],\"13\":[\"88\"],\"21\":\"The Team That Makes It Happen\"}}', '2017-05-10 17:04:12', '2017-05-10 17:04:12', '7166be6d-eacb-482c-b32b-a05be0e38870'),
 ('286', '2', '1', '1', 'en_us', '28', '', '{\"typeId\":null,\"authorId\":null,\"title\":\"Kent State Student Media\",\"slug\":\"homepage\",\"postDate\":1484237579,\"expiryDate\":null,\"enabled\":1,\"parentId\":null,\"fields\":{\"1\":\"<p>Award-winning, nationally recognized and locally focused. Our independent, student-run media partners create content the campus and Kent community seek. Students learn practical skills through the professional learning opportunities available through Kent State Student Media. Advertising with Kent State Student Media is an excellent way to make sure you reach your audience.<\\/p>\",\"12\":\"This is our description\",\"13\":[\"64\",\"90\",\"88\"],\"16\":\"\",\"17\":\"\",\"25\":\"\",\"21\":\"Independent media connecting Kent State students and the Kent community\",\"22\":\"https:\\/\\/player.vimeo.com\\/video\\/210945217\"}}', '2017-05-10 20:43:12', '2017-05-10 20:43:12', '909f4dfa-9be8-42ec-ae9c-5cc80789fd9f'),
 ('287', '58', '9', '1', 'en_us', '14', '', '{\"typeId\":\"9\",\"authorId\":null,\"title\":\"About Kent State Student Media\",\"slug\":\"about\",\"postDate\":1492560894,\"expiryDate\":null,\"enabled\":1,\"parentId\":null,\"fields\":{\"1\":\"<p>Kent State Student Media empowers students to be the best they can be. Students of any major and grade level are able to join us and gain a fun, practical experience that will provide transferable skills for any career they choose. We believe diversity is a strength, and we welcome all to join us! Our wide array of Media Partners means that every student can find their best fit. <br><\\/p>\\r\\n<p><br><\\/p>\\r\\n<p><strong>Our Mission:<em><\\/em><\\/strong><em><\\/em><strong><em><br><\\/em><\\/strong><\\/p>\\r\\n<p><strong><em>Student Media empowers students<\\/em><\\/strong> through practical, collaborative and professional learning opportunities within an independent, student-led and multi-platform media framework.<em><\\/em><em><\\/em><strong><em><br><\\/em><\\/strong><\\/p>\\r\\n<p><strong><em>Our students create valued sources<\\/em><\\/strong> of journalism, information, entertainment and advertising and develop meaningful connections with our core audiences.<em><\\/em><em><\\/em><strong><em><br><\\/em><\\/strong><\\/p>\\r\\n<p><strong><em>We encourage excellence, leadership and accountability<\\/em><\\/strong> as students become innovative, ethical and skilled media producers within a diverse and global society. <br><\\/p>\",\"11\":[\"166\"],\"13\":[\"88\"],\"47\":\"<p>You can help further our mission! Learn about the different ways you can support us. <br><\\/p>\",\"21\":\"Through the combined effort of students and faculty, our mission is to provide a professional learning foundation for all.\"}}', '2017-05-10 21:29:19', '2017-05-10 21:29:19', 'c9dcde7c-df55-4a12-913f-26c7d9f47969'),
 ('288', '161', '21', '1', 'en_us', '6', '', '{\"typeId\":\"21\",\"authorId\":null,\"title\":\"Student Media Board Members\",\"slug\":\"board-members\",\"postDate\":1494414895,\"expiryDate\":null,\"enabled\":1,\"parentId\":null,\"fields\":{\"1\":\"<p>The Student Media Board is made up of various stakeholders to ensure that Kent State Student Media is the best that it can be. Voting members include <span class=\\\"panel-inner-wrap clearfix\\\">faculty members appointed by the faculty senate<\\/span>, <span class=\\\"panel-inner-wrap clearfix\\\">faculty members appointed by the school of journalism and mass communication faculty advisory committee<\\/span>, the JMC director, the CSI director, USG appointees, a graduate senate appointee, JMC undergraduate students, a JMC graduate student and a media professional. All student leaders, student media advisors and the director of student media serve as non-voting members. <br><\\/p><p>Check out the guidelines, members and meeting minutes below.<br><\\/p>\",\"49\":[\"204\"],\"13\":[\"88\"],\"21\":\"The Team That Makes It Happen\"}}', '2017-05-10 21:41:05', '2017-05-10 21:41:05', '765c8fe9-ff27-42ac-ae73-3dd2a157d7ca'),
 ('289', '206', '23', '1', 'en_us', '1', '', '{\"typeId\":null,\"authorId\":\"1\",\"title\":\"April 1, 2016 Budget Meeting Minutes\",\"slug\":\"april-1-2016-budget-meeting-minutes\",\"postDate\":1494452575,\"expiryDate\":null,\"enabled\":1,\"parentId\":null,\"fields\":{\"48\":{\"date\":\"4\\/1\\/2016\"},\"49\":[\"205\"]}}', '2017-05-10 21:42:55', '2017-05-10 21:42:55', '2aca1aba-ad3f-4841-b688-9d34502eb527'),
 ('290', '208', '23', '1', 'en_us', '1', '', '{\"typeId\":null,\"authorId\":\"1\",\"title\":\"April 15, 2016 Media Board Meeting Minutes\",\"slug\":\"april-15-2016-media-board-meeting-minutes\",\"postDate\":1494452674,\"expiryDate\":null,\"enabled\":1,\"parentId\":null,\"fields\":{\"48\":{\"date\":\"4\\/15\\/2016\"},\"49\":[\"207\"]}}', '2017-05-10 21:44:34', '2017-05-10 21:44:34', '53c9371e-d846-4ad1-b6ce-0444357ffec9'),
 ('291', '168', '23', '1', 'en_us', '6', '', '{\"typeId\":\"23\",\"authorId\":\"1\",\"title\":\"April 16, 2015 JMCMB\\/SMPC Meeting Minutes\",\"slug\":\"meeting-minutes-example-1\",\"postDate\":1493322420,\"expiryDate\":null,\"enabled\":1,\"parentId\":null,\"fields\":{\"48\":{\"date\":\"4\\/16\\/2015\"},\"49\":[\"203\"]}}', '2017-05-10 21:45:01', '2017-05-10 21:45:01', 'b3667ddf-bb28-4968-b18d-fe49fd0891dd'),
 ('292', '208', '23', '1', 'en_us', '2', '', '{\"typeId\":\"23\",\"authorId\":\"1\",\"title\":\"April 15, 2016 SMB Meeting Minutes\",\"slug\":\"april-15-2016-media-board-meeting-minutes\",\"postDate\":1494452640,\"expiryDate\":null,\"enabled\":1,\"parentId\":null,\"fields\":{\"48\":{\"date\":\"4\\/15\\/2016\"},\"49\":[\"207\"]}}', '2017-05-10 21:45:30', '2017-05-10 21:45:30', '0647a66e-3c65-48ae-b688-02f8d804a4d6'),
 ('293', '210', '23', '1', 'en_us', '1', '', '{\"typeId\":null,\"authorId\":\"1\",\"title\":\"October 9, 2015 SMB Meeting Minutes\",\"slug\":\"october-9-2015-smb-meeting-minutes\",\"postDate\":1494452804,\"expiryDate\":null,\"enabled\":1,\"parentId\":null,\"fields\":{\"48\":{\"date\":\"10\\/9\\/2015\"},\"49\":[\"209\"]}}', '2017-05-10 21:46:44', '2017-05-10 21:46:44', '37ee8939-4616-408a-8658-1b8655973f52'),
 ('294', '212', '23', '1', 'en_us', '1', '', '{\"typeId\":null,\"authorId\":\"1\",\"title\":\"April 6, 2016 SMB Selection Meeting Minutes\",\"slug\":\"april-6-2016-smb-selection-meeting-minutes\",\"postDate\":1494453069,\"expiryDate\":null,\"enabled\":1,\"parentId\":null,\"fields\":{\"48\":{\"date\":\"4\\/6\\/2016\"},\"49\":[\"211\"]}}', '2017-05-10 21:51:09', '2017-05-10 21:51:09', '11c3ab4d-41c2-451c-b779-a44bc1a5466d'),
 ('295', '214', '23', '1', 'en_us', '1', '', '{\"typeId\":null,\"authorId\":\"1\",\"title\":\"April 8, 2016 SMB Selection Meeting Minutes\",\"slug\":\"april-8-2016-smb-selection-meeting-minutes\",\"postDate\":1494453117,\"expiryDate\":null,\"enabled\":1,\"parentId\":null,\"fields\":{\"48\":{\"date\":\"04\\/08\\/2016\"},\"49\":[\"213\"]}}', '2017-05-10 21:51:57', '2017-05-10 21:51:57', '1d724235-4590-4a8a-88fc-d6136dde536b'),
 ('296', '216', '23', '1', 'en_us', '1', '', '{\"typeId\":null,\"authorId\":\"1\",\"title\":\"December 4, 2015 SMB Selection Meeting Minutes\",\"slug\":\"december-4-2015-smb-selection-meeting-minutes\",\"postDate\":1494453207,\"expiryDate\":null,\"enabled\":1,\"parentId\":null,\"fields\":{\"48\":{\"date\":\"12\\/4\\/2015\"},\"49\":[\"215\"]}}', '2017-05-10 21:53:27', '2017-05-10 21:53:27', 'e8cf75d8-d2c3-4622-bbf4-6bf4dcc9c799'),
 ('297', '218', '23', '1', 'en_us', '1', '', '{\"typeId\":null,\"authorId\":\"1\",\"title\":\"January 22, 2016 Special Meeting Minutes\",\"slug\":\"january-22-2016-special-meeting-minutes\",\"postDate\":1494453339,\"expiryDate\":null,\"enabled\":1,\"parentId\":null,\"fields\":{\"48\":{\"date\":\"1\\/22\\/2016\"},\"49\":[\"217\"]}}', '2017-05-10 21:55:39', '2017-05-10 21:55:39', '4ca727bb-a1b7-4ec4-be87-eb0e5dedddb7'),
 ('298', '19', '4', '1', 'en_us', '8', '', '{\"typeId\":\"4\",\"authorId\":\"1\",\"title\":\"Black Squirrel Radio\",\"slug\":\"black-squirrel-radio\",\"postDate\":1488483960,\"expiryDate\":null,\"enabled\":1,\"parentId\":null,\"fields\":{\"31\":\"\",\"1\":\"<p>Black Squirrel Radio is a\\r\\nstudent-run radio station committed to providing innovative media content\\r\\ninspired by the community of Kent, Ohio, dedicated to professionalism,\\r\\nintegrity, creativity, and diversity. Black Squirrel Radio is dedicated to\\r\\nproviding professional industry experience while continuing to be a platform\\r\\nfor experimental programming. Through alternative media content, we aim to grow\\r\\nour audience by becoming the destination for students and alumni to remember\\r\\nwhat was and experience what is college life in Kent, Ohio.<\\/p>\",\"36\":\"1\",\"13\":[\"88\"],\"14\":[\"47\"],\"29\":\"Black Squirrel Radio (BSR) is the student-run radio station on Kent State\\u2019s campus and provides innovative media content inspired by the community of Kent, Ohio.\",\"26\":{\"156\":{\"type\":\"socialMediaBlock\",\"enabled\":\"1\",\"fields\":{\"socialName\":\"instagram\",\"address\":\"https:\\/\\/www.instagram.com\\/bsrkent\\/\"}},\"157\":{\"type\":\"socialMediaBlock\",\"enabled\":\"1\",\"fields\":{\"socialName\":\"twitter\",\"address\":\" https:\\/\\/twitter.com\\/BSRKent\"}},\"158\":{\"type\":\"socialMediaBlock\",\"enabled\":\"1\",\"fields\":{\"socialName\":\"facebook\",\"address\":\"https:\\/\\/www.facebook.com\\/blacksquirrelradio\\/\"}},\"159\":{\"type\":\"socialMediaBlock\",\"enabled\":\"1\",\"fields\":{\"socialName\":\"website\",\"address\":\"http:\\/\\/blacksquirrelradio.com\\/\"}}}}}', '2017-05-10 22:10:38', '2017-05-10 22:10:38', '0e5d6d36-212e-4665-80a6-f793ee5b5b15'),
 ('299', '21', '4', '1', 'en_us', '9', '', '{\"typeId\":\"4\",\"authorId\":\"1\",\"title\":\"Fusion Magazine\",\"slug\":\"fusion-magazine\",\"postDate\":1488483960,\"expiryDate\":null,\"enabled\":1,\"parentId\":null,\"fields\":{\"31\":\"\",\"1\":\"<p>Fusion is Kent State University\'s LGBTQ magazine. We publish news, entertainment, opinions and interviews for and about the LGBTQ community. Each spring, we release a print issue and we regularly update our website year-round. <\\/p>\\r\\n<p>Our mission is to promote equality, education and community through journalism. When Fusion was founded, in 2003, marriage equality was not yet legal anywhere in the United States and laws against consensual sex between gay men were overturned that year. LGBTQ rights have significantly advanced since trans women, drag queens and street kids fought back against police violence in 1959. But the community, particularly trans people and people of color, still face substantial adversity. Journalism and storytelling helps humanize the community and its struggle. By publicizing their perspectives and experiences, Fusion helps demonstrate why LGBTQ people need an equal place in society.<\\/p>\",\"36\":\"1\",\"13\":[\"170\"],\"14\":[\"49\"],\"29\":\"Fusion is Kent State\'s lesbian, gay, bisexual, transgender and queer\\/questioning student advocacy and entertainment magazine.\",\"26\":{\"137\":{\"type\":\"socialMediaBlock\",\"enabled\":\"1\",\"fields\":{\"socialName\":\"twitter\",\"address\":\"https:\\/\\/twitter.com\\/ohiofusion\"}},\"138\":{\"type\":\"socialMediaBlock\",\"enabled\":\"1\",\"fields\":{\"socialName\":\"facebook\",\"address\":\"https:\\/\\/facebook.com\\/ohiofusion\\/\"}},\"139\":{\"type\":\"socialMediaBlock\",\"enabled\":\"1\",\"fields\":{\"socialName\":\"website\",\"address\":\"http:\\/\\/ohiofusion.com\\/\"}}}}}', '2017-05-10 22:11:30', '2017-05-10 22:11:30', 'e3290389-1ce5-4e48-ba21-fb1ac6aa0b75'),
 ('300', '23', '4', '1', 'en_us', '10', '', '{\"typeId\":\"4\",\"authorId\":\"1\",\"title\":\"KentWired\",\"slug\":\"kentwired\",\"postDate\":1488484080,\"expiryDate\":null,\"enabled\":1,\"parentId\":null,\"fields\":{\"31\":\"\",\"1\":\"<p><span class=\\\"panel-inner-wrap clearfix\\\">KentWired.com is the hub of all Kent State Student Media. Featuring top news, entertainment, community and campus news, sports and video, KentWired is the place to turn to for everything Kent. The site also features&nbsp; classifieds, daily podcasts, newscasts and live streams to TV2 and Black Squirrel Radio. KentWired is also the key source to news over the summer months.<\\/span><\\/p>\",\"36\":\"1\",\"13\":\"\",\"14\":\"\",\"29\":\"KentWired.com is a news organization that holds content created by students working in student media at Kent State University. \",\"26\":{\"149\":{\"type\":\"socialMediaBlock\",\"enabled\":\"1\",\"fields\":{\"socialName\":\"instagram\",\"address\":\"https:\\/\\/www.instagram.com\\/kentwired\\/\"}},\"150\":{\"type\":\"socialMediaBlock\",\"enabled\":\"1\",\"fields\":{\"socialName\":\"twitter\",\"address\":\"https:\\/\\/twitter.com\\/kentwired\"}},\"151\":{\"type\":\"socialMediaBlock\",\"enabled\":\"1\",\"fields\":{\"socialName\":\"facebook\",\"address\":\"https:\\/\\/www.facebook.com\\/KentWired\\/\"}},\"152\":{\"type\":\"socialMediaBlock\",\"enabled\":\"1\",\"fields\":{\"socialName\":\"website\",\"address\":\"http:\\/\\/www.kentwired.com\\/\"}}}}}', '2017-05-10 22:14:05', '2017-05-10 22:14:05', '2919d64d-ceab-4aaf-9dbd-79983493f777'),
 ('301', '19', '4', '1', 'en_us', '9', '', '{\"typeId\":\"4\",\"authorId\":\"1\",\"title\":\"Black Squirrel Radio\",\"slug\":\"black-squirrel-radio\",\"postDate\":1488483960,\"expiryDate\":null,\"enabled\":1,\"parentId\":null,\"fields\":{\"31\":\"\",\"1\":\"<p>Black Squirrel Radio is a\\r\\nstudent-run radio station committed to providing innovative media content\\r\\ninspired by the community of Kent, Ohio, dedicated to professionalism,\\r\\nintegrity, creativity, and diversity. Black Squirrel Radio is dedicated to\\r\\nproviding professional industry experience while continuing to be a platform\\r\\nfor experimental programming. Through alternative media content, we aim to grow\\r\\nour audience by becoming the destination for students and alumni to remember\\r\\nwhat was and experience what is college life in Kent, Ohio.<\\/p>\",\"36\":\"1\",\"13\":[\"219\"],\"14\":[\"47\"],\"29\":\"Black Squirrel Radio (BSR) is the student-run radio station on Kent State\\u2019s campus and provides innovative media content inspired by the community of Kent, Ohio.\",\"26\":{\"156\":{\"type\":\"socialMediaBlock\",\"enabled\":\"1\",\"fields\":{\"socialName\":\"instagram\",\"address\":\"https:\\/\\/www.instagram.com\\/bsrkent\\/\"}},\"157\":{\"type\":\"socialMediaBlock\",\"enabled\":\"1\",\"fields\":{\"socialName\":\"twitter\",\"address\":\" https:\\/\\/twitter.com\\/BSRKent\"}},\"158\":{\"type\":\"socialMediaBlock\",\"enabled\":\"1\",\"fields\":{\"socialName\":\"facebook\",\"address\":\"https:\\/\\/www.facebook.com\\/blacksquirrelradio\\/\"}},\"159\":{\"type\":\"socialMediaBlock\",\"enabled\":\"1\",\"fields\":{\"socialName\":\"website\",\"address\":\"http:\\/\\/blacksquirrelradio.com\\/\"}}}}}', '2017-05-10 23:50:52', '2017-05-10 23:50:52', '49340cd3-a597-4edb-aa1c-b95bed1c7e75'),
 ('302', '21', '4', '1', 'en_us', '10', '', '{\"typeId\":\"4\",\"authorId\":\"1\",\"title\":\"Fusion Magazine\",\"slug\":\"fusion-magazine\",\"postDate\":1488483960,\"expiryDate\":null,\"enabled\":1,\"parentId\":null,\"fields\":{\"31\":\"\",\"1\":\"<p>Fusion is Kent State University\'s LGBTQ magazine. We publish news, entertainment, opinions and interviews for and about the LGBTQ community. Each spring, we release a print issue and we regularly update our website year-round. <\\/p>\\r\\n<p>Our mission is to promote equality, education and community through journalism. When Fusion was founded, in 2003, marriage equality was not yet legal anywhere in the United States and laws against consensual sex between gay men were overturned that year. LGBTQ rights have significantly advanced since trans women, drag queens and street kids fought back against police violence in 1959. But the community, particularly trans people and people of color, still face substantial adversity. Journalism and storytelling helps humanize the community and its struggle. By publicizing their perspectives and experiences, Fusion helps demonstrate why LGBTQ people need an equal place in society.<\\/p>\",\"36\":\"1\",\"13\":[\"220\",\"170\"],\"14\":[\"49\"],\"29\":\"Fusion is Kent State\'s lesbian, gay, bisexual, transgender and queer\\/questioning student advocacy and entertainment magazine.\",\"26\":{\"137\":{\"type\":\"socialMediaBlock\",\"enabled\":\"1\",\"fields\":{\"socialName\":\"twitter\",\"address\":\"https:\\/\\/twitter.com\\/ohiofusion\"}},\"138\":{\"type\":\"socialMediaBlock\",\"enabled\":\"1\",\"fields\":{\"socialName\":\"facebook\",\"address\":\"https:\\/\\/facebook.com\\/ohiofusion\\/\"}},\"139\":{\"type\":\"socialMediaBlock\",\"enabled\":\"1\",\"fields\":{\"socialName\":\"website\",\"address\":\"http:\\/\\/ohiofusion.com\\/\"}}}}}', '2017-05-10 23:51:51', '2017-05-10 23:51:51', '83d1779c-e6a5-460f-a265-cf1358f1b467'),
 ('303', '21', '4', '1', 'en_us', '11', '', '{\"typeId\":\"4\",\"authorId\":\"1\",\"title\":\"Fusion Magazine\",\"slug\":\"fusion-magazine\",\"postDate\":1488483960,\"expiryDate\":null,\"enabled\":1,\"parentId\":null,\"fields\":{\"31\":\"\",\"1\":\"<p>Fusion is Kent State University\'s LGBTQ magazine. We publish news, entertainment, opinions and interviews for and about the LGBTQ community. Each spring, we release a print issue and we regularly update our website year-round. <\\/p>\\r\\n<p>Our mission is to promote equality, education and community through journalism. When Fusion was founded, in 2003, marriage equality was not yet legal anywhere in the United States and laws against consensual sex between gay men were overturned that year. LGBTQ rights have significantly advanced since trans women, drag queens and street kids fought back against police violence in 1959. But the community, particularly trans people and people of color, still face substantial adversity. Journalism and storytelling helps humanize the community and its struggle. By publicizing their perspectives and experiences, Fusion helps demonstrate why LGBTQ people need an equal place in society.<\\/p>\",\"36\":\"1\",\"13\":[\"170\",\"220\"],\"14\":[\"49\"],\"29\":\"Fusion is Kent State\'s lesbian, gay, bisexual, transgender and queer\\/questioning student advocacy and entertainment magazine.\",\"26\":{\"137\":{\"type\":\"socialMediaBlock\",\"enabled\":\"1\",\"fields\":{\"socialName\":\"twitter\",\"address\":\"https:\\/\\/twitter.com\\/ohiofusion\"}},\"138\":{\"type\":\"socialMediaBlock\",\"enabled\":\"1\",\"fields\":{\"socialName\":\"facebook\",\"address\":\"https:\\/\\/facebook.com\\/ohiofusion\\/\"}},\"139\":{\"type\":\"socialMediaBlock\",\"enabled\":\"1\",\"fields\":{\"socialName\":\"website\",\"address\":\"http:\\/\\/ohiofusion.com\\/\"}}}}}', '2017-05-10 23:52:51', '2017-05-10 23:52:51', 'b3c2c968-6229-4b36-ac02-2613e56b5f42'),
 ('304', '20', '4', '1', 'en_us', '8', '', '{\"typeId\":\"4\",\"authorId\":\"1\",\"title\":\"TV2\",\"slug\":\"tv2\",\"postDate\":1488483960,\"expiryDate\":null,\"enabled\":1,\"parentId\":null,\"fields\":{\"31\":[\"42\"],\"1\":\"<p>TV2 is Kent State\'s award winning television station that strives to be Truly Portage County. From local news and sports to entertainment buzz and important social issues surrounding the region, TV2 covers the Kent State and Portage County area like no other television station can, while educating and preparing students for the future.<\\/p>\",\"36\":\"1\",\"13\":[\"221\"],\"14\":[\"55\"],\"29\":\"TV2 is Kent State\'s award winning television station that strives to be Truly Portage County.\",\"26\":{\"153\":{\"type\":\"socialMediaBlock\",\"enabled\":\"1\",\"fields\":{\"socialName\":\"instagram\",\"address\":\"https:\\/\\/www.instagram.com\\/tv2ksu\\/\"}},\"154\":{\"type\":\"socialMediaBlock\",\"enabled\":\"1\",\"fields\":{\"socialName\":\"twitter\",\"address\":\"https:\\/\\/twitter.com\\/TV2KSU\"}},\"155\":{\"type\":\"socialMediaBlock\",\"enabled\":\"1\",\"fields\":{\"socialName\":\"facebook\",\"address\":\"https:\\/\\/www.facebook.com\\/tv2ksu\\/\"}}}}}', '2017-05-10 23:55:03', '2017-05-10 23:55:03', '55a1a557-eef5-4220-9a8e-c32afb676d16'),
 ('305', '20', '4', '1', 'en_us', '9', '', '{\"typeId\":\"4\",\"authorId\":\"1\",\"title\":\"TV2\",\"slug\":\"tv2\",\"postDate\":1488483960,\"expiryDate\":null,\"enabled\":1,\"parentId\":null,\"fields\":{\"31\":[\"42\"],\"1\":\"<p>TV2 is Kent State\'s award winning television station that strives to be Truly Portage County. From local news and sports to entertainment buzz and important social issues surrounding the region, TV2 covers the Kent State and Portage County area like no other television station can, while educating and preparing students for the future.<\\/p>\",\"36\":\"1\",\"13\":[\"221\"],\"14\":[\"55\"],\"29\":\"TV2 is Kent State\'s award winning television station that strives to be Truly Portage County.\",\"26\":{\"153\":{\"type\":\"socialMediaBlock\",\"enabled\":\"1\",\"fields\":{\"socialName\":\"instagram\",\"address\":\"https:\\/\\/www.instagram.com\\/tv2ksu\\/\"}},\"154\":{\"type\":\"socialMediaBlock\",\"enabled\":\"1\",\"fields\":{\"socialName\":\"twitter\",\"address\":\"https:\\/\\/twitter.com\\/TV2KSU\"}},\"155\":{\"type\":\"socialMediaBlock\",\"enabled\":\"1\",\"fields\":{\"socialName\":\"facebook\",\"address\":\"https:\\/\\/www.facebook.com\\/tv2ksu\\/\"}}}}}', '2017-05-10 23:55:44', '2017-05-10 23:55:44', '8f86ab9f-0c96-481a-b496-1cebc7f4c0aa'),
 ('306', '24', '4', '1', 'en_us', '9', '', '{\"typeId\":\"4\",\"authorId\":\"1\",\"title\":\"Luna Negra\",\"slug\":\"luna-negra\",\"postDate\":1488484140,\"expiryDate\":null,\"enabled\":1,\"parentId\":null,\"fields\":{\"31\":[\"68\"],\"1\":\"<p>Luna Negra, though sometimes under different names, has been around since 1956. It began under the English department, where it found its footing within the campus\\u2019s cultural atmosphere. Since then, the publication has been a staple of the university, witnessing the path Kent State has taken through the decades. We have published works describing the culture of collegiate 1950s, the Kent State shootings, and 9\\/11; the literary pieces published by Luna Negra, written by the students themselves, have chronicled every major cultural and historical event of America. Since its inception, and still to today, Luna Negra is run by students and filled with student content. We strive to foster creative activity across campus, and seek to be the keeper and encourager of the student body\\u2019s creative spirit.\\r\\n      <\\/p>\",\"54\":\"\",\"4\":\"\",\"36\":\"1\",\"6\":\"\",\"13\":[\"90\"],\"8\":\"\",\"7\":\"\",\"14\":[\"53\"],\"10\":\"\",\"29\":\"Luna Negra is Kent State\\u2019s literary student magazine that publishes a blend of poetry, prose, photography and illustration. \",\"26\":{\"129\":{\"type\":\"socialMediaBlock\",\"enabled\":\"1\",\"fields\":{\"socialName\":\"facebook\",\"address\":\"https:\\/\\/www.facebook.com\\/lunanegramag\\/\"}},\"130\":{\"type\":\"socialMediaBlock\",\"enabled\":\"1\",\"fields\":{\"socialName\":\"instagram\",\"address\":\"https:\\/\\/www.instagram.com\\/lunanegramagazine\\/\"}},\"131\":{\"type\":\"socialMediaBlock\",\"enabled\":\"1\",\"fields\":{\"socialName\":\"twitter\",\"address\":\"https:\\/\\/twitter.com\\/lunanegramag\"}},\"132\":{\"type\":\"socialMediaBlock\",\"enabled\":\"1\",\"fields\":{\"socialName\":\"website\",\"address\":\"http:\\/\\/www.lunanegramag.com\\/\"}}},\"21\":\"\"}}', '2017-05-11 02:31:55', '2017-05-11 02:31:55', '0c8c05e5-674e-407e-83ee-a00a8c6b24ab'),
 ('307', '24', '4', '1', 'en_us', '10', '', '{\"typeId\":\"4\",\"authorId\":\"1\",\"title\":\"Luna Negra\",\"slug\":\"luna-negra\",\"postDate\":1488484140,\"expiryDate\":null,\"enabled\":1,\"parentId\":null,\"fields\":{\"31\":[\"68\"],\"1\":\"<p>Luna Negra, though sometimes under different names, has been around since 1956. It began under the English department, where it found its footing within the campus\\u2019s cultural atmosphere. Since then, the publication has been a staple of the university, witnessing the path Kent State has taken through the decades. We have published works describing the culture of collegiate 1950s, the Kent State shootings, and 9\\/11; the literary pieces published by Luna Negra, written by the students themselves, have chronicled every major cultural and historical event of America. Since its inception, and still to today, Luna Negra is run by students and filled with student content. We strive to foster creative activity across campus and seek to be the keeper and encourager of the student body\\u2019s creative spirit.\\r\\n      <\\/p>\",\"54\":\"\",\"4\":\"\",\"36\":\"1\",\"6\":\"\",\"13\":[\"90\"],\"8\":\"\",\"7\":\"\",\"14\":[\"53\"],\"10\":\"\",\"29\":\"Luna Negra is Kent State\\u2019s literary student magazine that publishes a blend of poetry, prose, photography and illustration. \",\"26\":{\"129\":{\"type\":\"socialMediaBlock\",\"enabled\":\"1\",\"fields\":{\"socialName\":\"facebook\",\"address\":\"https:\\/\\/www.facebook.com\\/lunanegramag\\/\"}},\"130\":{\"type\":\"socialMediaBlock\",\"enabled\":\"1\",\"fields\":{\"socialName\":\"instagram\",\"address\":\"https:\\/\\/www.instagram.com\\/lunanegramagazine\\/\"}},\"131\":{\"type\":\"socialMediaBlock\",\"enabled\":\"1\",\"fields\":{\"socialName\":\"twitter\",\"address\":\"https:\\/\\/twitter.com\\/lunanegramag\"}},\"132\":{\"type\":\"socialMediaBlock\",\"enabled\":\"1\",\"fields\":{\"socialName\":\"website\",\"address\":\"http:\\/\\/www.lunanegramag.com\\/\"}}},\"21\":\"\"}}', '2017-05-11 02:32:45', '2017-05-11 02:32:45', '9856a185-4ebd-4e62-8aae-4887267acd89'),
 ('308', '20', '4', '1', 'en_us', '10', '', '{\"typeId\":\"4\",\"authorId\":\"1\",\"title\":\"TV2\",\"slug\":\"tv2\",\"postDate\":1488483960,\"expiryDate\":null,\"enabled\":1,\"parentId\":null,\"fields\":{\"31\":[\"42\"],\"1\":\"<p>TV2 is Kent State\'s award winning television station that strives to be Truly Portage County. From local news and sports to entertainment buzz and important social issues surrounding the region, TV2 covers the Kent State and Portage County area like no other television station can, while educating and preparing students for the future.<\\/p>\",\"54\":\"\",\"4\":\"\",\"36\":\"1\",\"6\":\"\",\"13\":[\"221\"],\"8\":\"\",\"7\":\"\",\"14\":[\"55\"],\"10\":\"\",\"29\":\"TV2 is Kent State\'s award winning television station that strives to be Truly Portage County.\",\"26\":{\"153\":{\"type\":\"socialMediaBlock\",\"enabled\":\"1\",\"fields\":{\"socialName\":\"instagram\",\"address\":\"https:\\/\\/www.instagram.com\\/tv2ksu\\/\"}},\"154\":{\"type\":\"socialMediaBlock\",\"enabled\":\"1\",\"fields\":{\"socialName\":\"twitter\",\"address\":\"https:\\/\\/twitter.com\\/TV2KSU\"}},\"155\":{\"type\":\"socialMediaBlock\",\"enabled\":\"1\",\"fields\":{\"socialName\":\"facebook\",\"address\":\"https:\\/\\/www.facebook.com\\/tv2ksu\\/\"}},\"new1\":{\"type\":\"socialMediaBlock\",\"enabled\":\"1\",\"fields\":{\"socialName\":\"website\",\"address\":\"http:\\/\\/www.kentwired.com\\/tv2\\/\"}}},\"21\":\"\"}}', '2017-05-11 02:34:14', '2017-05-11 02:34:14', '8a088142-66cf-4d94-a452-62d7b2298560'),
 ('309', '24', '4', '1', 'en_us', '11', '', '{\"typeId\":\"4\",\"authorId\":\"1\",\"title\":\"Luna Negra\",\"slug\":\"luna-negra\",\"postDate\":1488484140,\"expiryDate\":null,\"enabled\":1,\"parentId\":null,\"fields\":{\"31\":[\"68\"],\"1\":\"<p>Luna Negra, though sometimes under different names, has been around since 1956. It began under the English department, where it found its footing within the campus\\u2019s cultural atmosphere. Since then, the publication has been a staple of the university, witnessing the path Kent State has taken through the decades. We have published works describing the culture of collegiate 1950s, the Kent State shootings, and 9\\/11; the literary pieces published by Luna Negra, written by the students themselves, have chronicled every major cultural and historical event of America. Since its inception, and still to today, Luna Negra is run by students and filled with student content. We strive to foster creative activity across campus and seek to be the keeper and encourager of the student body\\u2019s creative spirit.<\\/p>\",\"54\":\"\",\"4\":\"\",\"36\":\"1\",\"6\":\"\",\"13\":[\"90\"],\"8\":\"\",\"7\":\"\",\"14\":[\"53\"],\"10\":\"\",\"29\":\"Luna Negra is Kent State\\u2019s literary student magazine that publishes a blend of poetry, prose, photography and illustration. \",\"26\":{\"129\":{\"type\":\"socialMediaBlock\",\"enabled\":\"1\",\"fields\":{\"socialName\":\"facebook\",\"address\":\"https:\\/\\/www.facebook.com\\/lunanegramag\\/\"}},\"130\":{\"type\":\"socialMediaBlock\",\"enabled\":\"1\",\"fields\":{\"socialName\":\"instagram\",\"address\":\"https:\\/\\/www.instagram.com\\/lunanegramagazine\\/\"}},\"131\":{\"type\":\"socialMediaBlock\",\"enabled\":\"1\",\"fields\":{\"socialName\":\"twitter\",\"address\":\"https:\\/\\/twitter.com\\/lunanegramag\"}},\"132\":{\"type\":\"socialMediaBlock\",\"enabled\":\"1\",\"fields\":{\"socialName\":\"website\",\"address\":\"http:\\/\\/www.lunanegramag.com\\/\"}}},\"21\":\"\"}}', '2017-05-11 02:35:52', '2017-05-11 02:35:52', '903476b1-09a6-410b-95bd-4206c175bcef'),
 ('310', '24', '4', '1', 'en_us', '12', '', '{\"typeId\":\"4\",\"authorId\":\"1\",\"title\":\"Luna Negra\",\"slug\":\"luna-negra\",\"postDate\":1488484140,\"expiryDate\":null,\"enabled\":1,\"parentId\":null,\"fields\":{\"31\":[\"68\"],\"1\":\"<p>Luna Negra, though sometimes under different names, has been around since 1956. It began under the English department, where it found its footing within the campus\\u2019s cultural atmosphere. Since then, the publication has been a staple of the university, witnessing the path Kent State has taken through the decades. We have published works describing the culture of collegiate 1950s, the Kent State shootings, and 9\\/11; the literary pieces published by Luna Negra, written by the students themselves, have chronicled every major cultural and historical event of America. Since its inception, and still to today, Luna Negra is run by students and filled with student content. We strive to foster creative activity across campus and seek to be the keeper and encourager of the student body\\u2019s creative spirit.<\\/p>\",\"54\":\"\",\"4\":\"\",\"36\":\"1\",\"6\":\"\",\"13\":[\"90\"],\"8\":\"\",\"7\":\"\",\"14\":[\"53\"],\"10\":\"\",\"29\":\"Luna Negra is Kent State\\u2019s literary student magazine that publishes a blend of poetry, prose, photography and illustration. \",\"26\":{\"129\":{\"type\":\"socialMediaBlock\",\"enabled\":\"1\",\"fields\":{\"socialName\":\"facebook\",\"address\":\"https:\\/\\/www.facebook.com\\/lunanegramag\\/\"}},\"130\":{\"type\":\"socialMediaBlock\",\"enabled\":\"1\",\"fields\":{\"socialName\":\"instagram\",\"address\":\"https:\\/\\/www.instagram.com\\/lunanegramagazine\\/\"}},\"131\":{\"type\":\"socialMediaBlock\",\"enabled\":\"1\",\"fields\":{\"socialName\":\"twitter\",\"address\":\"https:\\/\\/twitter.com\\/lunanegramag\"}},\"132\":{\"type\":\"socialMediaBlock\",\"enabled\":\"1\",\"fields\":{\"socialName\":\"website\",\"address\":\"http:\\/\\/www.lunanegramag.com\\/\"}}},\"21\":\"\"}}', '2017-05-11 02:36:17', '2017-05-11 02:36:17', '5ddffa7b-2908-473c-a9e3-2d89a3e5d20a'),
 ('311', '22', '4', '1', 'en_us', '6', '', '{\"typeId\":\"4\",\"authorId\":\"1\",\"title\":\"Uhuru\",\"slug\":\"uhuru\",\"postDate\":1488483960,\"expiryDate\":null,\"enabled\":1,\"parentId\":null,\"fields\":{\"31\":[\"68\"],\"1\":\"<p>Uhuru is an award-winning magazine that aims to promote innovation, creativity, and culture through the voice of marginalized students on the Kent State University campus. Having a history of pan-African teachings and values, Uhuru magazine focuses on the plight of all students around the globe.\\r\\n  <\\/p>\\r\\n<p>Uhuru, which is Kiswahili for \\u2018freedom,\\u2019 serves as a platform for student creation and expression in art, writing, photography&nbsp;and graphic design, while discussing racial, social and\\/or political ignorance.\\r\\n      <\\/p>\",\"54\":\"\",\"4\":\"\",\"36\":\"1\",\"6\":\"\",\"13\":\"\",\"8\":\"\",\"7\":\"\",\"14\":[\"56\"],\"10\":\"\",\"29\":\"Uhuru is the magazine that promotes innovation, creativity and culture through the voice of marginalized students at Kent State.\",\"26\":{\"133\":{\"type\":\"socialMediaBlock\",\"enabled\":\"1\",\"fields\":{\"socialName\":\"instagram\",\"address\":\"https:\\/\\/www.instagram.com\\/uhurumag\\/\"}},\"134\":{\"type\":\"socialMediaBlock\",\"enabled\":\"1\",\"fields\":{\"socialName\":\"twitter\",\"address\":\"https:\\/\\/twitter.com\\/UhuruMag\"}},\"135\":{\"type\":\"socialMediaBlock\",\"enabled\":\"1\",\"fields\":{\"socialName\":\"facebook\",\"address\":\"https:\\/\\/facebook.com\\/uhurumagazine\\/\"}},\"136\":{\"type\":\"socialMediaBlock\",\"enabled\":\"1\",\"fields\":{\"socialName\":\"website\",\"address\":\"Uhurumag.com\"}}},\"21\":\"\"}}', '2017-05-11 02:37:24', '2017-05-11 02:37:24', 'f87498d8-0717-4cbf-91a9-0c704b004052'),
 ('312', '25', '4', '1', 'en_us', '10', '', '{\"typeId\":\"4\",\"authorId\":\"1\",\"title\":\"KSU Independent Films\",\"slug\":\"ksu-independent-films\",\"postDate\":1488484140,\"expiryDate\":null,\"enabled\":1,\"parentId\":null,\"fields\":{\"31\":\"\",\"1\":\"<p>Kent State University Independent Films (KSUIF) is an organization fueled by students\\u2019 passion for film. In 2008, professors Traci E. Williams and David Smeltzer collaborated to create this wonderful program, which is designed to give students real-world film experience. Today, nearly 500 people are currently involved in the organization.<\\/p>\",\"54\":\"\",\"4\":\"us@kent.edu\",\"36\":\"1\",\"6\":\"Rob\",\"13\":\"\",\"8\":\"\",\"7\":\"Flash\",\"14\":[\"52\"],\"10\":\"330-672-6541\",\"29\":\"Kent State University Independent Films (KSUIF) is a student-run production company that teaches, inspires and prepares filmmakers for the real-world industry. \",\"26\":{\"37\":{\"type\":\"socialMediaBlock\",\"enabled\":\"1\",\"fields\":{\"socialName\":\"twitter\",\"address\":\"http:\\/\\/www.twitter.com\\/ksuif\"}},\"new2\":{\"type\":\"socialMediaBlock\",\"enabled\":\"1\",\"fields\":{\"socialName\":\"facebook\",\"address\":\"https:\\/\\/www.facebook.com\\/ksuindependentfilms\\/\"}},\"new1\":{\"type\":\"socialMediaBlock\",\"enabled\":\"1\",\"fields\":{\"socialName\":\"website\",\"address\":\"http:\\/\\/kentstatefilms.com\\/\"}}},\"21\":\"\"}}', '2017-05-11 02:41:50', '2017-05-11 02:41:50', '84a19f4d-a108-489d-b582-1347705b1e29'),
 ('313', '25', '4', '1', 'en_us', '11', '', '{\"typeId\":\"4\",\"authorId\":\"1\",\"title\":\"KSU Independent Films\",\"slug\":\"ksu-independent-films\",\"postDate\":1488484140,\"expiryDate\":null,\"enabled\":1,\"parentId\":null,\"fields\":{\"31\":\"\",\"1\":\"<p>Kent State University Independent Films (KSUIF) is an organization fueled by students\\u2019 passion for film. In 2008, professors Traci E. Williams and David Smeltzer collaborated to create this wonderful program, which is designed to give students real-world film experience. Today, nearly 500 people are currently involved in the organization.<\\/p>\",\"54\":\"\",\"4\":\"kentstatefilms@gmail.com\",\"36\":\"1\",\"6\":\"Erica\",\"13\":\"\",\"8\":\"Student Leader\",\"7\":\"Collins\",\"14\":[\"52\"],\"10\":\"330-672-8198\",\"29\":\"Kent State University Independent Films (KSUIF) is a student-run production company that teaches, inspires and prepares filmmakers for the real-world industry. \",\"26\":{\"37\":{\"type\":\"socialMediaBlock\",\"enabled\":\"1\",\"fields\":{\"socialName\":\"twitter\",\"address\":\"http:\\/\\/www.twitter.com\\/ksuif\"}},\"225\":{\"type\":\"socialMediaBlock\",\"enabled\":\"1\",\"fields\":{\"socialName\":\"facebook\",\"address\":\"https:\\/\\/www.facebook.com\\/ksuindependentfilms\\/\"}},\"226\":{\"type\":\"socialMediaBlock\",\"enabled\":\"1\",\"fields\":{\"socialName\":\"website\",\"address\":\"http:\\/\\/kentstatefilms.com\\/\"}}},\"21\":\"\"}}', '2017-05-11 02:46:44', '2017-05-11 02:46:44', '73ee442a-0087-497f-8d28-8008c8d7edb0'),
 ('314', '25', '4', '1', 'en_us', '12', '', '{\"typeId\":\"4\",\"authorId\":\"1\",\"title\":\"KSU Independent Films\",\"slug\":\"ksu-independent-films\",\"postDate\":1488484140,\"expiryDate\":null,\"enabled\":1,\"parentId\":null,\"fields\":{\"31\":\"\",\"1\":\"<p>Kent State University Independent Films (KSUIF) is an organization fueled by students\\u2019 passion for film. In 2008, professors Traci E. Williams and David Smeltzer collaborated to create this wonderful program, which is designed to give students real-world film experience. Today, nearly 500 people are currently involved in the organization.<\\/p>\",\"54\":\"\",\"4\":\"kentstatefilms@gmail.com\",\"36\":\"1\",\"6\":\"Erica\",\"13\":\"\",\"8\":\"Student Leader\",\"7\":\"Collins\",\"14\":[\"52\"],\"10\":\"330-672-8198\",\"29\":\"Kent State University Independent Films (KSUIF) is a student-run production company that teaches, inspires and prepares filmmakers for the real-world industry. \",\"26\":{\"37\":{\"type\":\"socialMediaBlock\",\"enabled\":\"1\",\"fields\":{\"socialName\":\"twitter\",\"address\":\"http:\\/\\/www.twitter.com\\/ksuif\"}},\"225\":{\"type\":\"socialMediaBlock\",\"enabled\":\"1\",\"fields\":{\"socialName\":\"facebook\",\"address\":\"https:\\/\\/www.facebook.com\\/ksuindependentfilms\\/\"}},\"226\":{\"type\":\"socialMediaBlock\",\"enabled\":\"1\",\"fields\":{\"socialName\":\"website\",\"address\":\"http:\\/\\/kentstatefilms.com\\/\"}}},\"21\":\"\"}}', '2017-05-11 02:46:47', '2017-05-11 02:46:47', 'e15b3ad3-8439-49c1-a328-e923e458f6cd'),
 ('315', '10', '4', '1', 'en_us', '14', '', '{\"typeId\":\"4\",\"authorId\":\"1\",\"title\":\"A Magazine\",\"slug\":\"a-magazine\",\"postDate\":1487886960,\"expiryDate\":null,\"enabled\":1,\"parentId\":null,\"fields\":{\"31\":[\"68\"],\"1\":\"<p>A Magazine is Kent State\'s publication for all things fashion, beauty and culture on campus and beyond. A focuses on both women\'s and men\'s fashion and has companion website that is updated regularly, providing students with the latest fashion industry and more. It is distributed at Kent State and the Fashion School\\u2019s New York studio.<br><\\/p>\",\"54\":\"\",\"4\":\"amagksu@gmail.com\",\"36\":\"1\",\"6\":\"Payton\",\"13\":\"\",\"8\":\"Student Leader\",\"7\":\"Moore\",\"14\":[\"46\"],\"10\":\"\",\"29\":\"A Magazine is Kent State\\u2019s student-run fashion magazine and is the hub for all things fashion, beauty and culture related.\",\"26\":{\"140\":{\"type\":\"socialMediaBlock\",\"enabled\":\"1\",\"fields\":{\"socialName\":\"instagram\",\"address\":\"https:\\/\\/www.instagram.com\\/amagksu\\/\"}},\"141\":{\"type\":\"socialMediaBlock\",\"enabled\":\"1\",\"fields\":{\"socialName\":\"twitter\",\"address\":\"https:\\/\\/twitter.com\\/AMagKSU\"}},\"142\":{\"type\":\"socialMediaBlock\",\"enabled\":\"1\",\"fields\":{\"socialName\":\"facebook\",\"address\":\" http:\\/\\/facebook.com\\/amagksu\\/\"}},\"143\":{\"type\":\"socialMediaBlock\",\"enabled\":\"1\",\"fields\":{\"socialName\":\"website\",\"address\":\"http:\\/\\/theamag.com\\/\"}}},\"21\":\"\"}}', '2017-05-11 02:50:26', '2017-05-11 02:50:26', '10578d76-6634-4269-a876-abafb40d449b'),
 ('316', '15', '4', '1', 'en_us', '10', '', '{\"typeId\":\"4\",\"authorId\":\"1\",\"title\":\"Kent Stater\",\"slug\":\"kent-stater\",\"postDate\":1488208860,\"expiryDate\":null,\"enabled\":1,\"parentId\":null,\"fields\":{\"31\":[\"68\"],\"1\":\"<p>The Kent Stater is an award-winning student-run newspaper. Reaching more than 9,500 people per issue, the Stater keeps the community up-to-date with campus, local and national news, sports and features. The Stater publishes on Monday, Wednesday and Thursday and has a&nbsp;circulation of 6,000 per day. During the summer months, The Kent Stater runs special print issues and the annual Orientation issue to welcome back students. The Kent Stater publishes online with media partner, TV2, at KentWired.com\\r\\n      <\\/p>\",\"54\":\"\",\"4\":\"kentwired@gmail.com\",\"36\":\"1\",\"6\":\"Jimmy\",\"13\":\"\",\"8\":\"Student Leader\",\"7\":\"Miller\",\"14\":[\"51\"],\"10\":\"330-672-2586\",\"29\":\"The Kent Stater is the award-winning, student-run newspaper at Kent State University. \",\"26\":\"\",\"21\":\"\"}}', '2017-05-11 02:53:34', '2017-05-11 02:53:34', 'd72b406d-4743-4224-bf71-c4c473557afb'),
 ('317', '15', '4', '1', 'en_us', '11', '', '{\"typeId\":\"4\",\"authorId\":\"1\",\"title\":\"Kent Stater\",\"slug\":\"kent-stater\",\"postDate\":1488208860,\"expiryDate\":null,\"enabled\":1,\"parentId\":null,\"fields\":{\"31\":[\"68\"],\"1\":\"<p>The Kent Stater is an award-winning student-run newspaper. Reaching more than 9,500 people per issue, the Stater keeps the community up-to-date with campus, local and national news, sports and features. The Stater publishes on Monday, Wednesday and Thursday and has a&nbsp;circulation of 6,000 per day. During the summer months, The Kent Stater runs special print issues and the annual Orientation issue to welcome back students. The Kent Stater publishes online with media partner, TV2, at KentWired.com\\r\\n      <\\/p>\",\"54\":\"\",\"4\":\"kentwired@gmail.com\",\"36\":\"1\",\"6\":\"Jimmy\",\"13\":\"\",\"8\":\"Student Leader\",\"7\":\"Miller\",\"14\":[\"51\"],\"10\":\"330-672-2586\",\"29\":\"The Kent Stater is the award-winning, student-run newspaper at Kent State University. \",\"26\":{\"new1\":{\"type\":\"socialMediaBlock\",\"enabled\":\"1\",\"fields\":{\"socialName\":\"twitter\",\"address\":\" https:\\/\\/twitter.com\\/kentwired\"}},\"new2\":{\"type\":\"socialMediaBlock\",\"enabled\":\"1\",\"fields\":{\"socialName\":\"instagram\",\"address\":\"https:\\/\\/www.instagram.com\\/kentwired\\/\"}},\"new3\":{\"type\":\"socialMediaBlock\",\"enabled\":\"1\",\"fields\":{\"socialName\":\"facebook\",\"address\":\"https:\\/\\/www.facebook.com\\/KentWired\\/\"}},\"new4\":{\"type\":\"socialMediaBlock\",\"enabled\":\"1\",\"fields\":{\"socialName\":\"website\",\"address\":\"http:\\/\\/www.kentwired.com\\/\"}}},\"21\":\"\"}}', '2017-05-11 02:54:26', '2017-05-11 02:54:26', 'b6308675-0768-433d-9d4a-abf1ccbadf7b'),
 ('318', '14', '4', '1', 'en_us', '6', '', '{\"typeId\":\"4\",\"authorId\":\"1\",\"title\":\"The Burr\",\"slug\":\"the-burr\",\"postDate\":1488208860,\"expiryDate\":null,\"enabled\":1,\"parentId\":null,\"fields\":{\"31\":[\"68\"],\"1\":\"<p>The Burr is Kent State University\'s first student magazine. Published once a semester, The Burr looks into current trends, issues and people in Kent and the surrounding communities. Each issue contains a compelling mix of original reporting, in depth issue coverage, profiles and personal essays. The web counterpoint TheBurr.com features online feature stories and multimedia as well as weekly blogs on topics such as relationships, fashion, health and entertainment. The Burr has been producing strong, award-winning journalism since 1986.<\\/p>\",\"54\":\"\",\"4\":\"theburrmagazine@gmail.com\",\"36\":\"1\",\"6\":\"Sammi\",\"13\":\"\",\"8\":\"Student Leader\",\"7\":\"Ickes\",\"14\":[\"48\"],\"10\":\"330-672-2947\",\"29\":\"The Burr is Kent State\\u2019s first student-produced magazine made for those who have made a home in Kent.\",\"26\":{\"145\":{\"type\":\"socialMediaBlock\",\"enabled\":\"1\",\"fields\":{\"socialName\":\"instagram\",\"address\":\"https:\\/\\/www.instagram.com\\/theburrmagazine\\/\"}},\"146\":{\"type\":\"socialMediaBlock\",\"enabled\":\"1\",\"fields\":{\"socialName\":\"twitter\",\"address\":\"https:\\/\\/twitter.com\\/TheBurrMagazine\"}},\"147\":{\"type\":\"socialMediaBlock\",\"enabled\":\"1\",\"fields\":{\"socialName\":\"facebook\",\"address\":\"https:\\/\\/facebook.com\\/theburrmagazine\\/\"}},\"148\":{\"type\":\"socialMediaBlock\",\"enabled\":\"1\",\"fields\":{\"socialName\":\"website\",\"address\":\"http:\\/\\/theburr.com\\/\"}}},\"21\":\"\"}}', '2017-05-11 02:57:04', '2017-05-11 02:57:04', 'f9d1f221-7cd9-42f7-b5e3-1fc69bd19b36'),
 ('319', '22', '4', '1', 'en_us', '7', '', '{\"typeId\":\"4\",\"authorId\":\"1\",\"title\":\"Uhuru\",\"slug\":\"uhuru\",\"postDate\":1488483960,\"expiryDate\":null,\"enabled\":1,\"parentId\":null,\"fields\":{\"31\":[\"68\"],\"1\":\"<p>Uhuru is an award-winning magazine that aims to promote innovation, creativity, and culture through the voice of marginalized students on the Kent State University campus. Having a history of pan-African teachings and values, Uhuru magazine focuses on the plight of all students around the globe.\\r\\n  <\\/p>\\r\\n<p>Uhuru, which is Kiswahili for \\u2018freedom,\\u2019 serves as a platform for student creation and expression in art, writing, photography&nbsp;and graphic design, while discussing racial, social and\\/or political ignorance.\\r\\n      <\\/p>\",\"54\":\"\",\"4\":\"uhurumag1@gmail.com\",\"36\":\"1\",\"6\":\"Sierra\",\"13\":\"\",\"8\":\"Student Leader\",\"7\":\"Allen\",\"14\":[\"56\"],\"10\":\"\",\"29\":\"Uhuru is the magazine that promotes innovation, creativity and culture through the voice of marginalized students at Kent State.\",\"26\":{\"133\":{\"type\":\"socialMediaBlock\",\"enabled\":\"1\",\"fields\":{\"socialName\":\"instagram\",\"address\":\"https:\\/\\/www.instagram.com\\/uhurumag\\/\"}},\"134\":{\"type\":\"socialMediaBlock\",\"enabled\":\"1\",\"fields\":{\"socialName\":\"twitter\",\"address\":\"https:\\/\\/twitter.com\\/UhuruMag\"}},\"135\":{\"type\":\"socialMediaBlock\",\"enabled\":\"1\",\"fields\":{\"socialName\":\"facebook\",\"address\":\"https:\\/\\/facebook.com\\/uhurumagazine\\/\"}},\"136\":{\"type\":\"socialMediaBlock\",\"enabled\":\"1\",\"fields\":{\"socialName\":\"website\",\"address\":\"Uhurumag.com\"}}},\"21\":\"\"}}', '2017-05-11 03:23:58', '2017-05-11 03:23:58', '15eee386-9b31-448c-a1fe-50c23924d7ca'),
 ('320', '21', '4', '1', 'en_us', '12', '', '{\"typeId\":\"4\",\"authorId\":\"1\",\"title\":\"Fusion Magazine\",\"slug\":\"fusion-magazine\",\"postDate\":1488483960,\"expiryDate\":null,\"enabled\":1,\"parentId\":null,\"fields\":{\"31\":[\"68\"],\"1\":\"<p>Fusion is Kent State University\'s LGBTQ magazine. We publish news, entertainment, opinions and interviews for and about the LGBTQ community. Each spring, we release a print issue and we regularly update our website year-round. <\\/p>\\r\\n<p>Our mission is to promote equality, education and community through journalism. When Fusion was founded, in 2003, marriage equality was not yet legal anywhere in the United States and laws against consensual sex between gay men were overturned that year. LGBTQ rights have significantly advanced since trans women, drag queens and street kids fought back against police violence in 1959. But the community, particularly trans people and people of color, still face substantial adversity. Journalism and storytelling helps humanize the community and its struggle. By publicizing their perspectives and experiences, Fusion helps demonstrate why LGBTQ people need an equal place in society.<\\/p>\",\"54\":\"\",\"4\":\"meckhous@kent.edu\",\"36\":\"1\",\"6\":\"MJ\",\"13\":[\"220\"],\"8\":\"Student Leader\",\"7\":\"Eckhouse\",\"14\":[\"49\"],\"10\":\"\",\"29\":\"Fusion is Kent State\'s lesbian, gay, bisexual, transgender and queer\\/questioning student advocacy and entertainment magazine.\",\"26\":{\"137\":{\"type\":\"socialMediaBlock\",\"enabled\":\"1\",\"fields\":{\"socialName\":\"twitter\",\"address\":\"https:\\/\\/twitter.com\\/ohiofusion\"}},\"138\":{\"type\":\"socialMediaBlock\",\"enabled\":\"1\",\"fields\":{\"socialName\":\"facebook\",\"address\":\"https:\\/\\/facebook.com\\/ohiofusion\\/\"}},\"139\":{\"type\":\"socialMediaBlock\",\"enabled\":\"1\",\"fields\":{\"socialName\":\"website\",\"address\":\"http:\\/\\/ohiofusion.com\\/\"}}},\"21\":\"\"}}', '2017-05-11 03:27:21', '2017-05-11 03:27:21', '03d72a65-7326-4ad3-8e94-aeee9885ba63'),
 ('321', '20', '4', '1', 'en_us', '11', '', '{\"typeId\":\"4\",\"authorId\":\"1\",\"title\":\"TV2\",\"slug\":\"tv2\",\"postDate\":1488483960,\"expiryDate\":null,\"enabled\":1,\"parentId\":null,\"fields\":{\"31\":[\"42\"],\"1\":\"<p>TV2 is Kent State\'s award winning television station that strives to be Truly Portage County. From local news and sports to entertainment buzz and important social issues surrounding the region, TV2 covers the Kent State and Portage County area like no other television station can, while educating and preparing students for the future.<\\/p>\",\"54\":\"\",\"4\":\"lkober@kent.edu\",\"36\":\"1\",\"6\":\"Leisel\",\"13\":[\"221\"],\"8\":\"Student Leader\",\"7\":\"Kober\",\"14\":[\"55\"],\"10\":\"330-672-2584\",\"29\":\"TV2 is Kent State\'s award winning television station that strives to be Truly Portage County.\",\"26\":{\"153\":{\"type\":\"socialMediaBlock\",\"enabled\":\"1\",\"fields\":{\"socialName\":\"instagram\",\"address\":\"https:\\/\\/www.instagram.com\\/tv2ksu\\/\"}},\"154\":{\"type\":\"socialMediaBlock\",\"enabled\":\"1\",\"fields\":{\"socialName\":\"twitter\",\"address\":\"https:\\/\\/twitter.com\\/TV2KSU\"}},\"155\":{\"type\":\"socialMediaBlock\",\"enabled\":\"1\",\"fields\":{\"socialName\":\"facebook\",\"address\":\"https:\\/\\/www.facebook.com\\/tv2ksu\\/\"}},\"222\":{\"type\":\"socialMediaBlock\",\"enabled\":\"1\",\"fields\":{\"socialName\":\"website\",\"address\":\"http:\\/\\/www.kentwired.com\\/tv2\\/\"}}},\"21\":\"\"}}', '2017-05-11 03:29:03', '2017-05-11 03:29:03', 'aa65efb5-f0cd-4b26-9389-ca7469f1f3f7'),
 ('322', '19', '4', '1', 'en_us', '10', '', '{\"typeId\":\"4\",\"authorId\":\"1\",\"title\":\"Black Squirrel Radio\",\"slug\":\"black-squirrel-radio\",\"postDate\":1488483960,\"expiryDate\":null,\"enabled\":1,\"parentId\":null,\"fields\":{\"31\":[\"42\"],\"1\":\"<p>Black Squirrel Radio is a\\r\\nstudent-run radio station committed to providing innovative media content\\r\\ninspired by the community of Kent, Ohio, dedicated to professionalism,\\r\\nintegrity, creativity, and diversity. Black Squirrel Radio is dedicated to\\r\\nproviding professional industry experience while continuing to be a platform\\r\\nfor experimental programming. Through alternative media content, we aim to grow\\r\\nour audience by becoming the destination for students and alumni to remember\\r\\nwhat was and experience what is college life in Kent, Ohio.<\\/p>\",\"54\":\"\",\"4\":\"lgerbig@kent.edu\",\"36\":\"1\",\"6\":\"Layne\",\"13\":[\"219\"],\"8\":\"Student Leader\",\"7\":\"Gerbig\",\"14\":[\"47\"],\"10\":\"\",\"29\":\"Black Squirrel Radio (BSR) is the student-run radio station on Kent State\\u2019s campus and provides innovative media content inspired by the community of Kent, Ohio.\",\"26\":{\"156\":{\"type\":\"socialMediaBlock\",\"enabled\":\"1\",\"fields\":{\"socialName\":\"instagram\",\"address\":\"https:\\/\\/www.instagram.com\\/bsrkent\\/\"}},\"157\":{\"type\":\"socialMediaBlock\",\"enabled\":\"1\",\"fields\":{\"socialName\":\"twitter\",\"address\":\" https:\\/\\/twitter.com\\/BSRKent\"}},\"158\":{\"type\":\"socialMediaBlock\",\"enabled\":\"1\",\"fields\":{\"socialName\":\"facebook\",\"address\":\"https:\\/\\/www.facebook.com\\/blacksquirrelradio\\/\"}},\"159\":{\"type\":\"socialMediaBlock\",\"enabled\":\"1\",\"fields\":{\"socialName\":\"website\",\"address\":\"http:\\/\\/blacksquirrelradio.com\\/\"}}},\"21\":\"\"}}', '2017-05-11 03:31:20', '2017-05-11 03:31:20', '8445d006-08d8-49e4-adfb-56bf9589060c'),
 ('323', '60', '11', '1', 'en_us', '5', '', '{\"typeId\":\"11\",\"authorId\":null,\"title\":\"Get Involved\",\"slug\":\"get-involved\",\"postDate\":1492711027,\"expiryDate\":null,\"enabled\":1,\"parentId\":null,\"fields\":{\"12\":\"Lorem ipsum dolor\",\"49\":[\"169\"],\"13\":[\"88\"]}}', '2017-05-11 03:32:04', '2017-05-11 03:32:04', '15d2f954-9c97-4f4f-9a7d-6e261714791a'),
 ('324', '93', '4', '1', 'en_us', '2', '', '{\"typeId\":\"4\",\"authorId\":\"1\",\"title\":\"Transitions\",\"slug\":\"transitions\",\"postDate\":1492115640,\"expiryDate\":null,\"enabled\":1,\"parentId\":null,\"fields\":{\"31\":\"\",\"1\":\"\",\"54\":\"\",\"4\":\"\",\"36\":\"1\",\"6\":\"\",\"13\":\"\",\"8\":\"\",\"7\":\"\",\"14\":\"\",\"10\":\"\",\"29\":\"\",\"26\":\"\",\"21\":\"\"}}', '2017-05-11 03:32:11', '2017-05-11 03:32:11', 'ecd12231-56a4-4c56-ab86-d85319bb4c68'),
 ('325', '19', '4', '1', 'en_us', '11', '', '{\"typeId\":\"4\",\"authorId\":\"1\",\"title\":\"Black Squirrel Radio\",\"slug\":\"black-squirrel-radio\",\"postDate\":1488483960,\"expiryDate\":null,\"enabled\":1,\"parentId\":null,\"fields\":{\"31\":[\"42\"],\"1\":\"<p>Black Squirrel Radio is a student-run radio station committed to providing innovative media content inspired by the community of Kent, Ohio, dedicated to professionalism, integrity, creativity and diversity. With 56 different student-hosted shows airing from 10am to 2am everyday, we are&nbsp;committed to providing professional industry experience while continuing to be a platform for experimental programming. Through alternative media content, we aim to grow our audience by becoming the destination for students and alumni to remember what was and experience what is college life in Kent, Ohio.<\\/p>\",\"54\":\"\",\"4\":\"lgerbig@kent.edu\",\"36\":\"1\",\"6\":\"Layne\",\"13\":[\"219\"],\"8\":\"Student Leader\",\"7\":\"Gerbig\",\"14\":[\"47\"],\"10\":\"\",\"29\":\"Black Squirrel Radio (BSR) is the student-run radio station on Kent State\\u2019s campus and provides innovative media content inspired by the community of Kent, Ohio.\",\"26\":{\"156\":{\"type\":\"socialMediaBlock\",\"enabled\":\"1\",\"fields\":{\"socialName\":\"instagram\",\"address\":\"https:\\/\\/www.instagram.com\\/bsrkent\\/\"}},\"157\":{\"type\":\"socialMediaBlock\",\"enabled\":\"1\",\"fields\":{\"socialName\":\"twitter\",\"address\":\" https:\\/\\/twitter.com\\/BSRKent\"}},\"158\":{\"type\":\"socialMediaBlock\",\"enabled\":\"1\",\"fields\":{\"socialName\":\"facebook\",\"address\":\"https:\\/\\/www.facebook.com\\/blacksquirrelradio\\/\"}},\"159\":{\"type\":\"socialMediaBlock\",\"enabled\":\"1\",\"fields\":{\"socialName\":\"website\",\"address\":\"http:\\/\\/blacksquirrelradio.com\\/\"}}},\"21\":\"\"}}', '2017-05-11 03:32:34', '2017-05-11 03:32:34', '0bd61440-8131-408b-aa95-3eb1013c3fe7'),
 ('326', '60', '11', '1', 'en_us', '6', '', '{\"typeId\":\"11\",\"authorId\":null,\"title\":\"Get Involved\",\"slug\":\"get-involved\",\"postDate\":1492711027,\"expiryDate\":null,\"enabled\":1,\"parentId\":null,\"fields\":{\"12\":\"Lorem ipsum dolor\",\"51\":{\"new1\":{\"type\":\"faq\",\"enabled\":\"1\",\"fields\":{\"question\":\"How can I become a student media leader?\",\"answer\":\"There are a few requirements a student must meet to become a student media leader...\"}}},\"49\":[\"169\"],\"13\":[\"88\"]}}', '2017-05-11 03:35:13', '2017-05-11 03:35:13', '4d60a68b-a5da-4d8d-a0a4-7ed87d565bc5'),
 ('327', '23', '4', '1', 'en_us', '11', '', '{\"typeId\":\"4\",\"authorId\":\"1\",\"title\":\"KentWired\",\"slug\":\"kentwired\",\"postDate\":1488484080,\"expiryDate\":null,\"enabled\":1,\"parentId\":null,\"fields\":{\"31\":[\"69\"],\"1\":\"<p>KentWired.com is the hub of all Kent State Student Media. Featuring top news, entertainment, community and campus news, sports and video, KentWired is the place to turn to for everything Kent. The site also features&nbsp; classifieds, daily podcasts, newscasts and live streams to TV2 and Black Squirrel Radio. KentWired is also the key source to news over the summer months.<\\/p>\",\"54\":\"\",\"4\":\"kentwired@gmail.com\",\"36\":\"1\",\"6\":\"\",\"13\":\"\",\"8\":\"\",\"7\":\"\",\"14\":\"\",\"10\":\"330-672-2586\",\"29\":\"KentWired.com is a news organization that holds content created by students working in student media at Kent State University. \",\"26\":{\"149\":{\"type\":\"socialMediaBlock\",\"enabled\":\"1\",\"fields\":{\"socialName\":\"instagram\",\"address\":\"https:\\/\\/www.instagram.com\\/kentwired\\/\"}},\"150\":{\"type\":\"socialMediaBlock\",\"enabled\":\"1\",\"fields\":{\"socialName\":\"twitter\",\"address\":\"https:\\/\\/twitter.com\\/kentwired\"}},\"151\":{\"type\":\"socialMediaBlock\",\"enabled\":\"1\",\"fields\":{\"socialName\":\"facebook\",\"address\":\"https:\\/\\/www.facebook.com\\/KentWired\\/\"}},\"152\":{\"type\":\"socialMediaBlock\",\"enabled\":\"1\",\"fields\":{\"socialName\":\"website\",\"address\":\"http:\\/\\/www.kentwired.com\\/\"}}},\"21\":\"\"}}', '2017-05-11 03:35:49', '2017-05-11 03:35:49', '7ff158af-a123-462f-8e74-a11ab5779e7f'),
 ('328', '25', '4', '1', 'en_us', '13', '', '{\"typeId\":\"4\",\"authorId\":\"1\",\"title\":\"KSU Independent Films\",\"slug\":\"ksu-independent-films\",\"postDate\":1488484140,\"expiryDate\":null,\"enabled\":1,\"parentId\":null,\"fields\":{\"31\":[\"42\"],\"1\":\"<p>Kent State University Independent Films (KSUIF) is an organization fueled by students\\u2019 passion for film. In 2008, professors Traci E. Williams and David Smeltzer collaborated to create this wonderful program, which is designed to give students real-world film experience. Today, nearly 500 people are currently involved in the organization.<\\/p>\",\"54\":\"\",\"4\":\"kentstatefilms@gmail.com\",\"36\":\"1\",\"6\":\"Erica\",\"13\":\"\",\"8\":\"Student Leader\",\"7\":\"Collins\",\"14\":[\"52\"],\"10\":\"330-672-8198\",\"29\":\"Kent State University Independent Films (KSUIF) is a student-run production company that teaches, inspires and prepares filmmakers for the real-world industry. \",\"26\":{\"37\":{\"type\":\"socialMediaBlock\",\"enabled\":\"1\",\"fields\":{\"socialName\":\"twitter\",\"address\":\"http:\\/\\/www.twitter.com\\/ksuif\"}},\"225\":{\"type\":\"socialMediaBlock\",\"enabled\":\"1\",\"fields\":{\"socialName\":\"facebook\",\"address\":\"https:\\/\\/www.facebook.com\\/ksuindependentfilms\\/\"}},\"226\":{\"type\":\"socialMediaBlock\",\"enabled\":\"1\",\"fields\":{\"socialName\":\"website\",\"address\":\"http:\\/\\/kentstatefilms.com\\/\"}}},\"21\":\"\"}}', '2017-05-11 03:36:10', '2017-05-11 03:36:10', 'e5c38f9b-d5f9-4d64-a2d0-d520a56a30e1'),
 ('329', '24', '4', '1', 'en_us', '13', '', '{\"typeId\":\"4\",\"authorId\":\"1\",\"title\":\"Luna Negra\",\"slug\":\"luna-negra\",\"postDate\":1488484140,\"expiryDate\":null,\"enabled\":1,\"parentId\":null,\"fields\":{\"31\":[\"68\"],\"1\":\"<p>Luna Negra, though sometimes under different names, has been around since 1956. It began under the English department, where it found its footing within the campus\\u2019s cultural atmosphere. Since then, the publication has been a staple of the university, witnessing the path Kent State has taken through the decades. We have published works describing the culture of collegiate 1950s, the Kent State shootings, and 9\\/11; the literary pieces published by Luna Negra, written by the students themselves, have chronicled every major cultural and historical event of America. Since its inception, and still to today, Luna Negra is run by students and filled with student content. We strive to foster creative activity across campus and seek to be the keeper and encourager of the student body\\u2019s creative spirit.<\\/p>\",\"54\":\"\",\"4\":\"lunanegramag@gmail.com\",\"36\":\"1\",\"6\":\"Sam\",\"13\":\"\",\"8\":\"Student Leader\",\"7\":\"Hersh\",\"14\":[\"53\"],\"10\":\"\",\"29\":\"Luna Negra is Kent State\\u2019s literary student magazine that publishes a blend of poetry, prose, photography and illustration. \",\"26\":{\"129\":{\"type\":\"socialMediaBlock\",\"enabled\":\"1\",\"fields\":{\"socialName\":\"facebook\",\"address\":\"https:\\/\\/www.facebook.com\\/lunanegramag\\/\"}},\"130\":{\"type\":\"socialMediaBlock\",\"enabled\":\"1\",\"fields\":{\"socialName\":\"instagram\",\"address\":\"https:\\/\\/www.instagram.com\\/lunanegramagazine\\/\"}},\"131\":{\"type\":\"socialMediaBlock\",\"enabled\":\"1\",\"fields\":{\"socialName\":\"twitter\",\"address\":\"https:\\/\\/twitter.com\\/lunanegramag\"}},\"132\":{\"type\":\"socialMediaBlock\",\"enabled\":\"1\",\"fields\":{\"socialName\":\"website\",\"address\":\"http:\\/\\/www.lunanegramag.com\\/\"}}},\"21\":\"\"}}', '2017-05-11 03:37:40', '2017-05-11 03:37:40', '4295fe2f-dc99-40f7-b72f-811481d29153'),
 ('330', '62', '13', '1', 'en_us', '4', '', '{\"typeId\":null,\"authorId\":null,\"title\":\"Contact\",\"slug\":\"contact\",\"postDate\":1489688145,\"expiryDate\":null,\"enabled\":1,\"parentId\":null,\"fields\":{\"50\":\"205 Franklin Hall, Hilltop Drive Kent, Ohio 44240\",\"12\":\"Have any questions or concerns? Contact us by phone or email and we will get back to you as soon as possible.\",\"13\":[\"64\"],\"10\":\"(330)-914-2628\",\"21\":\"Meet our dedicated staff, the people behind it all.\"}}', '2017-05-11 03:37:51', '2017-05-11 03:37:51', '1ba7e443-a9cb-469e-96f7-274be3021258'),
 ('331', '62', '13', '1', 'en_us', '5', '', '{\"typeId\":null,\"authorId\":null,\"title\":\"Contact\",\"slug\":\"contact\",\"postDate\":1489688145,\"expiryDate\":null,\"enabled\":1,\"parentId\":null,\"fields\":{\"50\":\"205 Franklin Hall, Hilltop Drive Kent, Ohio 44240\",\"12\":\"Have any questions or concerns? Contact us by phone or email and we will get back to you as soon as possible.\",\"13\":[\"64\"],\"10\":\"(330)-914-2628\",\"21\":\"Meet our dedicated staff, the people behind it all.\"}}', '2017-05-11 03:39:06', '2017-05-11 03:39:06', 'f3d0d022-dd2d-4218-aba0-5d8ed1d5535e'),
 ('332', '93', '4', '1', 'en_us', '3', '', '{\"typeId\":\"4\",\"authorId\":\"1\",\"title\":\"Transitions\",\"slug\":\"transitions\",\"postDate\":1492115640,\"expiryDate\":null,\"enabled\":1,\"parentId\":null,\"fields\":{\"31\":[\"68\"],\"1\":\"<p>Transitions magazine is a go-to guide about area restaurants, shopping, banks, ATMs, hotels, transportation and other tips to make the first year at Kent State successful. It is endorsed by Destination Kent State and is given to students and their parents\\/guardians during the freshman orientation program.<\\/p>\",\"54\":\"\",\"4\":\"\",\"36\":\"1\",\"6\":\"\",\"13\":\"\",\"8\":\"\",\"7\":\"\",\"14\":\"\",\"10\":\"\",\"29\":\"Transitions magazine is the go-to guide for everything Kent for new freshman students.\",\"26\":\"\",\"21\":\"\"}}', '2017-05-11 03:39:57', '2017-05-11 03:39:57', 'a397877b-a2cc-44cd-8725-b53e7e276262'),
 ('333', '101', '4', '1', 'en_us', '2', '', '{\"typeId\":\"4\",\"authorId\":\"1\",\"title\":\"Student Media Ad Sales\",\"slug\":\"student-media-ad-sales\",\"postDate\":1492116120,\"expiryDate\":null,\"enabled\":1,\"parentId\":null,\"fields\":{\"31\":\"\",\"1\":\"\",\"54\":\"Ad Sales\",\"4\":\"ads@ksustudentmedia.com\",\"36\":\"\",\"6\":\"Clara\",\"13\":\"\",\"8\":\"Student Leader\",\"7\":\"Sulivan\",\"14\":\"\",\"10\":\"330-672-6303\",\"29\":\"\",\"26\":\"\",\"21\":\"\"}}', '2017-05-11 03:43:09', '2017-05-11 03:43:09', '4fe4db90-cdea-4f50-a9b9-32b4192a750b'),
 ('334', '93', '4', '1', 'en_us', '4', '', '{\"typeId\":\"4\",\"authorId\":\"1\",\"title\":\"Transitions\",\"slug\":\"transitions\",\"postDate\":1492115640,\"expiryDate\":null,\"enabled\":1,\"parentId\":null,\"fields\":{\"31\":[\"68\"],\"1\":\"<p>Transitions magazine is a go-to guide about area restaurants, shopping, banks, ATMs, hotels, transportation and other tips to make the first year at Kent State successful. It is endorsed by Destination Kent State and is given to students and their parents\\/guardians during the freshman orientation program.<\\/p>\",\"54\":\"\",\"4\":\"\",\"36\":\"1\",\"6\":\"\",\"13\":\"\",\"8\":\"\",\"7\":\"\",\"14\":\"\",\"10\":\"\",\"29\":\"Transitions magazine is the freshman\'s go-to guide for everything Kent.\",\"26\":\"\",\"21\":\"\"}}', '2017-05-11 03:45:33', '2017-05-11 03:45:33', 'c3a4d4f6-3459-4661-adc7-70203634f939'),
 ('335', '58', '9', '1', 'en_us', '15', '', '{\"typeId\":\"9\",\"authorId\":null,\"title\":\"About Kent State Student Media\",\"slug\":\"about\",\"postDate\":1492560894,\"expiryDate\":null,\"enabled\":1,\"parentId\":null,\"fields\":{\"1\":\"<p>Kent State Student Media empowers students to be the best they can be. Students of any major and grade level are able to join us and gain a fun, practical experience that will provide transferable skills for any career they choose. We believe diversity is a strength, and we welcome all to join us! Our wide array of Media Partners means that every student can find their best fit. <br><\\/p>\\r\\n<p><strong>Our Mission:<\\/strong><strong><em><br><\\/em><\\/strong><\\/p>\\r\\n<p><strong><em>Student Media empowers students<\\/em><\\/strong> through practical, collaborative and professional learning opportunities within an independent, student-led and multi-platform media framework.<strong><em><br><\\/em><\\/strong><\\/p>\\r\\n<p><strong><em>Our students create valued sources<\\/em><\\/strong> of journalism, information, entertainment and advertising and develop meaningful connections with our core audiences.<strong><em><br><\\/em><\\/strong><\\/p>\\r\\n<p><strong><em>We encourage excellence, leadership and accountability<\\/em><\\/strong> as students become innovative, ethical and skilled media producers within a diverse and global society. <br><\\/p>\",\"11\":[\"166\"],\"13\":[\"88\"],\"47\":\"<p>You can help further our mission! Learn about the different ways you can support us. <br><\\/p>\",\"21\":\"Through the combined effort of students and faculty, our mission is to provide a professional learning foundation for all.\"}}', '2017-05-11 03:48:43', '2017-05-11 03:48:43', '0474fa68-430c-4435-ad8b-526c4243af99'),
 ('336', '58', '9', '1', 'en_us', '16', '', '{\"typeId\":\"9\",\"authorId\":null,\"title\":\"About Kent State Student Media\",\"slug\":\"about\",\"postDate\":1492560894,\"expiryDate\":null,\"enabled\":1,\"parentId\":null,\"fields\":{\"1\":\"<p>Test Kent State Student Media empowers students to be the best they can be. Students of any major and grade level are able to join us and gain a fun, practical experience that will provide transferable skills for any career they choose. We believe diversity is a strength, and we welcome all to join us! Our wide array of Media Partners means that every student can find their best fit. <br><\\/p>\\r\\n<p><strong>Our Mission:<\\/strong><strong><em><br><\\/em><\\/strong><\\/p>\\r\\n<p><strong><em>Student Media empowers students<\\/em><\\/strong> through practical, collaborative and professional learning opportunities within an independent, student-led and multi-platform media framework.<strong><em><br><\\/em><\\/strong><\\/p>\\r\\n<p><strong><em>Our students create valued sources<\\/em><\\/strong> of journalism, information, entertainment and advertising and develop meaningful connections with our core audiences.<strong><em><br><\\/em><\\/strong><\\/p>\\r\\n<p><strong><em>We encourage excellence, leadership and accountability<\\/em><\\/strong> as students become innovative, ethical and skilled media producers within a diverse and global society. <br><\\/p>\",\"11\":[\"166\"],\"13\":[\"88\"],\"47\":\"<p>You can help further our mission! Learn about the different ways you can support us. <br><\\/p>\",\"21\":\"Through the combined effort of students and faculty, our mission is to provide a professional learning foundation for all.\"}}', '2017-05-11 13:31:52', '2017-05-11 13:31:52', '2191786a-ad14-4a2a-9378-611a0eaebe16'),
 ('337', '60', '11', '1', 'en_us', '7', '', '{\"typeId\":\"11\",\"authorId\":null,\"title\":\"Get Involved\",\"slug\":\"get-involved\",\"postDate\":1492711027,\"expiryDate\":null,\"enabled\":1,\"parentId\":null,\"fields\":{\"12\":\"Lorem ipsum dolor\",\"51\":{\"231\":{\"type\":\"faqs\",\"enabled\":\"1\",\"fields\":{\"question\":\"How can I become a student media leader?\",\"answer\":\"<p>There are a few requirements a student must meet to become a student media leader...<\\/p>\"}}},\"49\":[\"169\"],\"13\":[\"88\"],\"56\":{\"new1\":{\"type\":\"employeeOpportunities\",\"enabled\":\"1\",\"fields\":{\"hiring\":\"A Magazine\",\"position\":\"Graphic Designer\",\"positionDescription\":\"description\",\"contactInformation\":\"Mary Smith\"}}}}}', '2017-05-11 14:06:53', '2017-05-11 14:06:53', '5a3805f7-01e1-4b38-8ec3-8ab55f9da6cd'),
 ('338', '27', '5', '1', 'en_us', '11', '', '{\"typeId\":\"5\",\"authorId\":\"1\",\"title\":\"34\",\"slug\":\"statistics\",\"postDate\":1489024740,\"expiryDate\":null,\"enabled\":1,\"parentId\":null,\"fields\":{\"25\":\"content outlets that are regularly updated\"}}', '2017-05-11 15:50:42', '2017-05-11 15:50:42', '54f559ec-fc6e-482b-822e-03be077492bc'),
 ('339', '27', '5', '1', 'en_us', '12', '', '{\"typeId\":\"5\",\"authorId\":\"1\",\"title\":\"70,000+\",\"slug\":\"statistics\",\"postDate\":1489024740,\"expiryDate\":null,\"enabled\":1,\"parentId\":null,\"fields\":{\"25\":\"people see our media partners products\"}}', '2017-05-11 15:52:11', '2017-05-11 15:52:11', 'a1bc2ce4-2da2-4cb3-a927-955b6d660324'),
 ('340', '12', '5', '1', 'en_us', '7', '', '{\"typeId\":\"5\",\"authorId\":\"1\",\"title\":\"34\",\"slug\":\"this-is-a-second-statistic\",\"postDate\":1487973060,\"expiryDate\":null,\"enabled\":1,\"parentId\":null,\"fields\":{\"25\":\"content outlets that are regularly updated\"}}', '2017-05-11 15:52:21', '2017-05-11 15:52:21', '49de308d-461a-4be1-b27b-6bd95a35f536'),
 ('341', '27', '5', '1', 'en_us', '13', '', '{\"typeId\":\"5\",\"authorId\":\"1\",\"title\":\"70,000+\",\"slug\":\"statistics\",\"postDate\":1489024740,\"expiryDate\":null,\"enabled\":1,\"parentId\":null,\"fields\":{\"25\":\"people see our media products\"}}', '2017-05-11 15:52:55', '2017-05-11 15:52:55', '6b288b2b-3c99-4a37-a12a-d11504636049'),
 ('342', '27', '5', '1', 'en_us', '14', '', '{\"typeId\":\"5\",\"authorId\":\"1\",\"title\":\"70,000+\",\"slug\":\"statistics\",\"postDate\":1489024740,\"expiryDate\":null,\"enabled\":1,\"parentId\":null,\"fields\":{\"25\":\"people see our media partners\' final products\"}}', '2017-05-11 15:53:24', '2017-05-11 15:53:24', 'ae6683a2-4aae-490c-8b83-5fc882f5cf73'),
 ('343', '27', '5', '1', 'en_us', '15', '', '{\"typeId\":\"5\",\"authorId\":\"1\",\"title\":\"70k+\",\"slug\":\"statistics\",\"postDate\":1489024740,\"expiryDate\":null,\"enabled\":1,\"parentId\":null,\"fields\":{\"25\":\"people see our media partners\' final products\"}}', '2017-05-11 16:07:18', '2017-05-11 16:07:18', '44efae94-d605-4376-9e49-e5eec05a09bf'),
 ('344', '27', '5', '1', 'en_us', '16', '', '{\"typeId\":\"5\",\"authorId\":\"1\",\"title\":\"70K+\",\"slug\":\"statistics\",\"postDate\":1489024740,\"expiryDate\":null,\"enabled\":1,\"parentId\":null,\"fields\":{\"25\":\"people see our media partners\' final products\"}}', '2017-05-11 16:07:36', '2017-05-11 16:07:36', '9977393d-d86f-4a73-b1d6-b90994f08f7b'),
 ('345', '62', '13', '1', 'en_us', '6', '', '{\"typeId\":null,\"authorId\":null,\"title\":\"Contact\",\"slug\":\"contact\",\"postDate\":1489688145,\"expiryDate\":null,\"enabled\":1,\"parentId\":null,\"fields\":{\"50\":\"205 Franklin Hall, Hilltop Drive Kent, Ohio 44240\",\"12\":\"Feel free to contact us! Shoot us an e-mail at ads@ksustudentmedia.com, call us at 330-672-6306 or drop by our office during business hours.\",\"13\":[\"64\"],\"10\":\"330-672-6306\",\"21\":\"Any more questions or concerns?\"}}', '2017-05-11 16:15:06', '2017-05-11 16:15:06', 'd65e8e41-875e-4eb4-86db-bfcb24ef46d2');
INSERT INTO `craft_entryversions` (`id`, `entryId`, `sectionId`, `creatorId`, `locale`, `num`, `notes`, `data`, `dateCreated`, `dateUpdated`, `uid`) VALUES
 ('346', '58', '9', '1', 'en_us', '17', '', '{\"typeId\":\"9\",\"authorId\":null,\"title\":\"About Kent State Student Media\",\"slug\":\"about\",\"postDate\":1492560894,\"expiryDate\":null,\"enabled\":1,\"parentId\":null,\"fields\":{\"55\":\"<p>Advertise with us!<\\/p>\",\"1\":\"<p>Test Kent State Student Media empowers students to be the best they can be. Students of any major and grade level are able to join us and gain a fun, practical experience that will provide transferable skills for any career they choose. We believe diversity is a strength, and we welcome all to join us! Our wide array of Media Partners means that every student can find their best fit. <br><\\/p>\\r\\n<p><strong>Our Mission:<\\/strong><strong><em><br><\\/em><\\/strong><\\/p>\\r\\n<p><strong><em>Student Media empowers students<\\/em><\\/strong> through practical, collaborative and professional learning opportunities within an independent, student-led and multi-platform media framework.<strong><em><br><\\/em><\\/strong><\\/p>\\r\\n<p><strong><em>Our students create valued sources<\\/em><\\/strong> of journalism, information, entertainment and advertising and develop meaningful connections with our core audiences.<strong><em><br><\\/em><\\/strong><\\/p>\\r\\n<p><strong><em>We encourage excellence, leadership and accountability<\\/em><\\/strong> as students become innovative, ethical and skilled media producers within a diverse and global society. <br><\\/p>\",\"11\":[\"166\"],\"13\":[\"88\"],\"47\":\"<p>You can help further our mission! Learn about the different ways you can support us. <br><\\/p>\",\"21\":\"Through the combined effort of students and faculty, our mission is to provide a professional learning foundation for all.\"}}', '2017-05-11 16:20:51', '2017-05-11 16:20:51', 'b2a7dc20-8419-4ab5-98ef-4c2a818c7871'),
 ('347', '2', '1', '1', 'en_us', '29', '', '{\"typeId\":null,\"authorId\":null,\"title\":\"Kent State Student Media\",\"slug\":\"homepage\",\"postDate\":1484237579,\"expiryDate\":null,\"enabled\":1,\"parentId\":null,\"fields\":{\"1\":\"<p>Kent State Student Media is the brand that represents all the broadcast and film, print, and online content created by Kent State students. <br><\\/p>\",\"12\":\"Kent State Student Media\",\"13\":[\"219\",\"233\",\"221\"],\"16\":\"\",\"17\":\"\",\"25\":\"\",\"21\":\"Independent media connecting Kent State students and the Kent community\",\"22\":\"https:\\/\\/player.vimeo.com\\/video\\/210945217\"}}', '2017-05-11 16:55:00', '2017-05-11 16:55:00', '02d11021-0629-4fea-9227-7f3bb6130eff'),
 ('348', '2', '1', '1', 'en_us', '30', '', '{\"typeId\":null,\"authorId\":null,\"title\":\"Kent State Student Media\",\"slug\":\"homepage\",\"postDate\":1484237579,\"expiryDate\":null,\"enabled\":1,\"parentId\":null,\"fields\":{\"1\":\"<p>Kent State Student Media is the brand that represents all the broadcast and film, print, and online content created by Kent State students. Our media partners are <span class=\\\"panel-inner-wrap clearfix\\\"> independent, nationally recognized, and nationally award-winning. Every student is invited to come join us and gain a professional, practical, and fun experience that will add to their resume. <br><\\/span><\\/p>\",\"12\":\"Kent State Student Media\",\"13\":[\"219\",\"233\",\"221\"],\"16\":\"\",\"17\":\"\",\"25\":\"\",\"21\":\"Independent media connecting Kent State students and the Kent community\",\"22\":\"https:\\/\\/player.vimeo.com\\/video\\/210945217\"}}', '2017-05-11 17:04:47', '2017-05-11 17:04:47', '40977e68-9b0d-4552-b552-0724f0a670eb'),
 ('349', '2', '1', '1', 'en_us', '31', '', '{\"typeId\":null,\"authorId\":null,\"title\":\"Kent State Student Media\",\"slug\":\"homepage\",\"postDate\":1484237579,\"expiryDate\":null,\"enabled\":1,\"parentId\":null,\"fields\":{\"1\":\"<p>Kent State Student Media is the brand that represents all the broadcast and film, print, and online content created by Kent State students. Our media partners are  independent, nationally recognized, and nationally award-winning. Every student is invited to come join us and gain a professional, practical, and fun experience that will add to their resume. <br><\\/p>\",\"12\":\"Kent State Student Media\",\"13\":[\"219\",\"233\",\"221\"],\"16\":\"\",\"17\":\"\",\"25\":\"\",\"21\":\"Independent media connecting Kent State students and the Kent community\",\"22\":\"https:\\/\\/player.vimeo.com\\/video\\/210945217\"}}', '2017-05-11 17:05:09', '2017-05-11 17:05:09', '5c22210c-5ed6-4047-a409-d95350842ffa'),
 ('350', '60', '11', '1', 'en_us', '8', '', '{\"typeId\":\"11\",\"authorId\":null,\"title\":\"Get Involved\",\"slug\":\"get-involved\",\"postDate\":1492711027,\"expiryDate\":null,\"enabled\":1,\"parentId\":null,\"fields\":{\"12\":\"Everyone is welcome to join us! Involvement in Student Media gives you an experience that will set you apart. Utilize the chance to share your voice and gain practical experience to help launch your career.\",\"51\":{\"231\":{\"type\":\"faqs\",\"enabled\":\"1\",\"fields\":{\"question\":\"How can I become a student media leader?\",\"answer\":\"<p>There are a few requirements a student must meet to become a student media leader...<\\/p>\"}}},\"49\":\"\",\"13\":[\"234\"],\"56\":{\"232\":{\"type\":\"employeeOpportunities\",\"enabled\":\"1\",\"fields\":{\"hiring\":\"A Magazine\",\"position\":\"Graphic Designer\",\"positionDescription\":\"description\",\"contactInformation\":\"Mary Smith\"}}}}}', '2017-05-11 17:20:26', '2017-05-11 17:20:26', '113669b6-2b60-4b9b-96ae-2e9c3959c8f1'),
 ('351', '62', '13', '1', 'en_us', '7', '', '{\"typeId\":null,\"authorId\":null,\"title\":\"Contact\",\"slug\":\"contact\",\"postDate\":1489688145,\"expiryDate\":null,\"enabled\":1,\"parentId\":null,\"fields\":{\"50\":\"205 Franklin Hall, Hilltop Drive Kent, Ohio 44240\",\"12\":\"Feel free to contact us! Shoot us an e-mail at ads@ksustudentmedia.com, call us at 330-672-6306 or drop by our office during business hours.\",\"13\":[\"64\"],\"10\":\"330-672-6306\",\"21\":\"Any more questions or concerns?\"}}', '2017-05-11 17:28:19', '2017-05-11 17:28:19', '3da13e9b-74d8-479a-a4f5-90f160d99e83'),
 ('352', '25', '4', '1', 'en_us', '14', '', '{\"typeId\":\"4\",\"authorId\":\"1\",\"title\":\"KSU Independent Films\",\"slug\":\"ksu-independent-films\",\"postDate\":1488484140,\"expiryDate\":null,\"enabled\":1,\"parentId\":null,\"fields\":{\"31\":[\"42\"],\"1\":\"<p>Kent State University Independent Films (KSUIF) is an organization fueled by students\\u2019 passion for film. In 2008, professors Traci E. Williams and David Smeltzer collaborated to create this wonderful program, which is designed to give students real-world film experience. Today, nearly 500 people are currently involved in the organization.<\\/p>\",\"54\":\"\",\"4\":\"kentstatefilms@gmail.com\",\"36\":\"1\",\"6\":\"Erica\",\"13\":[\"90\"],\"8\":\"Student Leader\",\"7\":\"Collins\",\"14\":[\"52\"],\"10\":\"330-672-8198\",\"29\":\"Kent State University Independent Films (KSUIF) is a student-run production company that teaches, inspires and prepares filmmakers for the real-world industry. \",\"26\":{\"37\":{\"type\":\"socialMediaBlock\",\"enabled\":\"1\",\"fields\":{\"socialName\":\"twitter\",\"address\":\"http:\\/\\/www.twitter.com\\/ksuif\"}},\"225\":{\"type\":\"socialMediaBlock\",\"enabled\":\"1\",\"fields\":{\"socialName\":\"facebook\",\"address\":\"https:\\/\\/www.facebook.com\\/ksuindependentfilms\\/\"}},\"226\":{\"type\":\"socialMediaBlock\",\"enabled\":\"1\",\"fields\":{\"socialName\":\"website\",\"address\":\"http:\\/\\/kentstatefilms.com\\/\"}}},\"21\":\"\"}}', '2017-05-11 18:29:08', '2017-05-11 18:29:08', '0c86fde0-9bde-4bc6-946f-5b89058b7312'),
 ('353', '93', '4', '1', 'en_us', '5', '', '{\"typeId\":\"4\",\"authorId\":\"1\",\"title\":\"Transitions\",\"slug\":\"transitions\",\"postDate\":1492115640,\"expiryDate\":null,\"enabled\":1,\"parentId\":null,\"fields\":{\"31\":[\"68\"],\"1\":\"<p>Transitions magazine is a go-to guide about area restaurants, shopping, banks, ATMs, hotels, transportation and other tips to make the first year at Kent State successful. It is endorsed by Destination Kent State and is given to students and their parents\\/guardians during the freshman orientation program.<\\/p>\",\"54\":\"\",\"4\":\"\",\"36\":\"1\",\"6\":\"\",\"13\":[\"233\"],\"8\":\"\",\"7\":\"\",\"14\":\"\",\"10\":\"\",\"29\":\"Transitions magazine is the freshman\'s go-to guide for everything Kent.\",\"26\":\"\",\"21\":\"\"}}', '2017-05-11 18:29:56', '2017-05-11 18:29:56', 'e0ad1091-8248-4aaf-aece-41fb4026198b'),
 ('354', '24', '4', '1', 'en_us', '14', '', '{\"typeId\":\"4\",\"authorId\":\"1\",\"title\":\"Luna Negra\",\"slug\":\"luna-negra\",\"postDate\":1488484140,\"expiryDate\":null,\"enabled\":1,\"parentId\":null,\"fields\":{\"31\":[\"68\"],\"1\":\"<p>Luna Negra, though sometimes under different names, has been around since 1956. It began under the English department, where it found its footing within the campus\\u2019s cultural atmosphere. Since then, the publication has been a staple of the university, witnessing the path Kent State has taken through the decades. We have published works describing the culture of collegiate 1950s, the Kent State shootings, and 9\\/11; the literary pieces published by Luna Negra, written by the students themselves, have chronicled every major cultural and historical event of America. Since its inception, and still to today, Luna Negra is run by students and filled with student content. We strive to foster creative activity across campus and seek to be the keeper and encourager of the student body\\u2019s creative spirit.<\\/p>\",\"54\":\"\",\"4\":\"lunanegramag@gmail.com\",\"36\":\"1\",\"6\":\"Sam\",\"13\":[\"90\"],\"8\":\"Student Leader\",\"7\":\"Hersh\",\"14\":[\"53\"],\"10\":\"\",\"29\":\"Luna Negra is Kent State\\u2019s literary student magazine that publishes a blend of poetry, prose, photography and illustration. \",\"26\":{\"129\":{\"type\":\"socialMediaBlock\",\"enabled\":\"1\",\"fields\":{\"socialName\":\"facebook\",\"address\":\"https:\\/\\/www.facebook.com\\/lunanegramag\\/\"}},\"130\":{\"type\":\"socialMediaBlock\",\"enabled\":\"1\",\"fields\":{\"socialName\":\"instagram\",\"address\":\"https:\\/\\/www.instagram.com\\/lunanegramagazine\\/\"}},\"131\":{\"type\":\"socialMediaBlock\",\"enabled\":\"1\",\"fields\":{\"socialName\":\"twitter\",\"address\":\"https:\\/\\/twitter.com\\/lunanegramag\"}},\"132\":{\"type\":\"socialMediaBlock\",\"enabled\":\"1\",\"fields\":{\"socialName\":\"website\",\"address\":\"http:\\/\\/www.lunanegramag.com\\/\"}}},\"21\":\"\"}}', '2017-05-11 18:30:11', '2017-05-11 18:30:11', '1d11b025-1c30-4f45-88bd-4bf83acb5bfa'),
 ('355', '25', '4', '1', 'en_us', '15', '', '{\"typeId\":\"4\",\"authorId\":\"1\",\"title\":\"KSU Independent Films\",\"slug\":\"ksu-independent-films\",\"postDate\":1488484140,\"expiryDate\":null,\"enabled\":1,\"parentId\":null,\"fields\":{\"31\":[\"42\"],\"1\":\"<p>Kent State University Independent Films (KSUIF) is an organization fueled by students\\u2019 passion for film. In 2008, professors Traci E. Williams and David Smeltzer collaborated to create this wonderful program, which is designed to give students real-world film experience. Today, nearly 500 people are currently involved in the organization.<\\/p>\",\"54\":\"\",\"4\":\"kentstatefilms@gmail.com\",\"36\":\"1\",\"6\":\"Erica\",\"13\":[\"90\"],\"8\":\"Student Leader\",\"7\":\"Collins\",\"14\":[\"52\"],\"10\":\"330-672-8198\",\"29\":\"Kent State University Independent Films (KSUIF) is a student-run production company that teaches, inspires and prepares filmmakers for the real-world industry. \",\"26\":{\"37\":{\"type\":\"socialMediaBlock\",\"enabled\":\"1\",\"fields\":{\"socialName\":\"twitter\",\"address\":\"http:\\/\\/www.twitter.com\\/ksuif\"}},\"225\":{\"type\":\"socialMediaBlock\",\"enabled\":\"1\",\"fields\":{\"socialName\":\"facebook\",\"address\":\"https:\\/\\/www.facebook.com\\/ksuindependentfilms\\/\"}},\"226\":{\"type\":\"socialMediaBlock\",\"enabled\":\"1\",\"fields\":{\"socialName\":\"website\",\"address\":\"http:\\/\\/kentstatefilms.com\\/\"}}},\"21\":\"\"}}', '2017-05-11 18:30:18', '2017-05-11 18:30:18', 'a40c4cfb-e8ca-455d-b1aa-1e07848d5b9d'),
 ('356', '23', '4', '1', 'en_us', '12', '', '{\"typeId\":\"4\",\"authorId\":\"1\",\"title\":\"KentWired\",\"slug\":\"kentwired\",\"postDate\":1488484080,\"expiryDate\":null,\"enabled\":1,\"parentId\":null,\"fields\":{\"31\":[\"69\"],\"1\":\"<p>KentWired.com is the hub of all Kent State Student Media. Featuring top news, entertainment, community and campus news, sports and video, KentWired is the place to turn to for everything Kent. The site also features&nbsp; classifieds, daily podcasts, newscasts and live streams to TV2 and Black Squirrel Radio. KentWired is also the key source to news over the summer months.<\\/p>\",\"54\":\"\",\"4\":\"kentwired@gmail.com\",\"36\":\"1\",\"6\":\"\",\"13\":[\"219\"],\"8\":\"\",\"7\":\"\",\"14\":\"\",\"10\":\"330-672-2586\",\"29\":\"KentWired.com is a news organization that holds content created by students working in student media at Kent State University. \",\"26\":{\"149\":{\"type\":\"socialMediaBlock\",\"enabled\":\"1\",\"fields\":{\"socialName\":\"instagram\",\"address\":\"https:\\/\\/www.instagram.com\\/kentwired\\/\"}},\"150\":{\"type\":\"socialMediaBlock\",\"enabled\":\"1\",\"fields\":{\"socialName\":\"twitter\",\"address\":\"https:\\/\\/twitter.com\\/kentwired\"}},\"151\":{\"type\":\"socialMediaBlock\",\"enabled\":\"1\",\"fields\":{\"socialName\":\"facebook\",\"address\":\"https:\\/\\/www.facebook.com\\/KentWired\\/\"}},\"152\":{\"type\":\"socialMediaBlock\",\"enabled\":\"1\",\"fields\":{\"socialName\":\"website\",\"address\":\"http:\\/\\/www.kentwired.com\\/\"}}},\"21\":\"\"}}', '2017-05-11 18:30:51', '2017-05-11 18:30:51', 'dd2e26ce-165b-49e3-85be-357d89251dc7'),
 ('357', '10', '4', '1', 'en_us', '15', '', '{\"typeId\":\"4\",\"authorId\":\"1\",\"title\":\"A Magazine\",\"slug\":\"a-magazine\",\"postDate\":1487886960,\"expiryDate\":null,\"enabled\":1,\"parentId\":null,\"fields\":{\"31\":[\"68\"],\"1\":\"<p>A Magazine is Kent State\'s publication for all things fashion, beauty and culture on campus and beyond. A focuses on both women\'s and men\'s fashion and has companion website that is updated regularly, providing students with the latest fashion industry and more. It is distributed at Kent State and the Fashion School\\u2019s New York studio.<br><\\/p>\",\"54\":\"\",\"4\":\"amagksu@gmail.com\",\"36\":\"1\",\"6\":\"Payton\",\"13\":[\"234\"],\"8\":\"Student Leader\",\"7\":\"Moore\",\"14\":[\"46\"],\"10\":\"\",\"29\":\"A Magazine is Kent State\\u2019s student-run fashion magazine and is the hub for all things fashion, beauty and culture related.\",\"26\":{\"140\":{\"type\":\"socialMediaBlock\",\"enabled\":\"1\",\"fields\":{\"socialName\":\"instagram\",\"address\":\"https:\\/\\/www.instagram.com\\/amagksu\\/\"}},\"141\":{\"type\":\"socialMediaBlock\",\"enabled\":\"1\",\"fields\":{\"socialName\":\"twitter\",\"address\":\"https:\\/\\/twitter.com\\/AMagKSU\"}},\"142\":{\"type\":\"socialMediaBlock\",\"enabled\":\"1\",\"fields\":{\"socialName\":\"facebook\",\"address\":\" http:\\/\\/facebook.com\\/amagksu\\/\"}},\"143\":{\"type\":\"socialMediaBlock\",\"enabled\":\"1\",\"fields\":{\"socialName\":\"website\",\"address\":\"http:\\/\\/theamag.com\\/\"}}},\"21\":\"\"}}', '2017-05-11 18:31:47', '2017-05-11 18:31:47', '745b3cac-fcaa-4ed5-8214-cd6d2c77b1e0'),
 ('358', '22', '4', '1', 'en_us', '8', '', '{\"typeId\":\"4\",\"authorId\":\"1\",\"title\":\"Uhuru\",\"slug\":\"uhuru\",\"postDate\":1488483960,\"expiryDate\":null,\"enabled\":1,\"parentId\":null,\"fields\":{\"31\":[\"68\"],\"1\":\"<p>Uhuru is an award-winning magazine that aims to promote innovation, creativity, and culture through the voice of marginalized students on the Kent State University campus. Having a history of pan-African teachings and values, Uhuru magazine focuses on the plight of all students around the globe.\\r\\n  <\\/p>\\r\\n<p>Uhuru, which is Kiswahili for \\u2018freedom,\\u2019 serves as a platform for student creation and expression in art, writing, photography&nbsp;and graphic design, while discussing racial, social and\\/or political ignorance.\\r\\n      <\\/p>\",\"54\":\"\",\"4\":\"uhurumag1@gmail.com\",\"36\":\"1\",\"6\":\"Sierra\",\"13\":[\"219\"],\"8\":\"Student Leader\",\"7\":\"Allen\",\"14\":[\"56\"],\"10\":\"\",\"29\":\"Uhuru is the magazine that promotes innovation, creativity and culture through the voice of marginalized students at Kent State.\",\"26\":{\"133\":{\"type\":\"socialMediaBlock\",\"enabled\":\"1\",\"fields\":{\"socialName\":\"instagram\",\"address\":\"https:\\/\\/www.instagram.com\\/uhurumag\\/\"}},\"134\":{\"type\":\"socialMediaBlock\",\"enabled\":\"1\",\"fields\":{\"socialName\":\"twitter\",\"address\":\"https:\\/\\/twitter.com\\/UhuruMag\"}},\"135\":{\"type\":\"socialMediaBlock\",\"enabled\":\"1\",\"fields\":{\"socialName\":\"facebook\",\"address\":\"https:\\/\\/facebook.com\\/uhurumagazine\\/\"}},\"136\":{\"type\":\"socialMediaBlock\",\"enabled\":\"1\",\"fields\":{\"socialName\":\"website\",\"address\":\"Uhurumag.com\"}}},\"21\":\"\"}}', '2017-05-11 18:32:04', '2017-05-11 18:32:04', '54f8d1ee-e0f8-4885-b68e-6ce91872a68f'),
 ('359', '15', '4', '1', 'en_us', '12', '', '{\"typeId\":\"4\",\"authorId\":\"1\",\"title\":\"Kent Stater\",\"slug\":\"kent-stater\",\"postDate\":1488208860,\"expiryDate\":null,\"enabled\":1,\"parentId\":null,\"fields\":{\"31\":[\"68\"],\"1\":\"<p>The Kent Stater is an award-winning student-run newspaper. Reaching more than 9,500 people per issue, the Stater keeps the community up-to-date with campus, local and national news, sports and features. The Stater publishes on Monday, Wednesday and Thursday and has a&nbsp;circulation of 6,000 per day. During the summer months, The Kent Stater runs special print issues and the annual Orientation issue to welcome back students. The Kent Stater publishes online with media partner, TV2, at KentWired.com\\r\\n      <\\/p>\",\"54\":\"\",\"4\":\"kentwired@gmail.com\",\"36\":\"1\",\"6\":\"Jimmy\",\"13\":[\"233\"],\"8\":\"Student Leader\",\"7\":\"Miller\",\"14\":[\"51\"],\"10\":\"330-672-2586\",\"29\":\"The Kent Stater is the award-winning, student-run newspaper at Kent State University. \",\"26\":{\"227\":{\"type\":\"socialMediaBlock\",\"enabled\":\"1\",\"fields\":{\"socialName\":\"twitter\",\"address\":\" https:\\/\\/twitter.com\\/kentwired\"}},\"228\":{\"type\":\"socialMediaBlock\",\"enabled\":\"1\",\"fields\":{\"socialName\":\"instagram\",\"address\":\"https:\\/\\/www.instagram.com\\/kentwired\\/\"}},\"229\":{\"type\":\"socialMediaBlock\",\"enabled\":\"1\",\"fields\":{\"socialName\":\"facebook\",\"address\":\"https:\\/\\/www.facebook.com\\/KentWired\\/\"}},\"230\":{\"type\":\"socialMediaBlock\",\"enabled\":\"1\",\"fields\":{\"socialName\":\"website\",\"address\":\"http:\\/\\/www.kentwired.com\\/\"}}},\"21\":\"\"}}', '2017-05-11 18:34:03', '2017-05-11 18:34:03', 'cb589938-5ce2-42a4-b1e3-62d4f8db7aa0'),
 ('360', '14', '4', '1', 'en_us', '7', '', '{\"typeId\":\"4\",\"authorId\":\"1\",\"title\":\"The Burr\",\"slug\":\"the-burr\",\"postDate\":1488208860,\"expiryDate\":null,\"enabled\":1,\"parentId\":null,\"fields\":{\"31\":[\"68\"],\"1\":\"<p>The Burr is Kent State University\'s first student magazine. Published once a semester, The Burr looks into current trends, issues and people in Kent and the surrounding communities. Each issue contains a compelling mix of original reporting, in depth issue coverage, profiles and personal essays. The web counterpoint TheBurr.com features online feature stories and multimedia as well as weekly blogs on topics such as relationships, fashion, health and entertainment. The Burr has been producing strong, award-winning journalism since 1986.<\\/p>\",\"54\":\"\",\"4\":\"theburrmagazine@gmail.com\",\"36\":\"1\",\"6\":\"Sammi\",\"13\":[\"88\"],\"8\":\"Student Leader\",\"7\":\"Ickes\",\"14\":[\"48\"],\"10\":\"330-672-2947\",\"29\":\"The Burr is Kent State\\u2019s first student-produced magazine made for those who have made a home in Kent.\",\"26\":{\"145\":{\"type\":\"socialMediaBlock\",\"enabled\":\"1\",\"fields\":{\"socialName\":\"instagram\",\"address\":\"https:\\/\\/www.instagram.com\\/theburrmagazine\\/\"}},\"146\":{\"type\":\"socialMediaBlock\",\"enabled\":\"1\",\"fields\":{\"socialName\":\"twitter\",\"address\":\"https:\\/\\/twitter.com\\/TheBurrMagazine\"}},\"147\":{\"type\":\"socialMediaBlock\",\"enabled\":\"1\",\"fields\":{\"socialName\":\"facebook\",\"address\":\"https:\\/\\/facebook.com\\/theburrmagazine\\/\"}},\"148\":{\"type\":\"socialMediaBlock\",\"enabled\":\"1\",\"fields\":{\"socialName\":\"website\",\"address\":\"http:\\/\\/theburr.com\\/\"}}},\"21\":\"\"}}', '2017-05-11 18:34:23', '2017-05-11 18:34:23', '5f0abab2-6de6-4ec1-bfe9-d40920942e84'),
 ('361', '101', '4', '1', 'en_us', '3', '', '{\"typeId\":\"4\",\"authorId\":\"1\",\"title\":\"Student Media Ad Sales\",\"slug\":\"student-media-ad-sales\",\"postDate\":1492116120,\"expiryDate\":null,\"enabled\":1,\"parentId\":null,\"fields\":{\"31\":\"\",\"1\":\"\",\"54\":\"Ad Sales\",\"4\":\"ads@ksustudentmedia.com\",\"36\":\"\",\"6\":\"Clara\",\"13\":[\"220\"],\"8\":\"Student Leader\",\"7\":\"Sulivan\",\"14\":\"\",\"10\":\"330-672-6303\",\"29\":\"\",\"26\":\"\",\"21\":\"\"}}', '2017-05-11 18:34:48', '2017-05-11 18:34:48', '7b5f1f1b-e60f-4e7c-b75f-df80b5dd4110'),
 ('362', '93', '4', '1', 'en_us', '6', '', '{\"typeId\":\"4\",\"authorId\":\"1\",\"title\":\"Transitions\",\"slug\":\"transitions\",\"postDate\":1492115640,\"expiryDate\":null,\"enabled\":1,\"parentId\":null,\"fields\":{\"31\":[\"68\"],\"1\":\"<p>Transitions magazine is a go-to guide about area restaurants, shopping, banks, ATMs, hotels, transportation and other tips to make the first year at Kent State successful. It is endorsed by Destination Kent State and is given to students and their parents\\/guardians during the freshman orientation program.<\\/p>\",\"54\":\"\",\"4\":\"\",\"36\":\"1\",\"6\":\"\",\"13\":[\"233\"],\"8\":\"\",\"7\":\"\",\"14\":\"\",\"10\":\"\",\"29\":\"Transitions magazine is the freshman\'s go-to guide for everything Kent.\",\"26\":\"\",\"21\":\"\"}}', '2017-05-11 18:34:53', '2017-05-11 18:34:53', '3f38b0ed-cecc-46fc-b2ce-68fbcc788655'),
 ('363', '15', '4', '1', 'en_us', '13', '', '{\"typeId\":\"4\",\"authorId\":\"1\",\"title\":\"Kent Stater\",\"slug\":\"kent-stater\",\"postDate\":1488208860,\"expiryDate\":null,\"enabled\":1,\"parentId\":null,\"fields\":{\"31\":[\"68\"],\"1\":\"<p>The Kent Stater is an award-winning student-run newspaper. Reaching more than 9,500 people per issue, the Stater keeps the community up-to-date with campus, local and national news, sports and features. The Stater publishes on Monday, Wednesday and Thursday and has a&nbsp;circulation of 6,000 per day. During the summer months, The Kent Stater runs special print issues and the annual Orientation issue to welcome back students. The Kent Stater publishes online with media partner, TV2, at KentWired.com\\r\\n      <\\/p>\",\"54\":\"\",\"4\":\"kentwired@gmail.com\",\"36\":\"1\",\"6\":\"Jimmy\",\"13\":[\"233\"],\"8\":\"Student Leader\",\"7\":\"Miller\",\"14\":[\"51\"],\"10\":\"330-672-2586\",\"29\":\"The Kent Stater is the award-winning, student-run newspaper at Kent State University. \",\"26\":{\"227\":{\"type\":\"socialMediaBlock\",\"enabled\":\"1\",\"fields\":{\"socialName\":\"twitter\",\"address\":\" https:\\/\\/twitter.com\\/kentwired\"}},\"228\":{\"type\":\"socialMediaBlock\",\"enabled\":\"1\",\"fields\":{\"socialName\":\"instagram\",\"address\":\"https:\\/\\/www.instagram.com\\/kentwired\\/\"}},\"229\":{\"type\":\"socialMediaBlock\",\"enabled\":\"1\",\"fields\":{\"socialName\":\"facebook\",\"address\":\"https:\\/\\/www.facebook.com\\/KentWired\\/\"}},\"230\":{\"type\":\"socialMediaBlock\",\"enabled\":\"1\",\"fields\":{\"socialName\":\"website\",\"address\":\"http:\\/\\/www.kentwired.com\\/\"}}},\"21\":\"\"}}', '2017-05-11 18:35:57', '2017-05-11 18:35:57', '15bcd041-efe3-4320-b521-740cc3ed4287'),
 ('364', '2', '1', '1', 'en_us', '32', '', '{\"typeId\":null,\"authorId\":null,\"title\":\"Kent State Student Media\",\"slug\":\"homepage\",\"postDate\":1484237579,\"expiryDate\":null,\"enabled\":1,\"parentId\":null,\"fields\":{\"1\":\"<p>Kent State Student Media is the brand that represents all the broadcast and film, print, and online content created by Kent State students. Our media partners are  independent, nationally recognized, and nationally award-winning. Every student is invited to come join us and gain a professional, practical, and fun experience that will add to their resume. <br><\\/p>\",\"12\":\"Kent State Student Media\",\"13\":[\"64\"],\"16\":\"\",\"17\":\"\",\"25\":\"\",\"21\":\"Independent media connecting Kent State students and the Kent community\",\"22\":\"https:\\/\\/player.vimeo.com\\/video\\/210945217\"}}', '2017-05-26 14:08:44', '2017-05-26 14:08:44', 'f1dea0f6-e95d-4bad-b04c-3ccc36398662'),
 ('365', '2', '1', '1', 'en_us', '33', '', '{\"typeId\":null,\"authorId\":null,\"title\":\"Kent State Student Media\",\"slug\":\"homepage\",\"postDate\":1484237579,\"expiryDate\":null,\"enabled\":1,\"parentId\":null,\"fields\":{\"1\":\"<p>Kent State Student Media is the brand that represents all the broadcast and film, print, and online content created by Kent State students. Our media partners are  independent, nationally recognized, and nationally award-winning.&nbsp;<\\/p><p>Every student is invited to come join us and gain a professional, practical, and fun experience that will add to their resume. <br><\\/p>\",\"12\":\"The Mission of Student Media\",\"13\":[\"64\"],\"21\":\"Independent media connecting Kent State students and the Kent community\",\"22\":\"https:\\/\\/player.vimeo.com\\/video\\/210945217\"}}', '2017-05-26 14:58:22', '2017-05-26 14:58:22', '8160183d-fff9-4106-90f3-62bed7764149'),
 ('366', '2', '1', '1', 'en_us', '34', '', '{\"typeId\":null,\"authorId\":null,\"title\":\"Kent State Student Media\",\"slug\":\"homepage\",\"postDate\":1484237579,\"expiryDate\":null,\"enabled\":1,\"parentId\":null,\"fields\":{\"61\":[\"58\"],\"1\":\"<p>Kent State Student Media is the brand that represents all the broadcast and film, print, and online content created by Kent State students. Our media partners are  independent, nationally recognized, and nationally award-winning.&nbsp;<\\/p>\\r\\n<p>Every student is invited to come join us and gain a professional, practical, and fun experience that will add to their resume. <br><\\/p>\",\"12\":\"The Mission of Student Media\",\"13\":[\"64\"],\"21\":\"Independent media connecting Kent State students and the Kent community\",\"22\":\"https:\\/\\/player.vimeo.com\\/video\\/210945217\"}}', '2017-05-26 15:04:23', '2017-05-26 15:04:23', '4f589c35-0c00-4287-8fb6-675f101cc3fa'),
 ('367', '2', '1', '1', 'en_us', '35', '', '{\"typeId\":null,\"authorId\":null,\"title\":\"Kent State Student Media\",\"slug\":\"homepage\",\"postDate\":1484237579,\"expiryDate\":null,\"enabled\":1,\"parentId\":null,\"fields\":{\"61\":[\"58\"],\"1\":\"<p>Kent State Student Media is the brand that represents all the broadcast and film, print, and online content created by Kent State students. Our media partners are  independent, nationally recognized, and nationally award-winning.&nbsp;<\\/p>\\r\\n<p>Every student is invited to come join us and gain a professional, practical, and fun experience that will add to their resume. <br><\\/p>\",\"12\":\"About Student Media\",\"13\":[\"64\"],\"21\":\"Kent State\'s Independent Student Media Organization\",\"22\":\"https:\\/\\/player.vimeo.com\\/video\\/210945217\"}}', '2017-05-26 16:19:04', '2017-05-26 16:19:04', '8ef089f5-dcdf-40d3-bb02-bb83fdfbe244'),
 ('368', '2', '1', '1', 'en_us', '36', '', '{\"typeId\":null,\"authorId\":null,\"title\":\"Kent State Student Media\",\"slug\":\"homepage\",\"postDate\":1484237579,\"expiryDate\":null,\"enabled\":1,\"parentId\":null,\"fields\":{\"61\":[\"58\"],\"55\":\"<p>Kent State Student Media is the brand that represents all the broadcast and film, print, and online content created by Kent State students. Our media partners are independent, nationally recognized, and nationally award-winning.&nbsp;<\\/p>\",\"1\":\"<p>Kent State Student Media is the brand that represents all the broadcast and film, print, and online content created by Kent State students. Our media partners are  independent, nationally recognized, and nationally award-winning.&nbsp;<\\/p>\\r\\n<p>Every student is invited to come join us and gain a professional, practical, and fun experience that will add to their resume. <br><\\/p>\",\"12\":\"About Student Media\",\"13\":[\"64\"],\"21\":\"Kent State\'s Independent Student Media Organization\",\"22\":\"https:\\/\\/player.vimeo.com\\/video\\/210945217\"}}', '2017-05-26 16:51:08', '2017-05-26 16:51:08', '3ef93365-b7ee-4819-bd4d-47ed8c5d4826'),
 ('369', '2', '1', '1', 'en_us', '37', '', '{\"typeId\":null,\"authorId\":null,\"title\":\"Kent State Student Media\",\"slug\":\"homepage\",\"postDate\":1484237579,\"expiryDate\":null,\"enabled\":1,\"parentId\":null,\"fields\":{\"61\":[\"58\"],\"62\":[\"61\"],\"55\":\"<p>Kent State Student Media is the brand that represents all the broadcast and film, print, and online content created by Kent State students. Our media partners are independent, nationally recognized, and nationally award-winning.&nbsp;<\\/p>\",\"1\":\"<p>Kent State Student Media is the brand that represents all the broadcast and film, print, and online content created by Kent State students. Our media partners are  independent, nationally recognized, and nationally award-winning.&nbsp;<\\/p>\\r\\n<p>Every student is invited to come join us and gain a professional, practical, and fun experience that will add to their resume. <br><\\/p>\",\"12\":\"About Student Media\",\"13\":[\"64\"],\"21\":\"Kent State\'s Independent Student Media Organization\",\"22\":\"https:\\/\\/player.vimeo.com\\/video\\/210945217\"}}', '2017-05-26 16:52:57', '2017-05-26 16:52:57', 'f5181f23-fc3d-4b57-9088-c2a86d3cf4ea'),
 ('370', '2', '1', '1', 'en_us', '38', '', '{\"typeId\":null,\"authorId\":null,\"title\":\"Kent State Student Media\",\"slug\":\"homepage\",\"postDate\":1484237579,\"expiryDate\":null,\"enabled\":1,\"parentId\":null,\"fields\":{\"61\":[\"58\"],\"62\":[\"61\"],\"55\":\"<p>Kent State Student Media is the brand that represents all the broadcast and film, print, and online content created by Kent State students. Our media partners are independent, nationally recognized, and nationally award-winning.&nbsp;<\\/p>\",\"63\":\"Advertising With Us\",\"1\":\"<p>Kent State Student Media is the brand that represents all the broadcast and film, print, and online content created by Kent State students. Our media partners are  independent, nationally recognized, and nationally award-winning.&nbsp;<\\/p>\\r\\n<p>Every student is invited to come join us and gain a professional, practical, and fun experience that will add to their resume. <br><\\/p>\",\"12\":\"About Student Media\",\"13\":[\"64\"],\"64\":\"Our Media Partners\",\"21\":\"Kent State\'s Independent Student Media Organization\",\"22\":\"https:\\/\\/player.vimeo.com\\/video\\/210945217\"}}', '2017-05-26 16:55:31', '2017-05-26 16:55:31', '07acf055-e5ba-4638-abe8-b8efe8dc51c1'),
 ('371', '2', '1', '1', 'en_us', '39', '', '{\"typeId\":null,\"authorId\":null,\"title\":\"Kent State Student Media\",\"slug\":\"homepage\",\"postDate\":1484237579,\"expiryDate\":null,\"enabled\":1,\"parentId\":null,\"fields\":{\"61\":[\"58\"],\"62\":[\"61\"],\"55\":\"<p>Kent State Student Media is the brand that represents all the broadcast and film, print, and online content created by Kent State students. Our media partners are independent, nationally recognized, and nationally award-winning.&nbsp;<\\/p>\",\"63\":\"Advertising With Us\",\"1\":\"<p>Kent State Student Media is the brand that represents all the broadcast and film, print, and online content created by Kent State students. Our media partners are  independent, nationally recognized, and nationally award-winning.&nbsp;<\\/p>\\r\\n<p>Every student is invited to come join us and gain a professional, practical, and fun experience that will add to their resume. <br><\\/p>\",\"12\":\"About Student Media\",\"13\":[\"64\",\"88\"],\"64\":\"Our Media Partners\",\"21\":\"Kent State\'s Independent Student Media Organization\",\"22\":\"https:\\/\\/player.vimeo.com\\/video\\/210945217\"}}', '2017-05-27 17:46:15', '2017-05-27 17:46:15', 'd5d9f6c8-c0a2-46af-b8bf-2902b066ea18'),
 ('372', '2', '1', '1', 'en_us', '40', '', '{\"typeId\":null,\"authorId\":null,\"title\":\"Kent State Student Media\",\"slug\":\"homepage\",\"postDate\":1484237579,\"expiryDate\":null,\"enabled\":1,\"parentId\":null,\"fields\":{\"61\":[\"58\"],\"62\":[\"61\"],\"55\":\"<p>Kent State Student Media is the brand that represents all the broadcast and film, print, and online content created by Kent State students. Our media partners are independent, nationally recognized, and nationally award-winning.&nbsp;<\\/p>\",\"63\":\"Advertising With Us\",\"1\":\"<p>Kent State Student Media is the brand that represents all the broadcast and film, print, and online content created by Kent State students. Our media partners are  independent, nationally recognized, and nationally award-winning.&nbsp;<\\/p>\\r\\n<p>Every student is invited to come join us and gain a professional, practical, and fun experience that will add to their resume. <br><\\/p>\",\"12\":\"About Student Media\",\"13\":[\"236\"],\"64\":\"Our Media Partners\",\"21\":\"Kent State\'s Independent Student Media Organization\",\"22\":\"https:\\/\\/player.vimeo.com\\/video\\/210945217\"}}', '2017-05-27 17:52:35', '2017-05-27 17:52:35', '004280eb-0463-4efe-9b96-ab4cc15538fc'),
 ('373', '2', '1', '1', 'en_us', '41', '', '{\"typeId\":null,\"authorId\":null,\"title\":\"Kent State Student Media\",\"slug\":\"homepage\",\"postDate\":1484237579,\"expiryDate\":null,\"enabled\":1,\"parentId\":null,\"fields\":{\"61\":[\"58\"],\"62\":[\"61\"],\"55\":\"<p>Kent State Student Media is the brand that represents all the broadcast and film, print, and online content created by Kent State students. Our media partners are independent, nationally recognized, and nationally award-winning.&nbsp;<\\/p>\",\"63\":\"Advertising With Us\",\"1\":\"<p>Kent State Student Media is the brand that represents all the broadcast and film, print, and online content created by Kent State students. Our media partners are  independent, nationally recognized, and nationally award-winning.&nbsp;<\\/p>\\r\\n<p>Every student is invited to come join us and gain a professional, practical, and fun experience that will add to their resume. <br><\\/p>\",\"12\":\"About Student Media\",\"13\":[\"236\",\"88\"],\"64\":\"Our Media Partners\",\"21\":\"Kent State\'s Independent Student Media Organization\",\"22\":\"https:\\/\\/player.vimeo.com\\/video\\/210945217\"}}', '2017-05-27 18:10:52', '2017-05-27 18:10:52', '923e04ae-61a1-42a0-b847-b5f5951b4737'),
 ('374', '2', '1', '1', 'en_us', '42', '', '{\"typeId\":null,\"authorId\":null,\"title\":\"Kent State Student Media\",\"slug\":\"homepage\",\"postDate\":1484237579,\"expiryDate\":null,\"enabled\":1,\"parentId\":null,\"fields\":{\"61\":[\"58\"],\"62\":[\"61\"],\"55\":\"<p>Kent State Student Media is the brand that represents all the broadcast and film, print, and online content created by Kent State students. Our media partners are independent, nationally recognized, and nationally award-winning.&nbsp;<\\/p>\",\"63\":\"Advertising With Us\",\"1\":\"<p>Kent State Student Media is the brand that represents all the broadcast and film, print, and online content created by Kent State students. Our media partners are  independent, nationally recognized, and nationally award-winning.&nbsp;<\\/p>\\r\\n<p>Every student is invited to come join us and gain a professional, practical, and fun experience that will add to their resume. <br><\\/p>\",\"12\":\"About Student Media\",\"13\":[\"236\",\"237\"],\"64\":\"Our Media Partners\",\"21\":\"Kent State\'s Independent Student Media Organization\",\"22\":\"https:\\/\\/player.vimeo.com\\/video\\/210945217\"}}', '2017-05-27 18:12:39', '2017-05-27 18:12:39', '522bdb9b-108c-4e68-ad86-2a054a1fb494'),
 ('375', '2', '1', '1', 'en_us', '43', '', '{\"typeId\":null,\"authorId\":null,\"title\":\"Kent State Student Media\",\"slug\":\"homepage\",\"postDate\":1484237579,\"expiryDate\":null,\"enabled\":1,\"parentId\":null,\"fields\":{\"61\":[\"58\"],\"62\":[\"61\"],\"55\":\"<p>Kent State Student Media is the brand that represents all the broadcast and film, print, and online content created by Kent State students. Our media partners are independent, nationally recognized, and nationally award-winning.&nbsp;<\\/p>\",\"63\":\"Advertising With Us\",\"1\":\"<p>Kent State Student Media is the brand that represents all the broadcast and film, print, and online content created by Kent State students. Our media partners are  independent, nationally recognized, and nationally award-winning.&nbsp;<\\/p>\\r\\n<p>Every student is invited to come join us and gain a professional, practical, and fun experience that will add to their resume. <br><\\/p>\",\"12\":\"About Student Media\",\"13\":[\"237\",\"236\"],\"64\":\"Our Media Partners\",\"21\":\"Kent State\'s Independent Student Media Organization\",\"22\":\"https:\\/\\/player.vimeo.com\\/video\\/210945217\"}}', '2017-05-27 18:14:34', '2017-05-27 18:14:34', 'bcab744a-22d9-48fd-9f72-cf8d048144bb'),
 ('376', '2', '1', '1', 'en_us', '44', '', '{\"typeId\":null,\"authorId\":null,\"title\":\"Home\",\"slug\":\"homepage\",\"postDate\":1484237579,\"expiryDate\":null,\"enabled\":1,\"parentId\":null,\"fields\":{\"61\":[\"58\"],\"62\":[\"61\"],\"55\":\"<p>Kent State Student Media is the brand that represents all the broadcast and film, print, and online content created by Kent State students. Our media partners are independent, nationally recognized, and nationally award-winning.&nbsp;<\\/p>\",\"63\":\"Advertising With Us\",\"1\":\"<p>Kent State Student Media is the brand that represents all the broadcast and film, print, and online content created by Kent State students. Our media partners are  independent, nationally recognized, and nationally award-winning.&nbsp;<\\/p>\\r\\n<p>Every student is invited to come join us and gain a professional, practical, and fun experience that will add to their resume. <br><\\/p>\",\"12\":\"About Student Media\",\"13\":[\"237\",\"236\"],\"64\":\"Our Media Partners\",\"21\":\"Kent State\'s Independent Student Media Organization\",\"22\":\"https:\\/\\/player.vimeo.com\\/video\\/210945217\",\"65\":\"\"}}', '2017-05-27 18:34:42', '2017-05-27 18:34:42', '9ef92d3a-9e70-466b-b9a2-d01b2011c999'),
 ('377', '2', '1', '1', 'en_us', '45', '', '{\"typeId\":null,\"authorId\":null,\"title\":\"Home\",\"slug\":\"homepage\",\"postDate\":1484237579,\"expiryDate\":null,\"enabled\":1,\"parentId\":null,\"fields\":{\"61\":[\"58\"],\"62\":[\"61\"],\"55\":\"<p>Kent State Student Media is the brand that represents all the broadcast and film, print, and online content created by Kent State students. Our media partners are independent, nationally recognized, and nationally award-winning.&nbsp;<\\/p>\",\"63\":\"Advertising With Us\",\"1\":\"<p>Kent State Student Media is the brand that represents all the broadcast and film, print, and online content created by Kent State students. Our media partners are  independent, nationally recognized, and nationally award-winning.&nbsp;<\\/p>\\r\\n<p>Every student is invited to come join us and gain a professional, practical, and fun experience that will add to their resume. <br><\\/p>\",\"12\":\"About Student Media\",\"13\":[\"237\",\"236\"],\"64\":\"Our Media Partners\",\"21\":\"Kent State\'s Independent Student Media Organization\",\"22\":\"https:\\/\\/player.vimeo.com\\/video\\/210945217\",\"65\":\"Watch our student-produced video to learn more about Student Media.\"}}', '2017-05-27 18:34:59', '2017-05-27 18:34:59', '8a43627b-c958-4d86-b9cf-ffb36cda2419'),
 ('378', '61', '12', '1', 'en_us', '2', '', '{\"typeId\":\"12\",\"authorId\":null,\"title\":\"Advertising\",\"slug\":\"advertising\",\"postDate\":1492961215,\"expiryDate\":null,\"enabled\":1,\"parentId\":null,\"fields\":{\"1\":\"<p>Advertising paragraph.<\\/p>\",\"21\":\"Reach More Customers\"}}', '2017-05-27 19:56:50', '2017-05-27 19:56:50', '6e69f373-631b-4893-8794-39ff05c9d44a'),
 ('379', '61', '12', '1', 'en_us', '3', '', '{\"typeId\":\"12\",\"authorId\":null,\"title\":\"Advertising\",\"slug\":\"advertising\",\"postDate\":1492961215,\"expiryDate\":null,\"enabled\":1,\"parentId\":null,\"fields\":{\"1\":\"<p>Advertising paragraph.<\\/p>\",\"66\":\"<p>This is a description about creative services.<\\/p>\",\"21\":\"Reach More Customers\"}}', '2017-05-27 19:59:45', '2017-05-27 19:59:45', '08e938eb-f8a8-4940-849a-582f4c94957a'),
 ('380', '62', '13', '1', 'en_us', '8', '', '{\"typeId\":null,\"authorId\":null,\"title\":\"Contact\",\"slug\":\"contact\",\"postDate\":1489688145,\"expiryDate\":null,\"enabled\":1,\"parentId\":null,\"fields\":{\"1\":\"<p>Feel free to contact us! Shoot us an e-mail at <a href=\\\"mailto:ads@ksustudentmedia.com\\\">ads@ksustudentmedia.com<\\/a>, call us at 330-672-6306 or drop by our office during business hours.<\\/p>\",\"12\":\"Feel free to contact us! Shoot us an e-mail at ads@ksustudentmedia.com, call us at 330-672-6306 or drop by our office during business hours.\",\"13\":[\"64\"],\"21\":\"Any more questions or concerns?\"}}', '2017-05-28 23:10:29', '2017-05-28 23:10:29', 'ccc87b96-9e93-438d-b5cf-124079877701'),
 ('381', '62', '13', '1', 'en_us', '9', '', '{\"typeId\":null,\"authorId\":null,\"title\":\"Contact Student Media\",\"slug\":\"contact\",\"postDate\":1489688145,\"expiryDate\":null,\"enabled\":1,\"parentId\":null,\"fields\":{\"1\":\"<p>Feel free to contact us! Shoot us an e-mail at <a href=\\\"mailto:ads@ksustudentmedia.com\\\">ads@ksustudentmedia.com<\\/a>, call us at 330-672-6306 or drop by our office during business hours.<\\/p>\",\"13\":[\"64\"],\"21\":\"Any more questions or concerns?\"}}', '2017-05-28 23:11:26', '2017-05-28 23:11:26', '38caa58b-22a2-46b9-a4ae-f329fb1e37b5'),
 ('382', '202', '8', '1', 'en_us', '2', '', '{\"typeId\":\"8\",\"authorId\":\"1\",\"title\":\"Tami Bongiorni\",\"slug\":\"tami-bongiorni\",\"postDate\":1493931780,\"expiryDate\":null,\"enabled\":1,\"parentId\":null,\"fields\":{\"20\":[\"101\"],\"1\":\"\",\"4\":\"\",\"5\":[\"officeStaff\"],\"6\":\"Tami\",\"19\":[\"236\"],\"8\":\"Student Media Advertising & Marketing Adviser\",\"7\":\"Bongiorni\",\"10\":\"\"}}', '2017-05-28 23:12:14', '2017-05-28 23:12:14', 'b6938c50-31fd-42d3-a9d3-547d11abd5e0'),
 ('383', '185', '8', '1', 'en_us', '2', '', '{\"typeId\":\"8\",\"authorId\":\"1\",\"title\":\"Amanda Rabinowitz\",\"slug\":\"amanda-rabinowitz\",\"postDate\":1493930340,\"expiryDate\":null,\"enabled\":1,\"parentId\":null,\"fields\":{\"20\":[\"19\"],\"1\":\"\",\"4\":\"\",\"5\":[\"studentMediaLeader\"],\"6\":\"Amanda\",\"19\":\"\",\"8\":\"Black Squirrel Radio Adviser\",\"7\":\"Rabinowitz\",\"10\":\"\"}}', '2017-05-28 23:14:08', '2017-05-28 23:14:08', '74eddf27-e0fb-4d0a-9625-c1f874ebc303'),
 ('384', '185', '8', '1', 'en_us', '3', '', '{\"typeId\":\"8\",\"authorId\":\"1\",\"title\":\"Amanda Rabinowitz\",\"slug\":\"amanda-rabinowitz\",\"postDate\":1493930340,\"expiryDate\":null,\"enabled\":1,\"parentId\":null,\"fields\":{\"20\":[\"19\"],\"1\":\"\",\"4\":\"challahan@gmail.com\",\"5\":[\"studentMediaLeader\"],\"6\":\"Amanda\",\"19\":\"\",\"8\":\"Black Squirrel Radio Adviser\",\"7\":\"Rabinowitz\",\"10\":\"\"}}', '2017-05-28 23:14:21', '2017-05-28 23:14:21', '395df48d-b305-48a5-9124-3f52ce8fdeb4'),
 ('385', '19', '4', '1', 'en_us', '12', '', '{\"typeId\":\"4\",\"authorId\":\"1\",\"title\":\"Black Squirrel Radio\",\"slug\":\"black-squirrel-radio\",\"postDate\":1488483960,\"expiryDate\":null,\"enabled\":1,\"parentId\":null,\"fields\":{\"31\":[\"42\"],\"1\":\"<p>Black Squirrel Radio is a student-run radio station committed to providing innovative media content inspired by the community of Kent, Ohio, dedicated to professionalism, integrity, creativity and diversity. With 56 different student-hosted shows airing from 10am to 2am everyday, we are&nbsp;committed to providing professional industry experience while continuing to be a platform for experimental programming. Through alternative media content, we aim to grow our audience by becoming the destination for students and alumni to remember what was and experience what is college life in Kent, Ohio.<\\/p>\",\"54\":\"\",\"4\":\"lgerbig@kent.edu\",\"36\":\"1\",\"6\":\"Layne\",\"13\":[\"236\"],\"8\":\"Student Leader\",\"7\":\"Gerbig\",\"14\":[\"47\"],\"10\":\"\",\"29\":\"Black Squirrel Radio (BSR) is the student-run radio station on Kent State\\u2019s campus and provides innovative media content inspired by the community of Kent, Ohio.\",\"26\":{\"156\":{\"type\":\"socialMediaBlock\",\"enabled\":\"1\",\"fields\":{\"socialName\":\"instagram\",\"address\":\"https:\\/\\/www.instagram.com\\/bsrkent\\/\"}},\"157\":{\"type\":\"socialMediaBlock\",\"enabled\":\"1\",\"fields\":{\"socialName\":\"twitter\",\"address\":\" https:\\/\\/twitter.com\\/BSRKent\"}},\"158\":{\"type\":\"socialMediaBlock\",\"enabled\":\"1\",\"fields\":{\"socialName\":\"facebook\",\"address\":\"https:\\/\\/www.facebook.com\\/blacksquirrelradio\\/\"}},\"159\":{\"type\":\"socialMediaBlock\",\"enabled\":\"1\",\"fields\":{\"socialName\":\"website\",\"address\":\"http:\\/\\/blacksquirrelradio.com\\/\"}}},\"21\":\"\"}}', '2017-05-28 23:21:44', '2017-05-28 23:21:44', '3688d0ef-9c38-4249-a20e-ea5b2d8dd93a'),
 ('386', '202', '8', '1', 'en_us', '3', '', '{\"typeId\":\"8\",\"authorId\":\"1\",\"title\":\"Tami Bongiorni\",\"slug\":\"tami-bongiorni\",\"postDate\":1493931780,\"expiryDate\":null,\"enabled\":1,\"parentId\":null,\"fields\":{\"20\":[\"101\"],\"1\":\"<p>This is Tammi\'s long long profile. &nbsp;This is Tammi\'s long long profile.&nbsp;This is Tammi\'s long long profile.&nbsp;This is Tammi\'s long long profile.&nbsp;This is Tammi\'s long long profile.&nbsp;This is Tammi\'s long long profile.&nbsp;This is Tammi\'s long long profile.&nbsp;This is Tammi\'s long long profile.&nbsp;This is Tammi\'s long long profile.&nbsp;This is Tammi\'s long long profile.<\\/p>\",\"4\":\"\",\"5\":[\"officeStaff\"],\"6\":\"Tami\",\"19\":[\"236\"],\"8\":\"Student Media Advertising & Marketing Adviser\",\"7\":\"Bongiorni\",\"10\":\"\"}}', '2017-05-28 23:30:08', '2017-05-28 23:30:08', '71d43295-9c51-4114-a308-c19760a29e56'),
 ('387', '59', '10', '1', 'en_us', '6', '', '{\"typeId\":null,\"authorId\":null,\"title\":\"Media Partners\",\"slug\":\"media-partners-home\",\"postDate\":1489687966,\"expiryDate\":null,\"enabled\":1,\"parentId\":null,\"fields\":{\"1\":\"<p>This is the body introduction.<\\/p>\",\"13\":[\"88\"],\"21\":\"This is the tagline\"}}', '2017-05-29 00:04:15', '2017-05-29 00:04:15', '5208f1e0-8c97-47d1-8e07-311d7e079231'),
 ('388', '238', '18', '1', 'en_us', '1', '', '{\"typeId\":null,\"authorId\":\"1\",\"title\":\"Recognition Title\",\"slug\":\"recognition-title\",\"postDate\":1496153942,\"expiryDate\":null,\"enabled\":1,\"parentId\":null,\"fields\":{\"12\":\"This is the description of the recognition\"}}', '2017-05-30 14:19:03', '2017-05-30 14:19:03', '548b3c6e-63be-4313-94fe-6270a5f64943'),
 ('389', '100', '7', '1', 'en_us', '3', '', '{\"typeId\":\"7\",\"authorId\":\"1\",\"title\":\"KSU Independent Films\",\"slug\":\"ksu-independent-films\",\"postDate\":1492115880,\"expiryDate\":null,\"enabled\":1,\"parentId\":null,\"fields\":{\"31\":[\"42\"],\"32\":{\"new1\":{\"type\":\"adUnits\",\"enabled\":\"1\",\"fields\":{\"adType\":\"Commercial Spot\",\"adUnitr\":[{\"col3\":\"30 seconds\",\"col1\":\"#30\",\"col2\":\"fsfs\",\"col4\":\"fdsfsd\"}],\"adDescription\":\"fdsfdsfdsfds\"}}},\"20\":[\"25\"]}}', '2017-05-31 19:28:52', '2017-05-31 19:28:52', '94dcf212-df7f-43f8-92e7-ee57c5d8c017'),
 ('390', '99', '7', '1', 'en_us', '2', '', '{\"typeId\":\"7\",\"authorId\":\"1\",\"title\":\"Black Squirrel Radio\",\"slug\":\"black-squirrel-radio\",\"postDate\":1492115820,\"expiryDate\":null,\"enabled\":1,\"parentId\":null,\"fields\":{\"31\":[\"42\"],\"32\":\"\",\"20\":\"\"}}', '2017-05-31 19:54:57', '2017-05-31 19:54:57', '8677a478-e7ac-4069-8917-791aec5be929'),
 ('391', '20', '4', '1', 'en_us', '12', '', '{\"typeId\":\"4\",\"authorId\":\"1\",\"title\":\"TV2\",\"slug\":\"tv2\",\"postDate\":1488483960,\"expiryDate\":null,\"enabled\":1,\"parentId\":null,\"fields\":{\"31\":\"\",\"1\":\"<p>TV2 is Kent State\'s award winning television station that strives to be Truly Portage County. From local news and sports to entertainment buzz and important social issues surrounding the region, TV2 covers the Kent State and Portage County area like no other television station can, while educating and preparing students for the future.<\\/p>\",\"54\":\"\",\"4\":\"lkober@kent.edu\",\"36\":\"1\",\"6\":\"Leisel\",\"13\":[\"221\"],\"8\":\"Student Leader\",\"7\":\"Kober\",\"14\":[\"55\"],\"10\":\"330-672-2584\",\"29\":\"TV2 is Kent State\'s award winning television station that strives to be Truly Portage County.\",\"26\":{\"153\":{\"type\":\"socialMediaBlock\",\"enabled\":\"1\",\"fields\":{\"socialName\":\"instagram\",\"address\":\"https:\\/\\/www.instagram.com\\/tv2ksu\\/\"}},\"154\":{\"type\":\"socialMediaBlock\",\"enabled\":\"1\",\"fields\":{\"socialName\":\"twitter\",\"address\":\"https:\\/\\/twitter.com\\/TV2KSU\"}},\"155\":{\"type\":\"socialMediaBlock\",\"enabled\":\"1\",\"fields\":{\"socialName\":\"facebook\",\"address\":\"https:\\/\\/www.facebook.com\\/tv2ksu\\/\"}},\"222\":{\"type\":\"socialMediaBlock\",\"enabled\":\"1\",\"fields\":{\"socialName\":\"website\",\"address\":\"http:\\/\\/www.kentwired.com\\/tv2\\/\"}}},\"21\":\"\"}}', '2017-05-31 19:59:24', '2017-05-31 19:59:24', 'c4b156c4-b5ab-4d82-a796-23d42b9694cb'),
 ('392', '20', '4', '1', 'en_us', '13', '', '{\"typeId\":\"4\",\"authorId\":\"1\",\"title\":\"TV2\",\"slug\":\"tv2\",\"postDate\":1488483960,\"expiryDate\":null,\"enabled\":1,\"parentId\":null,\"fields\":{\"31\":[\"239\"],\"1\":\"<p>TV2 is Kent State\'s award winning television station that strives to be Truly Portage County. From local news and sports to entertainment buzz and important social issues surrounding the region, TV2 covers the Kent State and Portage County area like no other television station can, while educating and preparing students for the future.<\\/p>\",\"54\":\"\",\"4\":\"lkober@kent.edu\",\"36\":\"1\",\"6\":\"Leisel\",\"13\":[\"221\"],\"8\":\"Student Leader\",\"7\":\"Kober\",\"14\":[\"55\"],\"10\":\"330-672-2584\",\"29\":\"TV2 is Kent State\'s award winning television station that strives to be Truly Portage County.\",\"26\":{\"153\":{\"type\":\"socialMediaBlock\",\"enabled\":\"1\",\"fields\":{\"socialName\":\"instagram\",\"address\":\"https:\\/\\/www.instagram.com\\/tv2ksu\\/\"}},\"154\":{\"type\":\"socialMediaBlock\",\"enabled\":\"1\",\"fields\":{\"socialName\":\"twitter\",\"address\":\"https:\\/\\/twitter.com\\/TV2KSU\"}},\"155\":{\"type\":\"socialMediaBlock\",\"enabled\":\"1\",\"fields\":{\"socialName\":\"facebook\",\"address\":\"https:\\/\\/www.facebook.com\\/tv2ksu\\/\"}},\"222\":{\"type\":\"socialMediaBlock\",\"enabled\":\"1\",\"fields\":{\"socialName\":\"website\",\"address\":\"http:\\/\\/www.kentwired.com\\/tv2\\/\"}}},\"21\":\"\"}}', '2017-05-31 19:59:53', '2017-05-31 19:59:53', 'fdc2a25d-ea39-4c92-8c19-3542739d5574'),
 ('393', '99', '7', '1', 'en_us', '3', '', '{\"typeId\":\"7\",\"authorId\":\"1\",\"title\":\"Black Squirrel Radio\",\"slug\":\"black-squirrel-radio\",\"postDate\":1492115820,\"expiryDate\":null,\"enabled\":1,\"parentId\":null,\"fields\":{\"32\":{\"new1\":{\"type\":\"adUnits\",\"enabled\":\"1\",\"fields\":{\"adType\":\"Commercial Spot\",\"adUnitr\":[{\"col3\":\"30 seconds\",\"col1\":\"100000000\",\"col2\":\"\",\"col4\":\"\"}],\"adDescription\":\"This is an awesome radio spot.\"}}},\"20\":[\"19\"]}}', '2017-05-31 20:01:30', '2017-05-31 20:01:30', 'b454629b-3959-43a0-b955-f5007c2d2ca3'),
 ('394', '81', '7', '1', 'en_us', '4', '', '{\"typeId\":\"7\",\"authorId\":\"1\",\"title\":\"A Magazine, The Burr, Fusion, Luna Negra and Uhuru\",\"slug\":\"luna-negra\",\"postDate\":1491506640,\"expiryDate\":null,\"enabled\":1,\"parentId\":null,\"fields\":{\"32\":{\"82\":{\"type\":\"adUnits\",\"enabled\":\"1\",\"fields\":{\"adType\":\"asdfgh\",\"adUnitr\":[{\"col3\":\"Full Page Spread\",\"col1\":\"\",\"col2\":\"\",\"col4\":\"\"}],\"adDescription\":\"\"}}},\"20\":[\"24\",\"21\",\"22\",\"14\",\"10\"]}}', '2017-05-31 20:03:29', '2017-05-31 20:03:29', 'f34f9770-5732-493f-9e59-9a2be282036c'),
 ('395', '60', '11', '1', 'en_us', '9', '', '{\"typeId\":\"11\",\"authorId\":null,\"title\":\"Get Involved\",\"slug\":\"get-involved\",\"postDate\":1492711027,\"expiryDate\":null,\"enabled\":1,\"parentId\":null,\"fields\":{\"12\":\"Everyone is welcome to join us! Involvement in Student Media gives you an experience that will set you apart. Utilize the chance to share your voice and gain practical experience to help launch your career.\",\"51\":{\"231\":{\"type\":\"faqs\",\"enabled\":\"1\",\"fields\":{\"question\":\"How can I become a student media leader?\",\"answer\":\"<p>There are a few requirements a student must meet to become a student media leader...<\\/p>\"}}},\"49\":\"\",\"13\":[\"236\"],\"56\":{\"232\":{\"type\":\"employeeOpportunities\",\"enabled\":\"1\",\"fields\":{\"hiring\":\"A Magazine\",\"position\":\"Graphic Designer\",\"positionDescription\":\"description\",\"contactInformation\":\"Mary Smith\"}}}}}', '2017-06-01 14:38:29', '2017-06-01 14:38:29', '3d41a406-6188-4479-b96e-2c9d2604b482'),
 ('396', '10', '4', '1', 'en_us', '16', '', '{\"typeId\":\"4\",\"authorId\":\"1\",\"title\":\"A Magazine\",\"slug\":\"a-magazine\",\"postDate\":1487886960,\"expiryDate\":null,\"enabled\":1,\"parentId\":null,\"fields\":{\"31\":[\"68\"],\"1\":\"<p>A Magazine is Kent State\'s publication for all things fashion, beauty and culture on campus and beyond. A focuses on both women\'s and men\'s fashion and has companion website that is updated regularly, providing students with the latest fashion industry and more. It is distributed at Kent State and the Fashion School\\u2019s New York studio.<br><\\/p>\",\"54\":\"\",\"4\":\"amagksu@gmail.com\",\"36\":\"1\",\"6\":\"Payton\",\"13\":[\"234\"],\"8\":\"Student Leader\",\"7\":\"Moore\",\"14\":[\"46\"],\"10\":\"\",\"29\":\"A Magazine is Kent State\\u2019s student-run fashion magazine and is the hub for all things fashion, beauty and culture related.\",\"26\":{\"140\":{\"type\":\"socialMediaBlock\",\"enabled\":\"1\",\"fields\":{\"socialName\":\"instagram\",\"address\":\"https:\\/\\/www.instagram.com\\/amagksu\\/\"}},\"141\":{\"type\":\"socialMediaBlock\",\"enabled\":\"1\",\"fields\":{\"socialName\":\"twitter\",\"address\":\"https:\\/\\/twitter.com\\/AMagKSU\"}},\"142\":{\"type\":\"socialMediaBlock\",\"enabled\":\"1\",\"fields\":{\"socialName\":\"facebook\",\"address\":\" http:\\/\\/facebook.com\\/amagksu\\/\"}},\"143\":{\"type\":\"socialMediaBlock\",\"enabled\":\"1\",\"fields\":{\"socialName\":\"website\",\"address\":\"http:\\/\\/theamag.com\\/\"}}},\"21\":\"mnjkhhghgj\"}}', '2017-06-01 18:43:57', '2017-06-01 18:43:57', '45baf78d-56e0-4d5c-ab9d-70bf8db062b3'),
 ('397', '24', '4', '1', 'en_us', '15', '', '{\"typeId\":\"4\",\"authorId\":\"1\",\"title\":\"Luna Negra\",\"slug\":\"luna-negra\",\"postDate\":1488484140,\"expiryDate\":null,\"enabled\":1,\"parentId\":null,\"fields\":{\"31\":[\"68\"],\"1\":\"<p>Luna Negra, though sometimes under different names, has been around since 1956. It began under the English department, where it found its footing within the campus\\u2019s cultural atmosphere. Since then, the publication has been a staple of the university, witnessing the path Kent State has taken through the decades. We have published works describing the culture of collegiate 1950s, the Kent State shootings, and 9\\/11; the literary pieces published by Luna Negra, written by the students themselves, have chronicled every major cultural and historical event of America. Since its inception, and still to today, Luna Negra is run by students and filled with student content. We strive to foster creative activity across campus and seek to be the keeper and encourager of the student body\\u2019s creative spirit.<\\/p>\",\"54\":\"\",\"4\":\"lunanegramag@gmail.com\",\"36\":\"1\",\"6\":\"Sam\",\"13\":[\"90\"],\"8\":\"Student Leader\",\"7\":\"Hersh\",\"14\":[\"53\"],\"10\":\"\",\"29\":\"Luna Negra is Kent State\\u2019s literary student magazine that publishes a blend of poetry, prose, photography and illustration. \",\"26\":{\"129\":{\"type\":\"socialMediaBlock\",\"enabled\":\"1\",\"fields\":{\"socialName\":\"facebook\",\"address\":\"https:\\/\\/www.facebook.com\\/lunanegramag\\/\"}},\"130\":{\"type\":\"socialMediaBlock\",\"enabled\":\"1\",\"fields\":{\"socialName\":\"instagram\",\"address\":\"https:\\/\\/www.instagram.com\\/lunanegramagazine\\/\"}},\"131\":{\"type\":\"socialMediaBlock\",\"enabled\":\"1\",\"fields\":{\"socialName\":\"twitter\",\"address\":\"https:\\/\\/twitter.com\\/lunanegramag\"}},\"132\":{\"type\":\"socialMediaBlock\",\"enabled\":\"1\",\"fields\":{\"socialName\":\"website\",\"address\":\"http:\\/\\/www.lunanegramag.com\\/\"}}},\"21\":\"fsfsdfdsfds\"}}', '2017-06-01 18:46:27', '2017-06-01 18:46:27', 'df055f06-67f0-4dca-b398-c02356fc49c2');



DROP TABLE IF EXISTS `craft_fieldgroups`;


--
-- Schema for table `craft_fieldgroups`
--
CREATE TABLE `craft_fieldgroups` (
  `id` int(11) NOT NULL AUTO_INCREMENT,
  `name` varchar(255) COLLATE utf8_unicode_ci NOT NULL,
  `dateCreated` datetime NOT NULL,
  `dateUpdated` datetime NOT NULL,
  `uid` char(36) COLLATE utf8_unicode_ci NOT NULL DEFAULT '0',
  PRIMARY KEY (`id`),
  UNIQUE KEY `craft_fieldgroups_name_unq_idx` (`name`)
) ENGINE=InnoDB AUTO_INCREMENT=5 DEFAULT CHARSET=utf8 COLLATE=utf8_unicode_ci;

--
-- Data for table `craft_fieldgroups`
--

INSERT INTO `craft_fieldgroups` (`id`, `name`, `dateCreated`, `dateUpdated`, `uid`) VALUES
 ('1', 'Default', '2017-01-12 16:12:59', '2017-01-12 16:12:59', 'ce37fdf8-40e1-4bed-bc4b-c83d59bb79f8'),
 ('2', 'Home Page', '2017-02-16 21:17:39', '2017-02-16 21:17:39', 'eafeb9cc-5f64-4d85-a053-1563780e4a2f'),
 ('3', 'Profile', '2017-02-16 21:22:23', '2017-02-16 21:22:23', 'b1ddd218-1990-47ae-a584-8078ea045400'),
 ('4', 'Media Partners Page', '2017-03-16 20:26:11', '2017-03-16 20:26:11', '8245c3c6-b23e-4588-b78a-7dc3a4e13929');



DROP TABLE IF EXISTS `craft_fieldlayoutfields`;


--
-- Schema for table `craft_fieldlayoutfields`
--
CREATE TABLE `craft_fieldlayoutfields` (
  `id` int(11) NOT NULL AUTO_INCREMENT,
  `layoutId` int(11) NOT NULL,
  `tabId` int(11) NOT NULL,
  `fieldId` int(11) NOT NULL,
  `required` tinyint(1) unsigned NOT NULL DEFAULT '0',
  `sortOrder` smallint(6) unsigned DEFAULT NULL,
  `dateCreated` datetime NOT NULL,
  `dateUpdated` datetime NOT NULL,
  `uid` char(36) COLLATE utf8_unicode_ci NOT NULL DEFAULT '0',
  PRIMARY KEY (`id`),
  UNIQUE KEY `craft_fieldlayoutfields_layoutId_fieldId_unq_idx` (`layoutId`,`fieldId`),
  KEY `craft_fieldlayoutfields_sortOrder_idx` (`sortOrder`),
  KEY `craft_fieldlayoutfields_tabId_fk` (`tabId`),
  KEY `craft_fieldlayoutfields_fieldId_fk` (`fieldId`)
) ENGINE=InnoDB AUTO_INCREMENT=464 DEFAULT CHARSET=utf8 COLLATE=utf8_unicode_ci;

--
-- Data for table `craft_fieldlayoutfields`
--

INSERT INTO `craft_fieldlayoutfields` (`id`, `layoutId`, `tabId`, `fieldId`, `required`, `sortOrder`, `dateCreated`, `dateUpdated`, `uid`) VALUES
 ('2', '5', '2', '1', '1', '1', '2017-01-12 16:12:59', '2017-01-12 16:12:59', '99551f8a-b38e-4ffb-b3b9-dfb2e41829a8'),
 ('3', '5', '2', '2', '0', '2', '2017-01-12 16:12:59', '2017-01-12 16:12:59', 'd340a6c0-51ed-4282-97ea-e13193c6abdd'),
 ('155', '58', '46', '19', '0', '1', '2017-03-12 16:10:18', '2017-03-12 16:10:18', '9ebeb920-9139-4d01-a4bb-9431e75f81bc'),
 ('156', '58', '46', '5', '0', '2', '2017-03-12 16:10:18', '2017-03-12 16:10:18', '05e3a3ba-8fd5-49e7-bf3c-58a0b42c4326'),
 ('157', '58', '46', '8', '0', '3', '2017-03-12 16:10:18', '2017-03-12 16:10:18', '36d2ea41-6f6e-4405-b532-519697a5cf10'),
 ('158', '58', '46', '6', '0', '4', '2017-03-12 16:10:18', '2017-03-12 16:10:18', 'b51c97ab-a315-4ce4-ac2c-81b8e1710f2f'),
 ('159', '58', '46', '7', '0', '5', '2017-03-12 16:10:18', '2017-03-12 16:10:18', '5738e985-cbea-414f-acae-d369d986b069'),
 ('160', '58', '46', '4', '0', '6', '2017-03-12 16:10:18', '2017-03-12 16:10:18', '9955b9d4-9a4a-49a3-b43c-af9ee12e4b87'),
 ('161', '58', '46', '10', '0', '7', '2017-03-12 16:10:18', '2017-03-12 16:10:18', '172cf74a-2927-4258-a07b-c2c02e5d0303'),
 ('162', '58', '46', '20', '0', '8', '2017-03-12 16:10:18', '2017-03-12 16:10:18', '23113c28-cffe-4684-9c16-766751faa4ce'),
 ('163', '58', '46', '1', '0', '9', '2017-03-12 16:10:18', '2017-03-12 16:10:18', 'edcfc69d-c6ae-44ac-9bb5-23b83e433456'),
 ('164', '59', '47', '19', '0', '1', '2017-03-12 16:11:41', '2017-03-12 16:11:41', 'e608fd43-9284-48d0-b8a3-88cea96368f8'),
 ('165', '59', '47', '12', '0', '2', '2017-03-12 16:11:41', '2017-03-12 16:11:41', '0dbc1839-3cc6-4b36-a283-465aba273499'),
 ('166', '59', '47', '23', '0', '3', '2017-03-12 16:11:41', '2017-03-12 16:11:41', '66119010-145e-4bf0-8a7d-076790d06151'),
 ('167', '59', '47', '24', '0', '4', '2017-03-12 16:11:41', '2017-03-12 16:11:41', '6a6ce6e8-4e8b-4a4d-8111-c6a31f1820de'),
 ('168', '59', '47', '20', '0', '5', '2017-03-12 16:11:41', '2017-03-12 16:11:41', 'f162163d-f3af-4361-ab58-f335b148ea1f'),
 ('170', '61', '49', '25', '0', '1', '2017-03-15 23:47:13', '2017-03-15 23:47:13', 'a643bc3b-e321-46a3-bf93-03c59af5c3db'),
 ('187', '72', '53', '37', '0', '1', '2017-03-21 17:34:26', '2017-03-21 17:34:26', '44af5966-d4c8-4c66-80f9-5bf3bdfbd5ee'),
 ('188', '72', '53', '38', '0', '2', '2017-03-21 17:34:26', '2017-03-21 17:34:26', 'eb8fe4f3-c6c3-4f8d-a370-c0b9453f2032'),
 ('210', '80', '60', '12', '0', '1', '2017-03-23 19:52:23', '2017-03-23 19:52:23', 'ec9ed7df-cc04-4251-a95b-5de7a471c3c9'),
 ('211', '80', '60', '39', '0', '2', '2017-03-23 19:52:23', '2017-03-23 19:52:23', 'b5326097-c24f-4063-9144-679d9207f607'),
 ('218', '87', '63', '15', '0', '1', '2017-04-10 17:23:00', '2017-04-10 17:23:00', 'fffda223-7b82-4077-a930-93a1676d8ddb'),
 ('219', '87', '63', '4', '0', '2', '2017-04-10 17:23:00', '2017-04-10 17:23:00', '51ad30d9-20cc-42f2-9afa-a28ef67ebd0b'),
 ('220', '87', '63', '10', '0', '3', '2017-04-10 17:23:00', '2017-04-10 17:23:00', 'bf3bd92b-8bb9-43b2-a4d3-2ea13116e947'),
 ('221', '87', '63', '45', '0', '4', '2017-04-10 17:23:00', '2017-04-10 17:23:00', '52b3d9d5-1523-4ebf-a990-6ac780fb00f9'),
 ('222', '88', '64', '14', '0', '1', '2017-04-10 18:57:55', '2017-04-10 18:57:55', '2de9b61f-158d-4213-8b52-89f401a1b3ed'),
 ('223', '88', '64', '46', '0', '2', '2017-04-10 18:57:55', '2017-04-10 18:57:55', 'ec712dde-45b6-4368-8fe4-4b426546bfcb'),
 ('224', '89', '65', '33', '0', '1', '2017-04-15 14:02:06', '2017-04-15 14:02:06', 'e54b5e64-ebe8-4325-bec0-ed4a1e8c3a75'),
 ('225', '89', '65', '40', '0', '2', '2017-04-15 14:02:06', '2017-04-15 14:02:06', '097fa628-7a37-4bec-9bf9-59a7b8f5cee3'),
 ('226', '89', '65', '41', '0', '3', '2017-04-15 14:02:06', '2017-04-15 14:02:06', '16e21d50-1047-40a4-83aa-46c31a6d0031'),
 ('227', '90', '66', '42', '0', '1', '2017-04-15 14:02:06', '2017-04-15 14:02:06', '82bb3e3f-d421-4021-826f-bd4030367463'),
 ('228', '90', '66', '43', '0', '2', '2017-04-15 14:02:06', '2017-04-15 14:02:06', '95b981a0-1e1d-48f6-ae29-cf7a1d704118'),
 ('229', '90', '66', '44', '0', '3', '2017-04-15 14:02:06', '2017-04-15 14:02:06', '6003782c-4c87-447a-acd7-ba721a302e25'),
 ('249', '99', '72', '12', '0', '1', '2017-04-19 00:48:00', '2017-04-19 00:48:00', '16f18036-30e6-427b-8b2a-9db2d12cbc6a'),
 ('250', '101', '73', '20', '0', '1', '2017-04-19 00:50:16', '2017-04-19 00:50:16', '31a9359e-c9ed-4403-90a6-ea874447eb04'),
 ('251', '101', '73', '1', '0', '2', '2017-04-19 00:50:16', '2017-04-19 00:50:16', '314b7313-8e93-4af4-a1a6-5527acb9c41b'),
 ('257', '105', '77', '27', '0', '1', '2017-04-20 19:39:10', '2017-04-20 19:39:10', '6a3e6920-2167-4589-9495-c4b0c78c2783'),
 ('258', '105', '77', '28', '0', '2', '2017-04-20 19:39:10', '2017-04-20 19:39:10', '8dec9d7a-93af-4909-a658-d902246cb9ce'),
 ('272', '118', '86', '13', '0', '1', '2017-04-26 19:17:04', '2017-04-26 19:17:04', 'c17bba60-accd-43bd-83bf-87deb51c5fe0'),
 ('273', '118', '86', '12', '0', '2', '2017-04-26 19:17:04', '2017-04-26 19:17:04', '777677a5-fc3e-47af-b1de-5433a2129bb7'),
 ('275', '120', '88', '13', '0', '1', '2017-04-27 13:59:37', '2017-04-27 13:59:37', '570779b8-a288-48a4-b2dc-95a874d5ed0e'),
 ('281', '124', '90', '49', '0', '1', '2017-04-27 19:44:02', '2017-04-27 19:44:02', '0bbc4667-31de-4b84-9b4b-103896d60940'),
 ('282', '124', '90', '48', '0', '2', '2017-04-27 19:44:02', '2017-04-27 19:44:02', '8d6330fd-07d8-43f6-ae1b-8f48ffd52e1f'),
 ('303', '131', '97', '13', '0', '1', '2017-05-10 17:02:54', '2017-05-10 17:02:54', 'f8d06508-13e2-436f-8dc7-45934f6e7a30'),
 ('304', '131', '97', '21', '0', '2', '2017-05-10 17:02:54', '2017-05-10 17:02:54', '6462d750-8851-47e9-94da-dd5e2d54136e'),
 ('305', '131', '97', '1', '0', '3', '2017-05-10 17:02:54', '2017-05-10 17:02:54', '8724fc6a-2441-4708-a949-a595799b7945'),
 ('306', '131', '97', '49', '0', '4', '2017-05-10 17:02:54', '2017-05-10 17:02:54', 'e2fd97c7-d453-4b95-a70a-7510d52e0965'),
 ('339', '135', '101', '14', '0', '1', '2017-05-11 02:22:10', '2017-05-11 02:22:10', 'cce2b908-ad46-44e0-b827-6bbb49e63ae2'),
 ('340', '135', '101', '13', '0', '2', '2017-05-11 02:22:10', '2017-05-11 02:22:10', 'fa7f4399-1495-48fe-a6c8-3b0b5cb0eb09'),
 ('341', '135', '101', '21', '0', '3', '2017-05-11 02:22:10', '2017-05-11 02:22:10', '246a8b64-081d-4a2f-8371-dd9d7f8bb5cd'),
 ('342', '135', '101', '1', '0', '4', '2017-05-11 02:22:10', '2017-05-11 02:22:10', 'c27a1e95-d6e4-41d8-b046-2c7ae8907964'),
 ('343', '135', '101', '29', '0', '5', '2017-05-11 02:22:10', '2017-05-11 02:22:10', '66433fd7-1ea5-44ca-8806-34f82edde270'),
 ('344', '135', '101', '6', '0', '6', '2017-05-11 02:22:10', '2017-05-11 02:22:10', 'e446c7c9-52b5-456f-b918-eb12cb88c3fb'),
 ('345', '135', '101', '7', '0', '7', '2017-05-11 02:22:10', '2017-05-11 02:22:10', '99081214-4fd8-4561-8082-a320c7f700a1'),
 ('346', '135', '101', '8', '0', '8', '2017-05-11 02:22:10', '2017-05-11 02:22:10', '0c2935fa-5329-4671-9656-f0aee825c74d'),
 ('347', '135', '101', '10', '0', '9', '2017-05-11 02:22:10', '2017-05-11 02:22:10', '2afdea7b-1d77-4908-aaf2-b3b89a23846a'),
 ('348', '135', '101', '4', '0', '10', '2017-05-11 02:22:10', '2017-05-11 02:22:10', '60f1823a-4df8-41ac-93ed-c080ad608fda'),
 ('349', '135', '101', '54', '0', '11', '2017-05-11 02:22:10', '2017-05-11 02:22:10', '3eae3b2f-04b0-41d1-8226-4b5f14ff5dbe'),
 ('350', '135', '101', '26', '0', '12', '2017-05-11 02:22:10', '2017-05-11 02:22:10', '068a9a54-72b8-4a09-834f-d4849b02578e'),
 ('351', '135', '101', '36', '0', '13', '2017-05-11 02:22:10', '2017-05-11 02:22:10', 'ac6f151a-ba37-4b49-ad22-cadceec25b5e'),
 ('352', '135', '101', '31', '0', '14', '2017-05-11 02:22:10', '2017-05-11 02:22:10', 'fd3c2f1a-f394-4464-9a54-d937d0b2e1ae'),
 ('378', '146', '112', '57', '0', '1', '2017-05-11 08:03:18', '2017-05-11 08:03:18', 'd1d1edca-c731-40ef-9c13-51875eaa4f5e'),
 ('379', '146', '112', '58', '0', '2', '2017-05-11 08:03:18', '2017-05-11 08:03:18', '047b3cbd-1fdb-4a82-8739-f916b33c72d2'),
 ('380', '146', '112', '59', '0', '3', '2017-05-11 08:03:18', '2017-05-11 08:03:18', 'd4bef9ca-0cba-47e1-be46-35cb493f0e83'),
 ('381', '146', '112', '60', '0', '4', '2017-05-11 08:03:18', '2017-05-11 08:03:18', '22895b02-d871-4850-8592-f4dce2fc2b89'),
 ('382', '147', '113', '52', '0', '1', '2017-05-11 14:03:55', '2017-05-11 14:03:55', '34199e79-d57b-4eff-81b9-c1f18b56e2e5'),
 ('383', '147', '113', '53', '0', '2', '2017-05-11 14:03:55', '2017-05-11 14:03:55', 'c0e15f84-6cde-4070-aa33-dc60197fda6a'),
 ('384', '148', '114', '13', '0', '1', '2017-05-11 14:06:01', '2017-05-11 14:06:01', '4572beab-fe18-4664-aac1-c9575dfc5d2f'),
 ('385', '148', '114', '12', '0', '2', '2017-05-11 14:06:01', '2017-05-11 14:06:01', '055f2321-804c-4e0e-a49b-8789ec70b7c1'),
 ('386', '148', '114', '51', '0', '3', '2017-05-11 14:06:01', '2017-05-11 14:06:01', 'dad62334-e418-44b8-b642-a349d021197a'),
 ('387', '148', '114', '49', '0', '4', '2017-05-11 14:06:01', '2017-05-11 14:06:01', '1e3b15b2-5942-402a-84c9-5c30d760649a'),
 ('388', '148', '114', '56', '0', '5', '2017-05-11 14:06:01', '2017-05-11 14:06:01', 'dd6d4d4f-8985-49cc-b3cb-a256ed00d0d9'),
 ('389', '149', '115', '21', '0', '1', '2017-05-11 16:19:30', '2017-05-11 16:19:30', '552b4615-401b-43da-8c0b-f83df50f4167'),
 ('390', '149', '115', '13', '0', '2', '2017-05-11 16:19:30', '2017-05-11 16:19:30', '2f040a42-54c4-482b-931e-c0f08581f71a'),
 ('391', '149', '115', '1', '0', '3', '2017-05-11 16:19:30', '2017-05-11 16:19:30', '22336008-f295-4640-bffe-715f60f54521'),
 ('392', '149', '115', '47', '0', '4', '2017-05-11 16:19:30', '2017-05-11 16:19:30', '9a0b0df5-5e76-487f-8c01-2ae9334325f0'),
 ('393', '149', '115', '55', '0', '5', '2017-05-11 16:19:30', '2017-05-11 16:19:30', '72c67634-9e98-4a04-aa20-97dc5405a85a'),
 ('394', '149', '115', '11', '0', '6', '2017-05-11 16:19:30', '2017-05-11 16:19:30', 'bd4b8347-9a69-473d-ac60-af5ecc91eb3d'),
 ('431', '155', '121', '13', '0', '1', '2017-05-27 18:33:45', '2017-05-27 18:33:45', 'd21bc14e-a9eb-4f2e-a7eb-0b8a7380d601'),
 ('432', '155', '121', '21', '0', '2', '2017-05-27 18:33:45', '2017-05-27 18:33:45', 'bf7e3d1f-be7c-4170-88eb-e7b3c8c1afc3'),
 ('433', '155', '121', '12', '0', '3', '2017-05-27 18:33:45', '2017-05-27 18:33:45', '424045b8-8977-447e-99d7-f5abac6daaef'),
 ('434', '155', '121', '1', '1', '4', '2017-05-27 18:33:45', '2017-05-27 18:33:45', '3319ec26-03cd-4767-bfa4-31de0d713c91'),
 ('435', '155', '121', '61', '0', '5', '2017-05-27 18:33:45', '2017-05-27 18:33:45', '75babb53-277c-420e-9808-3cc39deaec7f'),
 ('436', '155', '121', '22', '0', '6', '2017-05-27 18:33:45', '2017-05-27 18:33:45', 'be35ed8a-eadf-4af1-804a-9259191d404f'),
 ('437', '155', '121', '65', '0', '7', '2017-05-27 18:33:45', '2017-05-27 18:33:45', 'c6a5db7b-ac62-4fca-b7a9-ce63ec5e877f'),
 ('438', '155', '121', '64', '0', '8', '2017-05-27 18:33:45', '2017-05-27 18:33:45', '39c9a156-a9ea-4528-bf94-f055e581b7df'),
 ('439', '155', '121', '63', '0', '9', '2017-05-27 18:33:45', '2017-05-27 18:33:45', 'd6d2ed48-f062-499d-8510-ec61ac9db251'),
 ('440', '155', '121', '55', '0', '10', '2017-05-27 18:33:45', '2017-05-27 18:33:45', '0a1e236b-bd43-4793-b19b-fece7868311f'),
 ('441', '155', '121', '62', '0', '11', '2017-05-27 18:33:45', '2017-05-27 18:33:45', 'db8593ba-e656-4e10-9aca-fcd3653a4ce1'),
 ('444', '157', '123', '21', '0', '1', '2017-05-27 19:59:32', '2017-05-27 19:59:32', '07390169-c869-4163-8ef4-172a1fa5c734'),
 ('445', '157', '123', '1', '0', '2', '2017-05-27 19:59:32', '2017-05-27 19:59:32', 'ab2682df-3857-4409-99d9-b538127c3863'),
 ('446', '157', '123', '66', '0', '3', '2017-05-27 19:59:32', '2017-05-27 19:59:32', '3e2939ed-b26d-417b-9fb5-c7f35fd7ab12'),
 ('456', '160', '126', '13', '0', '1', '2017-05-28 23:10:43', '2017-05-28 23:10:43', '338aac49-7ec1-475c-81c1-aff3ecbbaf90'),
 ('457', '160', '126', '21', '0', '2', '2017-05-28 23:10:43', '2017-05-28 23:10:43', '945e65a2-807a-41a5-9428-d8aae7f9aaf6'),
 ('458', '160', '126', '1', '0', '3', '2017-05-28 23:10:43', '2017-05-28 23:10:43', '7338db59-4990-4158-a854-88145c861ea2'),
 ('459', '161', '127', '13', '0', '1', '2017-05-29 00:02:39', '2017-05-29 00:02:39', 'ed07a88f-c41f-477d-a91f-05ff392f4cf1'),
 ('460', '161', '127', '21', '0', '2', '2017-05-29 00:02:39', '2017-05-29 00:02:39', 'e208d2f5-c70c-4149-9658-315ab0c67ed5'),
 ('461', '161', '127', '1', '0', '3', '2017-05-29 00:02:39', '2017-05-29 00:02:39', '0b6011c2-dc35-4d2a-8de3-dc324b364324'),
 ('462', '162', '128', '32', '0', '1', '2017-05-31 20:00:35', '2017-05-31 20:00:35', '6f7077da-389d-4c05-9c0f-56646bc13d34'),
 ('463', '162', '128', '20', '0', '2', '2017-05-31 20:00:35', '2017-05-31 20:00:35', 'd418121f-82eb-43c1-bedb-a799f88f1e50');



DROP TABLE IF EXISTS `craft_fieldlayouts`;


--
-- Schema for table `craft_fieldlayouts`
--
CREATE TABLE `craft_fieldlayouts` (
  `id` int(11) NOT NULL AUTO_INCREMENT,
  `type` varchar(150) COLLATE utf8_unicode_ci NOT NULL,
  `dateCreated` datetime NOT NULL,
  `dateUpdated` datetime NOT NULL,
  `uid` char(36) COLLATE utf8_unicode_ci NOT NULL DEFAULT '0',
  PRIMARY KEY (`id`),
  KEY `craft_fieldlayouts_type_idx` (`type`)
) ENGINE=InnoDB AUTO_INCREMENT=163 DEFAULT CHARSET=utf8 COLLATE=utf8_unicode_ci;

--
-- Data for table `craft_fieldlayouts`
--

INSERT INTO `craft_fieldlayouts` (`id`, `type`, `dateCreated`, `dateUpdated`, `uid`) VALUES
 ('1', 'Tag', '2017-01-12 16:12:59', '2017-01-12 16:12:59', 'a29f19e8-aa3f-4f3b-98a1-c20996c11c14'),
 ('5', 'Entry', '2017-01-12 16:12:59', '2017-01-12 16:12:59', 'dded8aa3-cd28-4c3e-8501-f342df8dc41e'),
 ('29', 'Asset', '2017-03-03 20:25:07', '2017-03-03 20:25:07', 'eb8c7809-74ef-43e8-971e-2e3f7cb0e7e8'),
 ('30', 'Asset', '2017-03-08 15:35:33', '2017-03-08 15:35:33', '763888a2-fe31-44f5-bdf0-f2e42a6c2cd6'),
 ('58', 'Entry', '2017-03-12 16:10:18', '2017-03-12 16:10:18', 'e67431ca-4764-4c22-ad38-fcd2c42f2124'),
 ('59', 'Entry', '2017-03-12 16:11:41', '2017-03-12 16:11:41', '2166262d-dcb2-490f-a09e-75b26846a7f9'),
 ('61', 'Entry', '2017-03-15 23:47:13', '2017-03-15 23:47:13', 'ec1d49ac-b020-4162-89c1-0b3ef73a1891'),
 ('72', 'Entry', '2017-03-21 17:34:26', '2017-03-21 17:34:26', 'bd7bfa5b-dfe6-46b0-9860-52a55e24a79d'),
 ('80', 'Category', '2017-03-23 19:52:23', '2017-03-23 19:52:23', '0cdc5ef0-632c-4063-841c-b3ca88537876'),
 ('85', 'Asset', '2017-04-07 15:44:02', '2017-04-07 15:44:02', 'db6485aa-4118-4b75-a617-45c2041472b7'),
 ('86', 'Asset', '2017-04-07 15:46:09', '2017-04-07 15:46:09', '37279fc2-ce3f-455b-8ecf-2ceafdb7bf7a'),
 ('87', 'GlobalSet', '2017-04-10 17:23:00', '2017-04-10 17:23:00', '399103bb-29d1-45ae-8aae-d04a925d2e77'),
 ('88', 'GlobalSet', '2017-04-10 18:57:55', '2017-04-10 18:57:55', '8809c0d4-8350-444d-97c6-64b6952f6f09'),
 ('89', 'MatrixBlock', '2017-04-15 14:02:06', '2017-04-15 14:02:06', '0afbaea7-23be-407b-9e66-37b1b629fed5'),
 ('90', 'MatrixBlock', '2017-04-15 14:02:06', '2017-04-15 14:02:06', 'f16496b9-0a03-4b75-97e1-dff9f0e5e01d'),
 ('99', 'Entry', '2017-04-19 00:48:00', '2017-04-19 00:48:00', 'fc024f94-85c0-4c99-81e5-f327d9ee1e63'),
 ('101', 'Entry', '2017-04-19 00:50:16', '2017-04-19 00:50:16', '8bac1cf7-a2af-4d28-8987-16437632441e'),
 ('105', 'MatrixBlock', '2017-04-20 19:39:10', '2017-04-20 19:39:10', 'cc29d62d-8d68-44e9-9878-d7f60bf62cf6'),
 ('118', 'Entry', '2017-04-26 19:17:04', '2017-04-26 19:17:04', 'e50cb512-7597-48fb-9f85-550d04af7fec'),
 ('120', 'Entry', '2017-04-27 13:59:37', '2017-04-27 13:59:37', 'aa803941-f7b4-4256-ad53-c4151f53309c'),
 ('123', 'Asset', '2017-04-27 19:42:19', '2017-04-27 19:42:19', 'e8df02ec-d0a4-474d-bf26-f737303179ce'),
 ('124', 'Entry', '2017-04-27 19:44:02', '2017-04-27 19:44:02', '912272c6-918d-4e4d-b7bc-7f16e5615e5f'),
 ('131', 'Entry', '2017-05-10 17:02:54', '2017-05-10 17:02:54', '7040e5eb-63ed-4ed1-8f72-c9c9e525aa27'),
 ('135', 'Entry', '2017-05-11 02:22:10', '2017-05-11 02:22:10', 'fbcaa84d-9c73-4d2b-ba96-2613b71181c2'),
 ('146', 'MatrixBlock', '2017-05-11 08:03:18', '2017-05-11 08:03:18', '74de21fd-67c8-4782-81a3-4c064c0cc3d7'),
 ('147', 'MatrixBlock', '2017-05-11 14:03:55', '2017-05-11 14:03:55', '5cb6f50c-4377-4b51-9180-0ce148be0152'),
 ('148', 'Entry', '2017-05-11 14:06:01', '2017-05-11 14:06:01', 'c4fdaeca-b24e-4504-8572-32342c8fb5d4'),
 ('149', 'Entry', '2017-05-11 16:19:30', '2017-05-11 16:19:30', 'd61a13c0-da42-4d40-aa57-cbaa329c5edf'),
 ('155', 'Entry', '2017-05-27 18:33:45', '2017-05-27 18:33:45', '786040d8-dfc5-4cb4-9e62-ce71fa935e31'),
 ('157', 'Entry', '2017-05-27 19:59:32', '2017-05-27 19:59:32', 'ece445e1-10f1-483f-bbfc-c4776342eabb'),
 ('160', 'Entry', '2017-05-28 23:10:43', '2017-05-28 23:10:43', '1ea0c2c2-3743-4329-a62f-e2e50f26c222'),
 ('161', 'Entry', '2017-05-29 00:02:39', '2017-05-29 00:02:39', '0fb4cb75-dc6c-40dd-8d2d-154e05737ea6'),
 ('162', 'Entry', '2017-05-31 20:00:35', '2017-05-31 20:00:35', '52387564-c780-4343-b579-434df325a6a1');



DROP TABLE IF EXISTS `craft_fieldlayouttabs`;


--
-- Schema for table `craft_fieldlayouttabs`
--
CREATE TABLE `craft_fieldlayouttabs` (
  `id` int(11) NOT NULL AUTO_INCREMENT,
  `layoutId` int(11) NOT NULL,
  `name` varchar(255) COLLATE utf8_unicode_ci NOT NULL,
  `sortOrder` smallint(6) unsigned DEFAULT NULL,
  `dateCreated` datetime NOT NULL,
  `dateUpdated` datetime NOT NULL,
  `uid` char(36) COLLATE utf8_unicode_ci NOT NULL DEFAULT '0',
  PRIMARY KEY (`id`),
  KEY `craft_fieldlayouttabs_sortOrder_idx` (`sortOrder`),
  KEY `craft_fieldlayouttabs_layoutId_fk` (`layoutId`)
) ENGINE=InnoDB AUTO_INCREMENT=129 DEFAULT CHARSET=utf8 COLLATE=utf8_unicode_ci;

--
-- Data for table `craft_fieldlayouttabs`
--

INSERT INTO `craft_fieldlayouttabs` (`id`, `layoutId`, `name`, `sortOrder`, `dateCreated`, `dateUpdated`, `uid`) VALUES
 ('2', '5', 'Content', '1', '2017-01-12 16:12:59', '2017-01-12 16:12:59', 'bb3bbab6-ef21-4f4b-832a-cf982b7e738d'),
 ('46', '58', 'Tab 1', '1', '2017-03-12 16:10:18', '2017-03-12 16:10:18', 'd398bc3a-0267-4a6f-b7e4-5a2779a3c7d0'),
 ('47', '59', 'Tab 1', '1', '2017-03-12 16:11:41', '2017-03-12 16:11:41', 'd08db491-b40f-49b5-b7d8-d9d90ce4e07b'),
 ('49', '61', 'Tab 1', '1', '2017-03-15 23:47:13', '2017-03-15 23:47:13', '2232207c-2d2c-4d41-870e-4d80edf26b58'),
 ('53', '72', 'Tab 1', '1', '2017-03-21 17:34:26', '2017-03-21 17:34:26', '252ab78a-bcde-45c3-9172-f1a5f5f0485d'),
 ('60', '80', 'Tab 1', '1', '2017-03-23 19:52:23', '2017-03-23 19:52:23', '2ee64d51-dcb0-444b-a375-f7b6375478c7'),
 ('63', '87', 'Content', '1', '2017-04-10 17:23:00', '2017-04-10 17:23:00', '68755fcc-51f5-4045-8d1a-ef3a9c721f55'),
 ('64', '88', 'Content', '1', '2017-04-10 18:57:55', '2017-04-10 18:57:55', 'bad6f0fa-3ce5-479f-a32d-bb94f001a292'),
 ('65', '89', 'Content', '1', '2017-04-15 14:02:06', '2017-04-15 14:02:06', 'f2e28f2f-6b52-4e31-8d8f-b9aa41366a3c'),
 ('66', '90', 'Content', '1', '2017-04-15 14:02:06', '2017-04-15 14:02:06', '6064c1c7-efde-41fc-8d28-4640b4fdca3c'),
 ('72', '99', 'Tab 1', '1', '2017-04-19 00:48:00', '2017-04-19 00:48:00', '9da8b0a0-1335-4bdf-a87e-4232f3d50551'),
 ('73', '101', 'Tab 1', '1', '2017-04-19 00:50:16', '2017-04-19 00:50:16', '4f60d0d9-0ae8-4983-9e90-6612cb1c2622'),
 ('77', '105', 'Content', '1', '2017-04-20 19:39:10', '2017-04-20 19:39:10', '9ba20657-33ef-4d9f-88be-abb4bad7defe'),
 ('86', '118', 'Tab 1', '1', '2017-04-26 19:17:04', '2017-04-26 19:17:04', '6a759cd6-4d7a-4265-ade4-36b50f510f2a'),
 ('88', '120', 'Tab 1', '1', '2017-04-27 13:59:37', '2017-04-27 13:59:37', '625f4433-f345-431d-a5fd-f100635898e5'),
 ('90', '124', 'Tab 1', '1', '2017-04-27 19:44:02', '2017-04-27 19:44:02', 'f9ae01bc-b3de-4d40-a6ba-02f4119fb822'),
 ('97', '131', 'Tab 1', '1', '2017-05-10 17:02:54', '2017-05-10 17:02:54', 'ca93df28-e15b-41f2-baf1-63a74b01ac50'),
 ('101', '135', 'Tab 1', '1', '2017-05-11 02:22:10', '2017-05-11 02:22:10', '08ba2f39-088a-4341-ad8c-6cd2cd61cddd'),
 ('112', '146', 'Content', '1', '2017-05-11 08:03:18', '2017-05-11 08:03:18', 'b752eb6f-ed9c-4a08-b0d3-d79f11c23eef'),
 ('113', '147', 'Content', '1', '2017-05-11 14:03:55', '2017-05-11 14:03:55', '6e3943da-6017-4c9e-a121-434ee4d5d339'),
 ('114', '148', 'Tab 1', '1', '2017-05-11 14:06:01', '2017-05-11 14:06:01', '8943ba84-a15c-4f7d-bb35-36eb55932c99'),
 ('115', '149', 'Tab 1', '1', '2017-05-11 16:19:30', '2017-05-11 16:19:30', 'b7615417-374f-46b6-baa2-2ae8b12e5dd2'),
 ('121', '155', 'Content', '1', '2017-05-27 18:33:45', '2017-05-27 18:33:45', 'aa378336-507b-40a4-b14b-f77291f03e43'),
 ('123', '157', 'Tab 1', '1', '2017-05-27 19:59:32', '2017-05-27 19:59:32', '07ddc8ba-b3ea-4b21-a365-c06f632441be'),
 ('126', '160', 'Tab 1', '1', '2017-05-28 23:10:43', '2017-05-28 23:10:43', '0263cc83-9ec6-41ab-a232-ddc37d2e173c'),
 ('127', '161', 'Tab 1', '1', '2017-05-29 00:02:39', '2017-05-29 00:02:39', '16feb45a-4416-438f-8380-cd2a2c91f2e0'),
 ('128', '162', 'Tab 1', '1', '2017-05-31 20:00:35', '2017-05-31 20:00:35', '2648132a-c8aa-495c-8cb3-43c6cd1eaa6c');



DROP TABLE IF EXISTS `craft_fields`;


--
-- Schema for table `craft_fields`
--
CREATE TABLE `craft_fields` (
  `id` int(11) NOT NULL AUTO_INCREMENT,
  `groupId` int(11) DEFAULT NULL,
  `name` varchar(255) COLLATE utf8_unicode_ci NOT NULL,
  `handle` varchar(58) COLLATE utf8_unicode_ci NOT NULL,
  `context` varchar(255) COLLATE utf8_unicode_ci NOT NULL DEFAULT 'global',
  `instructions` text COLLATE utf8_unicode_ci,
  `translatable` tinyint(1) unsigned NOT NULL DEFAULT '0',
  `type` varchar(150) COLLATE utf8_unicode_ci NOT NULL,
  `settings` text COLLATE utf8_unicode_ci,
  `dateCreated` datetime NOT NULL,
  `dateUpdated` datetime NOT NULL,
  `uid` char(36) COLLATE utf8_unicode_ci NOT NULL DEFAULT '0',
  PRIMARY KEY (`id`),
  UNIQUE KEY `craft_fields_handle_context_unq_idx` (`handle`,`context`),
  KEY `craft_fields_context_idx` (`context`),
  KEY `craft_fields_groupId_fk` (`groupId`)
) ENGINE=InnoDB AUTO_INCREMENT=69 DEFAULT CHARSET=utf8 COLLATE=utf8_unicode_ci;

--
-- Data for table `craft_fields`
--

INSERT INTO `craft_fields` (`id`, `groupId`, `name`, `handle`, `context`, `instructions`, `translatable`, `type`, `settings`, `dateCreated`, `dateUpdated`, `uid`) VALUES
 ('1', '1', 'Body', 'body', 'global', NULL, '1', 'RichText', '{\"configFile\":\"Standard.json\",\"columnType\":\"text\"}', '2017-01-12 16:12:59', '2017-01-12 16:12:59', '1fc04030-9693-4e3d-91b8-2011e6c39ba7'),
 ('2', '1', 'Tags', 'tags', 'global', NULL, '0', 'Tags', '{\"source\":\"taggroup:1\"}', '2017-01-12 16:12:59', '2017-01-12 16:12:59', '6b93c5ee-1af7-4717-bfaa-489a8121154c'),
 ('3', '1', 'Awards/Achievements', 'awardsAchievements', 'global', 'What have you achieved?', '0', 'PlainText', '{\"placeholder\":\"\",\"maxLength\":\"\",\"multiline\":\"\",\"initialRows\":\"4\"}', '2017-02-15 17:12:58', '2017-03-16 20:12:12', '201a4168-f376-46d3-8d0c-3dff36f04e28'),
 ('4', '1', 'Email', 'email', 'global', 'Put your email here', '0', 'PlainText', '{\"placeholder\":\"\",\"maxLength\":\"\",\"multiline\":\"\",\"initialRows\":\"4\"}', '2017-02-15 17:13:14', '2017-02-15 17:13:14', 'a626ee41-4974-457e-8988-75f234f22069'),
 ('5', '3', 'Employee Type', 'employeeType', 'global', '', '0', 'Checkboxes', '{\"options\":[{\"label\":\"Director\",\"value\":\"director\",\"default\":\"\"},{\"label\":\"Media Board - Non-Voting\",\"value\":\"nonVoting\",\"default\":\"\"},{\"label\":\"Media Board - Voting\",\"value\":\"voting\",\"default\":\"\"},{\"label\":\"Office Staff\",\"value\":\"officeStaff\",\"default\":\"\"},{\"label\":\"Student Media Leader\",\"value\":\"studentMediaLeader\",\"default\":\"\"}]}', '2017-02-15 17:13:54', '2017-04-24 17:33:06', '0f34848f-f336-4e65-8f3e-79be2fe6623f'),
 ('6', '3', 'First Name', 'firstName', 'global', '', '0', 'PlainText', '{\"placeholder\":\"\",\"maxLength\":\"\",\"multiline\":\"\",\"initialRows\":\"4\"}', '2017-02-15 17:14:03', '2017-02-16 21:22:56', 'a2b06270-bae5-42ab-a6bf-1e5d7a13cd19'),
 ('7', '3', 'Last Name', 'lastName', 'global', '', '0', 'PlainText', '{\"placeholder\":\"\",\"maxLength\":\"\",\"multiline\":\"\",\"initialRows\":\"4\"}', '2017-02-15 17:14:10', '2017-02-16 21:23:09', 'f1a7f5ac-4f7f-4791-b6f5-4327ce00efd5'),
 ('8', '1', 'Job Title', 'jobTitle', 'global', '', '0', 'PlainText', '{\"placeholder\":\"\",\"maxLength\":\"\",\"multiline\":\"\",\"initialRows\":\"4\"}', '2017-02-15 17:14:19', '2017-04-19 01:23:05', '84206e8c-7af9-491a-b985-c873b6c1bc55'),
 ('9', '1', 'Organization', 'organization', 'global', 'Which publication do you work for?', '0', 'PlainText', '{\"placeholder\":\"\",\"maxLength\":\"\",\"multiline\":\"\",\"initialRows\":\"4\"}', '2017-02-15 17:14:34', '2017-02-15 17:14:34', 'ef9a68cd-7e3b-40d0-9f26-824b54b2c845'),
 ('10', '1', 'Phone', 'phone', 'global', '', '0', 'PlainText', '{\"placeholder\":\"\",\"maxLength\":\"\",\"multiline\":\"\",\"initialRows\":\"4\"}', '2017-02-15 17:14:43', '2017-02-15 17:14:43', 'caef629a-a55c-4a27-bdcc-6f484a275922'),
 ('11', '2', 'Call to Actions', 'callToActions', 'global', '', '0', 'Entries', '{\"sources\":\"*\",\"limit\":\"\",\"selectionLabel\":\"\"}', '2017-02-16 21:03:43', '2017-02-16 21:18:02', 'c557ca3e-fa1d-4ff6-8690-fd2e5bc4dcbb'),
 ('12', '2', 'Description', 'description', 'global', '', '0', 'PlainText', '{\"placeholder\":\"\",\"maxLength\":\"\",\"multiline\":\"\",\"initialRows\":\"4\"}', '2017-02-16 21:03:54', '2017-02-16 21:18:18', '3b3586b4-4239-4c07-9f3d-565ccf725be0'),
 ('13', '2', 'Hero Image', 'heroImage', 'global', '', '0', 'Assets', '{\"useSingleFolder\":\"\",\"defaultUploadLocationSubpath\":\"\",\"singleUploadLocationSubpath\":\"\",\"restrictFiles\":\"\",\"limit\":\"\",\"viewMode\":\"list\",\"selectionLabel\":\"\"}', '2017-02-16 21:05:03', '2017-02-16 21:22:04', 'e4b312c8-2fbe-4bea-851f-497948459b93'),
 ('14', '1', 'Logo', 'logo', 'global', '', '0', 'Assets', '{\"useSingleFolder\":\"\",\"sources\":\"*\",\"defaultUploadLocationSource\":\"2\",\"defaultUploadLocationSubpath\":\"\",\"singleUploadLocationSource\":\"1\",\"singleUploadLocationSubpath\":\"\",\"restrictFiles\":\"\",\"limit\":\"1\",\"viewMode\":\"list\",\"selectionLabel\":\"\"}', '2017-02-16 21:06:41', '2017-04-07 15:45:21', '300f6be2-ab8d-486e-8fcd-6fd2c2460675'),
 ('15', '1', 'Mailing Address', 'mailingAddress', 'global', '', '0', 'PlainText', '{\"placeholder\":\"\",\"maxLength\":\"\",\"multiline\":\"\",\"initialRows\":\"4\"}', '2017-02-23 20:24:30', '2017-02-23 20:36:55', '36331247-95dd-466a-aab9-14eca15cfedb'),
 ('16', '1', 'Media Partner Logo', 'mediaPartnerLogo', 'global', 'Add text and image for particular media partner', '0', 'Assets', '{\"useSingleFolder\":\"\",\"sources\":\"*\",\"defaultUploadLocationSource\":\"2\",\"defaultUploadLocationSubpath\":\"\",\"singleUploadLocationSource\":\"1\",\"singleUploadLocationSubpath\":\"\",\"restrictFiles\":\"\",\"limit\":\"\",\"viewMode\":\"list\",\"selectionLabel\":\"\"}', '2017-02-23 20:28:54', '2017-04-07 15:45:44', '3df1b847-2e3f-4300-a392-a203082e5b2f'),
 ('17', '1', 'Media Partner Text', 'mediaPartnerText', 'global', '', '0', 'PlainText', '{\"placeholder\":\"\",\"maxLength\":\"\",\"multiline\":\"\",\"initialRows\":\"4\"}', '2017-02-23 21:18:09', '2017-02-23 21:18:09', '39dcca08-645d-4561-8850-b6a01ceed737'),
 ('19', '1', 'Image', 'image', 'global', 'Insert images here', '0', 'Assets', '{\"useSingleFolder\":\"\",\"sources\":\"*\",\"defaultUploadLocationSource\":\"2\",\"defaultUploadLocationSubpath\":\"\",\"singleUploadLocationSource\":\"1\",\"singleUploadLocationSubpath\":\"\",\"restrictFiles\":\"\",\"limit\":\"1\",\"viewMode\":\"list\",\"selectionLabel\":\"\"}', '2017-02-23 21:44:14', '2017-02-23 21:45:07', 'fc768a27-0824-4e66-941a-41ecc133d4fa'),
 ('20', '4', 'Associated Media Partners', 'associatedMediaPartners', 'global', 'Choose a related Media Partner', '0', 'Entries', '{\"sources\":[\"section:4\"],\"limit\":\"\",\"selectionLabel\":\"\"}', '2017-02-24 21:49:45', '2017-03-16 20:27:10', '3a9e68fb-88a1-42ea-93d8-379646064b21'),
 ('21', '1', 'Tagline', 'tagline', 'global', '', '0', 'PlainText', '{\"placeholder\":\"\",\"maxLength\":\"\",\"multiline\":\"\",\"initialRows\":\"4\"}', '2017-03-02 22:03:15', '2017-03-16 20:39:16', '99f0fbd6-9f6c-47ba-b673-1184c2317745'),
 ('22', '1', 'Video', 'video', 'global', '', '0', 'PlainText', '{\"placeholder\":\"\",\"maxLength\":\"\",\"multiline\":\"\",\"initialRows\":\"4\"}', '2017-03-08 15:37:21', '2017-03-09 15:29:06', '24978965-c6b2-4661-8b24-e581db748fdc'),
 ('23', '1', 'Time', 'time', 'global', '', '0', 'Date', '{\"minuteIncrement\":\"15\",\"showDate\":1,\"showTime\":0}', '2017-03-08 16:27:18', '2017-04-20 17:49:04', 'b43ea32e-6ac7-46f7-8632-ed369c95ca27'),
 ('24', '1', 'Location', 'location', 'global', '', '0', 'PlainText', '{\"placeholder\":\"\",\"maxLength\":\"\",\"multiline\":\"\",\"initialRows\":\"4\"}', '2017-03-08 16:28:06', '2017-03-16 20:25:19', '7ee41b7c-4d72-40f0-be89-7e60d4d71c33'),
 ('25', '1', 'Statistics', 'statistics', 'global', 'Enter Statistics Here', '0', 'PlainText', '{\"placeholder\":\"\",\"maxLength\":\"100\",\"multiline\":\"\",\"initialRows\":\"4\"}', '2017-03-09 01:42:32', '2017-03-15 23:48:05', 'a192673d-2a19-40d3-bae3-db7fb80feeda'),
 ('26', '1', 'Social Media', 'socialMedia', 'global', '', '0', 'Matrix', '{\"maxBlocks\":null}', '2017-03-09 19:13:08', '2017-04-20 19:39:10', '8641d462-a9dd-476f-ad74-1c387dd03cd8'),
 ('27', NULL, 'Social Name', 'socialName', 'matrixBlockType:1', '', '0', 'Dropdown', '{\"options\":[{\"label\":\"Twitter\",\"value\":\"twitter\",\"default\":\"\"},{\"label\":\"Instagram\",\"value\":\"instagram\",\"default\":\"\"},{\"label\":\"Facebook\",\"value\":\"facebook\",\"default\":\"\"},{\"label\":\"Website\",\"value\":\"website\",\"default\":\"\"}]}', '2017-03-09 19:13:08', '2017-04-20 19:39:10', '57fdd97b-0b85-4c1e-afc2-cf816fd61125'),
 ('28', NULL, 'Address', 'address', 'matrixBlockType:1', '', '0', 'PlainText', '{\"placeholder\":\"http:\\/\\/\",\"maxLength\":\"\",\"multiline\":\"\",\"initialRows\":\"4\"}', '2017-03-09 19:13:08', '2017-04-20 19:39:10', '9e57b746-574e-4e66-92d8-6b0c11f8daa8'),
 ('29', '1', 'Short Description', 'shortDescription', 'global', '', '0', 'PlainText', '{\"placeholder\":\"\",\"maxLength\":\"\",\"multiline\":\"\",\"initialRows\":\"4\"}', '2017-03-10 14:45:40', '2017-03-10 14:45:40', '4c4c51a0-54c6-41cd-b68d-41dd0e35fcf7'),
 ('31', '4', 'Ad Format', 'adFormat', 'global', '', '0', 'Categories', '{\"source\":\"group:1\",\"limit\":\"\",\"selectionLabel\":\"\"}', '2017-03-12 16:03:05', '2017-03-16 20:26:30', 'de994e91-069d-46ee-8d9b-f42ccf487b6c'),
 ('32', '4', 'Ad Unit', 'adUnit', 'global', '', '0', 'Matrix', '{\"maxBlocks\":null}', '2017-03-12 16:04:49', '2017-04-15 14:02:06', 'dad2c084-fbfb-4f09-a58a-82c77c62efc7'),
 ('33', NULL, 'Ad Type', 'adType', 'matrixBlockType:2', '', '0', 'PlainText', '{\"placeholder\":\"\",\"maxLength\":\"\",\"multiline\":\"\",\"initialRows\":\"4\"}', '2017-03-12 16:04:49', '2017-04-15 14:02:06', '67ceb03e-abf4-4662-b4a2-4fdd80bdd68d'),
 ('36', '4', 'Featured Media Partner', 'featuredMediaPartner', 'global', '', '0', 'Lightswitch', '{\"default\":\"\"}', '2017-03-16 18:01:16', '2017-03-16 20:33:28', 'a7a38b39-4164-4ae3-afd6-a6e311778663'),
 ('37', '1', 'Author', 'quotee', 'global', '', '0', 'PlainText', '{\"placeholder\":\"\",\"maxLength\":\"\",\"multiline\":\"\",\"initialRows\":\"4\"}', '2017-03-21 17:29:53', '2017-04-19 00:52:54', '4cff5044-f67c-4a57-9eaa-8218f9d202b2'),
 ('38', '1', 'Quote', 'quote', 'global', '', '0', 'PlainText', '{\"placeholder\":\"\",\"maxLength\":\"\",\"multiline\":\"\",\"initialRows\":\"4\"}', '2017-03-21 17:30:44', '2017-04-19 01:12:45', 'e2e7122e-88a1-4094-9250-44668cd0e5e9'),
 ('39', '1', 'Related Testimonial', 'relatedTestimonial', 'global', '', '0', 'Entries', '{\"sources\":\"*\",\"limit\":\"\",\"selectionLabel\":\"\"}', '2017-03-21 17:31:16', '2017-04-19 01:08:45', '89433d32-a146-4f77-b12a-fcafa4acff5d'),
 ('40', NULL, 'Ad Unit', 'adUnitr', 'matrixBlockType:2', '', '0', 'Table', '{\"columns\":{\"col3\":{\"heading\":\"Name\",\"handle\":\"name\",\"width\":\"\",\"type\":\"singleline\"},\"col1\":{\"heading\":\"Price\",\"handle\":\"price\",\"width\":\"\",\"type\":\"singleline\"},\"col2\":{\"heading\":\"Size\",\"handle\":\"size\",\"width\":\"\",\"type\":\"singleline\"},\"col4\":{\"heading\":\"Frequency\",\"handle\":\"frequency\",\"width\":\"\",\"type\":\"singleline\"}},\"defaults\":{\"row1\":{\"col3\":\"\",\"col1\":\"\",\"col2\":\"\",\"col4\":\"\"}}}', '2017-03-23 18:25:32', '2017-04-15 14:02:06', 'cee54df6-4288-4c3e-a557-a3a898b82a4c'),
 ('41', NULL, 'Ad Description', 'adDescription', 'matrixBlockType:2', '', '0', 'PlainText', '{\"placeholder\":\"\",\"maxLength\":\"\",\"multiline\":\"\",\"initialRows\":\"4\"}', '2017-03-23 18:28:47', '2017-04-15 14:02:06', '7afb3ec9-6d1b-4582-b573-a1aac7432be5'),
 ('42', NULL, 'Bundle Name', 'bundleName', 'matrixBlockType:3', '', '0', 'PlainText', '{\"placeholder\":\"\",\"maxLength\":\"\",\"multiline\":\"\",\"initialRows\":\"4\"}', '2017-03-23 18:31:37', '2017-04-15 14:02:06', 'daa663fd-51e7-4805-a574-4892b6a3913c'),
 ('43', NULL, 'Bundle Price', 'bundlePrice', 'matrixBlockType:3', '', '0', 'PlainText', '{\"placeholder\":\"\",\"maxLength\":\"\",\"multiline\":\"\",\"initialRows\":\"4\"}', '2017-03-23 18:31:37', '2017-04-15 14:02:06', '365c0bca-32d4-4fc3-9dc5-0bb72f26448e'),
 ('44', NULL, 'Bundle Description', 'bundleDescription', 'matrixBlockType:3', '', '0', 'RichText', '{\"configFile\":\"\",\"availableAssetSources\":\"*\",\"availableTransforms\":\"*\",\"cleanupHtml\":\"1\",\"purifyHtml\":\"1\",\"columnType\":\"text\"}', '2017-03-23 18:31:37', '2017-04-15 14:02:06', 'd2d69c45-fb5f-49f1-adda-d3077ce025a8'),
 ('45', '1', 'Footer Logo', 'footerLogo', 'global', '', '0', 'Assets', '{\"useSingleFolder\":\"\",\"sources\":[\"folder:2\"],\"defaultUploadLocationSource\":\"2\",\"defaultUploadLocationSubpath\":\"\",\"singleUploadLocationSource\":\"1\",\"singleUploadLocationSubpath\":\"\",\"restrictFiles\":\"\",\"limit\":\"\",\"viewMode\":\"list\",\"selectionLabel\":\"\"}', '2017-04-10 17:22:46', '2017-04-10 17:22:46', '6a025bd8-8ab5-42a3-856b-19c3c978f0ed'),
 ('46', '1', 'Small Logo', 'smallLogo', 'global', '', '0', 'Assets', '{\"useSingleFolder\":\"\",\"sources\":[\"folder:2\"],\"defaultUploadLocationSource\":\"2\",\"defaultUploadLocationSubpath\":\"\",\"singleUploadLocationSource\":\"1\",\"singleUploadLocationSubpath\":\"\",\"restrictFiles\":\"\",\"limit\":\"\",\"viewMode\":\"list\",\"selectionLabel\":\"\"}', '2017-04-10 18:57:43', '2017-04-10 18:57:43', 'f9774e62-31a4-4351-ab06-e52a71fbbf75'),
 ('47', '1', 'Support Us', 'supportUs', 'global', '', '0', 'RichText', '{\"configFile\":\"\",\"availableAssetSources\":\"*\",\"availableTransforms\":\"*\",\"cleanupHtml\":\"1\",\"purifyHtml\":\"1\",\"columnType\":\"text\"}', '2017-04-15 15:03:27', '2017-04-19 00:17:54', 'd72be7b2-4efd-44ca-bca5-91d6d9e3435d'),
 ('48', '1', 'Date', 'date', 'global', '', '0', 'Date', '{\"minuteIncrement\":\"30\",\"showDate\":1,\"showTime\":0}', '2017-04-27 19:05:12', '2017-04-27 19:05:12', 'e6844e40-b28d-4908-930b-1fbd5f406397'),
 ('49', '1', 'Files', 'files', 'global', '', '0', 'Assets', '{\"useSingleFolder\":\"\",\"sources\":\"*\",\"defaultUploadLocationSource\":\"5\",\"defaultUploadLocationSubpath\":\"\",\"singleUploadLocationSource\":\"5\",\"singleUploadLocationSubpath\":\"\",\"restrictFiles\":\"\",\"limit\":\"\",\"viewMode\":\"list\",\"selectionLabel\":\"\"}', '2017-04-27 19:42:55', '2017-04-27 19:52:54', '4d4408f2-accc-49ef-afd0-66e700f8eca8'),
 ('50', '1', 'Address', 'address', 'global', '', '0', 'PlainText', '{\"placeholder\":\"\",\"maxLength\":\"\",\"multiline\":\"\",\"initialRows\":\"4\"}', '2017-05-02 16:44:36', '2017-05-10 17:56:13', 'b80f1ae2-0e4d-4897-979a-21a00253c465'),
 ('51', '1', 'FAQ', 'faq', 'global', '', '0', 'Matrix', '{\"maxBlocks\":null}', '2017-05-04 16:52:25', '2017-05-11 14:03:55', '6c4991a4-019d-4af6-9551-feadfebe4c26'),
 ('52', NULL, 'Question', 'question', 'matrixBlockType:4', '', '0', 'PlainText', '{\"placeholder\":\"\",\"maxLength\":\"\",\"multiline\":\"\",\"initialRows\":\"4\"}', '2017-05-04 16:52:25', '2017-05-11 14:03:55', '6e233f32-0c3a-4a35-b0ae-45d629596d3b'),
 ('53', NULL, 'Answer', 'answer', 'matrixBlockType:4', '', '0', 'RichText', '{\"configFile\":\"\",\"availableAssetSources\":\"*\",\"availableTransforms\":\"*\",\"cleanupHtml\":\"1\",\"purifyHtml\":\"1\",\"purifierConfig\":\"\",\"columnType\":\"text\"}', '2017-05-04 16:52:25', '2017-05-11 14:03:55', '4a2e8331-1f59-48fc-ac5b-3c0bc5925ba3'),
 ('54', '1', 'Department', 'department', 'global', '', '0', 'PlainText', '{\"placeholder\":\"\",\"maxLength\":\"\",\"multiline\":\"\",\"initialRows\":\"4\"}', '2017-05-11 02:02:41', '2017-05-11 02:02:41', '26f48c98-06d9-4951-9ae2-1bfbbc8c2825'),
 ('55', '1', 'Advertising Body', 'adBody', 'global', '', '0', 'RichText', '{\"configFile\":\"\",\"availableAssetSources\":\"*\",\"availableTransforms\":\"*\",\"cleanupHtml\":\"1\",\"purifyHtml\":\"1\",\"purifierConfig\":\"\",\"columnType\":\"text\"}', '2017-05-11 03:10:35', '2017-05-26 16:50:24', '837586c6-a7b7-40b3-9769-ea8ed74dacda'),
 ('56', '1', 'Student Employee Opportunities', 'studentEmployeeOpportunities', 'global', '', '0', 'Matrix', '{\"maxBlocks\":null}', '2017-05-11 08:03:17', '2017-05-11 08:03:17', '6e149847-6aa3-4e71-96e1-1f6279b30028'),
 ('57', NULL, 'Hiring', 'hiring', 'matrixBlockType:5', '', '0', 'PlainText', '{\"placeholder\":\"\",\"maxLength\":\"\",\"multiline\":\"\",\"initialRows\":\"4\"}', '2017-05-11 08:03:17', '2017-05-11 08:03:17', '9f54e56d-4665-42df-b1d5-d760c396e009'),
 ('58', NULL, 'Position', 'position', 'matrixBlockType:5', '', '0', 'PlainText', '{\"placeholder\":\"\",\"maxLength\":\"\",\"multiline\":\"\",\"initialRows\":\"4\"}', '2017-05-11 08:03:18', '2017-05-11 08:03:18', '67c58e06-cdce-4f6e-baa9-65ed13fed970'),
 ('59', NULL, 'Position Description', 'positionDescription', 'matrixBlockType:5', '', '0', 'PlainText', '{\"placeholder\":\"\",\"maxLength\":\"\",\"multiline\":\"\",\"initialRows\":\"4\"}', '2017-05-11 08:03:18', '2017-05-11 08:03:18', '5c3953a4-73d2-4fa1-976e-d1cd17cd5eac'),
 ('60', NULL, 'Contact Information', 'contactInformation', 'matrixBlockType:5', '', '0', 'PlainText', '{\"placeholder\":\"\",\"maxLength\":\"\",\"multiline\":\"\",\"initialRows\":\"4\"}', '2017-05-11 08:03:18', '2017-05-11 08:03:18', 'e5962a8e-83a9-4f89-bd3f-783cb513a6cb'),
 ('61', '1', 'About Call to Action', 'aboutCta', 'global', '', '0', 'Entries', '{\"sources\":[\"singles\"],\"limit\":\"1\",\"selectionLabel\":\"\"}', '2017-05-26 15:01:51', '2017-05-26 15:01:51', '05b88da3-50dd-4424-ab6a-aa288241c93e'),
 ('62', '1', 'Adverting Call to Action', 'advertingCta', 'global', '', '0', 'Entries', '{\"sources\":\"*\",\"limit\":\"1\",\"selectionLabel\":\"\"}', '2017-05-26 16:51:48', '2017-05-26 16:51:58', 'd367fee1-32d2-4afa-9ac9-2677ea37e99f'),
 ('63', '1', 'Advertising Header', 'advertisingHeader', 'global', '', '0', 'PlainText', '{\"placeholder\":\"\",\"maxLength\":\"\",\"multiline\":\"\",\"initialRows\":\"4\"}', '2017-05-26 16:53:43', '2017-05-26 16:53:43', '330c8e5c-fa79-4836-a1f4-2eb404148fe8'),
 ('64', '1', 'Media Partners Header', 'mediaPartnersHeader', 'global', '', '0', 'PlainText', '{\"placeholder\":\"\",\"maxLength\":\"\",\"multiline\":\"\",\"initialRows\":\"4\"}', '2017-05-26 16:54:08', '2017-05-26 16:54:08', '18c201e5-e73e-49f3-9f10-9d5bc6fc92a8'),
 ('65', '1', 'Video Caption', 'videoCaption', 'global', '', '0', 'PlainText', '{\"placeholder\":\"\",\"maxLength\":\"\",\"multiline\":\"\",\"initialRows\":\"4\"}', '2017-05-27 18:32:34', '2017-05-27 18:32:34', '8de07663-24e6-4442-9dce-733b30c29753'),
 ('66', '1', 'Creative Services Description', 'creativeServicesDescription', 'global', '', '0', 'RichText', '{\"configFile\":\"\",\"availableAssetSources\":\"*\",\"availableTransforms\":\"*\",\"cleanupHtml\":\"1\",\"purifyHtml\":\"1\",\"purifierConfig\":\"\",\"columnType\":\"text\"}', '2017-05-27 19:59:04', '2017-05-27 19:59:04', 'fefc5a98-e705-4cde-9bac-0be82eeaca64'),
 ('67', '1', 'Media Kit', 'mediaKit', 'global', '', '0', 'Assets', '{\"useSingleFolder\":\"\",\"sources\":\"*\",\"defaultUploadLocationSource\":\"1\",\"defaultUploadLocationSubpath\":\"\",\"singleUploadLocationSource\":\"1\",\"singleUploadLocationSubpath\":\"\",\"restrictFiles\":\"\",\"limit\":\"\",\"viewMode\":\"list\",\"selectionLabel\":\"\"}', '2017-05-31 19:18:51', '2017-05-31 19:18:51', 'c766a1ae-6503-4c3a-a632-33d77eb66de3'),
 ('68', '1', 'Colored Logo', 'coloredLogo', 'global', '', '0', 'Assets', '{\"useSingleFolder\":\"\",\"sources\":\"*\",\"defaultUploadLocationSource\":\"1\",\"defaultUploadLocationSubpath\":\"\",\"singleUploadLocationSource\":\"1\",\"singleUploadLocationSubpath\":\"\",\"restrictFiles\":\"\",\"limit\":\"\",\"viewMode\":\"list\",\"selectionLabel\":\"\"}', '2017-05-31 20:10:49', '2017-05-31 20:10:49', '1547b951-04e0-4e8c-bcdb-9ea00336892c');



DROP TABLE IF EXISTS `craft_globalsets`;


--
-- Schema for table `craft_globalsets`
--
CREATE TABLE `craft_globalsets` (
  `id` int(11) NOT NULL,
  `name` varchar(255) COLLATE utf8_unicode_ci NOT NULL,
  `handle` varchar(255) COLLATE utf8_unicode_ci NOT NULL,
  `fieldLayoutId` int(10) DEFAULT NULL,
  `dateCreated` datetime NOT NULL,
  `dateUpdated` datetime NOT NULL,
  `uid` char(36) COLLATE utf8_unicode_ci NOT NULL DEFAULT '0',
  PRIMARY KEY (`id`),
  UNIQUE KEY `craft_globalsets_name_unq_idx` (`name`),
  UNIQUE KEY `craft_globalsets_handle_unq_idx` (`handle`),
  KEY `craft_globalsets_fieldLayoutId_fk` (`fieldLayoutId`)
) ENGINE=InnoDB DEFAULT CHARSET=utf8 COLLATE=utf8_unicode_ci;

--
-- Data for table `craft_globalsets`
--

INSERT INTO `craft_globalsets` (`id`, `name`, `handle`, `fieldLayoutId`, `dateCreated`, `dateUpdated`, `uid`) VALUES
 ('5', 'Header', 'header', '88', '2017-02-16 21:06:16', '2017-04-10 18:57:55', 'd26c2242-a751-405f-a9b5-7cbb616df077'),
 ('6', 'Footer', 'footer', '87', '2017-02-16 21:16:37', '2017-04-10 17:23:00', '6a5bc45f-4c88-49e6-9cc6-33f5e39ce3be');



DROP TABLE IF EXISTS `craft_info`;


--
-- Schema for table `craft_info`
--
CREATE TABLE `craft_info` (
  `id` int(11) NOT NULL AUTO_INCREMENT,
  `version` varchar(50) COLLATE utf8_unicode_ci NOT NULL,
  `schemaVersion` varchar(15) COLLATE utf8_unicode_ci NOT NULL,
  `edition` tinyint(1) unsigned NOT NULL DEFAULT '0',
  `siteName` varchar(100) COLLATE utf8_unicode_ci NOT NULL,
  `siteUrl` varchar(255) COLLATE utf8_unicode_ci NOT NULL,
  `timezone` varchar(30) COLLATE utf8_unicode_ci DEFAULT NULL,
  `on` tinyint(1) unsigned NOT NULL DEFAULT '0',
  `maintenance` tinyint(1) unsigned NOT NULL DEFAULT '0',
  `dateCreated` datetime NOT NULL,
  `dateUpdated` datetime NOT NULL,
  `uid` char(36) COLLATE utf8_unicode_ci NOT NULL DEFAULT '0',
  PRIMARY KEY (`id`)
) ENGINE=InnoDB AUTO_INCREMENT=2 DEFAULT CHARSET=utf8 COLLATE=utf8_unicode_ci;

--
-- Data for table `craft_info`
--

INSERT INTO `craft_info` (`id`, `version`, `schemaVersion`, `edition`, `siteName`, `siteUrl`, `timezone`, `on`, `maintenance`, `dateCreated`, `dateUpdated`, `uid`) VALUES
 ('1', '2.6.2980', '2.6.9', '2', 'Kent State Student Media', 'http://kentstatestudentmedia.com', 'America/New_York', '1', '1', '2017-01-12 16:12:57', '2017-06-21 18:10:44', 'ea009519-c3f1-43e4-8018-0bcb656b4314');



DROP TABLE IF EXISTS `craft_locales`;


--
-- Schema for table `craft_locales`
--
CREATE TABLE `craft_locales` (
  `locale` char(12) COLLATE utf8_unicode_ci NOT NULL,
  `sortOrder` smallint(6) unsigned DEFAULT NULL,
  `dateCreated` datetime NOT NULL,
  `dateUpdated` datetime NOT NULL,
  `uid` char(36) COLLATE utf8_unicode_ci NOT NULL DEFAULT '0',
  PRIMARY KEY (`locale`),
  KEY `craft_locales_sortOrder_idx` (`sortOrder`)
) ENGINE=InnoDB DEFAULT CHARSET=utf8 COLLATE=utf8_unicode_ci;

--
-- Data for table `craft_locales`
--

INSERT INTO `craft_locales` (`locale`, `sortOrder`, `dateCreated`, `dateUpdated`, `uid`) VALUES
 ('en_us', '1', '2017-01-12 16:12:57', '2017-01-12 16:12:57', 'dcdd8ad0-2fa8-4ae8-96de-ede12bf939f5');



DROP TABLE IF EXISTS `craft_matrixblocks`;


--
-- Schema for table `craft_matrixblocks`
--
CREATE TABLE `craft_matrixblocks` (
  `id` int(11) NOT NULL,
  `ownerId` int(11) NOT NULL,
  `fieldId` int(11) NOT NULL,
  `typeId` int(11) DEFAULT NULL,
  `sortOrder` smallint(6) unsigned DEFAULT NULL,
  `ownerLocale` char(12) COLLATE utf8_unicode_ci DEFAULT NULL,
  `dateCreated` datetime NOT NULL,
  `dateUpdated` datetime NOT NULL,
  `uid` char(36) COLLATE utf8_unicode_ci NOT NULL DEFAULT '0',
  PRIMARY KEY (`id`),
  KEY `craft_matrixblocks_ownerId_idx` (`ownerId`),
  KEY `craft_matrixblocks_fieldId_idx` (`fieldId`),
  KEY `craft_matrixblocks_typeId_idx` (`typeId`),
  KEY `craft_matrixblocks_sortOrder_idx` (`sortOrder`),
  KEY `craft_matrixblocks_ownerLocale_fk` (`ownerLocale`)
) ENGINE=InnoDB DEFAULT CHARSET=utf8 COLLATE=utf8_unicode_ci;

--
-- Data for table `craft_matrixblocks`
--

INSERT INTO `craft_matrixblocks` (`id`, `ownerId`, `fieldId`, `typeId`, `sortOrder`, `ownerLocale`, `dateCreated`, `dateUpdated`, `uid`) VALUES
 ('37', '25', '26', '1', '1', NULL, '2017-03-10 16:00:22', '2017-05-11 18:30:18', '0fd04950-7860-44f5-b4d7-93ed670c685a'),
 ('72', '71', '32', '2', '1', NULL, '2017-03-23 18:10:55', '2017-04-15 20:54:45', 'c71f817e-6df7-461b-bed4-7c22a655fd64'),
 ('74', '73', '32', '2', '1', NULL, '2017-03-23 18:21:18', '2017-04-14 22:37:18', '0e110266-cf9d-44de-a070-52c3d63b34d0'),
 ('75', '73', '32', '2', '2', NULL, '2017-03-23 18:27:09', '2017-04-14 22:37:18', '554324e3-ebd6-4ce8-97e6-a7d3d78f6459'),
 ('82', '81', '32', '2', '1', NULL, '2017-04-06 19:25:39', '2017-05-31 20:03:29', '214cb9bf-2972-40e9-872d-37bac9dff720'),
 ('92', '91', '32', '2', '1', NULL, '2017-04-13 20:31:54', '2017-04-14 22:28:27', '6a034f3c-a640-4b9f-a356-bb11769b7112'),
 ('97', '96', '32', '2', '1', NULL, '2017-04-13 20:37:01', '2017-04-13 20:37:01', 'f78e8b59-188e-4443-805f-34e4700da144'),
 ('98', '96', '32', '2', '2', NULL, '2017-04-13 20:37:01', '2017-04-13 20:37:01', 'd92dc4fa-25a4-4998-a061-004a70f64d27'),
 ('104', '103', '32', '3', '1', NULL, '2017-04-13 20:45:00', '2017-04-14 21:46:25', '21111685-259f-42ba-9163-204d4a04e584'),
 ('105', '103', '32', '3', '2', NULL, '2017-04-14 21:45:58', '2017-04-14 21:46:25', 'b1166f8a-0cb7-4125-92b8-3bb6486ef336'),
 ('106', '103', '32', '3', '3', NULL, '2017-04-14 21:45:58', '2017-04-14 21:46:25', 'a0f943b6-3645-426d-bde4-130b14b9432b'),
 ('107', '103', '32', '3', '4', NULL, '2017-04-14 21:45:58', '2017-04-14 21:46:25', '19ebcee6-bf1f-47a6-bd59-ce84b37c1bf2'),
 ('108', '103', '32', '3', '5', NULL, '2017-04-14 21:45:58', '2017-04-14 21:46:25', '7fa7aa81-4e4d-4530-9fb1-e586435b0140'),
 ('109', '103', '32', '3', '6', NULL, '2017-04-14 21:45:58', '2017-04-14 21:46:25', 'c21c0116-0c21-4634-a59a-62b1b9ec215e'),
 ('110', '102', '32', '2', '1', NULL, '2017-04-14 21:49:58', '2017-04-14 21:50:44', '12b711d1-3ac0-48b4-8408-6c413f3aa207'),
 ('111', '71', '32', '2', '2', NULL, '2017-04-14 21:58:18', '2017-04-15 20:54:45', '15107652-6932-40c6-b53c-337a9fb27401'),
 ('112', '73', '32', '2', '3', NULL, '2017-04-14 22:37:18', '2017-04-14 22:37:18', 'a4cb4737-92fc-4c90-a745-abab52a410de'),
 ('129', '24', '26', '1', '1', NULL, '2017-04-20 19:32:21', '2017-06-01 18:46:27', 'c18ce2d0-3d9a-440b-aa8c-e8bd06ffc006'),
 ('130', '24', '26', '1', '2', NULL, '2017-04-20 19:32:21', '2017-06-01 18:46:27', 'c277c9fe-6ee0-4ae6-9f73-69a366ec6b23'),
 ('131', '24', '26', '1', '3', NULL, '2017-04-20 19:32:21', '2017-06-01 18:46:27', 'd3ead095-4e4a-4898-8923-5bf6daf7d4d3'),
 ('132', '24', '26', '1', '4', NULL, '2017-04-20 19:32:42', '2017-06-01 18:46:27', 'b146e8d0-eb1c-49f4-ae41-4114a50b04f1'),
 ('133', '22', '26', '1', '1', NULL, '2017-04-20 19:35:15', '2017-05-11 18:32:04', '55045e65-3a9a-41c3-8c43-5e035185e011'),
 ('134', '22', '26', '1', '2', NULL, '2017-04-20 19:35:15', '2017-05-11 18:32:04', '40855d4c-dfb3-4d62-9fc0-bf6761b4f08e'),
 ('135', '22', '26', '1', '3', NULL, '2017-04-20 19:35:15', '2017-05-11 18:32:04', 'e9547735-bd62-46ab-b985-869c6869dc79'),
 ('136', '22', '26', '1', '4', NULL, '2017-04-20 19:35:15', '2017-05-11 18:32:04', '626fd414-9857-4f25-9fd5-c5808127e263'),
 ('137', '21', '26', '1', '1', NULL, '2017-04-20 19:36:29', '2017-05-11 03:27:21', 'e353e105-12a6-4a44-aa59-a5327e1ed64e'),
 ('138', '21', '26', '1', '2', NULL, '2017-04-20 19:36:29', '2017-05-11 03:27:21', '47f2fe9d-4a4d-4acd-a64d-c1c7f10973a2'),
 ('139', '21', '26', '1', '3', NULL, '2017-04-20 19:36:29', '2017-05-11 03:27:21', 'f86796e8-cb9f-4b31-a677-5c30e68f1c2d'),
 ('140', '10', '26', '1', '1', NULL, '2017-04-20 19:37:56', '2017-06-01 18:43:57', '42101f55-7721-4590-9310-73a56c8c5a65'),
 ('141', '10', '26', '1', '2', NULL, '2017-04-20 19:37:56', '2017-06-01 18:43:57', '0e8d067b-974b-4660-984c-5b9fb1e641a7'),
 ('142', '10', '26', '1', '3', NULL, '2017-04-20 19:37:56', '2017-06-01 18:43:57', 'd52f3760-185e-4949-95da-6ed59bc38d5e'),
 ('143', '10', '26', '1', '4', NULL, '2017-04-20 19:37:56', '2017-06-01 18:43:57', '6ca3551b-268c-4a4c-8e6d-477c9ddf4284'),
 ('145', '14', '26', '1', '1', NULL, '2017-04-20 19:40:18', '2017-05-11 18:34:23', '7b542b64-80ee-4d61-895c-f5a05c412ad6'),
 ('146', '14', '26', '1', '2', NULL, '2017-04-20 19:40:18', '2017-05-11 18:34:23', '17ae6420-2ffa-49f5-8483-99228a86f00c'),
 ('147', '14', '26', '1', '3', NULL, '2017-04-20 19:40:18', '2017-05-11 18:34:23', 'abcd14b6-0b46-4c6d-b102-96e4562505b6'),
 ('148', '14', '26', '1', '4', NULL, '2017-04-20 19:40:18', '2017-05-11 18:34:23', 'a15a2bc5-819c-45b1-b327-0ca140931081'),
 ('149', '23', '26', '1', '1', NULL, '2017-04-20 19:41:17', '2017-05-11 18:30:51', '650bec9c-c94c-4219-8dc9-69cd9ef72df1'),
 ('150', '23', '26', '1', '2', NULL, '2017-04-20 19:41:17', '2017-05-11 18:30:51', '9bd4211d-b885-4910-981e-72e512b28ac1'),
 ('151', '23', '26', '1', '3', NULL, '2017-04-20 19:42:23', '2017-05-11 18:30:51', 'e7364e6f-835d-4bed-ab51-fe4bd42d63d6'),
 ('152', '23', '26', '1', '4', NULL, '2017-04-20 19:42:23', '2017-05-11 18:30:51', '1775330a-6523-447e-bdef-402a31b43aee'),
 ('153', '20', '26', '1', '1', NULL, '2017-04-20 19:43:14', '2017-05-31 19:59:52', '6cb5e9b6-eac4-4af5-af78-ec2388c89c21'),
 ('154', '20', '26', '1', '2', NULL, '2017-04-20 19:43:14', '2017-05-31 19:59:52', 'b544fe20-8154-4aea-8ea4-cdfbce669443'),
 ('155', '20', '26', '1', '3', NULL, '2017-04-20 19:43:14', '2017-05-31 19:59:53', 'e384b19a-9cad-48ee-9be8-7321a4cbb122'),
 ('156', '19', '26', '1', '1', NULL, '2017-04-20 19:44:16', '2017-05-28 23:21:44', '3da54be1-04f4-437a-8aaa-a4d0aea35b4f'),
 ('157', '19', '26', '1', '2', NULL, '2017-04-20 19:44:16', '2017-05-28 23:21:44', '12c2d259-cd46-4b17-877c-f6d65803fdd9'),
 ('158', '19', '26', '1', '3', NULL, '2017-04-20 19:44:16', '2017-05-28 23:21:44', '2a29d08e-f7df-4359-aaa9-766140d79184'),
 ('159', '19', '26', '1', '4', NULL, '2017-04-20 19:44:16', '2017-05-28 23:21:44', 'f4134b18-509d-47b2-8fa2-8b1358ff874e'),
 ('222', '20', '26', '1', '4', NULL, '2017-05-11 02:34:14', '2017-05-31 19:59:53', 'ab1320da-27d2-431e-9605-1097842d782c'),
 ('225', '25', '26', '1', '2', NULL, '2017-05-11 02:41:50', '2017-05-11 18:30:18', 'ac83e9d3-1a78-4f64-8e03-85d4c3176d4b'),
 ('226', '25', '26', '1', '3', NULL, '2017-05-11 02:41:50', '2017-05-11 18:30:18', 'f641dc87-75a5-4aef-a3cb-7807bd71bc45'),
 ('227', '15', '26', '1', '1', NULL, '2017-05-11 02:54:26', '2017-05-11 18:35:57', '130c3f42-1c4d-4598-9848-0841abc7b793'),
 ('228', '15', '26', '1', '2', NULL, '2017-05-11 02:54:26', '2017-05-11 18:35:57', '5b4723a3-eb2e-4899-b88e-2c9d15caebfe'),
 ('229', '15', '26', '1', '3', NULL, '2017-05-11 02:54:26', '2017-05-11 18:35:57', 'a0c0c195-c1c9-447c-859e-7b3f7c49e838'),
 ('230', '15', '26', '1', '4', NULL, '2017-05-11 02:54:26', '2017-05-11 18:35:57', '0f562f1e-9796-4e57-9738-12f0239a725f'),
 ('231', '60', '51', '4', '1', NULL, '2017-05-11 03:35:13', '2017-06-01 14:38:29', '5b81b1b3-4845-41df-95f7-fb8ce9bfd450'),
 ('232', '60', '56', '5', '1', NULL, '2017-05-11 14:06:53', '2017-06-01 14:38:29', 'd4fca9a8-c118-4a32-9087-67721b94ee88'),
 ('240', '100', '32', '2', '1', NULL, '2017-05-31 19:28:52', '2017-05-31 19:28:52', '84fbb0f8-326b-4350-839f-07dd9b14f57e'),
 ('241', '99', '32', '2', '1', NULL, '2017-05-31 20:01:30', '2017-05-31 20:01:30', '2afde155-78f5-4c7a-b6fa-85bee4fc9c69');



DROP TABLE IF EXISTS `craft_matrixblocktypes`;


--
-- Schema for table `craft_matrixblocktypes`
--
CREATE TABLE `craft_matrixblocktypes` (
  `id` int(11) NOT NULL AUTO_INCREMENT,
  `fieldId` int(11) NOT NULL,
  `fieldLayoutId` int(11) DEFAULT NULL,
  `name` varchar(255) COLLATE utf8_unicode_ci NOT NULL,
  `handle` varchar(255) COLLATE utf8_unicode_ci NOT NULL,
  `sortOrder` smallint(6) unsigned DEFAULT NULL,
  `dateCreated` datetime NOT NULL,
  `dateUpdated` datetime NOT NULL,
  `uid` char(36) COLLATE utf8_unicode_ci NOT NULL DEFAULT '0',
  PRIMARY KEY (`id`),
  UNIQUE KEY `craft_matrixblocktypes_name_fieldId_unq_idx` (`name`,`fieldId`),
  UNIQUE KEY `craft_matrixblocktypes_handle_fieldId_unq_idx` (`handle`,`fieldId`),
  KEY `craft_matrixblocktypes_fieldId_fk` (`fieldId`),
  KEY `craft_matrixblocktypes_fieldLayoutId_fk` (`fieldLayoutId`)
) ENGINE=InnoDB AUTO_INCREMENT=6 DEFAULT CHARSET=utf8 COLLATE=utf8_unicode_ci;

--
-- Data for table `craft_matrixblocktypes`
--

INSERT INTO `craft_matrixblocktypes` (`id`, `fieldId`, `fieldLayoutId`, `name`, `handle`, `sortOrder`, `dateCreated`, `dateUpdated`, `uid`) VALUES
 ('1', '26', '105', 'Social Media Block', 'socialMediaBlock', '1', '2017-03-09 19:13:08', '2017-04-20 19:39:10', '0ba0cdbe-30a5-407d-99f9-efde80cef7bf'),
 ('2', '32', '89', 'Ad Unit', 'adUnits', '1', '2017-03-12 16:04:49', '2017-04-15 14:02:06', '96ba4f50-6fc1-407d-b237-f99dcca4826b'),
 ('3', '32', '90', 'Ad Bundle', 'adBundle', '2', '2017-03-23 18:31:37', '2017-04-15 14:02:06', '189f41a5-6a45-4cc8-b4b3-c487c56c0d09'),
 ('4', '51', '147', 'FAQs', 'faqs', '1', '2017-05-04 16:52:25', '2017-05-11 14:03:55', '0b422dd4-cef7-4b98-85f9-a5c91e171ec3'),
 ('5', '56', '146', 'Employee Opportunities', 'employeeOpportunities', '1', '2017-05-11 08:03:17', '2017-05-11 08:03:18', '7ad77bb3-852f-433b-8860-1f8c25faa8b7');



DROP TABLE IF EXISTS `craft_matrixcontent_adunit`;


--
-- Schema for table `craft_matrixcontent_adunit`
--
CREATE TABLE `craft_matrixcontent_adunit` (
  `id` int(11) NOT NULL AUTO_INCREMENT,
  `elementId` int(11) NOT NULL,
  `locale` char(12) COLLATE utf8_unicode_ci NOT NULL,
  `field_adUnits_adType` text COLLATE utf8_unicode_ci,
  `field_adUnits_adUnitr` text COLLATE utf8_unicode_ci,
  `field_adUnits_adDescription` text COLLATE utf8_unicode_ci,
  `field_adBundle_bundleName` text COLLATE utf8_unicode_ci,
  `field_adBundle_bundlePrice` text COLLATE utf8_unicode_ci,
  `field_adBundle_bundleDescription` text COLLATE utf8_unicode_ci,
  `dateCreated` datetime NOT NULL,
  `dateUpdated` datetime NOT NULL,
  `uid` char(36) COLLATE utf8_unicode_ci NOT NULL DEFAULT '0',
  PRIMARY KEY (`id`),
  UNIQUE KEY `craft_matrixcontent_adunit_elementId_locale_unq_idx` (`elementId`,`locale`),
  KEY `craft_matrixcontent_adunit_locale_fk` (`locale`)
) ENGINE=InnoDB AUTO_INCREMENT=22 DEFAULT CHARSET=utf8 COLLATE=utf8_unicode_ci;

--
-- Data for table `craft_matrixcontent_adunit`
--

INSERT INTO `craft_matrixcontent_adunit` (`id`, `elementId`, `locale`, `field_adUnits_adType`, `field_adUnits_adUnitr`, `field_adUnits_adDescription`, `field_adBundle_bundleName`, `field_adBundle_bundlePrice`, `field_adBundle_bundleDescription`, `dateCreated`, `dateUpdated`, `uid`) VALUES
 ('2', '72', 'en_us', 'Web Ads', '[{\"col3\":\"728 x 90\",\"col1\":\"$195 still, $215 flash\",\"col2\":\"\",\"col4\":\"Weekly\"},{\"col3\":\"728 x 90 \",\"col1\":\"$650 still, $700 flash\",\"col2\":\"\",\"col4\":\"Monthly\"},{\"col3\":\"960 x 30\",\"col1\":\"$125 still, $150 flash\",\"col2\":\"\",\"col4\":\"Weekly\"},{\"col3\":\"960 x 30\",\"col1\":\"$425 still, $500 flash\",\"col2\":\"\",\"col4\":\"Monthly\"},{\"col3\":\"300 x 250\",\"col1\":\"$175 still, $195 flash\",\"col2\":\"\",\"col4\":\"Weekly\"},{\"col3\":\"300 x 250\",\"col1\":\"$600 still, $650 flash\",\"col2\":\"\",\"col4\":\"Monthly\"},{\"col3\":\"180 x 600\",\"col1\":\"$100 still, $125 flash\",\"col2\":\"\",\"col4\":\"Weekly\"},{\"col3\":\"180 x 600\",\"col1\":\"$350 still, $425 flash\",\"col2\":\"\",\"col4\":\"Monthly\"},{\"col3\":\"120 x 600\",\"col1\":\"$75 still, $100 flash\",\"col2\":\"\",\"col4\":\"Weekly\"},{\"col3\":\"120 x 600\",\"col1\":\"$275 still, $350 flash\",\"col2\":\"\",\"col4\":\"Monthly\"}]', 'Place your ad where the campus and community turns first for breaking news, extended news and entertainment. Each banner ad includes a link to your site, monthly statistics and ad design services.', NULL, NULL, NULL, '2017-03-23 18:10:55', '2017-04-15 20:54:45', '58d90dfb-ed32-43c7-853a-347bbd3bc7a1'),
 ('3', '74', 'en_us', 'Display Ads', '[{\"col3\":\"Full Page\",\"col1\":\"$1,450 (local), $1,100 (campus\\/non-profit)\",\"col2\":\"11\\\" x 21\\\"\"},{\"col3\":\"Front Page\",\"col1\":\"$450 (local), $400 (campus\\/non-profit)\",\"col2\":\"11\\\" x 3\\\"\"},{\"col3\":\"2\\/3 Page\",\"col1\":\"$975 (local), $735 (campus\\/non-profit)\",\"col2\":\"7.23\\\" x 21\\\"\"},{\"col3\":\"1\\/2 Page\",\"col1\":\"$725 (local), $550 (campus\\/non-profit)\",\"col2\":\"11\\\" x 10.5\\\"\"},{\"col3\":\"1\\/4 Page \",\"col1\":\"$375 (local), $275 (campus\\/non-profit)\",\"col2\":\"5.44\\\" x 10.5\\\" \"},{\"col3\":\"1\\/8 Page\",\"col1\":\"$175 (local), $130 (campus\\/non-profit)\",\"col2\":\"5.44\\\" x 5\\\"\"},{\"col3\":\"1\\/16 Page\",\"col1\":\"$75 (local), $55 (campus\\/non-profit)\",\"col2\":\"5.44\\\" x 2\\\" \"}]', 'Ads smaller than 1/16 will run on the classifieds page and are priced on an individual basis', NULL, NULL, NULL, '2017-03-23 18:21:18', '2017-04-14 22:37:18', 'f9c63df7-512f-43c2-aa11-d61d22d9157c'),
 ('4', '75', 'en_us', 'Color Pricing', '[{\"col3\":\"Full Color\",\"col1\":\"$75\",\"col2\":\"\"},{\"col3\":\"Black + 1 Color\",\"col1\":\"$30\",\"col2\":\"\"}]', '', NULL, NULL, NULL, '2017-03-23 18:27:09', '2017-04-14 22:37:18', 'f4345141-5f57-4e5f-904e-8d916a0e4007'),
 ('7', '82', 'en_us', 'asdfgh', '[{\"col3\":\"Full Page Spread\",\"col1\":\"\",\"col2\":\"\",\"col4\":\"\"}]', '', NULL, NULL, NULL, '2017-04-06 19:25:39', '2017-05-31 20:03:29', 'ddb66fcd-7e4d-4a12-85ec-52f760d558df'),
 ('8', '92', 'en_us', 'Sponsored Tweets', '[{\"col3\":\"\",\"col1\":\"$85\\/tweet\",\"col2\":\"\"},{\"col3\":\"\",\"col1\":\"$75\\/tweet (minimum purchase of 4)\",\"col2\":\"\"},{\"col3\":\"\",\"col1\":\"$65\\/tweet (minimum purchase of 8)\",\"col2\":\"\"}]', 'Kentwired currently has more than 9,100 followers on its Twitter account. Sponsored tweets can be purchased for any time of day, any day of the week. Limit of one sponsored tweet per day and a maximum of four per week. Tweets may contain up to 131 characters and must include “SPONSORED.” Including hashtags and mentions aid in building traffic and engagement. Tweets may also include creative and/or photos. Monthly statistics will be sent to all advertisers. ', NULL, NULL, NULL, '2017-04-13 20:31:54', '2017-04-14 22:28:27', '2a7ad9b3-b2c4-403d-9d05-e5dc628cdd0c'),
 ('9', '97', 'en_us', 'TV 2 Productions', '[{\"col3\":\"\",\"col1\":\"\",\"col2\":\"\"},{\"col3\":\"\",\"col1\":\"\",\"col2\":\"\"}]', '', NULL, NULL, NULL, '2017-04-13 20:37:01', '2017-04-13 20:37:01', 'd8736285-7bca-42cb-a340-fb93daefe0c5'),
 ('10', '98', 'en_us', 'BSR Mobile DJ', '[{\"col3\":\"\",\"col1\":\"\",\"col2\":\"\"}]', '', NULL, NULL, NULL, '2017-04-13 20:37:01', '2017-04-13 20:37:01', '0e055e16-72c0-41f0-86e9-64e6bdcf5e64'),
 ('11', '104', 'en_us', NULL, NULL, NULL, 'Print, TV & Radio', '$325', '<ul><li>Two 1/16-page full color ads in The Kent Stater for two days.</li><li>Twenty 10-second live-reads with your business\' logo shown on TV2 within two weeks</li><li>Sixty 10-second live-reads on Black Squirrel Radio within one month.</li></ul>', '2017-04-13 20:45:00', '2017-04-14 21:46:25', '38efb513-cdfa-42ae-a02d-13919bf7f28d'),
 ('12', '105', 'en_us', NULL, NULL, NULL, 'Print, Web, & Radio', '$375', '<ul><li>A 1/8-page full color ad in The Kent Stater for one day.</li><li>A 300x250 box ad on Kentwired.com for one week.</li><li>Sixty 10-second live-reads on Black Squirrel Radio within one month.</li></ul>', '2017-04-14 21:45:58', '2017-04-14 21:46:25', '3b7283bd-bca2-427d-a5ee-214d8aac143b'),
 ('13', '106', 'en_us', NULL, NULL, NULL, 'Print, Web, & Twitter', '$425', '<ul><li>A 1/8-page full color ad in The Kent Stater for one day.</li><li>A 300x250 box ad on Kentwired.com for one week.</li><li>One sponsored tweet on the @Kentwired handle.</li></ul>', '2017-04-14 21:45:58', '2017-04-14 21:46:25', 'e2bbafb0-0ae5-4659-ac1a-134012fb84b5'),
 ('14', '107', 'en_us', NULL, NULL, NULL, 'Print, Web, & Twitter Deluxe', '$525', '<ul><li>A 1/4-page full color ad in The Kent Stater for one day.</li><li>A 728x90 banner ad on Kentwired.com for one week.</li><li>One sponsored tweet on the @Kentwired handle.</li></ul>', '2017-04-14 21:45:58', '2017-04-14 21:46:25', '4ef5fe35-bce8-48f0-88f8-dc41a6fd5499'),
 ('15', '108', 'en_us', NULL, NULL, NULL, 'Print, Web, Twitter & Radio', '$575', '<ul><li>A 1/4-page full color ad in The Kent Stater for one day. </li><li>A 728x90 banner on Kentwired.com for one week.</li><li>One sponsored tweet on the @Kentwired handle</li><li>Sixty 10-second live-reads on Black Squirrel Radio within one month.</li></ul>', '2017-04-14 21:45:58', '2017-04-14 21:46:25', '18f7101d-08ca-41c6-9084-dac70d5a521b'),
 ('16', '109', 'en_us', NULL, NULL, NULL, 'Print, Web, Twitter, Radio & TV', '$625', '<ul><li>A 1/4-page full color ad in The Kent Stater for one day.</li><li>A 728x90 banner ad on Kentwired.com for one week.</li><li>One sponsored tweet on the @Kentwired handle</li><li>Sixty 10-second live-reads on Black Squirrel Radio within one month.</li></ul>', '2017-04-14 21:45:58', '2017-04-14 21:46:25', 'cd2b5a2b-d4b1-4498-b326-9060103ec676'),
 ('17', '110', 'en_us', 'Rental Listings', '[{\"col3\":\"Rental Listings\",\"col1\":\"$75\\/month\",\"col2\":\"\"}]', 'Fill your vacancies faster with a Kentcribs listing. The listing showcases your property with unlimited photos and narrative. Prospective tenants can also email or call you directly from a mobile device. Listings include: • Name • Phone • Address • Email • Web link • Photos • Price/month/unit • Apartment type • # rooms & baths • Amenities • Floor plans • Map • Unlimited narrative • Distance from KSU Student Center', NULL, NULL, NULL, '2017-04-14 21:49:58', '2017-04-14 21:50:44', 'a1d926f1-a60e-4321-95cf-6d717825197e'),
 ('18', '111', 'en_us', 'Video Pre-Roll', '[{\"col3\":\"\",\"col1\":\"$125\",\"col2\":\"\",\"col4\":\"Weekly\"},{\"col3\":\"\",\"col1\":\"$450\",\"col2\":\"\",\"col4\":\"Monthly\"}]', 'Fifteen-second commercial or video prior to TV2 videos on Kentwired.com. We offer production services if required. Please see page 17 for pricing and more information.', NULL, NULL, NULL, '2017-04-14 21:58:18', '2017-04-15 20:54:45', 'cffe6f16-f09f-4041-b60d-6832dbc8c3e0'),
 ('19', '112', 'en_us', 'Inserts & Post-its', '[{\"col3\":\"Single-Page Insert\",\"col1\":\"$450\",\"col2\":\"\"},{\"col3\":\"Multi-Page Insert\",\"col1\":\"$500\",\"col2\":\"\"},{\"col3\":\"3\\\"x3\\\" or 4\\\"x5\\\" Post-it\",\"col1\":\"$600\",\"col2\":\"\"}]', 'Post-Its must be printed in a fan-fold and boxed. The unwind direction must be #1 or #3. Insert/Post-it sample must be submitted to Kent State Student Media for approval. Inserts/Post-its must be printed by the client and shipped directly to the printer at least one week prior to insertion. Inserts and Post-Its are within every copy of The Kent Stater. Advertisers should print and ship 6,750 total. Kent State Student Media can arrange the printing of the Post-Its for advertisers for an additional $75. Please ship directly to: Midwest Offset 629 Wabash Avenue NW New Philadelphia, Ohio 44663 800-837-8666', NULL, NULL, NULL, '2017-04-14 22:37:18', '2017-04-14 22:37:18', 'a8f3ab3e-ef07-4661-b92d-c90cc3034378'),
 ('20', '240', 'en_us', 'Commercial Spot', '[{\"col3\":\"30 seconds\",\"col1\":\"#30\",\"col2\":\"fsfs\",\"col4\":\"fdsfsd\"}]', 'fdsfdsfdsfds', NULL, NULL, NULL, '2017-05-31 19:28:52', '2017-05-31 19:28:52', 'fbe6a19f-ff27-40d0-85aa-e3537f480ff6'),
 ('21', '241', 'en_us', 'Commercial Spot', '[{\"col3\":\"30 seconds\",\"col1\":\"100000000\",\"col2\":\"\",\"col4\":\"\"}]', 'This is an awesome radio spot.', NULL, NULL, NULL, '2017-05-31 20:01:30', '2017-05-31 20:01:30', '1d044334-0408-45df-b25c-59eb606865d2');



DROP TABLE IF EXISTS `craft_matrixcontent_faq`;


--
-- Schema for table `craft_matrixcontent_faq`
--
CREATE TABLE `craft_matrixcontent_faq` (
  `id` int(11) NOT NULL AUTO_INCREMENT,
  `elementId` int(11) NOT NULL,
  `locale` char(12) COLLATE utf8_unicode_ci NOT NULL,
  `field_faqs_question` text COLLATE utf8_unicode_ci,
  `field_faqs_answer` text COLLATE utf8_unicode_ci,
  `dateCreated` datetime NOT NULL,
  `dateUpdated` datetime NOT NULL,
  `uid` char(36) COLLATE utf8_unicode_ci NOT NULL DEFAULT '0',
  PRIMARY KEY (`id`),
  UNIQUE KEY `craft_matrixcontent_faq_elementId_locale_unq_idx` (`elementId`,`locale`),
  KEY `craft_matrixcontent_faq_locale_idx` (`locale`)
) ENGINE=InnoDB AUTO_INCREMENT=2 DEFAULT CHARSET=utf8 COLLATE=utf8_unicode_ci;

--
-- Data for table `craft_matrixcontent_faq`
--

INSERT INTO `craft_matrixcontent_faq` (`id`, `elementId`, `locale`, `field_faqs_question`, `field_faqs_answer`, `dateCreated`, `dateUpdated`, `uid`) VALUES
 ('1', '231', 'en_us', 'How can I become a student media leader?', '<p>There are a few requirements a student must meet to become a student media leader...</p>', '2017-05-11 03:35:13', '2017-06-01 14:38:29', '0629520b-f544-4c06-b6b8-4fe0461e7ee4');



DROP TABLE IF EXISTS `craft_matrixcontent_socialmedia`;


--
-- Schema for table `craft_matrixcontent_socialmedia`
--
CREATE TABLE `craft_matrixcontent_socialmedia` (
  `id` int(11) NOT NULL AUTO_INCREMENT,
  `elementId` int(11) NOT NULL,
  `locale` char(12) COLLATE utf8_unicode_ci NOT NULL,
  `field_socialMediaBlock_socialName` varchar(255) COLLATE utf8_unicode_ci DEFAULT NULL,
  `field_socialMediaBlock_address` text COLLATE utf8_unicode_ci,
  `dateCreated` datetime NOT NULL,
  `dateUpdated` datetime NOT NULL,
  `uid` char(36) COLLATE utf8_unicode_ci NOT NULL DEFAULT '0',
  PRIMARY KEY (`id`),
  UNIQUE KEY `craft_matrixcontent_socialmedia_elementId_locale_unq_idx` (`elementId`,`locale`),
  KEY `craft_matrixcontent_socialmedia_locale_fk` (`locale`)
) ENGINE=InnoDB AUTO_INCREMENT=40 DEFAULT CHARSET=utf8 COLLATE=utf8_unicode_ci;

--
-- Data for table `craft_matrixcontent_socialmedia`
--

INSERT INTO `craft_matrixcontent_socialmedia` (`id`, `elementId`, `locale`, `field_socialMediaBlock_socialName`, `field_socialMediaBlock_address`, `dateCreated`, `dateUpdated`, `uid`) VALUES
 ('1', '37', 'en_us', 'twitter', 'http://www.twitter.com/ksuif', '2017-03-10 16:00:22', '2017-05-11 18:30:18', 'c521d45e-0f84-4da3-98d0-4e3f0184da98'),
 ('2', '129', 'en_us', 'facebook', 'https://www.facebook.com/lunanegramag/', '2017-04-20 19:32:21', '2017-06-01 18:46:27', '27ea0e18-02c3-46b4-92f7-9b9f65684dc3'),
 ('3', '130', 'en_us', 'instagram', 'https://www.instagram.com/lunanegramagazine/', '2017-04-20 19:32:21', '2017-06-01 18:46:27', '685fb414-96df-4cba-8e6d-86e4407f3b43'),
 ('4', '131', 'en_us', 'twitter', 'https://twitter.com/lunanegramag', '2017-04-20 19:32:21', '2017-06-01 18:46:27', 'bd39c007-b7af-4b8f-9eb0-6b760726dd5b'),
 ('5', '132', 'en_us', 'website', 'http://www.lunanegramag.com/', '2017-04-20 19:32:42', '2017-06-01 18:46:27', 'fd39789d-f437-49fe-9ffc-ba78a8224093'),
 ('6', '133', 'en_us', 'instagram', 'https://www.instagram.com/uhurumag/', '2017-04-20 19:35:15', '2017-05-11 18:32:04', 'ff9ff779-621d-45d9-be4a-08099b125504'),
 ('7', '134', 'en_us', 'twitter', 'https://twitter.com/UhuruMag', '2017-04-20 19:35:15', '2017-05-11 18:32:04', 'ca33fe6f-df6e-4e85-abc4-7a8170a24955'),
 ('8', '135', 'en_us', 'facebook', 'https://facebook.com/uhurumagazine/', '2017-04-20 19:35:15', '2017-05-11 18:32:04', 'e7e74b24-e676-4417-8cef-d52c67c3aac6'),
 ('9', '136', 'en_us', 'website', 'Uhurumag.com', '2017-04-20 19:35:15', '2017-05-11 18:32:04', 'be6325b9-5535-48cc-a10f-170a62cc46a0'),
 ('10', '137', 'en_us', 'twitter', 'https://twitter.com/ohiofusion', '2017-04-20 19:36:29', '2017-05-11 03:27:21', '735fa089-4560-4931-be4b-a99821e7ec46'),
 ('11', '138', 'en_us', 'facebook', 'https://facebook.com/ohiofusion/', '2017-04-20 19:36:29', '2017-05-11 03:27:21', 'f207b618-fc6e-42ec-8021-ef23195752fa'),
 ('12', '139', 'en_us', 'website', 'http://ohiofusion.com/', '2017-04-20 19:36:29', '2017-05-11 03:27:21', 'a62ca5da-bc4d-4557-a01c-1ddd8a102ed7'),
 ('13', '140', 'en_us', 'instagram', 'https://www.instagram.com/amagksu/', '2017-04-20 19:37:56', '2017-06-01 18:43:57', 'c0158e9c-055c-455a-b9a5-63839dac4849'),
 ('14', '141', 'en_us', 'twitter', 'https://twitter.com/AMagKSU', '2017-04-20 19:37:56', '2017-06-01 18:43:57', '320c1c5f-f936-4e2b-bcda-6b51ae247d66'),
 ('15', '142', 'en_us', 'facebook', ' http://facebook.com/amagksu/', '2017-04-20 19:37:56', '2017-06-01 18:43:57', 'fc6af69c-3013-4974-a279-bf6f3af29bf0'),
 ('16', '143', 'en_us', 'website', 'http://theamag.com/', '2017-04-20 19:37:56', '2017-06-01 18:43:57', 'c1714dd3-9a14-4be6-baa4-3b49a3dd47e6'),
 ('18', '145', 'en_us', 'instagram', 'https://www.instagram.com/theburrmagazine/', '2017-04-20 19:40:18', '2017-05-11 18:34:23', 'cc8a627a-b990-4885-9faf-62ef2f4af13b'),
 ('19', '146', 'en_us', 'twitter', 'https://twitter.com/TheBurrMagazine', '2017-04-20 19:40:18', '2017-05-11 18:34:23', '0d6c350d-6acc-4a92-a480-2c1993441a88'),
 ('20', '147', 'en_us', 'facebook', 'https://facebook.com/theburrmagazine/', '2017-04-20 19:40:18', '2017-05-11 18:34:23', 'a146e38b-7211-4cdf-8f04-eec4e83f2cb4'),
 ('21', '148', 'en_us', 'website', 'http://theburr.com/', '2017-04-20 19:40:18', '2017-05-11 18:34:23', '96009bd8-2e34-4a94-bcd4-8b5fec54360c'),
 ('22', '149', 'en_us', 'instagram', 'https://www.instagram.com/kentwired/', '2017-04-20 19:41:17', '2017-05-11 18:30:51', 'a6a79617-d8a2-44e9-9c28-86b8f3b718ed'),
 ('23', '150', 'en_us', 'twitter', 'https://twitter.com/kentwired', '2017-04-20 19:41:17', '2017-05-11 18:30:51', '35e8592f-3c7b-4de9-9ef7-7ad272a37237'),
 ('24', '151', 'en_us', 'facebook', 'https://www.facebook.com/KentWired/', '2017-04-20 19:42:23', '2017-05-11 18:30:51', '02b4d44a-0024-4ba5-970d-afe24bf85718'),
 ('25', '152', 'en_us', 'website', 'http://www.kentwired.com/', '2017-04-20 19:42:23', '2017-05-11 18:30:51', '3529044e-3ac1-4696-b1b9-4792a39eedcd'),
 ('26', '153', 'en_us', 'instagram', 'https://www.instagram.com/tv2ksu/', '2017-04-20 19:43:14', '2017-05-31 19:59:52', 'd2ea9303-5d57-4d7e-9227-a884e203b765'),
 ('27', '154', 'en_us', 'twitter', 'https://twitter.com/TV2KSU', '2017-04-20 19:43:14', '2017-05-31 19:59:52', '1f1da943-922a-498f-99b7-3ee18e8239cd'),
 ('28', '155', 'en_us', 'facebook', 'https://www.facebook.com/tv2ksu/', '2017-04-20 19:43:14', '2017-05-31 19:59:52', '8738b586-893e-4068-9637-cdf31c6cbd8e'),
 ('29', '156', 'en_us', 'instagram', 'https://www.instagram.com/bsrkent/', '2017-04-20 19:44:16', '2017-05-28 23:21:44', '625fe1e5-756d-4651-b1ca-5cc026e8f78d'),
 ('30', '157', 'en_us', 'twitter', ' https://twitter.com/BSRKent', '2017-04-20 19:44:16', '2017-05-28 23:21:44', '29d8a881-2736-4260-8521-a25790223459'),
 ('31', '158', 'en_us', 'facebook', 'https://www.facebook.com/blacksquirrelradio/', '2017-04-20 19:44:16', '2017-05-28 23:21:44', '32994c15-9595-4957-aa75-593fa8c1d0a2'),
 ('32', '159', 'en_us', 'website', 'http://blacksquirrelradio.com/', '2017-04-20 19:44:16', '2017-05-28 23:21:44', '272dbc6d-adc8-42bc-9880-cc5026b46e27'),
 ('33', '222', 'en_us', 'website', 'http://www.kentwired.com/tv2/', '2017-05-11 02:34:14', '2017-05-31 19:59:53', '9e8afce6-3129-4ad2-ae10-b64b8ffed06e'),
 ('34', '225', 'en_us', 'facebook', 'https://www.facebook.com/ksuindependentfilms/', '2017-05-11 02:41:50', '2017-05-11 18:30:18', 'c782a335-0942-4448-ae7f-9e25dec11f09'),
 ('35', '226', 'en_us', 'website', 'http://kentstatefilms.com/', '2017-05-11 02:41:50', '2017-05-11 18:30:18', 'f09c4762-7d60-4f41-a07b-bf625ef26400'),
 ('36', '227', 'en_us', 'twitter', ' https://twitter.com/kentwired', '2017-05-11 02:54:26', '2017-05-11 18:35:57', 'aa59bd47-2ea4-4416-92f0-ec9aaff2da81'),
 ('37', '228', 'en_us', 'instagram', 'https://www.instagram.com/kentwired/', '2017-05-11 02:54:26', '2017-05-11 18:35:57', '1553b388-1d17-454e-b7b4-f12a40ddd3fe'),
 ('38', '229', 'en_us', 'facebook', 'https://www.facebook.com/KentWired/', '2017-05-11 02:54:26', '2017-05-11 18:35:57', 'a1de9153-4dfe-4a6b-9b83-bd6275bfeec4'),
 ('39', '230', 'en_us', 'website', 'http://www.kentwired.com/', '2017-05-11 02:54:26', '2017-05-11 18:35:57', '2ca3200e-1ec8-49b7-839f-ac8181b32dd9');



DROP TABLE IF EXISTS `craft_matrixcontent_studentemployeeopportunities`;


--
-- Schema for table `craft_matrixcontent_studentemployeeopportunities`
--
CREATE TABLE `craft_matrixcontent_studentemployeeopportunities` (
  `id` int(11) NOT NULL AUTO_INCREMENT,
  `elementId` int(11) NOT NULL,
  `locale` char(12) COLLATE utf8_unicode_ci NOT NULL,
  `field_employeeOpportunities_hiring` text COLLATE utf8_unicode_ci,
  `field_employeeOpportunities_position` text COLLATE utf8_unicode_ci,
  `field_employeeOpportunities_positionDescription` text COLLATE utf8_unicode_ci,
  `field_employeeOpportunities_contactInformation` text COLLATE utf8_unicode_ci,
  `dateCreated` datetime NOT NULL,
  `dateUpdated` datetime NOT NULL,
  `uid` char(36) COLLATE utf8_unicode_ci NOT NULL DEFAULT '0',
  PRIMARY KEY (`id`),
  UNIQUE KEY `craf_matrixconte_studentemployeeopportuni_elementI_local_unq_idx` (`elementId`,`locale`),
  KEY `craft_matrixcontent_studentemployeeopportunities_locale_fk` (`locale`)
) ENGINE=InnoDB AUTO_INCREMENT=2 DEFAULT CHARSET=utf8 COLLATE=utf8_unicode_ci;

--
-- Data for table `craft_matrixcontent_studentemployeeopportunities`
--

INSERT INTO `craft_matrixcontent_studentemployeeopportunities` (`id`, `elementId`, `locale`, `field_employeeOpportunities_hiring`, `field_employeeOpportunities_position`, `field_employeeOpportunities_positionDescription`, `field_employeeOpportunities_contactInformation`, `dateCreated`, `dateUpdated`, `uid`) VALUES
 ('1', '232', 'en_us', 'A Magazine', 'Graphic Designer', 'description', 'Mary Smith', '2017-05-11 14:06:53', '2017-06-01 14:38:29', '611fdb19-19d4-49ac-a429-d523fcc25766');



DROP TABLE IF EXISTS `craft_migrations`;


--
-- Schema for table `craft_migrations`
--
CREATE TABLE `craft_migrations` (
  `id` int(11) NOT NULL AUTO_INCREMENT,
  `pluginId` int(11) DEFAULT NULL,
  `version` varchar(255) COLLATE utf8_unicode_ci NOT NULL,
  `applyTime` datetime NOT NULL,
  `dateCreated` datetime NOT NULL,
  `dateUpdated` datetime NOT NULL,
  `uid` char(36) COLLATE utf8_unicode_ci NOT NULL DEFAULT '0',
  PRIMARY KEY (`id`),
  UNIQUE KEY `craft_migrations_version_unq_idx` (`version`),
  KEY `craft_migrations_pluginId_fk` (`pluginId`)
) ENGINE=InnoDB AUTO_INCREMENT=76 DEFAULT CHARSET=utf8 COLLATE=utf8_unicode_ci;

--
-- Data for table `craft_migrations`
--

INSERT INTO `craft_migrations` (`id`, `pluginId`, `version`, `applyTime`, `dateCreated`, `dateUpdated`, `uid`) VALUES
 ('1', NULL, 'm000000_000000_base', '2017-01-12 16:12:57', '2017-01-12 16:12:57', '2017-01-12 16:12:57', '91e16ad1-b897-4dbf-ad22-4df5c618ef0e'),
 ('2', NULL, 'm140730_000001_add_filename_and_format_to_transformindex', '2017-01-12 16:12:57', '2017-01-12 16:12:57', '2017-01-12 16:12:57', '3834a676-85d2-40a6-9cb6-714433ebe7f4'),
 ('3', NULL, 'm140815_000001_add_format_to_transforms', '2017-01-12 16:12:57', '2017-01-12 16:12:57', '2017-01-12 16:12:57', '7c0eaa02-1f9e-4f69-83ff-f8fa0c1b2468'),
 ('4', NULL, 'm140822_000001_allow_more_than_128_items_per_field', '2017-01-12 16:12:57', '2017-01-12 16:12:57', '2017-01-12 16:12:57', '107c486f-16dd-4526-ba7a-b1428c0db179'),
 ('5', NULL, 'm140829_000001_single_title_formats', '2017-01-12 16:12:57', '2017-01-12 16:12:57', '2017-01-12 16:12:57', '66b60d56-c6f3-43ef-a855-9fdef575d2d1'),
 ('6', NULL, 'm140831_000001_extended_cache_keys', '2017-01-12 16:12:57', '2017-01-12 16:12:57', '2017-01-12 16:12:57', '454f04d3-0538-4d29-8358-4dd650c0ae15'),
 ('7', NULL, 'm140922_000001_delete_orphaned_matrix_blocks', '2017-01-12 16:12:57', '2017-01-12 16:12:57', '2017-01-12 16:12:57', '825e31da-2b56-470f-91bf-fad64cfea5f7'),
 ('8', NULL, 'm141008_000001_elements_index_tune', '2017-01-12 16:12:57', '2017-01-12 16:12:57', '2017-01-12 16:12:57', '5994e366-52ad-4d43-b898-7d1ccecfab27'),
 ('9', NULL, 'm141009_000001_assets_source_handle', '2017-01-12 16:12:57', '2017-01-12 16:12:57', '2017-01-12 16:12:57', '7039ac1e-b619-4e34-b440-41c6f42c1b7b'),
 ('10', NULL, 'm141024_000001_field_layout_tabs', '2017-01-12 16:12:57', '2017-01-12 16:12:57', '2017-01-12 16:12:57', 'bbf7df93-141c-409d-ace8-4e28a6f7afc4'),
 ('11', NULL, 'm141030_000000_plugin_schema_versions', '2017-01-12 16:12:57', '2017-01-12 16:12:57', '2017-01-12 16:12:57', '360a98a6-033e-4a06-8b19-7b7615ba0641'),
 ('12', NULL, 'm141030_000001_drop_structure_move_permission', '2017-01-12 16:12:57', '2017-01-12 16:12:57', '2017-01-12 16:12:57', '980d157d-0394-4716-9120-4a89c8647e99'),
 ('13', NULL, 'm141103_000001_tag_titles', '2017-01-12 16:12:57', '2017-01-12 16:12:57', '2017-01-12 16:12:57', '6c9d3c79-134d-4dfd-a7a7-3f5ffe7eaf1a'),
 ('14', NULL, 'm141109_000001_user_status_shuffle', '2017-01-12 16:12:57', '2017-01-12 16:12:57', '2017-01-12 16:12:57', '2b19c591-ab1e-4733-b842-37aa37e46ba0'),
 ('15', NULL, 'm141126_000001_user_week_start_day', '2017-01-12 16:12:57', '2017-01-12 16:12:57', '2017-01-12 16:12:57', '57a58b97-4434-4d64-abd7-73bd2b2d606e'),
 ('16', NULL, 'm150210_000001_adjust_user_photo_size', '2017-01-12 16:12:57', '2017-01-12 16:12:57', '2017-01-12 16:12:57', 'cc68c40a-c3fc-4f0a-9ece-3702990b8f31'),
 ('17', NULL, 'm150724_000001_adjust_quality_settings', '2017-01-12 16:12:57', '2017-01-12 16:12:57', '2017-01-12 16:12:57', '848e920d-5137-490a-981f-1a305f28c15d'),
 ('18', NULL, 'm150827_000000_element_index_settings', '2017-01-12 16:12:57', '2017-01-12 16:12:57', '2017-01-12 16:12:57', '191a0e00-ee87-4c97-b088-7c8285a1dcff'),
 ('19', NULL, 'm150918_000001_add_colspan_to_widgets', '2017-01-12 16:12:57', '2017-01-12 16:12:57', '2017-01-12 16:12:57', 'f5ba1e04-dd3e-4ec5-a851-28acfc34dbb7'),
 ('20', NULL, 'm151007_000000_clear_asset_caches', '2017-01-12 16:12:57', '2017-01-12 16:12:57', '2017-01-12 16:12:57', '0f81c12a-8e3a-48ae-9abf-20a4db42893d'),
 ('21', NULL, 'm151109_000000_text_url_formats', '2017-01-12 16:12:57', '2017-01-12 16:12:57', '2017-01-12 16:12:57', 'dec6df46-1104-4c50-9d6b-2a88ffc6788a'),
 ('22', NULL, 'm151110_000000_move_logo', '2017-01-12 16:12:57', '2017-01-12 16:12:57', '2017-01-12 16:12:57', 'c6941b79-5f3f-4ea0-aa69-5d474a8b08d2'),
 ('23', NULL, 'm151117_000000_adjust_image_widthheight', '2017-01-12 16:12:57', '2017-01-12 16:12:57', '2017-01-12 16:12:57', '0da994c1-2abd-479d-92c3-335938bc9c5b'),
 ('24', NULL, 'm151127_000000_clear_license_key_status', '2017-01-12 16:12:57', '2017-01-12 16:12:57', '2017-01-12 16:12:57', '7ca20b44-3cac-49bb-aab9-a566184f9e73'),
 ('25', NULL, 'm151127_000000_plugin_license_keys', '2017-01-12 16:12:57', '2017-01-12 16:12:57', '2017-01-12 16:12:57', 'd7073576-b4e0-4e07-aa86-460811d48cce'),
 ('26', NULL, 'm151130_000000_update_pt_widget_feeds', '2017-01-12 16:12:57', '2017-01-12 16:12:57', '2017-01-12 16:12:57', '740d17da-31e4-4952-9e70-da6a977a6c94'),
 ('27', NULL, 'm160114_000000_asset_sources_public_url_default_true', '2017-01-12 16:12:57', '2017-01-12 16:12:57', '2017-01-12 16:12:57', '19873925-1975-460d-a2e8-7b50b39e1fc7'),
 ('28', NULL, 'm160223_000000_sortorder_to_smallint', '2017-01-12 16:12:57', '2017-01-12 16:12:57', '2017-01-12 16:12:57', '9bbba889-e262-48e7-a6d8-e14652a5e7bb'),
 ('29', NULL, 'm160229_000000_set_default_entry_statuses', '2017-01-12 16:12:57', '2017-01-12 16:12:57', '2017-01-12 16:12:57', 'c99666c1-393e-4255-9d91-9b2c921abeba'),
 ('30', NULL, 'm160304_000000_client_permissions', '2017-01-12 16:12:57', '2017-01-12 16:12:57', '2017-01-12 16:12:57', '6ed630bb-8c6a-4e34-a0cb-bc83c9ec2f5e'),
 ('31', NULL, 'm160322_000000_asset_filesize', '2017-01-12 16:12:57', '2017-01-12 16:12:57', '2017-01-12 16:12:57', '5e3541dd-f0f8-4ece-9abf-ae2312d657e9'),
 ('32', NULL, 'm160503_000000_orphaned_fieldlayouts', '2017-01-12 16:12:57', '2017-01-12 16:12:57', '2017-01-12 16:12:57', '62dcbf12-70ae-4ff8-80d0-e927b234bb41'),
 ('33', NULL, 'm160510_000000_tasksettings', '2017-01-12 16:12:57', '2017-01-12 16:12:57', '2017-01-12 16:12:57', '5972fb71-dcea-491d-9fd5-9d594f2c57ac'),
 ('34', NULL, 'm160829_000000_pending_user_content_cleanup', '2017-01-12 16:12:57', '2017-01-12 16:12:57', '2017-01-12 16:12:57', '1b4c93cd-90f8-4448-8b4a-a1d9b3eabe62'),
 ('35', NULL, 'm160830_000000_asset_index_uri_increase', '2017-01-12 16:12:57', '2017-01-12 16:12:57', '2017-01-12 16:12:57', '7fc7191f-48f6-48fa-a71c-7cc041877160'),
 ('36', NULL, 'm160919_000000_usergroup_handle_title_unique', '2017-01-12 16:12:57', '2017-01-12 16:12:57', '2017-01-12 16:12:57', '8d0dadc0-6f36-4805-8ef6-e809a8533306'),
 ('37', NULL, 'm161108_000000_new_version_format', '2017-01-12 16:12:57', '2017-01-12 16:12:57', '2017-01-12 16:12:57', '2d0cdf47-bc06-4b9a-8891-cbec6cafc9bd'),
 ('38', NULL, 'm161109_000000_index_shuffle', '2017-01-12 16:12:57', '2017-01-12 16:12:57', '2017-01-12 16:12:57', '737c8c4e-41c4-4acb-9560-5097aced7499'),
 ('39', '1', 'm150212_145000_AmNav_renamePagesToNodes', '2017-03-02 19:14:23', '2017-03-02 19:14:23', '2017-03-02 19:14:23', '0fa5b51d-eae3-4f17-8406-cf919e68f9ec'),
 ('40', '1', 'm150217_112800_AmNav_expandPageData', '2017-03-02 19:14:23', '2017-03-02 19:14:23', '2017-03-02 19:14:23', '6fb66ea6-4e24-4f75-954d-6600a2b86306'),
 ('41', '1', 'm150403_093000_AmNav_nodesWithElements', '2017-03-02 19:14:23', '2017-03-02 19:14:23', '2017-03-02 19:14:23', '6919ec6a-35f2-426c-8b52-2b523e236dd6'),
 ('42', '1', 'm150512_105600_AmNav_addOptionalClass', '2017-03-02 19:14:23', '2017-03-02 19:14:23', '2017-03-02 19:14:23', '8afbfd3e-c56f-46e7-bdd1-528874afd1e9'),
 ('43', '3', 'm150314_144609_cpNav_addUrlSupport', '2017-04-10 18:39:31', '2017-04-10 18:39:31', '2017-04-10 18:39:31', '902c62a7-792a-4593-86de-faad43d7e8c3'),
 ('44', '3', 'm150314_144610_cpNav_addPrevUrlSupport', '2017-04-10 18:39:31', '2017-04-10 18:39:31', '2017-04-10 18:39:31', '071dab18-6111-4aac-bc66-b1e7d1759570'),
 ('45', '3', 'm150314_144611_cpNav_addManualNavItemSupport', '2017-04-10 18:39:31', '2017-04-10 18:39:31', '2017-04-10 18:39:31', 'e256a86a-e781-467c-b332-2c33ed2f9ad8'),
 ('46', '3', 'm150314_144615_cpNav_layouts', '2017-04-10 18:39:31', '2017-04-10 18:39:31', '2017-04-10 18:39:31', '53db37bf-5514-4579-a081-fb11cc544408'),
 ('47', '3', 'm150321_144616_cpNav_newWindow', '2017-04-10 18:39:31', '2017-04-10 18:39:31', '2017-04-10 18:39:31', '9d307316-c246-461c-88c0-358cd36df864'),
 ('48', '3', 'm151126_144611_cpNav_addIconSupport', '2017-04-10 18:39:31', '2017-04-10 18:39:31', '2017-04-10 18:39:31', 'd59431dd-7578-442f-965e-3fa20eb14b21'),
 ('49', '3', 'm151224_144611_cpNav_populateIcons', '2017-04-10 18:39:31', '2017-04-10 18:39:31', '2017-04-10 18:39:31', '494a58a8-4a94-4a32-84b7-c69a09625869'),
 ('50', '3', 'm160625_000000_cpNav_addCustomIconSupport', '2017-04-10 18:39:31', '2017-04-10 18:39:31', '2017-04-10 18:39:31', '386f65c4-8c90-42d4-83d4-087e23293c09'),
 ('51', '6', 'm151225_000000_seomatic_addHumansField', '2017-04-10 18:46:46', '2017-04-10 18:46:46', '2017-04-10 18:46:46', 'c0c8c7b9-b693-4163-abad-feea2c1e160c'),
 ('52', '6', 'm151226_000000_seomatic_addTwitterFacebookFields', '2017-04-10 18:46:46', '2017-04-10 18:46:46', '2017-04-10 18:46:46', 'fc5bc6cb-c90c-421d-b2d7-24e09ca2c603'),
 ('53', '6', 'm160101_000000_seomatic_addRobotsFields', '2017-04-10 18:46:46', '2017-04-10 18:46:46', '2017-04-10 18:46:46', '8125ff82-829d-4235-962e-87cf43476e87'),
 ('54', '6', 'm160111_000000_seomatic_addTitleFields', '2017-04-10 18:46:46', '2017-04-10 18:46:46', '2017-04-10 18:46:46', 'cecfd275-dea9-42d6-8409-bbd28e2ffe48'),
 ('55', '6', 'm160122_000000_seomatic_addTypeFields', '2017-04-10 18:46:46', '2017-04-10 18:46:46', '2017-04-10 18:46:46', 'a4aa4278-3b99-4199-9e7f-f5b7bd0c101c'),
 ('56', '6', 'm160123_000000_seomatic_addOpeningHours', '2017-04-10 18:46:46', '2017-04-10 18:46:46', '2017-04-10 18:46:46', 'bac4596f-b67f-4a95-bd42-48a06aa497b5'),
 ('57', '6', 'm160202_000000_seomatic_addSocialHandles', '2017-04-10 18:46:46', '2017-04-10 18:46:46', '2017-04-10 18:46:46', 'c9dceaee-cac2-4b8c-a146-bfe5fccc08dd'),
 ('58', '6', 'm160204_000000_seomatic_addGoogleAnalytics', '2017-04-10 18:46:46', '2017-04-10 18:46:46', '2017-04-10 18:46:46', 'da17bf4c-12f7-42ac-9893-6e450d3214d8'),
 ('59', '6', 'm160205_000000_seomatic_addResturantMenu', '2017-04-10 18:46:46', '2017-04-10 18:46:46', '2017-04-10 18:46:46', '11e0d09d-4aeb-4877-a0b5-6195a1fa9fa8'),
 ('60', '6', 'm160206_000000_seomatic_addGoogleAnalyticsPlugins', '2017-04-10 18:46:46', '2017-04-10 18:46:46', '2017-04-10 18:46:46', '5ef63e4d-4482-46ca-bbbf-1c5db3f2f82e'),
 ('61', '6', 'm160206_000000_seomatic_addGoogleAnalyticsSendPageView', '2017-04-10 18:46:46', '2017-04-10 18:46:46', '2017-04-10 18:46:46', 'b7b690d9-d5f3-4b12-a883-4b9c11ab3e6d'),
 ('62', '6', 'm160209_000000_seomatic_alterDescriptionsColumns', '2017-04-10 18:46:46', '2017-04-10 18:46:46', '2017-04-10 18:46:46', '86ae6d6f-eeff-45ab-897a-83ec7ebd2ebb'),
 ('63', '6', 'm160209_000001_seomatic_addRobotsTxt', '2017-04-10 18:46:46', '2017-04-10 18:46:46', '2017-04-10 18:46:46', 'c482f955-1689-4c05-a69c-392a5f96e2fb'),
 ('64', '6', 'm160227_000000_seomatic_addFacebookAppId', '2017-04-10 18:46:46', '2017-04-10 18:46:46', '2017-04-10 18:46:46', '31a58e74-382c-48ca-8bd2-dd08b34ed8dc'),
 ('65', '6', 'm160416_000000_seomatic_addContactPoints', '2017-04-10 18:46:46', '2017-04-10 18:46:46', '2017-04-10 18:46:46', '76844d4f-e006-403f-8f23-d9e8b64b6d1d'),
 ('66', '6', 'm160509_000000_seomatic_addSiteLinksBing', '2017-04-10 18:46:46', '2017-04-10 18:46:46', '2017-04-10 18:46:46', 'd580abd5-d2a8-43e0-a3ed-7ed4800d6048'),
 ('67', '6', 'm160707_000000_seomatic_addGoogleTagManager', '2017-04-10 18:46:46', '2017-04-10 18:46:46', '2017-04-10 18:46:46', '83010280-adef-44c8-a3f7-46cab03fb41a'),
 ('68', '6', 'm160715_000000_seomatic_addSeoImageTransforms', '2017-04-10 18:46:46', '2017-04-10 18:46:46', '2017-04-10 18:46:46', '79724a93-fb87-44d0-8c46-64afaac94ee9'),
 ('69', '6', 'm160723_000000_seomatic_addSeoMainEntityOfPage', '2017-04-10 18:46:46', '2017-04-10 18:46:46', '2017-04-10 18:46:46', 'b55830b5-3c7b-465a-8277-94923cbadd7a'),
 ('70', '6', 'm160724_000000_seomatic_addSeoMainEntityCategory', '2017-04-10 18:46:46', '2017-04-10 18:46:46', '2017-04-10 18:46:46', '58de6a96-d87e-489f-8cdd-c8e187802c2a'),
 ('71', '6', 'm160811_000000_seomatic_addVimeo', '2017-04-10 18:46:46', '2017-04-10 18:46:46', '2017-04-10 18:46:46', 'f63484eb-e0b8-4d13-8c0d-092e90b4482b'),
 ('72', '6', 'm160904_000000_seomatic_addTwitterFacebookImages', '2017-04-10 18:46:46', '2017-04-10 18:46:46', '2017-04-10 18:46:46', '30b50396-1ab8-4c3e-a422-62c6e3be51b2'),
 ('73', '6', 'm161220_000000_seomatic_addPriceRange', '2017-04-10 18:46:46', '2017-04-10 18:46:46', '2017-04-10 18:46:46', '7dac8eb8-551c-405d-a8f3-5faee4db126a'),
 ('74', '6', 'm170212_000000_seomatic_addGoogleAnalyticsAnonymizeIp', '2017-04-10 18:46:46', '2017-04-10 18:46:46', '2017-04-10 18:46:46', '3cc5f802-1530-48ad-bff2-437ef5213110'),
 ('75', '6', 'm170212_000000_seomatic_addWikipedia', '2017-04-10 18:46:46', '2017-04-10 18:46:46', '2017-04-10 18:46:46', 'f815659d-7fed-4203-aef6-68049ca4e1b0');



DROP TABLE IF EXISTS `craft_plugins`;


--
-- Schema for table `craft_plugins`
--
CREATE TABLE `craft_plugins` (
  `id` int(11) NOT NULL AUTO_INCREMENT,
  `class` varchar(150) COLLATE utf8_unicode_ci NOT NULL,
  `version` varchar(15) COLLATE utf8_unicode_ci NOT NULL,
  `schemaVersion` varchar(15) COLLATE utf8_unicode_ci DEFAULT NULL,
  `licenseKey` char(24) COLLATE utf8_unicode_ci DEFAULT NULL,
  `licenseKeyStatus` enum('valid','invalid','mismatched','unknown') COLLATE utf8_unicode_ci NOT NULL DEFAULT 'unknown',
  `enabled` tinyint(1) unsigned NOT NULL DEFAULT '0',
  `settings` text COLLATE utf8_unicode_ci,
  `installDate` datetime NOT NULL,
  `dateCreated` datetime NOT NULL,
  `dateUpdated` datetime NOT NULL,
  `uid` char(36) COLLATE utf8_unicode_ci NOT NULL DEFAULT '0',
  PRIMARY KEY (`id`)
) ENGINE=InnoDB AUTO_INCREMENT=7 DEFAULT CHARSET=utf8 COLLATE=utf8_unicode_ci;

--
-- Data for table `craft_plugins`
--

INSERT INTO `craft_plugins` (`id`, `class`, `version`, `schemaVersion`, `licenseKey`, `licenseKeyStatus`, `enabled`, `settings`, `installDate`, `dateCreated`, `dateUpdated`, `uid`) VALUES
 ('1', 'AmNav', '1.8.0', '1.7.4', NULL, 'unknown', '1', '{\"pluginName\":\"Navigation\",\"canDoActions\":\"\",\"quietErrors\":\"\"}', '2017-03-02 19:14:23', '2017-03-02 19:14:23', '2017-06-21 18:10:43', 'b61c1558-46c8-4ba3-9257-bd763f75be03'),
 ('2', 'Adminbar', '2.1.2', '2.0.0', NULL, 'unknown', '1', NULL, '2017-04-10 18:39:28', '2017-04-10 18:39:28', '2017-06-21 18:10:43', 'e8232b6f-334e-42bb-970e-4d1c2a24d9c7'),
 ('3', 'CpNav', '1.7.7', '1.1.0', NULL, 'unknown', '1', NULL, '2017-04-10 18:39:31', '2017-04-10 18:39:31', '2017-06-21 18:10:43', '5a82f925-4bc1-4698-91d5-4c340eee8f07'),
 ('4', 'CpFieldLinks', '1.2.2', '1.0', NULL, 'unknown', '1', NULL, '2017-04-10 18:39:32', '2017-04-10 18:39:32', '2017-06-21 18:10:43', '1d65c8f3-f963-400a-b41c-44e2ec537a11'),
 ('5', 'VideoEmbedUtility', '1.0.0', NULL, NULL, 'unknown', '1', NULL, '2017-04-10 18:39:34', '2017-04-10 18:39:34', '2017-06-21 18:10:43', 'eeee9adb-fcf4-40bd-bf83-42002d1a7c8a'),
 ('6', 'Seomatic', '1.1.46', '1.1.25', NULL, 'unknown', '1', '{\"pluginNameOverride\":\"Search\"}', '2017-04-10 18:46:46', '2017-04-10 18:46:46', '2017-06-21 18:10:43', '209a89f7-f78d-4d54-9b21-53159195ad07');



DROP TABLE IF EXISTS `craft_rackspaceaccess`;


--
-- Schema for table `craft_rackspaceaccess`
--
CREATE TABLE `craft_rackspaceaccess` (
  `id` int(11) NOT NULL AUTO_INCREMENT,
  `connectionKey` varchar(255) COLLATE utf8_unicode_ci NOT NULL,
  `token` varchar(255) COLLATE utf8_unicode_ci NOT NULL,
  `storageUrl` varchar(255) COLLATE utf8_unicode_ci NOT NULL,
  `cdnUrl` varchar(255) COLLATE utf8_unicode_ci NOT NULL,
  `dateCreated` datetime NOT NULL,
  `dateUpdated` datetime NOT NULL,
  `uid` char(36) COLLATE utf8_unicode_ci NOT NULL DEFAULT '0',
  PRIMARY KEY (`id`),
  UNIQUE KEY `craft_rackspaceaccess_connectionKey_unq_idx` (`connectionKey`)
) ENGINE=InnoDB DEFAULT CHARSET=utf8 COLLATE=utf8_unicode_ci;

DROP TABLE IF EXISTS `craft_relations`;


--
-- Schema for table `craft_relations`
--
CREATE TABLE `craft_relations` (
  `id` int(11) NOT NULL AUTO_INCREMENT,
  `fieldId` int(11) NOT NULL,
  `sourceId` int(11) NOT NULL,
  `sourceLocale` char(12) COLLATE utf8_unicode_ci DEFAULT NULL,
  `targetId` int(11) NOT NULL,
  `sortOrder` smallint(6) DEFAULT NULL,
  `dateCreated` datetime NOT NULL,
  `dateUpdated` datetime NOT NULL,
  `uid` char(36) COLLATE utf8_unicode_ci NOT NULL DEFAULT '0',
  PRIMARY KEY (`id`),
  UNIQUE KEY `craft_relations_fieldId_sourceId_sourceLocale_targetId_unq_idx` (`fieldId`,`sourceId`,`sourceLocale`,`targetId`),
  KEY `craft_relations_sourceId_fk` (`sourceId`),
  KEY `craft_relations_sourceLocale_fk` (`sourceLocale`),
  KEY `craft_relations_targetId_fk` (`targetId`)
) ENGINE=InnoDB AUTO_INCREMENT=519 DEFAULT CHARSET=utf8 COLLATE=utf8_unicode_ci;

--
-- Data for table `craft_relations`
--

INSERT INTO `craft_relations` (`id`, `fieldId`, `sourceId`, `sourceLocale`, `targetId`, `sortOrder`, `dateCreated`, `dateUpdated`, `uid`) VALUES
 ('18', '20', '12', NULL, '10', '1', '2017-03-09 02:01:12', '2017-03-09 02:01:12', 'a5cc5f40-dcfe-4197-8707-5e36dac6b531'),
 ('19', '20', '11', NULL, '10', '1', '2017-03-09 02:01:45', '2017-03-09 02:01:45', 'e466ebb1-7f75-4d6e-afda-9b4d7dca349b'),
 ('124', '14', '5', NULL, '78', '1', '2017-04-10 18:58:43', '2017-04-10 18:58:43', '7ccd98fa-04d2-4dd7-82b0-bc3eae79b2d7'),
 ('125', '46', '5', NULL, '86', '1', '2017-04-10 18:58:43', '2017-04-10 18:58:43', '1b694be5-40d2-41be-a203-d7c93ecf1b6b'),
 ('142', '31', '81', NULL, '68', '1', '2017-04-13 20:33:50', '2017-04-13 20:33:50', '2a892d4a-4f82-4401-a2be-ff8695cec73e'),
 ('148', '31', '94', NULL, '68', '1', '2017-04-13 20:34:19', '2017-04-13 20:34:19', '4a756e80-36e6-4e81-ab25-e695142c80a5'),
 ('149', '20', '94', NULL, '93', '1', '2017-04-13 20:34:19', '2017-04-13 20:34:19', '130c9f20-578a-4a30-b96b-fa34415cd5bb'),
 ('150', '31', '95', NULL, '42', '1', '2017-04-13 20:36:11', '2017-04-13 20:36:11', 'd43975f2-e3ef-42cc-8416-ad7e3f829e57'),
 ('151', '20', '95', NULL, '20', '1', '2017-04-13 20:36:11', '2017-04-13 20:36:11', '176b6191-1075-4f3d-aa2a-5277bf39fc9b'),
 ('152', '39', '42', NULL, '65', '1', '2017-04-13 20:38:00', '2017-04-13 20:38:00', 'e8514ce4-c79e-4473-bafd-6f83b3a17858'),
 ('166', '31', '102', NULL, '69', '1', '2017-04-14 21:50:44', '2017-04-14 21:50:44', 'ff304c31-35b1-4d2c-83aa-3ff3e59c9501'),
 ('167', '20', '102', NULL, '101', '1', '2017-04-14 21:50:44', '2017-04-14 21:50:44', '7dbcdb14-8382-4f90-80c8-99bf3d2a33c5'),
 ('174', '31', '91', NULL, '69', '1', '2017-04-14 22:28:27', '2017-04-14 22:28:27', '37f8720f-cef0-438d-b458-c493e6c626ee'),
 ('175', '31', '73', NULL, '68', '1', '2017-04-14 22:37:18', '2017-04-14 22:37:18', '622b7e91-bcef-43a5-9bde-df62d371a658'),
 ('176', '20', '73', NULL, '15', '1', '2017-04-14 22:37:18', '2017-04-14 22:37:18', 'e4efac26-7407-4d77-a276-3334f8ddd215'),
 ('190', '31', '71', NULL, '69', '1', '2017-04-15 20:54:45', '2017-04-15 20:54:45', '9a82b2ac-d578-4c45-ab61-b5a07780d12a'),
 ('191', '20', '71', NULL, '23', '1', '2017-04-15 20:54:45', '2017-04-15 20:54:45', '69f0a9cb-d57b-4cff-9394-35b19d9ceb32'),
 ('234', '13', '166', NULL, '88', '1', '2017-04-24 17:58:16', '2017-04-24 17:58:16', '7d2ae6f8-6ca3-43ed-a4f7-0c05387140e9'),
 ('241', '13', '160', NULL, '64', '1', '2017-04-26 19:17:16', '2017-04-26 19:17:16', '367467d0-f610-47c3-927f-f5de66b9b390'),
 ('243', '20', '167', NULL, '24', '1', '2017-04-27 15:56:02', '2017-04-27 15:56:02', '8f6d3a92-b73c-4dcd-8c52-6bfc9e20a5a5'),
 ('274', '20', '188', NULL, '21', '1', '2017-05-04 20:43:38', '2017-05-04 20:43:38', '1f2e9793-d25a-4ea7-847a-4cae55f4423c'),
 ('276', '20', '190', NULL, '23', '1', '2017-05-04 20:44:58', '2017-05-04 20:44:58', '4721df07-d205-4a10-8e7f-e919bdd515b7'),
 ('277', '20', '190', NULL, '20', '2', '2017-05-04 20:44:58', '2017-05-04 20:44:58', 'b05c5f0b-d95d-49ad-985a-000421618554'),
 ('278', '20', '190', NULL, '15', '3', '2017-05-04 20:44:58', '2017-05-04 20:44:58', '6c8e2622-86ec-4e99-81a7-ea79f2206cbf'),
 ('283', '20', '196', NULL, '24', '1', '2017-05-04 20:52:14', '2017-05-04 20:52:14', '5b198a99-68ad-4af0-a02c-c1a8f16905c6'),
 ('284', '20', '197', NULL, '20', '1', '2017-05-04 20:54:53', '2017-05-04 20:54:53', 'a47d6ceb-4c2c-4c93-931a-bf245d063303'),
 ('286', '20', '187', NULL, '21', '1', '2017-05-04 20:55:26', '2017-05-04 20:55:26', '8b7aec28-0b20-49aa-bae9-b784213b7cf3'),
 ('292', '20', '199', NULL, '22', '1', '2017-05-04 20:58:52', '2017-05-04 20:58:52', '29804561-5f6e-47dd-9a73-199c866703d2'),
 ('294', '20', '201', NULL, '101', '1', '2017-05-04 21:02:28', '2017-05-04 21:02:28', '88cfab92-2154-4add-ade7-13ef16ad7690'),
 ('296', '19', '45', NULL, '171', '1', '2017-05-04 21:03:34', '2017-05-04 21:03:34', '2bdf7e1e-1a1e-49ee-ae1a-2fa4a87fe048'),
 ('297', '20', '45', NULL, '23', '1', '2017-05-04 21:03:34', '2017-05-04 21:03:34', '634a9b44-7a78-45c5-bebc-4d48916e776e'),
 ('309', '13', '161', NULL, '88', '1', '2017-05-10 21:41:05', '2017-05-10 21:41:05', 'b0b33a01-d1a3-42fd-a936-921e6f6d9d5c'),
 ('310', '49', '161', NULL, '204', '1', '2017-05-10 21:41:05', '2017-05-10 21:41:05', 'c2fcebc9-4e87-4b9c-a0eb-5d34726b2ea7'),
 ('311', '49', '206', NULL, '205', '1', '2017-05-10 21:42:55', '2017-05-10 21:42:55', '7fc4923c-d323-4ace-ac1f-b83341af9631'),
 ('313', '49', '168', NULL, '203', '1', '2017-05-10 21:45:01', '2017-05-10 21:45:01', '321e9266-1cd3-447f-976a-61ccd13ba48d'),
 ('314', '49', '208', NULL, '207', '1', '2017-05-10 21:45:30', '2017-05-10 21:45:30', '870df97a-4be8-4210-ad0f-c8393e544006'),
 ('315', '49', '210', NULL, '209', '1', '2017-05-10 21:46:44', '2017-05-10 21:46:44', '454d6529-13f7-4035-b683-f2e542d41e74'),
 ('316', '49', '212', NULL, '211', '1', '2017-05-10 21:51:09', '2017-05-10 21:51:09', 'd83e41e3-6732-4858-8524-a491d904748a'),
 ('317', '49', '214', NULL, '213', '1', '2017-05-10 21:51:57', '2017-05-10 21:51:57', 'b3bd3b88-83ff-4bf0-82bb-9d4246b61201'),
 ('318', '49', '216', NULL, '215', '1', '2017-05-10 21:53:27', '2017-05-10 21:53:27', '4545fd40-f0b5-4148-80cb-821364001c7f'),
 ('319', '49', '218', NULL, '217', '1', '2017-05-10 21:55:39', '2017-05-10 21:55:39', 'd38ddc23-31e8-47b1-a2ea-811962145c10'),
 ('368', '14', '21', NULL, '49', '1', '2017-05-11 03:27:21', '2017-05-11 03:27:21', 'c753d4fa-8413-48b4-b0c1-27e9202c383a'),
 ('369', '13', '21', NULL, '220', '1', '2017-05-11 03:27:21', '2017-05-11 03:27:21', 'ce649f6e-dadd-4703-933b-6befac04d4a9'),
 ('370', '31', '21', NULL, '68', '1', '2017-05-11 03:27:21', '2017-05-11 03:27:21', '6aa47106-d4cf-46b8-914d-05c66f7131f2'),
 ('400', '13', '58', NULL, '88', '1', '2017-05-11 16:20:51', '2017-05-11 16:20:51', '56a83510-e716-46f2-b7c9-524bfc76c199'),
 ('401', '11', '58', NULL, '166', '1', '2017-05-11 16:20:51', '2017-05-11 16:20:51', 'a4e7fa74-020e-4ddf-a7ce-c5a840d668a0'),
 ('421', '14', '25', NULL, '52', '1', '2017-05-11 18:30:18', '2017-05-11 18:30:18', '131b4e78-dea9-4d06-b639-a3375e3bde3e'),
 ('422', '13', '25', NULL, '90', '1', '2017-05-11 18:30:18', '2017-05-11 18:30:18', 'ce4abc33-661c-48f2-8cc5-7d8dd50c1423'),
 ('423', '31', '25', NULL, '42', '1', '2017-05-11 18:30:18', '2017-05-11 18:30:18', '83fcb375-8eba-400a-8bc6-16d7d5db9292'),
 ('424', '13', '23', NULL, '219', '1', '2017-05-11 18:30:51', '2017-05-11 18:30:51', '71cf7e43-b63e-46e0-a044-ce830dec7d99'),
 ('425', '31', '23', NULL, '69', '1', '2017-05-11 18:30:51', '2017-05-11 18:30:51', '58069a3c-fbfb-4f2b-ae2b-f173c8d321b6'),
 ('429', '14', '22', NULL, '56', '1', '2017-05-11 18:32:04', '2017-05-11 18:32:04', 'f1ab0fb4-bf22-41be-8474-819f2236d4f9'),
 ('430', '13', '22', NULL, '219', '1', '2017-05-11 18:32:04', '2017-05-11 18:32:04', 'b40fd934-544a-4bf3-8075-807f1466a4be'),
 ('431', '31', '22', NULL, '68', '1', '2017-05-11 18:32:04', '2017-05-11 18:32:04', '9a95fe4d-5206-4ab6-99b5-5e39aea9c060'),
 ('435', '14', '14', NULL, '48', '1', '2017-05-11 18:34:23', '2017-05-11 18:34:23', '293594eb-d52c-4269-be3c-48e19dee7d66'),
 ('436', '13', '14', NULL, '88', '1', '2017-05-11 18:34:23', '2017-05-11 18:34:23', '34e48b87-0db3-4069-b9f7-2afd0c4eb91b'),
 ('437', '31', '14', NULL, '68', '1', '2017-05-11 18:34:23', '2017-05-11 18:34:23', '1bd0f3c7-6e72-492b-a3b2-abf5393c682b'),
 ('438', '13', '101', NULL, '220', '1', '2017-05-11 18:34:48', '2017-05-11 18:34:48', 'e8f02bc5-6f36-4a30-9ea4-5e0c71fb7646'),
 ('439', '13', '93', NULL, '233', '1', '2017-05-11 18:34:53', '2017-05-11 18:34:53', '92322cf8-5ba6-4762-892d-be5044d5f6e1'),
 ('440', '31', '93', NULL, '68', '1', '2017-05-11 18:34:53', '2017-05-11 18:34:53', '9a1de788-605c-4a48-bf47-053090e63771'),
 ('441', '14', '15', NULL, '51', '1', '2017-05-11 18:35:57', '2017-05-11 18:35:57', 'de32aba1-0ffb-4d81-8627-1f2ca44229b1'),
 ('442', '13', '15', NULL, '233', '1', '2017-05-11 18:35:57', '2017-05-11 18:35:57', '486908b3-1189-46c0-947a-bb34dae8447c'),
 ('443', '31', '15', NULL, '68', '1', '2017-05-11 18:35:57', '2017-05-11 18:35:57', 'b7fb9f1d-1afd-46e3-99a3-a44d2bb23e3f'),
 ('481', '13', '2', NULL, '237', '1', '2017-05-27 18:34:59', '2017-05-27 18:34:59', 'e6728359-c61a-4b24-a1cd-4b09b8a46d34'),
 ('482', '13', '2', NULL, '236', '2', '2017-05-27 18:34:59', '2017-05-27 18:34:59', 'c7d665f6-7ef6-4edf-a859-ff5b595c8d9f'),
 ('483', '61', '2', NULL, '58', '1', '2017-05-27 18:34:59', '2017-05-27 18:34:59', '22189e2b-6bf3-4326-b14c-9b9bccfd2054'),
 ('484', '62', '2', NULL, '61', '1', '2017-05-27 18:34:59', '2017-05-27 18:34:59', '60ebbe36-f9f2-49f5-b886-05a85e1214d3'),
 ('486', '13', '62', NULL, '64', '1', '2017-05-28 23:11:26', '2017-05-28 23:11:26', 'f87f7475-7d3b-4917-b8de-9350ec1210ac'),
 ('490', '20', '185', NULL, '19', '1', '2017-05-28 23:14:21', '2017-05-28 23:14:21', '7578ef15-2655-4d0b-b65b-52af6254ae91'),
 ('491', '14', '19', NULL, '47', '1', '2017-05-28 23:21:44', '2017-05-28 23:21:44', '25d256f6-92e5-4dd9-8942-bef2d905ab63'),
 ('492', '13', '19', NULL, '236', '1', '2017-05-28 23:21:44', '2017-05-28 23:21:44', '7072465d-a584-4e4e-bfe2-4a20379c6495'),
 ('493', '31', '19', NULL, '42', '1', '2017-05-28 23:21:44', '2017-05-28 23:21:44', '0ea0f5b9-0618-44fc-ac87-519d9bdfa7fc'),
 ('494', '19', '202', NULL, '236', '1', '2017-05-28 23:30:08', '2017-05-28 23:30:08', 'b929a1d3-a0b6-42dc-b553-2f38b33002d6'),
 ('495', '20', '202', NULL, '101', '1', '2017-05-28 23:30:08', '2017-05-28 23:30:08', 'cfcfd5ff-99eb-4cd0-961d-a3280fc15658'),
 ('496', '13', '59', NULL, '88', '1', '2017-05-29 00:04:15', '2017-05-29 00:04:15', 'fdd21fd5-431a-4174-9ccd-c803c39cf443'),
 ('497', '45', '6', NULL, '53', '1', '2017-05-29 00:22:40', '2017-05-29 00:22:40', '2cbd15cb-e42a-4fdb-8f57-1a27c34bb794'),
 ('498', '31', '100', NULL, '42', '1', '2017-05-31 19:28:52', '2017-05-31 19:28:52', 'ca8ac0b8-0e77-41ee-9666-cbe79d1d4a68'),
 ('499', '20', '100', NULL, '25', '1', '2017-05-31 19:28:52', '2017-05-31 19:28:52', '926dbbc8-1fd8-4356-b0b1-c714ed950625'),
 ('500', '31', '99', NULL, '42', '1', '2017-05-31 19:54:57', '2017-05-31 19:54:57', '082ab4b2-73c6-451a-8f0c-167ad572d147'),
 ('503', '14', '20', NULL, '55', '1', '2017-05-31 19:59:52', '2017-05-31 19:59:52', 'ea76ac1e-aa35-446a-9a05-44364b80787f'),
 ('504', '13', '20', NULL, '221', '1', '2017-05-31 19:59:52', '2017-05-31 19:59:52', '451729e2-def9-440d-b4a8-7d2912b15ca0'),
 ('505', '31', '20', NULL, '239', '1', '2017-05-31 19:59:53', '2017-05-31 19:59:53', '85cc8c42-1b9c-44b9-a17f-5f8c51f9df80'),
 ('506', '20', '99', NULL, '19', '1', '2017-05-31 20:01:30', '2017-05-31 20:01:30', '835f6f4d-4eef-4aa4-a608-0492e43aad20'),
 ('507', '20', '81', NULL, '24', '1', '2017-05-31 20:03:29', '2017-05-31 20:03:29', '4b8e3f1d-18ec-4655-b78b-eb409acb10dd'),
 ('508', '20', '81', NULL, '21', '2', '2017-05-31 20:03:29', '2017-05-31 20:03:29', 'b63bacb6-9ef4-40a9-9362-9d4f1ccbc3c6'),
 ('509', '20', '81', NULL, '22', '3', '2017-05-31 20:03:29', '2017-05-31 20:03:29', 'fad9e613-9a58-4b09-91d5-9cb6bfef288d'),
 ('510', '20', '81', NULL, '14', '4', '2017-05-31 20:03:29', '2017-05-31 20:03:29', '7e60fe7d-52b1-4b4d-aad7-9009524a78d5'),
 ('511', '20', '81', NULL, '10', '5', '2017-05-31 20:03:29', '2017-05-31 20:03:29', 'e873685a-ae83-4749-b56b-7987bf979351'),
 ('512', '13', '60', NULL, '236', '1', '2017-06-01 14:38:29', '2017-06-01 14:38:29', '4b221dd6-2124-433d-b3ae-f98c0c630ddd'),
 ('513', '14', '10', NULL, '46', '1', '2017-06-01 18:43:57', '2017-06-01 18:43:57', '20856212-33c3-4ead-8935-b14550e583cb'),
 ('514', '13', '10', NULL, '234', '1', '2017-06-01 18:43:57', '2017-06-01 18:43:57', '1ed677dc-3379-4851-8c9c-d08a0d57e82e'),
 ('515', '31', '10', NULL, '68', '1', '2017-06-01 18:43:57', '2017-06-01 18:43:57', '9ca8d920-b116-4aad-8bdc-48caf20a8c3a'),
 ('516', '14', '24', NULL, '53', '1', '2017-06-01 18:46:27', '2017-06-01 18:46:27', '24200922-50f9-490e-a171-4fc9f0057f54'),
 ('517', '13', '24', NULL, '90', '1', '2017-06-01 18:46:27', '2017-06-01 18:46:27', 'd85870ea-03a0-469d-820a-096b46b55c49'),
 ('518', '31', '24', NULL, '68', '1', '2017-06-01 18:46:27', '2017-06-01 18:46:27', '31749a2a-695c-4de4-ad7a-d808e27ab72e');



DROP TABLE IF EXISTS `craft_routes`;


--
-- Schema for table `craft_routes`
--
CREATE TABLE `craft_routes` (
  `id` int(11) NOT NULL AUTO_INCREMENT,
  `locale` char(12) COLLATE utf8_unicode_ci DEFAULT NULL,
  `urlParts` varchar(255) COLLATE utf8_unicode_ci NOT NULL,
  `urlPattern` varchar(255) COLLATE utf8_unicode_ci NOT NULL,
  `template` varchar(255) COLLATE utf8_unicode_ci NOT NULL,
  `sortOrder` smallint(6) unsigned DEFAULT NULL,
  `dateCreated` datetime NOT NULL,
  `dateUpdated` datetime NOT NULL,
  `uid` char(36) COLLATE utf8_unicode_ci NOT NULL DEFAULT '0',
  PRIMARY KEY (`id`),
  UNIQUE KEY `craft_routes_urlPattern_unq_idx` (`urlPattern`),
  KEY `craft_routes_locale_idx` (`locale`)
) ENGINE=InnoDB DEFAULT CHARSET=utf8 COLLATE=utf8_unicode_ci;

DROP TABLE IF EXISTS `craft_searchindex`;


--
-- Schema for table `craft_searchindex`
--
CREATE TABLE `craft_searchindex` (
  `elementId` int(11) NOT NULL,
  `attribute` varchar(25) COLLATE utf8_unicode_ci NOT NULL,
  `fieldId` int(11) NOT NULL,
  `locale` char(12) COLLATE utf8_unicode_ci NOT NULL,
  `keywords` text COLLATE utf8_unicode_ci NOT NULL,
  PRIMARY KEY (`elementId`,`attribute`,`fieldId`,`locale`),
  FULLTEXT KEY `craft_searchindex_keywords_idx` (`keywords`)
) ENGINE=MyISAM DEFAULT CHARSET=utf8 COLLATE=utf8_unicode_ci;

--
-- Data for table `craft_searchindex`
--

INSERT INTO `craft_searchindex` (`elementId`, `attribute`, `fieldId`, `locale`, `keywords`) VALUES
 ('1', 'username', '0', 'en_us', ' studentmedia '),
 ('1', 'firstname', '0', 'en_us', ''),
 ('1', 'lastname', '0', 'en_us', ''),
 ('1', 'fullname', '0', 'en_us', ''),
 ('1', 'email', '0', 'en_us', ' challahan ideabasekent com '),
 ('1', 'slug', '0', 'en_us', ''),
 ('2', 'slug', '0', 'en_us', ' homepage '),
 ('2', 'title', '0', 'en_us', ' home '),
 ('2', 'field', '1', 'en_us', ' kent state student media is the brand that represents all the broadcast and film print and online content created by kent state students our media partners are independent nationally recognized and nationally award winning every student is invited to come join us and gain a professional practical and fun experience that will add to their resume '),
 ('10', 'field', '16', 'en_us', ''),
 ('3', 'field', '1', 'en_us', ' craft is the cms that s powering kentstatestudentmedia com it s beautiful powerful flexible and easy to use and it s made by pixel tonic we can t wait to dive in and see what it s capable of this is even more captivating content which you couldn t see on the news index page because it was entered after a page break and the news index template only likes to show the content on the first page craft a nice alternative to word if you re making a website '),
 ('3', 'field', '2', 'en_us', ''),
 ('3', 'slug', '0', 'en_us', ' we just installed craft '),
 ('3', 'title', '0', 'en_us', ' we just installed craft '),
 ('62', 'slug', '0', 'en_us', ' contact '),
 ('61', 'title', '0', 'en_us', ' advertising '),
 ('60', 'slug', '0', 'en_us', ' get involved '),
 ('60', 'title', '0', 'en_us', ' get involved '),
 ('61', 'slug', '0', 'en_us', ' advertising '),
 ('59', 'title', '0', 'en_us', ' media partners '),
 ('58', 'title', '0', 'en_us', ' about kent state student media '),
 ('59', 'slug', '0', 'en_us', ' media partners home '),
 ('58', 'slug', '0', 'en_us', ' about '),
 ('5', 'slug', '0', 'en_us', ''),
 ('6', 'slug', '0', 'en_us', ''),
 ('68', 'slug', '0', 'en_us', ' print '),
 ('68', 'title', '0', 'en_us', ' print '),
 ('20', 'field', '31', 'en_us', ' virtual reality '),
 ('101', 'field', '26', 'en_us', ''),
 ('6', 'field', '15', 'en_us', ' 500 hilltop drive kent oh 44240 '),
 ('6', 'field', '10', 'en_us', ' 330 672 6306 '),
 ('5', 'field', '14', 'en_us', ' sm logo '),
 ('6', 'field', '4', 'en_us', ' ads ksustudentmedia com '),
 ('27', 'slug', '0', 'en_us', ' statistics '),
 ('27', 'title', '0', 'en_us', ' 70k '),
 ('27', 'field', '20', 'en_us', ''),
 ('27', 'field', '12', 'en_us', ''),
 ('27', 'field', '19', 'en_us', ''),
 ('2', 'field', '16', 'en_us', ''),
 ('2', 'field', '17', 'en_us', ''),
 ('10', 'slug', '0', 'en_us', ' a magazine '),
 ('10', 'title', '0', 'en_us', ' a magazine '),
 ('11', 'field', '12', 'en_us', ' this is a description of the statistic '),
 ('11', 'field', '19', 'en_us', ''),
 ('11', 'field', '20', 'en_us', ' a magazine '),
 ('11', 'slug', '0', 'en_us', ' this is a fun statistic '),
 ('11', 'title', '0', 'en_us', ' 85 '),
 ('12', 'field', '12', 'en_us', ' this is a description of the second statistic '),
 ('12', 'field', '19', 'en_us', ''),
 ('12', 'field', '20', 'en_us', ' a magazine '),
 ('12', 'slug', '0', 'en_us', ' this is a second statistic '),
 ('12', 'title', '0', 'en_us', ' 34 '),
 ('14', 'field', '14', 'en_us', ' burr logo '),
 ('14', 'field', '19', 'en_us', ''),
 ('14', 'slug', '0', 'en_us', ' the burr '),
 ('14', 'title', '0', 'en_us', ' the burr '),
 ('15', 'field', '14', 'en_us', ' kentstater logo '),
 ('15', 'field', '19', 'en_us', ''),
 ('15', 'slug', '0', 'en_us', ' kent stater '),
 ('15', 'title', '0', 'en_us', ' kent stater '),
 ('24', 'field', '36', 'en_us', ' 1 '),
 ('11', 'field', '25', 'en_us', ' years involved within the kent community '),
 ('12', 'field', '25', 'en_us', ' content outlets that are regularly updated '),
 ('2', 'field', '11', 'en_us', ''),
 ('2', 'field', '12', 'en_us', ' about student media '),
 ('15', 'field', '20', 'en_us', ''),
 ('2', 'field', '21', 'en_us', ' kent state s independent student media organization '),
 ('64', 'kind', '0', 'en_us', ' image '),
 ('64', 'slug', '0', 'en_us', ' people cropped 960 '),
 ('64', 'title', '0', 'en_us', ' people cropped 960 '),
 ('2', 'field', '13', 'en_us', ' lab 24805284962 094b55a1e1 k '),
 ('19', 'field', '14', 'en_us', ' bsr logo '),
 ('19', 'field', '19', 'en_us', ''),
 ('19', 'field', '20', 'en_us', ''),
 ('19', 'slug', '0', 'en_us', ' black squirrel radio '),
 ('19', 'title', '0', 'en_us', ' black squirrel radio '),
 ('20', 'field', '14', 'en_us', ' tv2 logo '),
 ('20', 'field', '19', 'en_us', ''),
 ('20', 'field', '20', 'en_us', ''),
 ('20', 'slug', '0', 'en_us', ' tv2 '),
 ('20', 'title', '0', 'en_us', ' tv2 '),
 ('21', 'field', '14', 'en_us', ' fusion logo '),
 ('21', 'field', '19', 'en_us', ''),
 ('21', 'field', '20', 'en_us', ''),
 ('21', 'slug', '0', 'en_us', ' fusion magazine '),
 ('21', 'title', '0', 'en_us', ' fusion magazine '),
 ('22', 'field', '14', 'en_us', ' uhuru logo '),
 ('22', 'field', '19', 'en_us', ''),
 ('22', 'field', '20', 'en_us', ''),
 ('22', 'slug', '0', 'en_us', ' uhuru '),
 ('22', 'title', '0', 'en_us', ' uhuru '),
 ('23', 'field', '14', 'en_us', ''),
 ('23', 'field', '19', 'en_us', ''),
 ('23', 'field', '20', 'en_us', ''),
 ('23', 'slug', '0', 'en_us', ' kentwired '),
 ('23', 'title', '0', 'en_us', ' kentwired '),
 ('24', 'field', '14', 'en_us', ' lunanegra logo '),
 ('24', 'field', '19', 'en_us', ''),
 ('24', 'field', '20', 'en_us', ''),
 ('24', 'slug', '0', 'en_us', ' luna negra ');
INSERT INTO `craft_searchindex` (`elementId`, `attribute`, `fieldId`, `locale`, `keywords`) VALUES
 ('24', 'title', '0', 'en_us', ' luna negra '),
 ('25', 'field', '14', 'en_us', ' ksuif logo '),
 ('25', 'field', '19', 'en_us', ''),
 ('25', 'field', '20', 'en_us', ''),
 ('25', 'slug', '0', 'en_us', ' ksu independent films '),
 ('25', 'title', '0', 'en_us', ' ksu independent films '),
 ('10', 'field', '14', 'en_us', ' amag logo '),
 ('10', 'field', '19', 'en_us', ''),
 ('10', 'field', '20', 'en_us', ''),
 ('35', 'filename', '0', 'en_us', ' seaside jpg '),
 ('2', 'field', '25', 'en_us', ''),
 ('234', 'filename', '0', 'en_us', ' dsc8042 jpg '),
 ('2', 'field', '22', 'en_us', ' https player vimeo com video 210945217 '),
 ('46', 'filename', '0', 'en_us', ' amag logo svg '),
 ('46', 'extension', '0', 'en_us', ' svg '),
 ('27', 'field', '25', 'en_us', ' people see our media partners final products '),
 ('46', 'kind', '0', 'en_us', ' image '),
 ('46', 'slug', '0', 'en_us', ' amag logo '),
 ('116', 'field', '12', 'en_us', ' now is your chance to work for the kent stater fill out an application and submit it by novemeber 4th to be considered calling all writers photographers and designers '),
 ('35', 'extension', '0', 'en_us', ' jpg '),
 ('35', 'kind', '0', 'en_us', ' image '),
 ('35', 'slug', '0', 'en_us', ' seaside '),
 ('35', 'title', '0', 'en_us', ' seaside '),
 ('25', 'field', '13', 'en_us', ' grid field 03 '),
 ('25', 'field', '12', 'en_us', ' kent state university independent films ksuif is a student run production company that teaches inspires and prepares filmmakers for the real world industry ksuif produces a wide variety of content including webseries short films award winning music videos documentaries tv shows and feature films ksuif is one of three organizations in the country that allows students to create full length feature films '),
 ('25', 'field', '6', 'en_us', ' erica '),
 ('25', 'field', '7', 'en_us', ' collins '),
 ('25', 'field', '10', 'en_us', ' 330 672 8198 '),
 ('25', 'field', '4', 'en_us', ' kentstatefilms gmail com '),
 ('25', 'field', '26', 'en_us', ' http www twitter com ksuif twitter https www facebook com ksuindependentfilms facebook http kentstatefilms com website '),
 ('37', 'field', '27', 'en_us', ' twitter '),
 ('37', 'field', '28', 'en_us', ' http www twitter com ksuif '),
 ('37', 'slug', '0', 'en_us', ''),
 ('25', 'field', '29', 'en_us', ' kent state university independent films ksuif is a student run production company that teaches inspires and prepares filmmakers for the real world industry '),
 ('10', 'field', '13', 'en_us', ' dsc8042 '),
 ('10', 'field', '12', 'en_us', ' a magazine is a visually stunning student run magazine at kent state it is the publication for all things fashion beauty accessories and culture on campus and beyond a focuses on both women s and men s fashion and has companion website that is updated regularly with extended content and videos providing students with the latest fashion news it is distributed at kent state and the fashion school s new york studio '),
 ('10', 'field', '29', 'en_us', ' a magazine is kent state s student run fashion magazine and is the hub for all things fashion beauty and culture related '),
 ('10', 'field', '6', 'en_us', ' payton '),
 ('10', 'field', '7', 'en_us', ' moore '),
 ('10', 'field', '10', 'en_us', ''),
 ('10', 'field', '4', 'en_us', ' amagksu gmail com '),
 ('10', 'field', '26', 'en_us', ' https www instagram com amagksu instagram https twitter com amagksu twitter http facebook com amagksu facebook http theamag com website '),
 ('14', 'field', '13', 'en_us', ' seaside '),
 ('14', 'field', '12', 'en_us', ' the burr is an independent award winning student magazine and was kent state s first student magazine ever the magazine features a mix of original reporting how to articles feature articles and personal essays theburr com is frequently updated with multimedia stories and blogs and has an archive of past issues '),
 ('14', 'field', '29', 'en_us', ' the burr is kent state s first student produced magazine made for those who have made a home in kent '),
 ('14', 'field', '6', 'en_us', ' sammi '),
 ('14', 'field', '7', 'en_us', ' ickes '),
 ('14', 'field', '10', 'en_us', ' 330 672 2947 '),
 ('14', 'field', '4', 'en_us', ' theburrmagazine gmail com '),
 ('14', 'field', '26', 'en_us', ' https www instagram com theburrmagazine instagram https twitter com theburrmagazine twitter https facebook com theburrmagazine facebook http theburr com website '),
 ('15', 'field', '13', 'en_us', ' img 0230 '),
 ('15', 'field', '12', 'en_us', ' the kent stater is the award winning student run newspaper at kent state university reaching more than 15 000 people per issue the stater keeps the community up to date with campus local and national news sports and features the stater publishes on monday wednesday and thursday and has a circulation of 6 750 per day during the summer months the kent stater runs special print issues and also runs the annual orientation issue to welcome new and returning students '),
 ('15', 'field', '29', 'en_us', ' the kent stater is the award winning student run newspaper at kent state university '),
 ('15', 'field', '6', 'en_us', ' jimmy '),
 ('15', 'field', '7', 'en_us', ' miller '),
 ('15', 'field', '10', 'en_us', ' 330 672 2586 '),
 ('15', 'field', '4', 'en_us', ' kentwired gmail com '),
 ('15', 'field', '26', 'en_us', ' https twitter com kentwired twitter https www instagram com kentwired instagram https www facebook com kentwired facebook http www kentwired com website '),
 ('19', 'field', '13', 'en_us', ' 24805284962 094b55a1e1 k '),
 ('19', 'field', '12', 'en_us', ' black squirrel radio bsr is a student run radio station that has 10 000 loyal monthly listeners bsr features a large selection of urban rock and local music with numerous local bands and entertainers coming for in studio performances and interviews bsr is available at www blacksquirrelradio com itunes radio under college stations the tunein app and channels 2 4 and 2 6 though on campus television '),
 ('19', 'field', '29', 'en_us', ' black squirrel radio bsr is the student run radio station on kent state s campus and provides innovative media content inspired by the community of kent ohio '),
 ('19', 'field', '6', 'en_us', ' layne '),
 ('19', 'field', '7', 'en_us', ' gerbig '),
 ('19', 'field', '10', 'en_us', ''),
 ('19', 'field', '4', 'en_us', ' lgerbig kent edu '),
 ('19', 'field', '26', 'en_us', ' https www instagram com bsrkent instagram https twitter com bsrkent twitter https www facebook com blacksquirrelradio facebook http blacksquirrelradio com website '),
 ('20', 'field', '13', 'en_us', ' img 0216 '),
 ('20', 'field', '12', 'en_us', ' tv2 is the award winning student run television station of kent state university tv2 is also portage county s only local television station and the best source for local news and original television content tv2 reaches more than 26 000 homes throughout portage county on spectrum formerly time warner cable channel 16 and more than 7 500 kent state students living on campus on channel 2 2 tv2 is also live streamed on kentwired com tv2 with 10 different tv shows tv2 covers everything from breaking news local news weather sports entertainment and humor '),
 ('20', 'field', '29', 'en_us', ' tv2 is kent state s award winning television station that strives to be truly portage county '),
 ('20', 'field', '6', 'en_us', ' leisel '),
 ('20', 'field', '7', 'en_us', ' kober '),
 ('20', 'field', '10', 'en_us', ' 330 672 2584 '),
 ('20', 'field', '4', 'en_us', ' lkober kent edu '),
 ('20', 'field', '26', 'en_us', ' https www instagram com tv2ksu instagram https twitter com tv2ksu twitter https www facebook com tv2ksu facebook http www kentwired com tv2 website '),
 ('21', 'field', '13', 'en_us', ' dsc8013 copy '),
 ('21', 'field', '12', 'en_us', ' fusion is kent state s lesbian gay bisexual transgender and queer questioning student advocacy and entertainment magazine fusion strives to promote equality and community in northeast ohio and beyond through journalism and they have been recognized by the society of professional journalists for excellence fusion is the only student magazine focusing on lgbtq issues in the region '),
 ('21', 'field', '29', 'en_us', ' fusion is kent state s lesbian gay bisexual transgender and queer questioning student advocacy and entertainment magazine '),
 ('21', 'field', '6', 'en_us', ' mj '),
 ('21', 'field', '7', 'en_us', ' eckhouse '),
 ('21', 'field', '10', 'en_us', ''),
 ('21', 'field', '4', 'en_us', ' meckhous kent edu '),
 ('21', 'field', '26', 'en_us', ' https twitter com ohiofusion twitter https facebook com ohiofusion facebook http ohiofusion com website '),
 ('22', 'field', '13', 'en_us', ' img 0161 '),
 ('22', 'field', '12', 'en_us', ' uhuru is an award winning magazine that promotes innovation creativity and culture through the voice of marginalized students a derivative of black unites students uhuru is focused on the unification of the african american population but serves as a safe haven for others by reflecting all people of color at kent state uhuru is kent state s only minority news outlet and serves as a platform for student creation and expression in art writing photography and graphic design while addressing social issues '),
 ('22', 'field', '29', 'en_us', ' uhuru is the magazine that promotes innovation creativity and culture through the voice of marginalized students at kent state '),
 ('22', 'field', '6', 'en_us', ' sierra '),
 ('22', 'field', '7', 'en_us', ' allen '),
 ('22', 'field', '10', 'en_us', ''),
 ('22', 'field', '4', 'en_us', ' uhurumag1 gmail com '),
 ('22', 'field', '26', 'en_us', ' https www instagram com uhurumag instagram https twitter com uhurumag twitter https facebook com uhurumagazine facebook uhurumag com website '),
 ('23', 'field', '13', 'en_us', ' img 0161 '),
 ('23', 'field', '12', 'en_us', ' kentwired com is a news organization hosting content created by the collaborative effort of students working in student media at kent state university kentwired is the independent news website for the kent stater and tv2 and is the year round news source for everything kent kentwired has top news entertainment sports and community and campus news it also features classifieds and live streams for tv2 and black squirrel radio '),
 ('23', 'field', '29', 'en_us', ' kentwired com is a news organization that holds content created by students working in student media at kent state university '),
 ('23', 'field', '6', 'en_us', ''),
 ('23', 'field', '7', 'en_us', ''),
 ('23', 'field', '10', 'en_us', ' 330 672 2586 '),
 ('23', 'field', '4', 'en_us', ' kentwired gmail com '),
 ('23', 'field', '26', 'en_us', ' https www instagram com kentwired instagram https twitter com kentwired twitter https www facebook com kentwired facebook http www kentwired com website '),
 ('24', 'field', '13', 'en_us', ' grid field 03 '),
 ('24', 'field', '12', 'en_us', ' luna negra is kent state s literary student publication and they publish a blend of poetry prose photography and illustration for over 50 years they have published submissions from current students and community members their magazine is published every spring and they produce additional content on lunanegramag com ');
INSERT INTO `craft_searchindex` (`elementId`, `attribute`, `fieldId`, `locale`, `keywords`) VALUES
 ('24', 'field', '29', 'en_us', ' luna negra is kent state s literary student magazine that publishes a blend of poetry prose photography and illustration '),
 ('24', 'field', '6', 'en_us', ' sam '),
 ('24', 'field', '7', 'en_us', ' hersh '),
 ('24', 'field', '10', 'en_us', ''),
 ('24', 'field', '4', 'en_us', ' lunanegramag gmail com '),
 ('24', 'field', '26', 'en_us', ' https www facebook com lunanegramag facebook https www instagram com lunanegramagazine instagram https twitter com lunanegramag twitter http www lunanegramag com website '),
 ('64', 'extension', '0', 'en_us', ' jpg '),
 ('64', 'filename', '0', 'en_us', ' people cropped_960 jpg '),
 ('115', 'title', '0', 'en_us', ' newspaper release '),
 ('116', 'field', '19', 'en_us', ''),
 ('115', 'slug', '0', 'en_us', ' newspaper release '),
 ('115', 'field', '24', 'en_us', ''),
 ('115', 'field', '20', 'en_us', ''),
 ('115', 'field', '23', 'en_us', ' 2017 10 18 '),
 ('115', 'field', '12', 'en_us', ' the kent stater will release it s special edition homecoming issue look out for it on stands around campus and downtown kent find out the homecoing court and all of the festivities going on around kent on saturday '),
 ('115', 'field', '19', 'en_us', ''),
 ('42', 'slug', '0', 'en_us', ' broadcast film '),
 ('42', 'title', '0', 'en_us', ' broadcast film '),
 ('101', 'field', '29', 'en_us', ''),
 ('101', 'field', '12', 'en_us', ''),
 ('101', 'field', '13', 'en_us', ' dsc8013 copy '),
 ('101', 'field', '14', 'en_us', ''),
 ('101', 'title', '0', 'en_us', ' student media ad sales '),
 ('101', 'slug', '0', 'en_us', ' student media ad sales '),
 ('101', 'field', '36', 'en_us', ' 0 '),
 ('45', 'field', '19', 'en_us', ' fake headshot '),
 ('45', 'field', '5', 'en_us', ' director nonvoting officestaff '),
 ('45', 'field', '8', 'en_us', ' director of student media '),
 ('45', 'field', '6', 'en_us', ' kevin '),
 ('45', 'field', '7', 'en_us', ' dilley '),
 ('45', 'field', '4', 'en_us', ' kdilley kent edu '),
 ('45', 'field', '10', 'en_us', ' 330 672 4603 '),
 ('45', 'field', '20', 'en_us', ' kentwired '),
 ('45', 'field', '1', 'en_us', ' kevin serves student media by providing management of our business and advising operations he also works with student leaders to set a strategic direction for student media and mentors and advises student leaders words to live by if you want to go fast go alone if you want to go far go together origin unknown personal i ve traveled to siberia malaysia mexico and 46 of 50 states in the u s i love going places and meeting new people but i always yearn to return home for me that s in hudson with my two children mi media naranja si hablo espanol and pancho my very best friend because well he s a dog and i m a man i hold degrees in journalism and visual communication from the university of missouri and ohio university i ve worked as a writer photojournalist editor designer web designer project manager consultant professor and adviser i love what i do because i m constantly inspired by my students who bring ideas enthusiasm opportunity and optimism to this place every day i can help you with general questionsstrategic planningidea developmentbudgets '),
 ('45', 'slug', '0', 'en_us', ' kevin dilley '),
 ('45', 'title', '0', 'en_us', ' kevin dilley '),
 ('46', 'title', '0', 'en_us', ' amag logo '),
 ('47', 'filename', '0', 'en_us', ' bsr logo svg '),
 ('47', 'extension', '0', 'en_us', ' svg '),
 ('47', 'kind', '0', 'en_us', ' image '),
 ('47', 'slug', '0', 'en_us', ' bsr logo '),
 ('47', 'title', '0', 'en_us', ' bsr logo '),
 ('48', 'filename', '0', 'en_us', ' burr logo svg '),
 ('48', 'extension', '0', 'en_us', ' svg '),
 ('48', 'kind', '0', 'en_us', ' image '),
 ('48', 'slug', '0', 'en_us', ' burr logo '),
 ('48', 'title', '0', 'en_us', ' burr logo '),
 ('49', 'filename', '0', 'en_us', ' fusion logo svg '),
 ('49', 'extension', '0', 'en_us', ' svg '),
 ('49', 'kind', '0', 'en_us', ' image '),
 ('49', 'slug', '0', 'en_us', ' fusion logo '),
 ('49', 'title', '0', 'en_us', ' fusion logo '),
 ('50', 'filename', '0', 'en_us', ' intel png '),
 ('50', 'extension', '0', 'en_us', ' png '),
 ('50', 'kind', '0', 'en_us', ' image '),
 ('50', 'slug', '0', 'en_us', ' intel '),
 ('50', 'title', '0', 'en_us', ' intel '),
 ('51', 'filename', '0', 'en_us', ' kentstater logo svg '),
 ('51', 'extension', '0', 'en_us', ' svg '),
 ('51', 'kind', '0', 'en_us', ' image '),
 ('51', 'slug', '0', 'en_us', ' kentstater logo '),
 ('51', 'title', '0', 'en_us', ' kentstater logo '),
 ('52', 'filename', '0', 'en_us', ' ksuif logo svg '),
 ('52', 'extension', '0', 'en_us', ' svg '),
 ('52', 'kind', '0', 'en_us', ' image '),
 ('52', 'slug', '0', 'en_us', ' ksuif logo '),
 ('52', 'title', '0', 'en_us', ' ksuif logo '),
 ('53', 'filename', '0', 'en_us', ' lunanegra logo svg '),
 ('53', 'extension', '0', 'en_us', ' svg '),
 ('53', 'kind', '0', 'en_us', ' image '),
 ('53', 'slug', '0', 'en_us', ' lunanegra logo '),
 ('53', 'title', '0', 'en_us', ' lunanegra logo '),
 ('54', 'filename', '0', 'en_us', ' smsales logo svg '),
 ('54', 'extension', '0', 'en_us', ' svg '),
 ('54', 'kind', '0', 'en_us', ' image '),
 ('54', 'slug', '0', 'en_us', ' smsales logo '),
 ('54', 'title', '0', 'en_us', ' smsales logo '),
 ('55', 'filename', '0', 'en_us', ' tv2 logo svg '),
 ('55', 'extension', '0', 'en_us', ' svg '),
 ('55', 'kind', '0', 'en_us', ' image '),
 ('55', 'slug', '0', 'en_us', ' tv2 logo '),
 ('55', 'title', '0', 'en_us', ' tv2 logo '),
 ('56', 'filename', '0', 'en_us', ' uhuru logo svg '),
 ('56', 'extension', '0', 'en_us', ' svg '),
 ('56', 'kind', '0', 'en_us', ' image '),
 ('56', 'slug', '0', 'en_us', ' uhuru logo '),
 ('56', 'title', '0', 'en_us', ' uhuru logo '),
 ('23', 'field', '1', 'en_us', ' kentwired com is the hub of all kent state student media featuring top news entertainment community and campus news sports and video kentwired is the place to turn to for everything kent the site also features classifieds daily podcasts newscasts and live streams to tv2 and black squirrel radio kentwired is also the key source to news over the summer months '),
 ('65', 'field', '37', 'en_us', ' dorothy ly '),
 ('25', 'field', '36', 'en_us', ' 1 '),
 ('23', 'field', '36', 'en_us', ' 1 '),
 ('19', 'field', '36', 'en_us', ' 1 '),
 ('20', 'field', '36', 'en_us', ' 1 '),
 ('21', 'field', '36', 'en_us', ' 1 '),
 ('22', 'field', '36', 'en_us', ' 1 '),
 ('14', 'field', '36', 'en_us', ' 1 '),
 ('15', 'field', '36', 'en_us', ' 1 '),
 ('10', 'field', '36', 'en_us', ' 1 '),
 ('62', 'title', '0', 'en_us', ' contact student media '),
 ('65', 'field', '38', 'en_us', ' this is an amazing thing ');
INSERT INTO `craft_searchindex` (`elementId`, `attribute`, `fieldId`, `locale`, `keywords`) VALUES
 ('65', 'slug', '0', 'en_us', ' testimonial 1 '),
 ('65', 'title', '0', 'en_us', ' testimonial 1 '),
 ('116', 'field', '23', 'en_us', ' 2017 11 04 '),
 ('67', 'filename', '0', 'en_us', ' studentmedia logo svg '),
 ('67', 'extension', '0', 'en_us', ' svg '),
 ('67', 'kind', '0', 'en_us', ' image '),
 ('67', 'slug', '0', 'en_us', ' studentmedia logo '),
 ('67', 'title', '0', 'en_us', ' kent state student media '),
 ('69', 'slug', '0', 'en_us', ' online '),
 ('69', 'title', '0', 'en_us', ' online '),
 ('70', 'slug', '0', 'en_us', ' bundles '),
 ('70', 'title', '0', 'en_us', ' bundles '),
 ('71', 'field', '31', 'en_us', ' online '),
 ('71', 'field', '32', 'en_us', ' place your ad where the campus and community turns first for breaking news extended news and entertainment each banner ad includes a link to your site monthly statistics and ad design services web ads 728 x 90 $195 still $215 flash weekly 728 x 90 $195 still $215 flash weekly 728 x 90 $650 still $700 flash monthly 728 x 90 $650 still $700 flash monthly 960 x 30 $125 still $150 flash weekly 960 x 30 $125 still $150 flash weekly 960 x 30 $425 still $500 flash monthly 960 x 30 $425 still $500 flash monthly 300 x 250 $175 still $195 flash weekly 300 x 250 $175 still $195 flash weekly 300 x 250 $600 still $650 flash monthly 300 x 250 $600 still $650 flash monthly 180 x 600 $100 still $125 flash weekly 180 x 600 $100 still $125 flash weekly 180 x 600 $350 still $425 flash monthly 180 x 600 $350 still $425 flash monthly 120 x 600 $75 still $100 flash weekly 120 x 600 $75 still $100 flash weekly 120 x 600 $275 still $350 flash monthly 120 x 600 $275 still $350 flash monthly fifteen second commercial or video prior to tv2 videos on kentwired com we offer production services if required please see page 17 for pricing and more information video pre roll $125 weekly $125 weekly $450 monthly $450 monthly '),
 ('71', 'field', '20', 'en_us', ' kentwired '),
 ('71', 'slug', '0', 'en_us', ' ad 2 '),
 ('71', 'title', '0', 'en_us', ' kentwired website '),
 ('72', 'field', '33', 'en_us', ' web ads '),
 ('72', 'field', '34', 'en_us', ' 5 '),
 ('72', 'field', '35', 'en_us', ' x17 '),
 ('72', 'slug', '0', 'en_us', ''),
 ('73', 'field', '31', 'en_us', ' print '),
 ('73', 'field', '32', 'en_us', ' ads smaller than 1 16 will run on the classifieds page and are priced on an individual basis display ads full page $1 450 local $1 100 campus non profit 11 x 21 full page $1 450 local $1 100 campus non profit 11 x 21 front page $450 local $400 campus non profit 11 x 3 front page $450 local $400 campus non profit 11 x 3 2 3 page $975 local $735 campus non profit 7 23 x 21 2 3 page $975 local $735 campus non profit 7 23 x 21 1 2 page $725 local $550 campus non profit 11 x 10 5 1 2 page $725 local $550 campus non profit 11 x 10 5 1 4 page $375 local $275 campus non profit 5 44 x 10 5 1 4 page $375 local $275 campus non profit 5 44 x 10 5 1 8 page $175 local $130 campus non profit 5 44 x 5 1 8 page $175 local $130 campus non profit 5 44 x 5 1 16 page $75 local $55 campus non profit 5 44 x 2 1 16 page $75 local $55 campus non profit 5 44 x 2 color pricing full color $75 full color $75 black 1 color $30 black 1 color $30 post its must be printed in a fan fold and boxed the unwind direction must be 1 or 3 insert post it sample must be submitted to kent state student media for approval inserts post its must be printed by the client and shipped directly to the printer at least one week prior to insertion inserts and post its are within every copy of the kent stater advertisers should print and ship 6 750 total kent state student media can arrange the printing of the post its for advertisers for an additional $75 please ship directly to midwest offset 629 wabash avenue nw new philadelphia ohio 44663 800 837 8666 inserts post its single page insert $450 single page insert $450 multi page insert $500 multi page insert $500 3 x3 or 4 x5 post it $600 3 x3 or 4 x5 post it $600 '),
 ('73', 'field', '20', 'en_us', ' kent stater '),
 ('73', 'slug', '0', 'en_us', ' daily kent stater ads '),
 ('73', 'title', '0', 'en_us', ' the kent stater '),
 ('74', 'field', '33', 'en_us', ' display ads '),
 ('74', 'field', '34', 'en_us', ' 0 '),
 ('74', 'field', '35', 'en_us', ' x17 '),
 ('74', 'slug', '0', 'en_us', ''),
 ('74', 'field', '40', 'en_us', ' full page $1 450 local $1 100 campus non profit 11 x 21 full page $1 450 local $1 100 campus non profit 11 x 21 front page $450 local $400 campus non profit 11 x 3 front page $450 local $400 campus non profit 11 x 3 2 3 page $975 local $735 campus non profit 7 23 x 21 2 3 page $975 local $735 campus non profit 7 23 x 21 1 2 page $725 local $550 campus non profit 11 x 10 5 1 2 page $725 local $550 campus non profit 11 x 10 5 1 4 page $375 local $275 campus non profit 5 44 x 10 5 1 4 page $375 local $275 campus non profit 5 44 x 10 5 1 8 page $175 local $130 campus non profit 5 44 x 5 1 8 page $175 local $130 campus non profit 5 44 x 5 1 16 page $75 local $55 campus non profit 5 44 x 2 1 16 page $75 local $55 campus non profit 5 44 x 2 '),
 ('75', 'field', '33', 'en_us', ' color pricing '),
 ('75', 'field', '40', 'en_us', ' full color $75 full color $75 black 1 color $30 black 1 color $30 '),
 ('75', 'slug', '0', 'en_us', ''),
 ('74', 'field', '41', 'en_us', ' ads smaller than 1 16 will run on the classifieds page and are priced on an individual basis '),
 ('75', 'field', '41', 'en_us', ''),
 ('102', 'field', '20', 'en_us', ' student media ad sales '),
 ('102', 'field', '31', 'en_us', ' online '),
 ('102', 'field', '32', 'en_us', ' fill your vacancies faster with a kentcribs listing the listing showcases your property with unlimited photos and narrative prospective tenants can also email or call you directly from a mobile device listings include name phone address email web link photos price month unit apartment type rooms baths amenities floor plans map unlimited narrative distance from ksu student center rental listings rental listings $75 month rental listings $75 month '),
 ('102', 'slug', '0', 'en_us', ' kentcribs '),
 ('78', 'filename', '0', 'en_us', ' sm_logo svg '),
 ('78', 'extension', '0', 'en_us', ' svg '),
 ('78', 'kind', '0', 'en_us', ' image '),
 ('78', 'slug', '0', 'en_us', ' sm logo '),
 ('78', 'title', '0', 'en_us', ' sm logo '),
 ('96', 'field', '20', 'en_us', ''),
 ('96', 'slug', '0', 'en_us', ' creative services '),
 ('96', 'field', '32', 'en_us', ' tv 2 productions bsr mobile dj '),
 ('96', 'field', '31', 'en_us', ''),
 ('97', 'field', '33', 'en_us', ' tv 2 productions '),
 ('96', 'title', '0', 'en_us', ' creative services '),
 ('101', 'field', '31', 'en_us', ''),
 ('42', 'field', '12', 'en_us', ''),
 ('42', 'field', '39', 'en_us', ' testimonial 1 '),
 ('81', 'field', '31', 'en_us', ' print '),
 ('81', 'field', '32', 'en_us', ' asdfgh full page spread full page spread '),
 ('81', 'field', '20', 'en_us', ' luna negra fusion magazine uhuru the burr a magazine '),
 ('81', 'slug', '0', 'en_us', ' luna negra '),
 ('81', 'title', '0', 'en_us', ' a magazine the burr fusion luna negra and uhuru '),
 ('82', 'field', '33', 'en_us', ' asdfgh '),
 ('82', 'field', '40', 'en_us', ' full page spread full page spread '),
 ('82', 'field', '41', 'en_us', ''),
 ('82', 'slug', '0', 'en_us', ''),
 ('85', 'title', '0', 'en_us', ' sm logo rgb white '),
 ('85', 'extension', '0', 'en_us', ' png '),
 ('85', 'kind', '0', 'en_us', ' image '),
 ('85', 'slug', '0', 'en_us', ' sm logo rgb white '),
 ('6', 'field', '45', 'en_us', ' lunanegra logo '),
 ('85', 'filename', '0', 'en_us', ' sm_logo_rgb_white png '),
 ('5', 'field', '46', 'en_us', ' logo mark '),
 ('86', 'filename', '0', 'en_us', ' logo_mark svg '),
 ('86', 'extension', '0', 'en_us', ' svg '),
 ('86', 'kind', '0', 'en_us', ' image '),
 ('86', 'slug', '0', 'en_us', ' logo mark '),
 ('86', 'title', '0', 'en_us', ' logo mark '),
 ('69', 'field', '12', 'en_us', ''),
 ('69', 'field', '39', 'en_us', ''),
 ('88', 'filename', '0', 'en_us', ' seaside jpg '),
 ('88', 'extension', '0', 'en_us', ' jpg '),
 ('88', 'kind', '0', 'en_us', ' image '),
 ('88', 'slug', '0', 'en_us', ' seaside '),
 ('88', 'title', '0', 'en_us', ' seaside '),
 ('160', 'slug', '0', 'en_us', ' about student media news '),
 ('234', 'extension', '0', 'en_us', ' jpg '),
 ('90', 'filename', '0', 'en_us', ' grid field 03 png '),
 ('90', 'extension', '0', 'en_us', ' png '),
 ('90', 'kind', '0', 'en_us', ' image '),
 ('90', 'slug', '0', 'en_us', ' grid field 03 '),
 ('90', 'title', '0', 'en_us', ' grid field 03 '),
 ('72', 'field', '40', 'en_us', ' 728 x 90 $195 still $215 flash weekly 728 x 90 $195 still $215 flash weekly 728 x 90 $650 still $700 flash monthly 728 x 90 $650 still $700 flash monthly 960 x 30 $125 still $150 flash weekly 960 x 30 $125 still $150 flash weekly 960 x 30 $425 still $500 flash monthly 960 x 30 $425 still $500 flash monthly 300 x 250 $175 still $195 flash weekly 300 x 250 $175 still $195 flash weekly 300 x 250 $600 still $650 flash monthly 300 x 250 $600 still $650 flash monthly 180 x 600 $100 still $125 flash weekly 180 x 600 $100 still $125 flash weekly 180 x 600 $350 still $425 flash monthly 180 x 600 $350 still $425 flash monthly 120 x 600 $75 still $100 flash weekly 120 x 600 $75 still $100 flash weekly 120 x 600 $275 still $350 flash monthly 120 x 600 $275 still $350 flash monthly '),
 ('72', 'field', '41', 'en_us', ' place your ad where the campus and community turns first for breaking news extended news and entertainment each banner ad includes a link to your site monthly statistics and ad design services '),
 ('91', 'field', '31', 'en_us', ' online '),
 ('91', 'field', '32', 'en_us', ' kentwired currently has more than 9 100 followers on its twitter account sponsored tweets can be purchased for any time of day any day of the week limit of one sponsored tweet per day and a maximum of four per week tweets may contain up to 131 characters and must include sponsored including hashtags and mentions aid in building traffic and engagement tweets may also include creative and or photos monthly statistics will be sent to all advertisers sponsored tweets $85 tweet $85 tweet $75 tweet minimum purchase of 4 $75 tweet minimum purchase of 4 $65 tweet minimum purchase of 8 $65 tweet minimum purchase of 8 '),
 ('91', 'field', '20', 'en_us', ''),
 ('91', 'slug', '0', 'en_us', ' kentwired sponsored tweets '),
 ('91', 'title', '0', 'en_us', ' kentwired sponsored tweets '),
 ('92', 'field', '33', 'en_us', ' sponsored tweets '),
 ('92', 'field', '40', 'en_us', ' $85 tweet $85 tweet $75 tweet minimum purchase of 4 $75 tweet minimum purchase of 4 $65 tweet minimum purchase of 8 $65 tweet minimum purchase of 8 '),
 ('92', 'field', '41', 'en_us', ' kentwired currently has more than 9 100 followers on its twitter account sponsored tweets can be purchased for any time of day any day of the week limit of one sponsored tweet per day and a maximum of four per week tweets may contain up to 131 characters and must include sponsored including hashtags and mentions aid in building traffic and engagement tweets may also include creative and or photos monthly statistics will be sent to all advertisers '),
 ('92', 'slug', '0', 'en_us', '');
INSERT INTO `craft_searchindex` (`elementId`, `attribute`, `fieldId`, `locale`, `keywords`) VALUES
 ('93', 'field', '14', 'en_us', ''),
 ('93', 'field', '13', 'en_us', ' img 0230 '),
 ('93', 'field', '12', 'en_us', ''),
 ('93', 'field', '29', 'en_us', ' transitions magazine is the freshman s go to guide for everything kent '),
 ('93', 'field', '26', 'en_us', ''),
 ('93', 'field', '36', 'en_us', ' 1 '),
 ('93', 'field', '31', 'en_us', ' print '),
 ('93', 'slug', '0', 'en_us', ' transitions '),
 ('93', 'title', '0', 'en_us', ' transitions '),
 ('94', 'field', '31', 'en_us', ' print '),
 ('94', 'field', '32', 'en_us', ''),
 ('94', 'field', '20', 'en_us', ' transitions '),
 ('94', 'slug', '0', 'en_us', ' transitions '),
 ('94', 'title', '0', 'en_us', ' transitions '),
 ('95', 'field', '31', 'en_us', ' broadcast film '),
 ('95', 'field', '32', 'en_us', ''),
 ('95', 'field', '20', 'en_us', ' tv2 '),
 ('95', 'slug', '0', 'en_us', ' tv2 1 '),
 ('95', 'title', '0', 'en_us', ' tv2 '),
 ('97', 'field', '40', 'en_us', ''),
 ('97', 'field', '41', 'en_us', ''),
 ('97', 'slug', '0', 'en_us', ''),
 ('98', 'field', '33', 'en_us', ' bsr mobile dj '),
 ('98', 'field', '40', 'en_us', ''),
 ('98', 'field', '41', 'en_us', ''),
 ('98', 'slug', '0', 'en_us', ''),
 ('99', 'field', '31', 'en_us', ' broadcast film '),
 ('99', 'field', '32', 'en_us', ' this is an awesome radio spot commercial spot 30 seconds 100000000 30 seconds 100000000 '),
 ('99', 'field', '20', 'en_us', ' black squirrel radio '),
 ('99', 'slug', '0', 'en_us', ' black squirrel radio '),
 ('99', 'title', '0', 'en_us', ' black squirrel radio '),
 ('100', 'field', '31', 'en_us', ' broadcast film '),
 ('100', 'field', '32', 'en_us', ' fdsfdsfdsfds commercial spot 30 seconds 30 fsfs fdsfsd 30 seconds 30 fsfs fdsfsd '),
 ('100', 'field', '20', 'en_us', ' ksu independent films '),
 ('100', 'slug', '0', 'en_us', ' ksu independent films '),
 ('100', 'title', '0', 'en_us', ' ksu independent films '),
 ('102', 'title', '0', 'en_us', ' kentcribs '),
 ('103', 'field', '31', 'en_us', ''),
 ('103', 'field', '32', 'en_us', ' two 1 16 page full color ads in the kent stater for two days twenty 10 second live reads with your business logo shown on tv2 within two weekssixty 10 second live reads on black squirrel radio within one month print tv radio $325 a 1 8 page full color ad in the kent stater for one day a 300x250 box ad on kentwired com for one week sixty 10 second live reads on black squirrel radio within one month print web radio $375 a 1 8 page full color ad in the kent stater for one day a 300x250 box ad on kentwired com for one week one sponsored tweet on the kentwired handle print web twitter $425 a 1 4 page full color ad in the kent stater for one day a 728x90 banner ad on kentwired com for one week one sponsored tweet on the kentwired handle print web twitter deluxe $525 a 1 4 page full color ad in the kent stater for one day a 728x90 banner on kentwired com for one week one sponsored tweet on the kentwired handlesixty 10 second live reads on black squirrel radio within one month print web twitter radio $575 a 1 4 page full color ad in the kent stater for one day a 728x90 banner ad on kentwired com for one week one sponsored tweet on the kentwired handlesixty 10 second live reads on black squirrel radio within one month print web twitter radio tv $625 '),
 ('103', 'field', '20', 'en_us', ''),
 ('103', 'slug', '0', 'en_us', ' advertising bundles '),
 ('103', 'title', '0', 'en_us', ' advertising bundles '),
 ('104', 'field', '42', 'en_us', ' print tv radio '),
 ('104', 'field', '43', 'en_us', ' $325 '),
 ('104', 'field', '44', 'en_us', ' two 1 16 page full color ads in the kent stater for two days twenty 10 second live reads with your business logo shown on tv2 within two weekssixty 10 second live reads on black squirrel radio within one month '),
 ('104', 'slug', '0', 'en_us', ''),
 ('105', 'field', '42', 'en_us', ' print web radio '),
 ('105', 'field', '43', 'en_us', ' $375 '),
 ('105', 'field', '44', 'en_us', ' a 1 8 page full color ad in the kent stater for one day a 300x250 box ad on kentwired com for one week sixty 10 second live reads on black squirrel radio within one month '),
 ('105', 'slug', '0', 'en_us', ''),
 ('106', 'field', '42', 'en_us', ' print web twitter '),
 ('106', 'field', '43', 'en_us', ' $425 '),
 ('106', 'field', '44', 'en_us', ' a 1 8 page full color ad in the kent stater for one day a 300x250 box ad on kentwired com for one week one sponsored tweet on the kentwired handle '),
 ('106', 'slug', '0', 'en_us', ''),
 ('107', 'field', '42', 'en_us', ' print web twitter deluxe '),
 ('107', 'field', '43', 'en_us', ' $525 '),
 ('107', 'field', '44', 'en_us', ' a 1 4 page full color ad in the kent stater for one day a 728x90 banner ad on kentwired com for one week one sponsored tweet on the kentwired handle '),
 ('107', 'slug', '0', 'en_us', ''),
 ('108', 'field', '42', 'en_us', ' print web twitter radio '),
 ('108', 'field', '43', 'en_us', ' $575 '),
 ('108', 'field', '44', 'en_us', ' a 1 4 page full color ad in the kent stater for one day a 728x90 banner on kentwired com for one week one sponsored tweet on the kentwired handlesixty 10 second live reads on black squirrel radio within one month '),
 ('108', 'slug', '0', 'en_us', ''),
 ('109', 'field', '42', 'en_us', ' print web twitter radio tv '),
 ('109', 'field', '43', 'en_us', ' $625 '),
 ('109', 'field', '44', 'en_us', ' a 1 4 page full color ad in the kent stater for one day a 728x90 banner ad on kentwired com for one week one sponsored tweet on the kentwired handlesixty 10 second live reads on black squirrel radio within one month '),
 ('109', 'slug', '0', 'en_us', ''),
 ('110', 'field', '33', 'en_us', ' rental listings '),
 ('110', 'field', '40', 'en_us', ' rental listings $75 month rental listings $75 month '),
 ('110', 'field', '41', 'en_us', ' fill your vacancies faster with a kentcribs listing the listing showcases your property with unlimited photos and narrative prospective tenants can also email or call you directly from a mobile device listings include name phone address email web link photos price month unit apartment type rooms baths amenities floor plans map unlimited narrative distance from ksu student center '),
 ('110', 'slug', '0', 'en_us', ''),
 ('111', 'field', '33', 'en_us', ' video pre roll '),
 ('111', 'field', '40', 'en_us', ' $125 weekly $125 weekly $450 monthly $450 monthly '),
 ('111', 'field', '41', 'en_us', ' fifteen second commercial or video prior to tv2 videos on kentwired com we offer production services if required please see page 17 for pricing and more information '),
 ('111', 'slug', '0', 'en_us', ''),
 ('112', 'field', '33', 'en_us', ' inserts post its '),
 ('112', 'field', '40', 'en_us', ' single page insert $450 single page insert $450 multi page insert $500 multi page insert $500 3 x3 or 4 x5 post it $600 3 x3 or 4 x5 post it $600 '),
 ('112', 'field', '41', 'en_us', ' post its must be printed in a fan fold and boxed the unwind direction must be 1 or 3 insert post it sample must be submitted to kent state student media for approval inserts post its must be printed by the client and shipped directly to the printer at least one week prior to insertion inserts and post its are within every copy of the kent stater advertisers should print and ship 6 750 total kent state student media can arrange the printing of the post its for advertisers for an additional $75 please ship directly to midwest offset 629 wabash avenue nw new philadelphia ohio 44663 800 837 8666 '),
 ('112', 'slug', '0', 'en_us', ''),
 ('58', 'field', '1', 'en_us', ' test kent state student media empowers students to be the best they can be students of any major and grade level are able to join us and gain a fun practical experience that will provide transferable skills for any career they choose we believe diversity is a strength and we welcome all to join us our wide array of media partners means that every student can find their best fit our mission student media empowers students through practical collaborative and professional learning opportunities within an independent student led and multi platform media framework our students create valued sources of journalism information entertainment and advertising and develop meaningful connections with our core audiences we encourage excellence leadership and accountability as students become innovative ethical and skilled media producers within a diverse and global society '),
 ('58', 'field', '21', 'en_us', ' through the combined effort of students and faculty our mission is to provide a professional learning foundation for all '),
 ('58', 'field', '13', 'en_us', ' seaside '),
 ('58', 'field', '47', 'en_us', ' you can help further our mission learn about the different ways you can support us '),
 ('168', 'field', '49', 'en_us', ' jmcmb smpc 04 16 15 '),
 ('168', 'field', '48', 'en_us', ' 2015 04 16 '),
 ('58', 'field', '11', 'en_us', ' support us '),
 ('116', 'field', '24', 'en_us', ''),
 ('116', 'field', '20', 'en_us', ''),
 ('116', 'slug', '0', 'en_us', ' applications due '),
 ('116', 'title', '0', 'en_us', ' applications due '),
 ('117', 'field', '19', 'en_us', ''),
 ('117', 'field', '12', 'en_us', ' release date for latest issue of the kent stater pick up a copy around campus '),
 ('117', 'field', '23', 'en_us', ' 2017 11 10 '),
 ('117', 'field', '24', 'en_us', ''),
 ('117', 'field', '20', 'en_us', ''),
 ('117', 'slug', '0', 'en_us', ' release date '),
 ('117', 'title', '0', 'en_us', ' release date '),
 ('118', 'filename', '0', 'en_us', ' amag logo svg '),
 ('118', 'extension', '0', 'en_us', ' svg '),
 ('118', 'kind', '0', 'en_us', ' image '),
 ('118', 'slug', '0', 'en_us', ' amag logo ');
INSERT INTO `craft_searchindex` (`elementId`, `attribute`, `fieldId`, `locale`, `keywords`) VALUES
 ('118', 'title', '0', 'en_us', ' amag logo '),
 ('119', 'filename', '0', 'en_us', ' bsr logo svg '),
 ('119', 'extension', '0', 'en_us', ' svg '),
 ('119', 'kind', '0', 'en_us', ' image '),
 ('119', 'slug', '0', 'en_us', ' bsr logo '),
 ('119', 'title', '0', 'en_us', ' bsr logo '),
 ('120', 'filename', '0', 'en_us', ' burr logo svg '),
 ('120', 'extension', '0', 'en_us', ' svg '),
 ('120', 'kind', '0', 'en_us', ' image '),
 ('120', 'slug', '0', 'en_us', ' burr logo '),
 ('120', 'title', '0', 'en_us', ' burr logo '),
 ('121', 'filename', '0', 'en_us', ' fusion logo svg '),
 ('121', 'extension', '0', 'en_us', ' svg '),
 ('121', 'kind', '0', 'en_us', ' image '),
 ('121', 'slug', '0', 'en_us', ' fusion logo '),
 ('121', 'title', '0', 'en_us', ' fusion logo '),
 ('122', 'filename', '0', 'en_us', ' intel png '),
 ('122', 'extension', '0', 'en_us', ' png '),
 ('122', 'kind', '0', 'en_us', ' image '),
 ('122', 'slug', '0', 'en_us', ' intel '),
 ('122', 'title', '0', 'en_us', ' intel '),
 ('123', 'filename', '0', 'en_us', ' kentstater logo svg '),
 ('123', 'extension', '0', 'en_us', ' svg '),
 ('123', 'kind', '0', 'en_us', ' image '),
 ('123', 'slug', '0', 'en_us', ' kentstater logo '),
 ('123', 'title', '0', 'en_us', ' kentstater logo '),
 ('124', 'filename', '0', 'en_us', ' ksuif logo svg '),
 ('124', 'extension', '0', 'en_us', ' svg '),
 ('124', 'kind', '0', 'en_us', ' image '),
 ('124', 'slug', '0', 'en_us', ' ksuif logo '),
 ('124', 'title', '0', 'en_us', ' ksuif logo '),
 ('125', 'filename', '0', 'en_us', ' lunanegra logo svg '),
 ('125', 'extension', '0', 'en_us', ' svg '),
 ('125', 'kind', '0', 'en_us', ' image '),
 ('125', 'slug', '0', 'en_us', ' lunanegra logo '),
 ('125', 'title', '0', 'en_us', ' lunanegra logo '),
 ('126', 'filename', '0', 'en_us', ' smsales logo svg '),
 ('126', 'extension', '0', 'en_us', ' svg '),
 ('126', 'kind', '0', 'en_us', ' image '),
 ('126', 'slug', '0', 'en_us', ' smsales logo '),
 ('126', 'title', '0', 'en_us', ' smsales logo '),
 ('127', 'filename', '0', 'en_us', ' tv2 logo svg '),
 ('127', 'extension', '0', 'en_us', ' svg '),
 ('127', 'kind', '0', 'en_us', ' image '),
 ('127', 'slug', '0', 'en_us', ' tv2 logo '),
 ('127', 'title', '0', 'en_us', ' tv2 logo '),
 ('128', 'filename', '0', 'en_us', ' uhuru logo svg '),
 ('128', 'extension', '0', 'en_us', ' svg '),
 ('128', 'kind', '0', 'en_us', ' image '),
 ('128', 'slug', '0', 'en_us', ' uhuru logo '),
 ('128', 'title', '0', 'en_us', ' uhuru logo '),
 ('24', 'field', '31', 'en_us', ' print '),
 ('60', 'field', '13', 'en_us', ' 24805284962 094b55a1e1 k '),
 ('60', 'field', '1', 'en_us', ' everyone is welcome to join us involvement in student media gives you an experience that will set you apart utilize the chance to share your voice and gain practical experience to help launch your career '),
 ('59', 'field', '13', 'en_us', ' seaside '),
 ('129', 'field', '27', 'en_us', ' facebook '),
 ('129', 'field', '28', 'en_us', ' https www facebook com lunanegramag '),
 ('129', 'slug', '0', 'en_us', ''),
 ('130', 'field', '27', 'en_us', ' instagram '),
 ('130', 'field', '28', 'en_us', ' https www instagram com lunanegramagazine '),
 ('130', 'slug', '0', 'en_us', ''),
 ('131', 'field', '27', 'en_us', ' twitter '),
 ('131', 'field', '28', 'en_us', ' https twitter com lunanegramag '),
 ('131', 'slug', '0', 'en_us', ''),
 ('132', 'field', '27', 'en_us', ' website '),
 ('132', 'field', '28', 'en_us', ' http www lunanegramag com '),
 ('132', 'slug', '0', 'en_us', ''),
 ('22', 'field', '31', 'en_us', ' print '),
 ('133', 'field', '27', 'en_us', ' instagram '),
 ('133', 'field', '28', 'en_us', ' https www instagram com uhurumag '),
 ('133', 'slug', '0', 'en_us', ''),
 ('134', 'field', '27', 'en_us', ' twitter '),
 ('134', 'field', '28', 'en_us', ' https twitter com uhurumag '),
 ('134', 'slug', '0', 'en_us', ''),
 ('135', 'field', '27', 'en_us', ' facebook '),
 ('135', 'field', '28', 'en_us', ' https facebook com uhurumagazine '),
 ('135', 'slug', '0', 'en_us', ''),
 ('136', 'field', '27', 'en_us', ' website '),
 ('136', 'field', '28', 'en_us', ' uhurumag com '),
 ('136', 'slug', '0', 'en_us', ''),
 ('21', 'field', '31', 'en_us', ' print '),
 ('137', 'field', '27', 'en_us', ' twitter '),
 ('137', 'field', '28', 'en_us', ' https twitter com ohiofusion '),
 ('137', 'slug', '0', 'en_us', ''),
 ('138', 'field', '27', 'en_us', ' facebook '),
 ('138', 'field', '28', 'en_us', ' https facebook com ohiofusion '),
 ('138', 'slug', '0', 'en_us', ''),
 ('139', 'field', '27', 'en_us', ' website '),
 ('139', 'field', '28', 'en_us', ' http ohiofusion com '),
 ('139', 'slug', '0', 'en_us', ''),
 ('10', 'field', '31', 'en_us', ' print '),
 ('140', 'field', '27', 'en_us', ' instagram '),
 ('140', 'field', '28', 'en_us', ' https www instagram com amagksu '),
 ('140', 'slug', '0', 'en_us', ''),
 ('141', 'field', '27', 'en_us', ' twitter '),
 ('141', 'field', '28', 'en_us', ' https twitter com amagksu '),
 ('141', 'slug', '0', 'en_us', ''),
 ('142', 'field', '27', 'en_us', ' facebook '),
 ('142', 'field', '28', 'en_us', ' http facebook com amagksu '),
 ('142', 'slug', '0', 'en_us', '');
INSERT INTO `craft_searchindex` (`elementId`, `attribute`, `fieldId`, `locale`, `keywords`) VALUES
 ('143', 'field', '27', 'en_us', ' website '),
 ('143', 'field', '28', 'en_us', ' http theamag com '),
 ('143', 'slug', '0', 'en_us', ''),
 ('14', 'field', '31', 'en_us', ' print '),
 ('145', 'field', '27', 'en_us', ' instagram '),
 ('145', 'field', '28', 'en_us', ' https www instagram com theburrmagazine '),
 ('145', 'slug', '0', 'en_us', ''),
 ('146', 'field', '27', 'en_us', ' twitter '),
 ('146', 'field', '28', 'en_us', ' https twitter com theburrmagazine '),
 ('146', 'slug', '0', 'en_us', ''),
 ('147', 'field', '27', 'en_us', ' facebook '),
 ('147', 'field', '28', 'en_us', ' https facebook com theburrmagazine '),
 ('147', 'slug', '0', 'en_us', ''),
 ('148', 'field', '27', 'en_us', ' website '),
 ('148', 'field', '28', 'en_us', ' http theburr com '),
 ('148', 'slug', '0', 'en_us', ''),
 ('23', 'field', '31', 'en_us', ' online '),
 ('149', 'field', '27', 'en_us', ' instagram '),
 ('149', 'field', '28', 'en_us', ' https www instagram com kentwired '),
 ('149', 'slug', '0', 'en_us', ''),
 ('150', 'field', '27', 'en_us', ' twitter '),
 ('150', 'field', '28', 'en_us', ' https twitter com kentwired '),
 ('150', 'slug', '0', 'en_us', ''),
 ('151', 'field', '27', 'en_us', ' facebook '),
 ('151', 'field', '28', 'en_us', ' https www facebook com kentwired '),
 ('151', 'slug', '0', 'en_us', ''),
 ('152', 'field', '27', 'en_us', ' website '),
 ('152', 'field', '28', 'en_us', ' http www kentwired com '),
 ('152', 'slug', '0', 'en_us', ''),
 ('153', 'field', '27', 'en_us', ' instagram '),
 ('153', 'field', '28', 'en_us', ' https www instagram com tv2ksu '),
 ('153', 'slug', '0', 'en_us', ''),
 ('154', 'field', '27', 'en_us', ' twitter '),
 ('154', 'field', '28', 'en_us', ' https twitter com tv2ksu '),
 ('154', 'slug', '0', 'en_us', ''),
 ('155', 'field', '27', 'en_us', ' facebook '),
 ('155', 'field', '28', 'en_us', ' https www facebook com tv2ksu '),
 ('155', 'slug', '0', 'en_us', ''),
 ('19', 'field', '31', 'en_us', ' broadcast film '),
 ('156', 'field', '27', 'en_us', ' instagram '),
 ('156', 'field', '28', 'en_us', ' https www instagram com bsrkent '),
 ('156', 'slug', '0', 'en_us', ''),
 ('157', 'field', '27', 'en_us', ' twitter '),
 ('157', 'field', '28', 'en_us', ' https twitter com bsrkent '),
 ('157', 'slug', '0', 'en_us', ''),
 ('158', 'field', '27', 'en_us', ' facebook '),
 ('158', 'field', '28', 'en_us', ' https www facebook com blacksquirrelradio '),
 ('158', 'slug', '0', 'en_us', ''),
 ('159', 'field', '27', 'en_us', ' website '),
 ('159', 'field', '28', 'en_us', ' http blacksquirrelradio com '),
 ('159', 'slug', '0', 'en_us', ''),
 ('160', 'title', '0', 'en_us', ' news '),
 ('160', 'field', '13', 'en_us', ' people cropped 960 '),
 ('160', 'field', '12', 'en_us', ' learn more about student media news '),
 ('161', 'slug', '0', 'en_us', ' board members '),
 ('161', 'title', '0', 'en_us', ' student media board members '),
 ('161', 'field', '13', 'en_us', ' seaside '),
 ('62', 'field', '13', 'en_us', ' people cropped 960 '),
 ('62', 'field', '12', 'en_us', ' feel free to contact us shoot us an e mail at ads ksustudentmedia com call us at 330 672 6306 or drop by our office during business hours '),
 ('60', 'field', '12', 'en_us', ' everyone is welcome to join us involvement in student media gives you an experience that will set you apart utilize the chance to share your voice and gain practical experience to help launch your career '),
 ('164', 'username', '0', 'en_us', ' challahan '),
 ('164', 'firstname', '0', 'en_us', ' christopher '),
 ('164', 'lastname', '0', 'en_us', ' hallahan '),
 ('164', 'fullname', '0', 'en_us', ' christopher hallahan '),
 ('164', 'email', '0', 'en_us', ' challaha kent edu '),
 ('164', 'slug', '0', 'en_us', ''),
 ('165', 'field', '19', 'en_us', ''),
 ('165', 'field', '5', 'en_us', ' officestaff '),
 ('165', 'field', '8', 'en_us', ' administrative clerk '),
 ('165', 'field', '6', 'en_us', ' lorie '),
 ('165', 'field', '7', 'en_us', ' bednar '),
 ('165', 'field', '4', 'en_us', ''),
 ('165', 'field', '10', 'en_us', ' 330 672 3290 '),
 ('165', 'field', '20', 'en_us', ''),
 ('165', 'field', '1', 'en_us', ' lorie bednar joined kent state s school of journalism and mass communication in 2015 as an administrative clerk in the kent state student media office she now shares her time between both offices other information you want to add words to live by be where your feet are anonymous personal lorie is a graduate of kent state university and loves everything about her alma mater if you don t find her on campus chances are you may run into her downtown and throughout kent where she lives and enjoys spending time with her husband and three kids two of her greatest achievements are winning an associated press award for enterprise writing and being the illustrator of a book jacket i can help you with keys staff listsjob offerstravelgeneral questions '),
 ('165', 'slug', '0', 'en_us', ' lorie bednar '),
 ('165', 'title', '0', 'en_us', ' lorie bednar '),
 ('166', 'slug', '0', 'en_us', ' support us '),
 ('166', 'title', '0', 'en_us', ' support us '),
 ('166', 'field', '13', 'en_us', ' seaside '),
 ('167', 'field', '19', 'en_us', ''),
 ('167', 'field', '5', 'en_us', ' voting '),
 ('167', 'field', '8', 'en_us', ' director of journalism and mass communications '),
 ('167', 'field', '6', 'en_us', ' thor '),
 ('167', 'field', '7', 'en_us', ' wasbotton '),
 ('167', 'field', '4', 'en_us', ' twasbot kent edu '),
 ('167', 'field', '10', 'en_us', ' 330 931 2911 '),
 ('167', 'field', '20', 'en_us', ' luna negra '),
 ('167', 'field', '1', 'en_us', ' hi '),
 ('167', 'slug', '0', 'en_us', ' grant wang '),
 ('167', 'title', '0', 'en_us', ' thor wasbotton '),
 ('168', 'slug', '0', 'en_us', ' meeting minutes example 1 '),
 ('168', 'title', '0', 'en_us', ' april 16 2015 jmcmb smpc meeting minutes '),
 ('169', 'filename', '0', 'en_us', ' dsci_mds_handout pdf '),
 ('169', 'extension', '0', 'en_us', ' pdf '),
 ('169', 'kind', '0', 'en_us', ' pdf '),
 ('169', 'slug', '0', 'en_us', ' dsci mds handout '),
 ('169', 'title', '0', 'en_us', ' dsci mds handout '),
 ('161', 'field', '49', 'en_us', ' smb guidelines 102015 '),
 ('21', 'field', '1', 'en_us', ' fusion is kent state university s lgbtq magazine we publish news entertainment opinions and interviews for and about the lgbtq community each spring we release a print issue and we regularly update our website year round our mission is to promote equality education and community through journalism when fusion was founded in 2003 marriage equality was not yet legal anywhere in the united states and laws against consensual sex between gay men were overturned that year lgbtq rights have significantly advanced since trans women drag queens and street kids fought back against police violence in 1959 but the community particularly trans people and people of color still face substantial adversity journalism and storytelling helps humanize the community and its struggle by publicizing their perspectives and experiences fusion helps demonstrate why lgbtq people need an equal place in society ');
INSERT INTO `craft_searchindex` (`elementId`, `attribute`, `fieldId`, `locale`, `keywords`) VALUES
 ('20', 'field', '1', 'en_us', ' tv2 is kent state s award winning television station that strives to be truly portage county from local news and sports to entertainment buzz and important social issues surrounding the region tv2 covers the kent state and portage county area like no other television station can while educating and preparing students for the future '),
 ('170', 'filename', '0', 'en_us', ' dsc6954 jpg '),
 ('170', 'extension', '0', 'en_us', ' jpg '),
 ('170', 'kind', '0', 'en_us', ' image '),
 ('170', 'slug', '0', 'en_us', ' dsc6954 '),
 ('170', 'title', '0', 'en_us', ' student media engages in a lively discussion '),
 ('62', 'field', '50', 'en_us', ' 205 franklin hall hilltop drive kent ohio 44240 '),
 ('62', 'field', '10', 'en_us', ' 330 672 6306 '),
 ('171', 'filename', '0', 'en_us', ' fake headshot jpg '),
 ('171', 'extension', '0', 'en_us', ' jpg '),
 ('171', 'kind', '0', 'en_us', ' image '),
 ('171', 'slug', '0', 'en_us', ' fake headshot '),
 ('171', 'title', '0', 'en_us', ' fake headshot '),
 ('172', 'field', '19', 'en_us', ''),
 ('172', 'field', '5', 'en_us', ' voting '),
 ('172', 'field', '8', 'en_us', ' director of center for student involvement '),
 ('172', 'field', '6', 'en_us', ' kristan '),
 ('172', 'field', '7', 'en_us', ' dolan '),
 ('172', 'field', '4', 'en_us', ' kdolan3 kent edu '),
 ('172', 'field', '10', 'en_us', ' 330 672 2480 '),
 ('172', 'field', '20', 'en_us', ''),
 ('172', 'field', '1', 'en_us', ''),
 ('172', 'slug', '0', 'en_us', ' kristan dolan '),
 ('172', 'title', '0', 'en_us', ' kristan dolan '),
 ('173', 'field', '19', 'en_us', ''),
 ('173', 'field', '5', 'en_us', ' voting '),
 ('173', 'field', '8', 'en_us', ' jmc faculty '),
 ('173', 'field', '6', 'en_us', ' mark '),
 ('173', 'field', '7', 'en_us', ' goodman '),
 ('173', 'field', '4', 'en_us', ' mgoodm10 kent edu '),
 ('173', 'field', '10', 'en_us', ' 330 672 6239 '),
 ('173', 'field', '20', 'en_us', ''),
 ('173', 'field', '1', 'en_us', ''),
 ('173', 'slug', '0', 'en_us', ' mark goodman '),
 ('173', 'title', '0', 'en_us', ' mark goodman '),
 ('174', 'field', '19', 'en_us', ''),
 ('174', 'field', '5', 'en_us', ' voting '),
 ('174', 'field', '8', 'en_us', ' jmc faculty '),
 ('174', 'field', '6', 'en_us', ' eugene '),
 ('174', 'field', '7', 'en_us', ' shelton '),
 ('174', 'field', '4', 'en_us', ' eshelto1 kent edu '),
 ('174', 'field', '10', 'en_us', ' 330 672 8298 '),
 ('174', 'field', '20', 'en_us', ''),
 ('174', 'field', '1', 'en_us', ''),
 ('174', 'slug', '0', 'en_us', ' eugene shelton '),
 ('174', 'title', '0', 'en_us', ' eugene shelton '),
 ('175', 'field', '19', 'en_us', ''),
 ('175', 'field', '5', 'en_us', ' voting '),
 ('175', 'field', '8', 'en_us', ' faculty senate appointee '),
 ('175', 'field', '6', 'en_us', ' carol '),
 ('175', 'field', '7', 'en_us', ' robinson '),
 ('175', 'field', '4', 'en_us', ' clrobins kent edu '),
 ('175', 'field', '10', 'en_us', ' 330 675 8907 '),
 ('175', 'field', '20', 'en_us', ''),
 ('175', 'field', '1', 'en_us', ''),
 ('175', 'slug', '0', 'en_us', ' carol robinson '),
 ('175', 'title', '0', 'en_us', ' carol robinson '),
 ('176', 'field', '19', 'en_us', ''),
 ('176', 'field', '5', 'en_us', ' voting '),
 ('176', 'field', '8', 'en_us', ' faculty senate appointee '),
 ('176', 'field', '6', 'en_us', ' karl '),
 ('176', 'field', '7', 'en_us', ' idsvoog '),
 ('176', 'field', '4', 'en_us', ' kidsvoog kent edu '),
 ('176', 'field', '10', 'en_us', ' 330 672 8301 '),
 ('176', 'field', '20', 'en_us', ''),
 ('176', 'field', '1', 'en_us', ''),
 ('176', 'slug', '0', 'en_us', ' karl idsvoog '),
 ('176', 'title', '0', 'en_us', ' karl idsvoog '),
 ('178', 'field', '19', 'en_us', ''),
 ('178', 'field', '5', 'en_us', ''),
 ('178', 'field', '8', 'en_us', ' graduate student senate appointee '),
 ('178', 'field', '6', 'en_us', ' kristen '),
 ('178', 'field', '7', 'en_us', ' traynor '),
 ('178', 'field', '4', 'en_us', ''),
 ('178', 'field', '10', 'en_us', ''),
 ('178', 'field', '20', 'en_us', ''),
 ('178', 'field', '1', 'en_us', ''),
 ('178', 'slug', '0', 'en_us', ' kristen traynor '),
 ('178', 'title', '0', 'en_us', ' kristen traynor '),
 ('180', 'field', '19', 'en_us', ''),
 ('180', 'field', '5', 'en_us', ' voting '),
 ('180', 'field', '8', 'en_us', ' jmc graduate student '),
 ('180', 'field', '6', 'en_us', ' lusi '),
 ('180', 'field', '7', 'en_us', ' cai '),
 ('180', 'field', '4', 'en_us', ''),
 ('180', 'field', '10', 'en_us', ''),
 ('180', 'field', '20', 'en_us', ''),
 ('180', 'field', '1', 'en_us', ''),
 ('180', 'slug', '0', 'en_us', ' lusi cai '),
 ('180', 'title', '0', 'en_us', ' lusi cai '),
 ('181', 'field', '19', 'en_us', ''),
 ('181', 'field', '5', 'en_us', ' voting '),
 ('181', 'field', '8', 'en_us', ' media professional '),
 ('181', 'field', '6', 'en_us', ' mark '),
 ('181', 'field', '7', 'en_us', ' turner '),
 ('181', 'field', '4', 'en_us', ''),
 ('181', 'field', '10', 'en_us', ''),
 ('181', 'field', '20', 'en_us', ''),
 ('181', 'field', '1', 'en_us', ''),
 ('181', 'slug', '0', 'en_us', ' mark turner ');
INSERT INTO `craft_searchindex` (`elementId`, `attribute`, `fieldId`, `locale`, `keywords`) VALUES
 ('181', 'title', '0', 'en_us', ' mark turner '),
 ('185', 'field', '19', 'en_us', ''),
 ('185', 'field', '5', 'en_us', ' studentmedialeader '),
 ('185', 'field', '8', 'en_us', ' black squirrel radio adviser '),
 ('185', 'field', '6', 'en_us', ' amanda '),
 ('185', 'field', '7', 'en_us', ' rabinowitz '),
 ('185', 'field', '4', 'en_us', ' challahan gmail com '),
 ('185', 'field', '10', 'en_us', ''),
 ('185', 'field', '20', 'en_us', ' black squirrel radio '),
 ('185', 'field', '1', 'en_us', ''),
 ('185', 'slug', '0', 'en_us', ' amanda rabinowitz '),
 ('185', 'title', '0', 'en_us', ' amanda rabinowitz '),
 ('187', 'field', '19', 'en_us', ''),
 ('187', 'field', '5', 'en_us', ' nonvoting studentmedialeader '),
 ('187', 'field', '8', 'en_us', ' fusion editor '),
 ('187', 'field', '6', 'en_us', ' m j '),
 ('187', 'field', '7', 'en_us', ' eckhouse '),
 ('187', 'field', '4', 'en_us', ' meckhous kent edu '),
 ('187', 'field', '10', 'en_us', ''),
 ('187', 'field', '20', 'en_us', ' fusion magazine '),
 ('187', 'field', '1', 'en_us', ''),
 ('187', 'slug', '0', 'en_us', ' m j eckhouse '),
 ('187', 'title', '0', 'en_us', ' m j eckhouse '),
 ('188', 'field', '19', 'en_us', ''),
 ('188', 'field', '5', 'en_us', ' nonvoting '),
 ('188', 'field', '8', 'en_us', ' fusion adviser '),
 ('188', 'field', '6', 'en_us', ' bruce '),
 ('188', 'field', '7', 'en_us', ' zake '),
 ('188', 'field', '4', 'en_us', ''),
 ('188', 'field', '10', 'en_us', ''),
 ('188', 'field', '20', 'en_us', ' fusion magazine '),
 ('188', 'field', '1', 'en_us', ''),
 ('188', 'slug', '0', 'en_us', ' bruce zake '),
 ('188', 'title', '0', 'en_us', ' bruce zake '),
 ('190', 'field', '19', 'en_us', ''),
 ('190', 'field', '5', 'en_us', ' nonvoting '),
 ('190', 'field', '8', 'en_us', ' student media newsroom adviser kent stater tv2 kentwired '),
 ('190', 'field', '6', 'en_us', ' sue '),
 ('190', 'field', '7', 'en_us', ' zake '),
 ('190', 'field', '4', 'en_us', ''),
 ('190', 'field', '10', 'en_us', ''),
 ('190', 'field', '20', 'en_us', ' kentwired tv2 kent stater '),
 ('190', 'field', '1', 'en_us', ''),
 ('190', 'slug', '0', 'en_us', ' sue zake '),
 ('190', 'title', '0', 'en_us', ' sue zake '),
 ('196', 'field', '5', 'en_us', ' nonvoting '),
 ('196', 'field', '19', 'en_us', ''),
 ('196', 'field', '8', 'en_us', ' luna negra adviser '),
 ('196', 'field', '6', 'en_us', ' kim '),
 ('196', 'field', '7', 'en_us', ' winebrenner '),
 ('196', 'field', '4', 'en_us', ''),
 ('196', 'field', '10', 'en_us', ''),
 ('196', 'field', '20', 'en_us', ' luna negra '),
 ('196', 'field', '1', 'en_us', ''),
 ('196', 'slug', '0', 'en_us', ' kim winebrenner '),
 ('196', 'title', '0', 'en_us', ' kim winebrenner '),
 ('197', 'field', '19', 'en_us', ''),
 ('197', 'field', '5', 'en_us', ' nonvoting studentmedialeader '),
 ('197', 'field', '8', 'en_us', ' tv2 general manager '),
 ('197', 'field', '6', 'en_us', ' leisel '),
 ('197', 'field', '7', 'en_us', ' kober '),
 ('197', 'field', '4', 'en_us', ' lkober kent edu '),
 ('197', 'field', '10', 'en_us', ''),
 ('197', 'field', '20', 'en_us', ' tv2 '),
 ('197', 'field', '1', 'en_us', ''),
 ('197', 'slug', '0', 'en_us', ' leisel kober '),
 ('197', 'title', '0', 'en_us', ' leisel kober '),
 ('199', 'field', '19', 'en_us', ''),
 ('199', 'field', '5', 'en_us', ' nonvoting studentmedialeader '),
 ('199', 'field', '8', 'en_us', ' uhuru editor '),
 ('199', 'field', '6', 'en_us', ' sierra '),
 ('199', 'field', '7', 'en_us', ' allen '),
 ('199', 'field', '4', 'en_us', ' sallen38 kent edu '),
 ('199', 'field', '10', 'en_us', ''),
 ('199', 'field', '20', 'en_us', ' uhuru '),
 ('199', 'field', '1', 'en_us', ''),
 ('199', 'slug', '0', 'en_us', ' sierra allen '),
 ('199', 'title', '0', 'en_us', ' sierra allen '),
 ('201', 'field', '19', 'en_us', ''),
 ('201', 'field', '5', 'en_us', ' nonvoting studentmedialeader '),
 ('201', 'field', '8', 'en_us', ' student media advertising marketing manager '),
 ('201', 'field', '6', 'en_us', ' clara '),
 ('201', 'field', '7', 'en_us', ' sullivan '),
 ('201', 'field', '4', 'en_us', ' csulli21 kent edu '),
 ('201', 'field', '10', 'en_us', ''),
 ('201', 'field', '20', 'en_us', ' student media ad sales '),
 ('201', 'field', '1', 'en_us', ''),
 ('201', 'slug', '0', 'en_us', ' clara sullivan '),
 ('201', 'title', '0', 'en_us', ' clara sullivan '),
 ('202', 'field', '19', 'en_us', ' 24805284962 094b55a1e1 k '),
 ('202', 'field', '5', 'en_us', ' officestaff '),
 ('202', 'field', '8', 'en_us', ' student media advertising marketing adviser '),
 ('202', 'field', '6', 'en_us', ' tami '),
 ('202', 'field', '7', 'en_us', ' bongiorni '),
 ('202', 'field', '4', 'en_us', ''),
 ('202', 'field', '10', 'en_us', ''),
 ('202', 'field', '20', 'en_us', ' student media ad sales '),
 ('202', 'field', '1', 'en_us', ' this is tammi s long long profile this is tammi s long long profile this is tammi s long long profile this is tammi s long long profile this is tammi s long long profile this is tammi s long long profile this is tammi s long long profile this is tammi s long long profile this is tammi s long long profile this is tammi s long long profile '),
 ('202', 'slug', '0', 'en_us', ' tami bongiorni '),
 ('202', 'title', '0', 'en_us', ' tami bongiorni ');
INSERT INTO `craft_searchindex` (`elementId`, `attribute`, `fieldId`, `locale`, `keywords`) VALUES
 ('203', 'filename', '0', 'en_us', ' jmcmb_smpc_04_16_15 pdf '),
 ('203', 'extension', '0', 'en_us', ' pdf '),
 ('203', 'kind', '0', 'en_us', ' pdf '),
 ('203', 'slug', '0', 'en_us', ' jmcmb smpc 04 16 15 '),
 ('203', 'title', '0', 'en_us', ' jmcmb smpc 04 16 15 '),
 ('161', 'field', '21', 'en_us', ' the team that makes it happen '),
 ('161', 'field', '1', 'en_us', ' the student media board is made up of various stakeholders to ensure that kent state student media is the best that it can be voting members include faculty members appointed by the faculty senate faculty members appointed by the school of journalism and mass communication faculty advisory committee the jmc director the csi director usg appointees a graduate senate appointee jmc undergraduate students a jmc graduate student and a media professional all student leaders student media advisors and the director of student media serve as non voting members check out the guidelines members and meeting minutes below '),
 ('204', 'filename', '0', 'en_us', ' smb_guidelines_102015 pdf '),
 ('204', 'extension', '0', 'en_us', ' pdf '),
 ('204', 'kind', '0', 'en_us', ' pdf '),
 ('204', 'slug', '0', 'en_us', ' smb guidelines 102015 '),
 ('204', 'title', '0', 'en_us', ' smb guidelines 102015 '),
 ('205', 'filename', '0', 'en_us', ' smb_budget_040116 pdf '),
 ('205', 'extension', '0', 'en_us', ' pdf '),
 ('205', 'kind', '0', 'en_us', ' pdf '),
 ('205', 'slug', '0', 'en_us', ' smb budget 040116 '),
 ('205', 'title', '0', 'en_us', ' smb budget 040116 '),
 ('206', 'field', '49', 'en_us', ' smb budget 040116 '),
 ('206', 'field', '48', 'en_us', ' 2016 04 01 '),
 ('206', 'slug', '0', 'en_us', ' april 1 2016 budget meeting minutes '),
 ('206', 'title', '0', 'en_us', ' april 1 2016 budget meeting minutes '),
 ('207', 'filename', '0', 'en_us', ' smb_full_041516 pdf '),
 ('207', 'extension', '0', 'en_us', ' pdf '),
 ('207', 'kind', '0', 'en_us', ' pdf '),
 ('207', 'slug', '0', 'en_us', ' smb full 041516 '),
 ('207', 'title', '0', 'en_us', ' smb full 041516 '),
 ('208', 'field', '49', 'en_us', ' smb full 041516 '),
 ('208', 'field', '48', 'en_us', ' 2016 04 15 '),
 ('208', 'slug', '0', 'en_us', ' april 15 2016 media board meeting minutes '),
 ('208', 'title', '0', 'en_us', ' april 15 2016 smb meeting minutes '),
 ('209', 'filename', '0', 'en_us', ' smb_full_100915 pdf '),
 ('209', 'extension', '0', 'en_us', ' pdf '),
 ('209', 'kind', '0', 'en_us', ' pdf '),
 ('209', 'slug', '0', 'en_us', ' smb full 100915 '),
 ('209', 'title', '0', 'en_us', ' smb full 100915 '),
 ('210', 'field', '49', 'en_us', ' smb full 100915 '),
 ('210', 'field', '48', 'en_us', ' 2015 10 09 '),
 ('210', 'slug', '0', 'en_us', ' october 9 2015 smb meeting minutes '),
 ('210', 'title', '0', 'en_us', ' october 9 2015 smb meeting minutes '),
 ('211', 'filename', '0', 'en_us', ' smb_selection_033016 pdf '),
 ('211', 'extension', '0', 'en_us', ' pdf '),
 ('211', 'kind', '0', 'en_us', ' pdf '),
 ('211', 'slug', '0', 'en_us', ' smb selection 033016 '),
 ('211', 'title', '0', 'en_us', ' smb selection 033016 '),
 ('212', 'field', '49', 'en_us', ' smb selection 033016 '),
 ('212', 'field', '48', 'en_us', ' 2016 04 06 '),
 ('212', 'slug', '0', 'en_us', ' april 6 2016 smb selection meeting minutes '),
 ('212', 'title', '0', 'en_us', ' april 6 2016 smb selection meeting minutes '),
 ('213', 'filename', '0', 'en_us', ' smb_selection_040816 pdf '),
 ('213', 'extension', '0', 'en_us', ' pdf '),
 ('213', 'kind', '0', 'en_us', ' pdf '),
 ('213', 'slug', '0', 'en_us', ' smb selection 040816 '),
 ('213', 'title', '0', 'en_us', ' smb selection 040816 '),
 ('214', 'field', '49', 'en_us', ' smb selection 040816 '),
 ('214', 'field', '48', 'en_us', ' 2016 04 08 '),
 ('214', 'slug', '0', 'en_us', ' april 8 2016 smb selection meeting minutes '),
 ('214', 'title', '0', 'en_us', ' april 8 2016 smb selection meeting minutes '),
 ('215', 'filename', '0', 'en_us', ' smb_selection_120415 pdf '),
 ('215', 'extension', '0', 'en_us', ' pdf '),
 ('215', 'kind', '0', 'en_us', ' pdf '),
 ('215', 'slug', '0', 'en_us', ' smb selection 120415 '),
 ('215', 'title', '0', 'en_us', ' smb selection 120415 '),
 ('216', 'field', '49', 'en_us', ' smb selection 120415 '),
 ('216', 'field', '48', 'en_us', ' 2015 12 04 '),
 ('216', 'slug', '0', 'en_us', ' december 4 2015 smb selection meeting minutes '),
 ('216', 'title', '0', 'en_us', ' december 4 2015 smb selection meeting minutes '),
 ('217', 'filename', '0', 'en_us', ' smb_special_012216 pdf '),
 ('217', 'extension', '0', 'en_us', ' pdf '),
 ('217', 'kind', '0', 'en_us', ' pdf '),
 ('217', 'slug', '0', 'en_us', ' smb special 012216 '),
 ('217', 'title', '0', 'en_us', ' smb special 012216 '),
 ('218', 'field', '49', 'en_us', ' smb special 012216 '),
 ('218', 'field', '48', 'en_us', ' 2016 01 22 '),
 ('218', 'slug', '0', 'en_us', ' january 22 2016 special meeting minutes '),
 ('218', 'title', '0', 'en_us', ' january 22 2016 special meeting minutes '),
 ('19', 'field', '1', 'en_us', ' black squirrel radio is a student run radio station committed to providing innovative media content inspired by the community of kent ohio dedicated to professionalism integrity creativity and diversity with 56 different student hosted shows airing from 10am to 2am everyday we are committed to providing professional industry experience while continuing to be a platform for experimental programming through alternative media content we aim to grow our audience by becoming the destination for students and alumni to remember what was and experience what is college life in kent ohio '),
 ('219', 'filename', '0', 'en_us', ' img_0161 jpg '),
 ('219', 'extension', '0', 'en_us', ' jpg '),
 ('219', 'kind', '0', 'en_us', ' image '),
 ('219', 'slug', '0', 'en_us', ' img 0161 '),
 ('219', 'title', '0', 'en_us', ' img 0161 '),
 ('220', 'filename', '0', 'en_us', ' dsc8013 copy jpg '),
 ('220', 'extension', '0', 'en_us', ' jpg '),
 ('220', 'kind', '0', 'en_us', ' image '),
 ('220', 'slug', '0', 'en_us', ' dsc8013 copy '),
 ('220', 'title', '0', 'en_us', ' dsc8013 copy '),
 ('21', 'field', '21', 'en_us', ''),
 ('221', 'filename', '0', 'en_us', ' img_0216 jpg '),
 ('221', 'extension', '0', 'en_us', ' jpg '),
 ('221', 'kind', '0', 'en_us', ' image '),
 ('221', 'slug', '0', 'en_us', ' img 0216 '),
 ('221', 'title', '0', 'en_us', ' img 0216 '),
 ('24', 'field', '21', 'en_us', ' fsfsdfdsfds '),
 ('24', 'field', '1', 'en_us', ' luna negra though sometimes under different names has been around since 1956 it began under the english department where it found its footing within the campus s cultural atmosphere since then the publication has been a staple of the university witnessing the path kent state has taken through the decades we have published works describing the culture of collegiate 1950s the kent state shootings and 9 11 the literary pieces published by luna negra written by the students themselves have chronicled every major cultural and historical event of america since its inception and still to today luna negra is run by students and filled with student content we strive to foster creative activity across campus and seek to be the keeper and encourager of the student body s creative spirit '),
 ('24', 'field', '8', 'en_us', ' student leader '),
 ('24', 'field', '54', 'en_us', ''),
 ('20', 'field', '21', 'en_us', ''),
 ('20', 'field', '8', 'en_us', ' student leader '),
 ('20', 'field', '54', 'en_us', ''),
 ('222', 'field', '27', 'en_us', ' website ');
INSERT INTO `craft_searchindex` (`elementId`, `attribute`, `fieldId`, `locale`, `keywords`) VALUES
 ('222', 'field', '28', 'en_us', ' http www kentwired com tv2 '),
 ('222', 'slug', '0', 'en_us', ''),
 ('22', 'field', '21', 'en_us', ''),
 ('22', 'field', '1', 'en_us', ' uhuru is an award winning magazine that aims to promote innovation creativity and culture through the voice of marginalized students on the kent state university campus having a history of pan african teachings and values uhuru magazine focuses on the plight of all students around the globe uhuru which is kiswahili for freedom serves as a platform for student creation and expression in art writing photography and graphic design while discussing racial social and or political ignorance '),
 ('22', 'field', '8', 'en_us', ' student leader '),
 ('22', 'field', '54', 'en_us', ''),
 ('223', 'filename', '0', 'en_us', ' fb_cover_overlay4 jpg '),
 ('223', 'extension', '0', 'en_us', ' jpg '),
 ('223', 'kind', '0', 'en_us', ' image '),
 ('223', 'slug', '0', 'en_us', ' fb cover overlay4 '),
 ('223', 'title', '0', 'en_us', ' fb cover overlay4 '),
 ('224', 'filename', '0', 'en_us', ' twitter_cover_overlay4 jpg '),
 ('224', 'extension', '0', 'en_us', ' jpg '),
 ('224', 'kind', '0', 'en_us', ' image '),
 ('224', 'slug', '0', 'en_us', ' twitter cover overlay4 '),
 ('224', 'title', '0', 'en_us', ' twitter cover overlay4 '),
 ('25', 'field', '21', 'en_us', ''),
 ('25', 'field', '1', 'en_us', ' kent state university independent films ksuif is an organization fueled by students passion for film in 2008 professors traci e williams and david smeltzer collaborated to create this wonderful program which is designed to give students real world film experience today nearly 500 people are currently involved in the organization '),
 ('25', 'field', '8', 'en_us', ' student leader '),
 ('25', 'field', '54', 'en_us', ''),
 ('25', 'field', '31', 'en_us', ' broadcast film '),
 ('225', 'field', '27', 'en_us', ' facebook '),
 ('225', 'field', '28', 'en_us', ' https www facebook com ksuindependentfilms '),
 ('225', 'slug', '0', 'en_us', ''),
 ('226', 'field', '27', 'en_us', ' website '),
 ('226', 'field', '28', 'en_us', ' http kentstatefilms com '),
 ('226', 'slug', '0', 'en_us', ''),
 ('10', 'field', '21', 'en_us', ' mnjkhhghgj '),
 ('10', 'field', '1', 'en_us', ' a magazine is kent state s publication for all things fashion beauty and culture on campus and beyond a focuses on both women s and men s fashion and has companion website that is updated regularly providing students with the latest fashion industry and more it is distributed at kent state and the fashion school s new york studio '),
 ('10', 'field', '8', 'en_us', ' student leader '),
 ('10', 'field', '54', 'en_us', ''),
 ('15', 'field', '21', 'en_us', ''),
 ('15', 'field', '1', 'en_us', ' the kent stater is an award winning student run newspaper reaching more than 9 500 people per issue the stater keeps the community up to date with campus local and national news sports and features the stater publishes on monday wednesday and thursday and has a circulation of 6 000 per day during the summer months the kent stater runs special print issues and the annual orientation issue to welcome back students the kent stater publishes online with media partner tv2 at kentwired com '),
 ('15', 'field', '8', 'en_us', ' student leader '),
 ('15', 'field', '54', 'en_us', ''),
 ('15', 'field', '31', 'en_us', ' print '),
 ('227', 'field', '27', 'en_us', ' twitter '),
 ('227', 'field', '28', 'en_us', ' https twitter com kentwired '),
 ('227', 'slug', '0', 'en_us', ''),
 ('228', 'field', '27', 'en_us', ' instagram '),
 ('228', 'field', '28', 'en_us', ' https www instagram com kentwired '),
 ('228', 'slug', '0', 'en_us', ''),
 ('229', 'field', '27', 'en_us', ' facebook '),
 ('229', 'field', '28', 'en_us', ' https www facebook com kentwired '),
 ('229', 'slug', '0', 'en_us', ''),
 ('230', 'field', '27', 'en_us', ' website '),
 ('230', 'field', '28', 'en_us', ' http www kentwired com '),
 ('230', 'slug', '0', 'en_us', ''),
 ('14', 'field', '21', 'en_us', ''),
 ('14', 'field', '1', 'en_us', ' the burr is kent state university s first student magazine published once a semester the burr looks into current trends issues and people in kent and the surrounding communities each issue contains a compelling mix of original reporting in depth issue coverage profiles and personal essays the web counterpoint theburr com features online feature stories and multimedia as well as weekly blogs on topics such as relationships fashion health and entertainment the burr has been producing strong award winning journalism since 1986 '),
 ('14', 'field', '8', 'en_us', ' student leader '),
 ('14', 'field', '54', 'en_us', ''),
 ('21', 'field', '8', 'en_us', ' student leader '),
 ('21', 'field', '54', 'en_us', ''),
 ('19', 'field', '21', 'en_us', ''),
 ('19', 'field', '8', 'en_us', ' student leader '),
 ('19', 'field', '54', 'en_us', ''),
 ('60', 'field', '49', 'en_us', ''),
 ('93', 'field', '21', 'en_us', ''),
 ('93', 'field', '1', 'en_us', ' transitions magazine is a go to guide about area restaurants shopping banks atms hotels transportation and other tips to make the first year at kent state successful it is endorsed by destination kent state and is given to students and their parents guardians during the freshman orientation program '),
 ('93', 'field', '6', 'en_us', ''),
 ('93', 'field', '7', 'en_us', ''),
 ('93', 'field', '8', 'en_us', ''),
 ('93', 'field', '10', 'en_us', ''),
 ('93', 'field', '4', 'en_us', ''),
 ('93', 'field', '54', 'en_us', ''),
 ('60', 'field', '51', 'en_us', ' there are a few requirements a student must meet to become a student media leader how can i become a student media leader '),
 ('231', 'field', '52', 'en_us', ' how can i become a student media leader '),
 ('231', 'field', '53', 'en_us', ' there are a few requirements a student must meet to become a student media leader '),
 ('231', 'slug', '0', 'en_us', ''),
 ('23', 'field', '21', 'en_us', ''),
 ('23', 'field', '8', 'en_us', ''),
 ('23', 'field', '54', 'en_us', ''),
 ('62', 'field', '21', 'en_us', ' any more questions or concerns '),
 ('101', 'field', '21', 'en_us', ''),
 ('101', 'field', '1', 'en_us', ''),
 ('101', 'field', '6', 'en_us', ' clara '),
 ('101', 'field', '7', 'en_us', ' sulivan '),
 ('101', 'field', '8', 'en_us', ' student leader '),
 ('101', 'field', '10', 'en_us', ' 330 672 6303 '),
 ('101', 'field', '4', 'en_us', ' ads ksustudentmedia com '),
 ('101', 'field', '54', 'en_us', ' ad sales '),
 ('60', 'field', '56', 'en_us', ' mary smith a magazine graphic designer description '),
 ('232', 'field', '57', 'en_us', ' a magazine '),
 ('232', 'field', '58', 'en_us', ' graphic designer '),
 ('232', 'field', '59', 'en_us', ' description '),
 ('232', 'field', '60', 'en_us', ' mary smith '),
 ('232', 'slug', '0', 'en_us', ''),
 ('58', 'field', '55', 'en_us', ' advertise with us '),
 ('233', 'filename', '0', 'en_us', ' img_0230 jpg '),
 ('233', 'extension', '0', 'en_us', ' jpg '),
 ('233', 'kind', '0', 'en_us', ' image '),
 ('233', 'slug', '0', 'en_us', ' img 0230 '),
 ('233', 'title', '0', 'en_us', ' img 0230 '),
 ('234', 'kind', '0', 'en_us', ' image '),
 ('234', 'slug', '0', 'en_us', ' dsc8042 '),
 ('234', 'title', '0', 'en_us', ' dsc8042 '),
 ('235', 'username', '0', 'en_us', ' kdilley '),
 ('235', 'firstname', '0', 'en_us', ' kevin '),
 ('235', 'lastname', '0', 'en_us', ' dilley ');
INSERT INTO `craft_searchindex` (`elementId`, `attribute`, `fieldId`, `locale`, `keywords`) VALUES
 ('235', 'fullname', '0', 'en_us', ' kevin dilley '),
 ('235', 'email', '0', 'en_us', ' kdilley kent edu '),
 ('235', 'slug', '0', 'en_us', ''),
 ('2', 'field', '55', 'en_us', ' kent state student media is the brand that represents all the broadcast and film print and online content created by kent state students our media partners are independent nationally recognized and nationally award winning '),
 ('2', 'field', '61', 'en_us', ' about kent state student media '),
 ('2', 'field', '62', 'en_us', ' advertising '),
 ('2', 'field', '64', 'en_us', ' our media partners '),
 ('2', 'field', '63', 'en_us', ' advertising with us '),
 ('236', 'filename', '0', 'en_us', ' 24805284962_094b55a1e1_k jpg '),
 ('236', 'extension', '0', 'en_us', ' jpg '),
 ('236', 'kind', '0', 'en_us', ' image '),
 ('236', 'slug', '0', 'en_us', ' 24805284962 094b55a1e1 k '),
 ('236', 'title', '0', 'en_us', ' 24805284962 094b55a1e1 k '),
 ('2', 'field', '65', 'en_us', ' watch our student produced video to learn more about student media '),
 ('237', 'filename', '0', 'en_us', ' lab jpg '),
 ('237', 'extension', '0', 'en_us', ' jpg '),
 ('237', 'kind', '0', 'en_us', ' image '),
 ('237', 'slug', '0', 'en_us', ' lab '),
 ('237', 'title', '0', 'en_us', ' lab '),
 ('61', 'field', '21', 'en_us', ' reach more customers '),
 ('61', 'field', '1', 'en_us', ' advertising paragraph '),
 ('61', 'field', '66', 'en_us', ' this is a description about creative services '),
 ('62', 'field', '1', 'en_us', ' feel free to contact us shoot us an e mail at ads ksustudentmedia com call us at 330 672 6306 or drop by our office during business hours '),
 ('59', 'field', '21', 'en_us', ' this is the tagline '),
 ('59', 'field', '1', 'en_us', ' this is the body introduction '),
 ('238', 'field', '12', 'en_us', ' this is the description of the recognition '),
 ('238', 'slug', '0', 'en_us', ' recognition title '),
 ('238', 'title', '0', 'en_us', ' recognition title '),
 ('239', 'field', '12', 'en_us', ' virtual '),
 ('239', 'field', '39', 'en_us', ''),
 ('239', 'slug', '0', 'en_us', ' virtual reality '),
 ('239', 'title', '0', 'en_us', ' virtual reality '),
 ('240', 'field', '33', 'en_us', ' commercial spot '),
 ('240', 'field', '40', 'en_us', ' 30 seconds 30 fsfs fdsfsd 30 seconds 30 fsfs fdsfsd '),
 ('240', 'field', '41', 'en_us', ' fdsfdsfdsfds '),
 ('240', 'slug', '0', 'en_us', ''),
 ('241', 'field', '33', 'en_us', ' commercial spot '),
 ('241', 'field', '40', 'en_us', ' 30 seconds 100000000 30 seconds 100000000 '),
 ('241', 'field', '41', 'en_us', ' this is an awesome radio spot '),
 ('241', 'slug', '0', 'en_us', '');



DROP TABLE IF EXISTS `craft_sections`;


--
-- Schema for table `craft_sections`
--
CREATE TABLE `craft_sections` (
  `id` int(11) NOT NULL AUTO_INCREMENT,
  `structureId` int(11) DEFAULT NULL,
  `name` varchar(255) COLLATE utf8_unicode_ci NOT NULL,
  `handle` varchar(255) COLLATE utf8_unicode_ci NOT NULL,
  `type` enum('single','channel','structure') COLLATE utf8_unicode_ci NOT NULL DEFAULT 'channel',
  `hasUrls` tinyint(1) unsigned NOT NULL DEFAULT '1',
  `template` varchar(500) COLLATE utf8_unicode_ci DEFAULT NULL,
  `enableVersioning` tinyint(1) unsigned NOT NULL DEFAULT '0',
  `dateCreated` datetime NOT NULL,
  `dateUpdated` datetime NOT NULL,
  `uid` char(36) COLLATE utf8_unicode_ci NOT NULL DEFAULT '0',
  PRIMARY KEY (`id`),
  UNIQUE KEY `craft_sections_name_unq_idx` (`name`),
  UNIQUE KEY `craft_sections_handle_unq_idx` (`handle`),
  KEY `craft_sections_structureId_fk` (`structureId`)
) ENGINE=InnoDB AUTO_INCREMENT=24 DEFAULT CHARSET=utf8 COLLATE=utf8_unicode_ci;

--
-- Data for table `craft_sections`
--

INSERT INTO `craft_sections` (`id`, `structureId`, `name`, `handle`, `type`, `hasUrls`, `template`, `enableVersioning`, `dateCreated`, `dateUpdated`, `uid`) VALUES
 ('1', NULL, 'Homepage', 'homepage', 'single', '1', 'index', '1', '2017-01-12 16:12:59', '2017-01-12 16:12:59', '319d4367-7a50-465a-b8ba-9f48d25b27cc'),
 ('2', NULL, 'News', 'news', 'channel', '1', 'news/_entry', '1', '2017-01-12 16:12:59', '2017-01-12 16:12:59', '18f38288-9660-46d8-a514-1853770f9587'),
 ('4', NULL, 'Media Partners', 'partners', 'channel', '1', 'partners/_entry', '1', '2017-02-23 21:40:51', '2017-03-10 16:12:49', 'a40190bc-da17-43f7-9ffd-0ca44202543c'),
 ('5', NULL, 'Statistics', 'statistics', 'channel', '1', 'statistics/_entry', '1', '2017-02-24 21:50:00', '2017-02-24 21:50:00', '0b5a64fa-f1fe-4ce0-84b8-50f2e525ccda'),
 ('6', NULL, 'Events', 'events', 'channel', '1', 'events/_entry', '1', '2017-03-08 16:24:40', '2017-03-09 02:29:15', '6a51f2b8-8b33-48ec-82b0-f49f7f3b57e3'),
 ('7', NULL, 'Ad', 'ad', 'channel', '1', 'advertising/_entry.html', '1', '2017-03-12 16:08:01', '2017-05-31 19:36:40', '9e9464d9-bead-4a95-a865-35a1a1987162'),
 ('8', NULL, 'Staff', 'staff', 'channel', '1', 'staff/_entry', '1', '2017-03-12 16:09:15', '2017-03-12 16:09:15', '7e048976-a7b5-4fa9-b606-66224dd3e15c'),
 ('9', NULL, 'About', 'about', 'single', '1', 'about', '1', '2017-03-16 18:11:56', '2017-04-19 00:14:54', '2f09d7db-6ee9-4e98-af06-0d19a3675825'),
 ('10', NULL, 'Media Partners Home', 'mediaPartnersHome', 'single', '1', 'partners', '1', '2017-03-16 18:12:46', '2017-03-16 18:12:46', 'f7179ae8-b6a5-4dbb-8629-58dd487b2de4'),
 ('11', NULL, 'Get Involved', 'getInvolved', 'single', '1', 'getInvolved', '1', '2017-03-16 18:13:51', '2017-04-20 17:57:07', 'ba02c029-cb83-4b18-8b1d-9339351c0a98'),
 ('12', NULL, 'Advertising', 'advertising', 'single', '1', 'advertising/index', '1', '2017-03-16 18:15:33', '2017-04-23 15:26:55', '9d1b0fd1-7dce-40fb-8751-2dde1c5e3600'),
 ('13', NULL, 'Contact', 'contact', 'single', '1', 'contact', '1', '2017-03-16 18:15:45', '2017-03-16 18:15:45', '890aed4c-8705-4609-bf91-f4b22b507593'),
 ('14', NULL, 'Testimonials', 'testimonials', 'channel', '0', NULL, '1', '2017-03-21 17:33:15', '2017-03-21 17:33:15', '72866445-5d7c-4882-95cc-9c4c2d16552e'),
 ('18', NULL, 'Recognition', 'recognition', 'channel', '1', 'recognition/_entry', '1', '2017-04-19 00:47:11', '2017-04-19 00:47:20', '6e0b77b1-5b1d-45dc-822e-13fa2d1c309a'),
 ('19', NULL, 'Jobs', 'jobs', 'channel', '1', 'jobs/_entry', '1', '2017-04-19 00:49:33', '2017-04-19 00:49:33', 'bda17852-a1e6-49ee-8e86-2d4635fc4b91'),
 ('20', NULL, 'About Student Media News', 'aboutStudentMediaNews', 'single', '1', 'aboutStudentMediaNews', '1', '2017-04-22 21:35:28', '2017-04-26 19:17:10', 'c27d9540-001c-40df-ac37-8ec5797f2f56'),
 ('21', NULL, 'Media Boards', 'boardMembers', 'single', '1', 'boardMembers', '1', '2017-04-22 21:50:41', '2017-05-10 11:14:55', '8406a1b9-2c44-4ee8-bbf0-10f290ff0370'),
 ('22', NULL, 'Support Us', 'supportUs', 'single', '1', 'supportUs', '1', '2017-04-24 17:57:47', '2017-04-27 18:41:09', 'c41cf981-19cd-4640-83dc-dd6e259bcc30'),
 ('23', NULL, 'Meeting Minutes', 'meetingMinutes', 'channel', '1', 'meeting-minutes/_entry', '1', '2017-04-27 19:08:02', '2017-04-27 19:08:02', '24e165bf-9c92-43cc-99d3-82d274c57d4f');



DROP TABLE IF EXISTS `craft_sections_i18n`;


--
-- Schema for table `craft_sections_i18n`
--
CREATE TABLE `craft_sections_i18n` (
  `id` int(11) NOT NULL AUTO_INCREMENT,
  `sectionId` int(11) NOT NULL,
  `locale` char(12) COLLATE utf8_unicode_ci NOT NULL,
  `enabledByDefault` tinyint(1) unsigned NOT NULL DEFAULT '1',
  `urlFormat` text COLLATE utf8_unicode_ci,
  `nestedUrlFormat` text COLLATE utf8_unicode_ci,
  `dateCreated` datetime NOT NULL,
  `dateUpdated` datetime NOT NULL,
  `uid` char(36) COLLATE utf8_unicode_ci NOT NULL DEFAULT '0',
  PRIMARY KEY (`id`),
  UNIQUE KEY `craft_sections_i18n_sectionId_locale_unq_idx` (`sectionId`,`locale`),
  KEY `craft_sections_i18n_locale_fk` (`locale`)
) ENGINE=InnoDB AUTO_INCREMENT=24 DEFAULT CHARSET=utf8 COLLATE=utf8_unicode_ci;

--
-- Data for table `craft_sections_i18n`
--

INSERT INTO `craft_sections_i18n` (`id`, `sectionId`, `locale`, `enabledByDefault`, `urlFormat`, `nestedUrlFormat`, `dateCreated`, `dateUpdated`, `uid`) VALUES
 ('1', '1', 'en_us', '1', '__home__', NULL, '2017-01-12 16:12:59', '2017-01-12 16:12:59', 'b34168d3-2228-4a5b-8d90-09bad941aff3'),
 ('2', '2', 'en_us', '1', 'news/{postDate.year}/{slug}', NULL, '2017-01-12 16:12:59', '2017-01-12 16:12:59', '89eda871-7fd5-46a3-815f-1c0782205f0e'),
 ('4', '4', 'en_us', '1', 'partners/{slug}', NULL, '2017-02-23 21:40:51', '2017-02-27 15:18:00', '048239b2-b289-46d0-91a4-7f2756403654'),
 ('5', '5', 'en_us', '1', 'statistics/{slug}', NULL, '2017-02-24 21:50:00', '2017-02-24 21:50:00', '1189c990-4fee-4753-b845-a8ef7a8a8edc'),
 ('6', '6', 'en_us', '1', 'events/{slug}', NULL, '2017-03-08 16:24:40', '2017-03-08 16:24:40', '0ded5992-56af-48ef-a303-cb1f1dd83cca'),
 ('7', '7', 'en_us', '1', 'ad/{slug}', NULL, '2017-03-12 16:08:01', '2017-03-12 16:08:01', 'b2415790-b0d4-45de-a3ce-de0736ef5fc1'),
 ('8', '8', 'en_us', '1', 'staff/{slug}', NULL, '2017-03-12 16:09:15', '2017-03-12 16:09:15', '776106dd-3512-474f-9b66-86ac9f5d1fad'),
 ('9', '9', 'en_us', '1', 'about', NULL, '2017-03-16 18:11:56', '2017-03-16 18:11:56', '07129cdf-3a92-4f6d-bb80-c1fab35385c6'),
 ('10', '10', 'en_us', '1', 'partners', NULL, '2017-03-16 18:12:46', '2017-03-16 18:12:46', '37e03ae4-c635-42d1-a0af-04a144d3b2ee'),
 ('11', '11', 'en_us', '1', 'involvement', NULL, '2017-03-16 18:13:51', '2017-03-16 18:13:51', '05b6dce6-450a-443d-b86b-1470c2579fb9'),
 ('12', '12', 'en_us', '1', 'advertising', NULL, '2017-03-16 18:15:33', '2017-03-16 18:15:33', '229db4be-39e4-4005-9e95-530a1c143856'),
 ('13', '13', 'en_us', '1', 'contact', NULL, '2017-03-16 18:15:45', '2017-03-16 18:15:45', 'f5c51771-d442-4f7f-8ebe-3a07ad31d665'),
 ('14', '14', 'en_us', '1', NULL, NULL, '2017-03-21 17:33:15', '2017-03-21 17:33:15', 'a95bb9df-457e-44ef-b085-a2ef8f07ad3a'),
 ('18', '18', 'en_us', '1', 'recognition/{slug}', NULL, '2017-04-19 00:47:11', '2017-04-19 00:47:11', '095c6729-4e33-4440-8c16-bbe160f386ea'),
 ('19', '19', 'en_us', '1', 'jobs/{slug}', NULL, '2017-04-19 00:49:33', '2017-04-19 00:49:33', 'c835f300-3fa2-4a97-aa7b-6a3877c0f5bc'),
 ('20', '20', 'en_us', '1', 'news', NULL, '2017-04-22 21:35:28', '2017-04-26 19:17:10', 'b0e8b332-aa41-44aa-a5a4-c9fc216eeab8'),
 ('21', '21', 'en_us', '1', 'boardMembers', NULL, '2017-04-22 21:50:41', '2017-04-22 21:57:18', 'aa3cc2c5-2a93-47ab-92fa-18594669bc70'),
 ('22', '22', 'en_us', '1', 'supportUs', NULL, '2017-04-24 17:57:47', '2017-04-24 17:57:47', '373cd4b8-233b-4707-83e5-e71f23299c8c'),
 ('23', '23', 'en_us', '1', 'meeting-minutes/{slug}', NULL, '2017-04-27 19:08:02', '2017-04-27 19:08:02', '14f0cc03-7a17-449e-924e-74aac3744ab3');



DROP TABLE IF EXISTS `craft_seomatic_meta`;


--
-- Schema for table `craft_seomatic_meta`
--
CREATE TABLE `craft_seomatic_meta` (
  `id` int(11) NOT NULL,
  `seoImageId` int(11) DEFAULT NULL,
  `seoTwitterImageId` int(11) DEFAULT NULL,
  `seoFacebookImageId` int(11) DEFAULT NULL,
  `locale` varchar(255) COLLATE utf8_unicode_ci DEFAULT 'en_us',
  `elementId` int(10) DEFAULT '0',
  `metaType` enum('default','template') COLLATE utf8_unicode_ci DEFAULT 'template',
  `metaPath` varchar(255) COLLATE utf8_unicode_ci DEFAULT '',
  `seoMainEntityCategory` varchar(255) COLLATE utf8_unicode_ci DEFAULT '',
  `seoMainEntityOfPage` varchar(255) COLLATE utf8_unicode_ci DEFAULT '',
  `seoTitle` varchar(255) COLLATE utf8_unicode_ci DEFAULT '',
  `seoDescription` varchar(255) COLLATE utf8_unicode_ci DEFAULT '',
  `seoKeywords` varchar(255) COLLATE utf8_unicode_ci DEFAULT '',
  `seoImageTransform` varchar(255) COLLATE utf8_unicode_ci DEFAULT '',
  `seoFacebookImageTransform` varchar(255) COLLATE utf8_unicode_ci DEFAULT '',
  `seoTwitterImageTransform` varchar(255) COLLATE utf8_unicode_ci DEFAULT '',
  `twitterCardType` varchar(255) COLLATE utf8_unicode_ci DEFAULT 'summary',
  `openGraphType` varchar(255) COLLATE utf8_unicode_ci DEFAULT 'website',
  `robots` varchar(255) COLLATE utf8_unicode_ci DEFAULT '',
  `dateCreated` datetime NOT NULL,
  `dateUpdated` datetime NOT NULL,
  `uid` char(36) COLLATE utf8_unicode_ci NOT NULL DEFAULT '0',
  PRIMARY KEY (`id`),
  KEY `craft_seomatic_meta_seoImageId_fk` (`seoImageId`),
  KEY `craft_seomatic_meta_seoTwitterImageId_fk` (`seoTwitterImageId`),
  KEY `craft_seomatic_meta_seoFacebookImageId_fk` (`seoFacebookImageId`)
) ENGINE=InnoDB DEFAULT CHARSET=utf8 COLLATE=utf8_unicode_ci;

DROP TABLE IF EXISTS `craft_seomatic_settings`;


--
-- Schema for table `craft_seomatic_settings`
--
CREATE TABLE `craft_seomatic_settings` (
  `id` int(11) NOT NULL AUTO_INCREMENT,
  `siteSeoImageId` int(11) DEFAULT NULL,
  `siteSeoTwitterImageId` int(11) DEFAULT NULL,
  `siteSeoFacebookImageId` int(11) DEFAULT NULL,
  `genericOwnerImageId` int(11) DEFAULT NULL,
  `genericCreatorImageId` int(11) DEFAULT NULL,
  `locale` varchar(255) COLLATE utf8_unicode_ci DEFAULT '',
  `siteSeoName` varchar(255) COLLATE utf8_unicode_ci DEFAULT '',
  `siteSeoTitle` varchar(255) COLLATE utf8_unicode_ci DEFAULT '',
  `siteSeoTitleSeparator` varchar(10) COLLATE utf8_unicode_ci DEFAULT '|',
  `siteSeoTitlePlacement` enum('before','after','none') COLLATE utf8_unicode_ci DEFAULT 'after',
  `siteSeoDescription` varchar(255) COLLATE utf8_unicode_ci DEFAULT '',
  `siteSeoKeywords` varchar(255) COLLATE utf8_unicode_ci DEFAULT '',
  `siteSeoImageTransform` varchar(100) COLLATE utf8_unicode_ci DEFAULT '',
  `siteSeoFacebookImageTransform` varchar(100) COLLATE utf8_unicode_ci DEFAULT '',
  `siteSeoTwitterImageTransform` varchar(100) COLLATE utf8_unicode_ci DEFAULT '',
  `siteTwitterCardType` varchar(50) COLLATE utf8_unicode_ci DEFAULT '',
  `siteOpenGraphType` varchar(50) COLLATE utf8_unicode_ci DEFAULT '',
  `siteRobots` varchar(50) COLLATE utf8_unicode_ci DEFAULT '',
  `siteRobotsTxt` text COLLATE utf8_unicode_ci,
  `siteLinksSearchTargets` text COLLATE utf8_unicode_ci,
  `siteLinksQueryInput` varchar(50) COLLATE utf8_unicode_ci DEFAULT '',
  `googleSiteVerification` varchar(100) COLLATE utf8_unicode_ci DEFAULT '',
  `bingSiteVerification` varchar(100) COLLATE utf8_unicode_ci DEFAULT '',
  `googleAnalyticsUID` varchar(50) COLLATE utf8_unicode_ci DEFAULT '',
  `googleTagManagerID` varchar(50) COLLATE utf8_unicode_ci DEFAULT '',
  `googleAnalyticsSendPageview` tinyint(1) unsigned NOT NULL DEFAULT '1',
  `googleAnalyticsAdvertising` tinyint(1) unsigned NOT NULL DEFAULT '0',
  `googleAnalyticsEcommerce` tinyint(1) unsigned NOT NULL DEFAULT '0',
  `googleAnalyticsEEcommerce` tinyint(1) unsigned NOT NULL DEFAULT '0',
  `googleAnalyticsLinkAttribution` tinyint(1) unsigned NOT NULL DEFAULT '0',
  `googleAnalyticsLinker` tinyint(1) unsigned NOT NULL DEFAULT '0',
  `googleAnalyticsAnonymizeIp` tinyint(1) unsigned NOT NULL DEFAULT '0',
  `siteOwnerType` varchar(50) COLLATE utf8_unicode_ci DEFAULT '',
  `siteOwnerSubType` varchar(50) COLLATE utf8_unicode_ci DEFAULT '',
  `siteOwnerSpecificType` varchar(50) COLLATE utf8_unicode_ci DEFAULT '',
  `genericOwnerName` varchar(255) COLLATE utf8_unicode_ci DEFAULT '',
  `genericOwnerAlternateName` varchar(255) COLLATE utf8_unicode_ci DEFAULT '',
  `genericOwnerDescription` varchar(1024) COLLATE utf8_unicode_ci DEFAULT '',
  `genericOwnerUrl` varchar(255) COLLATE utf8_unicode_ci DEFAULT '',
  `genericOwnerTelephone` varchar(255) COLLATE utf8_unicode_ci DEFAULT '',
  `genericOwnerEmail` varchar(255) COLLATE utf8_unicode_ci DEFAULT '',
  `genericOwnerStreetAddress` varchar(255) COLLATE utf8_unicode_ci DEFAULT '',
  `genericOwnerAddressLocality` varchar(255) COLLATE utf8_unicode_ci DEFAULT '',
  `genericOwnerAddressRegion` varchar(255) COLLATE utf8_unicode_ci DEFAULT '',
  `genericOwnerPostalCode` varchar(255) COLLATE utf8_unicode_ci DEFAULT '',
  `genericOwnerAddressCountry` varchar(255) COLLATE utf8_unicode_ci DEFAULT '',
  `genericOwnerGeoLatitude` varchar(255) COLLATE utf8_unicode_ci DEFAULT '',
  `genericOwnerGeoLongitude` varchar(255) COLLATE utf8_unicode_ci DEFAULT '',
  `organizationOwnerDuns` varchar(255) COLLATE utf8_unicode_ci DEFAULT '',
  `organizationOwnerFounder` varchar(255) COLLATE utf8_unicode_ci DEFAULT '',
  `organizationOwnerFoundingDate` varchar(255) COLLATE utf8_unicode_ci DEFAULT '',
  `organizationOwnerFoundingLocation` varchar(255) COLLATE utf8_unicode_ci DEFAULT '',
  `organizationOwnerContactPoints` text COLLATE utf8_unicode_ci,
  `localBusinessPriceRange` varchar(10) COLLATE utf8_unicode_ci DEFAULT '$$$',
  `localBusinessOwnerOpeningHours` text COLLATE utf8_unicode_ci,
  `corporationOwnerTickerSymbol` varchar(255) COLLATE utf8_unicode_ci DEFAULT '',
  `restaurantOwnerServesCuisine` varchar(255) COLLATE utf8_unicode_ci DEFAULT '',
  `restaurantOwnerMenuUrl` varchar(255) COLLATE utf8_unicode_ci DEFAULT '',
  `restaurantOwnerReservationsUrl` varchar(255) COLLATE utf8_unicode_ci DEFAULT '',
  `personOwnerGender` varchar(255) COLLATE utf8_unicode_ci DEFAULT '',
  `personOwnerBirthPlace` varchar(255) COLLATE utf8_unicode_ci DEFAULT '',
  `twitterHandle` varchar(50) COLLATE utf8_unicode_ci DEFAULT '',
  `facebookHandle` varchar(50) COLLATE utf8_unicode_ci DEFAULT '',
  `facebookProfileId` varchar(50) COLLATE utf8_unicode_ci DEFAULT '',
  `facebookAppId` varchar(50) COLLATE utf8_unicode_ci DEFAULT '',
  `linkedInHandle` varchar(50) COLLATE utf8_unicode_ci DEFAULT '',
  `googlePlusHandle` varchar(50) COLLATE utf8_unicode_ci DEFAULT '',
  `youtubeHandle` varchar(50) COLLATE utf8_unicode_ci DEFAULT '',
  `youtubeChannelHandle` varchar(50) COLLATE utf8_unicode_ci DEFAULT '',
  `instagramHandle` varchar(50) COLLATE utf8_unicode_ci DEFAULT '',
  `pinterestHandle` varchar(50) COLLATE utf8_unicode_ci DEFAULT '',
  `githubHandle` varchar(50) COLLATE utf8_unicode_ci DEFAULT '',
  `vimeoHandle` varchar(50) COLLATE utf8_unicode_ci DEFAULT '',
  `wikipediaUrl` varchar(100) COLLATE utf8_unicode_ci DEFAULT '',
  `siteCreatorType` varchar(255) COLLATE utf8_unicode_ci DEFAULT '',
  `siteCreatorSubType` varchar(255) COLLATE utf8_unicode_ci DEFAULT '',
  `siteCreatorSpecificType` varchar(255) COLLATE utf8_unicode_ci DEFAULT '',
  `genericCreatorName` varchar(255) COLLATE utf8_unicode_ci DEFAULT '',
  `genericCreatorAlternateName` varchar(255) COLLATE utf8_unicode_ci DEFAULT '',
  `genericCreatorDescription` varchar(1024) COLLATE utf8_unicode_ci DEFAULT '',
  `genericCreatorUrl` varchar(255) COLLATE utf8_unicode_ci DEFAULT '',
  `genericCreatorTelephone` varchar(255) COLLATE utf8_unicode_ci DEFAULT '',
  `genericCreatorEmail` varchar(255) COLLATE utf8_unicode_ci DEFAULT '',
  `genericCreatorStreetAddress` varchar(255) COLLATE utf8_unicode_ci DEFAULT '',
  `genericCreatorAddressLocality` varchar(255) COLLATE utf8_unicode_ci DEFAULT '',
  `genericCreatorAddressRegion` varchar(255) COLLATE utf8_unicode_ci DEFAULT '',
  `genericCreatorPostalCode` varchar(255) COLLATE utf8_unicode_ci DEFAULT '',
  `genericCreatorAddressCountry` varchar(255) COLLATE utf8_unicode_ci DEFAULT '',
  `genericCreatorGeoLatitude` varchar(255) COLLATE utf8_unicode_ci DEFAULT '',
  `genericCreatorGeoLongitude` varchar(255) COLLATE utf8_unicode_ci DEFAULT '',
  `organizationCreatorDuns` varchar(255) COLLATE utf8_unicode_ci DEFAULT '',
  `organizationCreatorFounder` varchar(255) COLLATE utf8_unicode_ci DEFAULT '',
  `organizationCreatorFoundingDate` varchar(255) COLLATE utf8_unicode_ci DEFAULT '',
  `organizationCreatorFoundingLocation` varchar(255) COLLATE utf8_unicode_ci DEFAULT '',
  `organizationCreatorContactPoints` text COLLATE utf8_unicode_ci,
  `localBusinessCreatorOpeningHours` text COLLATE utf8_unicode_ci,
  `corporationCreatorTickerSymbol` varchar(255) COLLATE utf8_unicode_ci DEFAULT '',
  `restaurantCreatorServesCuisine` varchar(255) COLLATE utf8_unicode_ci DEFAULT '',
  `restaurantCreatorMenuUrl` varchar(255) COLLATE utf8_unicode_ci DEFAULT '',
  `restaurantCreatorReservationsUrl` varchar(255) COLLATE utf8_unicode_ci DEFAULT '',
  `personCreatorGender` varchar(255) COLLATE utf8_unicode_ci DEFAULT '',
  `personCreatorBirthPlace` varchar(255) COLLATE utf8_unicode_ci DEFAULT '',
  `genericCreatorHumansTxt` text COLLATE utf8_unicode_ci,
  `dateCreated` datetime NOT NULL,
  `dateUpdated` datetime NOT NULL,
  `uid` char(36) COLLATE utf8_unicode_ci NOT NULL DEFAULT '0',
  PRIMARY KEY (`id`),
  KEY `craft_seomatic_settings_siteSeoImageId_fk` (`siteSeoImageId`),
  KEY `craft_seomatic_settings_siteSeoTwitterImageId_fk` (`siteSeoTwitterImageId`),
  KEY `craft_seomatic_settings_siteSeoFacebookImageId_fk` (`siteSeoFacebookImageId`),
  KEY `craft_seomatic_settings_genericOwnerImageId_fk` (`genericOwnerImageId`),
  KEY `craft_seomatic_settings_genericCreatorImageId_fk` (`genericCreatorImageId`)
) ENGINE=InnoDB AUTO_INCREMENT=2 DEFAULT CHARSET=utf8 COLLATE=utf8_unicode_ci;

--
-- Data for table `craft_seomatic_settings`
--

INSERT INTO `craft_seomatic_settings` (`id`, `siteSeoImageId`, `siteSeoTwitterImageId`, `siteSeoFacebookImageId`, `genericOwnerImageId`, `genericCreatorImageId`, `locale`, `siteSeoName`, `siteSeoTitle`, `siteSeoTitleSeparator`, `siteSeoTitlePlacement`, `siteSeoDescription`, `siteSeoKeywords`, `siteSeoImageTransform`, `siteSeoFacebookImageTransform`, `siteSeoTwitterImageTransform`, `siteTwitterCardType`, `siteOpenGraphType`, `siteRobots`, `siteRobotsTxt`, `siteLinksSearchTargets`, `siteLinksQueryInput`, `googleSiteVerification`, `bingSiteVerification`, `googleAnalyticsUID`, `googleTagManagerID`, `googleAnalyticsSendPageview`, `googleAnalyticsAdvertising`, `googleAnalyticsEcommerce`, `googleAnalyticsEEcommerce`, `googleAnalyticsLinkAttribution`, `googleAnalyticsLinker`, `googleAnalyticsAnonymizeIp`, `siteOwnerType`, `siteOwnerSubType`, `siteOwnerSpecificType`, `genericOwnerName`, `genericOwnerAlternateName`, `genericOwnerDescription`, `genericOwnerUrl`, `genericOwnerTelephone`, `genericOwnerEmail`, `genericOwnerStreetAddress`, `genericOwnerAddressLocality`, `genericOwnerAddressRegion`, `genericOwnerPostalCode`, `genericOwnerAddressCountry`, `genericOwnerGeoLatitude`, `genericOwnerGeoLongitude`, `organizationOwnerDuns`, `organizationOwnerFounder`, `organizationOwnerFoundingDate`, `organizationOwnerFoundingLocation`, `organizationOwnerContactPoints`, `localBusinessPriceRange`, `localBusinessOwnerOpeningHours`, `corporationOwnerTickerSymbol`, `restaurantOwnerServesCuisine`, `restaurantOwnerMenuUrl`, `restaurantOwnerReservationsUrl`, `personOwnerGender`, `personOwnerBirthPlace`, `twitterHandle`, `facebookHandle`, `facebookProfileId`, `facebookAppId`, `linkedInHandle`, `googlePlusHandle`, `youtubeHandle`, `youtubeChannelHandle`, `instagramHandle`, `pinterestHandle`, `githubHandle`, `vimeoHandle`, `wikipediaUrl`, `siteCreatorType`, `siteCreatorSubType`, `siteCreatorSpecificType`, `genericCreatorName`, `genericCreatorAlternateName`, `genericCreatorDescription`, `genericCreatorUrl`, `genericCreatorTelephone`, `genericCreatorEmail`, `genericCreatorStreetAddress`, `genericCreatorAddressLocality`, `genericCreatorAddressRegion`, `genericCreatorPostalCode`, `genericCreatorAddressCountry`, `genericCreatorGeoLatitude`, `genericCreatorGeoLongitude`, `organizationCreatorDuns`, `organizationCreatorFounder`, `organizationCreatorFoundingDate`, `organizationCreatorFoundingLocation`, `organizationCreatorContactPoints`, `localBusinessCreatorOpeningHours`, `corporationCreatorTickerSymbol`, `restaurantCreatorServesCuisine`, `restaurantCreatorMenuUrl`, `restaurantCreatorReservationsUrl`, `personCreatorGender`, `personCreatorBirthPlace`, `genericCreatorHumansTxt`, `dateCreated`, `dateUpdated`, `uid`) VALUES
 ('1', '223', '224', '223', '223', NULL, 'en_us', 'Kent State Student Media', 'Kent State Student Media', '|', 'after', 'Your online resource for all of Kent State University\'s independent student media partners and advertising options.', 'default,global,comma-separated,keywords', '', '', '', 'summary', 'website', 'all', '# robots.txt for {{ siteUrl }}\r\n\r\nSitemap: {{ siteUrl |trim(\'/\') }}/sitemap.xml\r\n\r\n# Don\'t allow web crawlers to index Craft\r\n\r\nUser-agent: *\r\nDisallow: /craft/\r\n', '[]', '', '', '', '', '', '0', '0', '0', '0', '0', '0', '0', 'Organization', 'Corporation', '', 'Kent State Student Media', '', '', 'https://kentstatestudentmedia.com/', '', '', '', '', '', '', '', '', '', '', '', '', '', '[]', '$$$', '[{\"open\":\"\",\"close\":\"\"},{\"open\":\"\",\"close\":\"\"},{\"open\":\"\",\"close\":\"\"},{\"open\":\"\",\"close\":\"\"},{\"open\":\"\",\"close\":\"\"},{\"open\":\"\",\"close\":\"\"},{\"open\":\"\",\"close\":\"\"}]', '', '', '', '', 'Male', '', 'kentwired', '', '', '', '', '', '', '', '', '', '', '', '', 'Organization', 'Corporation', '', '', '', '', '', '', '', '', '', '', '', '', '', '', '', '', '', '', '', '', '', '', '', '', '', '', '/* TEAM */\r\n\r\n{% if seomaticCreator.name is defined and seomaticCreator.name %}\r\nCreator: {{ seomaticCreator.name }}\r\n{% endif %}\r\n{% if seomaticCreator.url is defined and seomaticCreator.url %}\r\nURL: {{ seomaticCreator.url }}\r\n{% endif %}\r\n{% if seomaticCreator.description is defined and seomaticCreator.description %}\r\nDescription: {{ seomaticCreator.description }}\r\n{% endif %}\r\n\r\n/* THANKS */\r\n\r\nPixel & Tonic - https://pixelandtonic.com\r\n\r\n/* SITE */\r\n\r\nStandards: HTML5, CSS3\r\nComponents: Craft CMS, Yii, PHP, Javascript, SEOmatic', '2017-04-10 18:46:47', '2017-05-11 02:41:32', '0c5d37b9-09d5-42cf-81a0-3a16bacddbb3');



DROP TABLE IF EXISTS `craft_sessions`;


--
-- Schema for table `craft_sessions`
--
CREATE TABLE `craft_sessions` (
  `id` int(11) NOT NULL AUTO_INCREMENT,
  `userId` int(11) NOT NULL,
  `token` char(100) COLLATE utf8_unicode_ci NOT NULL,
  `dateCreated` datetime NOT NULL,
  `dateUpdated` datetime NOT NULL,
  `uid` char(36) COLLATE utf8_unicode_ci NOT NULL DEFAULT '0',
  PRIMARY KEY (`id`),
  KEY `craft_sessions_uid_idx` (`uid`),
  KEY `craft_sessions_token_idx` (`token`),
  KEY `craft_sessions_dateUpdated_idx` (`dateUpdated`),
  KEY `craft_sessions_userId_fk` (`userId`)
) ENGINE=InnoDB AUTO_INCREMENT=125 DEFAULT CHARSET=utf8 COLLATE=utf8_unicode_ci;

DROP TABLE IF EXISTS `craft_shunnedmessages`;


--
-- Schema for table `craft_shunnedmessages`
--
CREATE TABLE `craft_shunnedmessages` (
  `id` int(11) NOT NULL AUTO_INCREMENT,
  `userId` int(11) NOT NULL,
  `message` varchar(255) COLLATE utf8_unicode_ci NOT NULL,
  `expiryDate` datetime DEFAULT NULL,
  `dateCreated` datetime NOT NULL,
  `dateUpdated` datetime NOT NULL,
  `uid` char(36) COLLATE utf8_unicode_ci NOT NULL DEFAULT '0',
  PRIMARY KEY (`id`),
  UNIQUE KEY `craft_shunnedmessages_userId_message_unq_idx` (`userId`,`message`)
) ENGINE=InnoDB DEFAULT CHARSET=utf8 COLLATE=utf8_unicode_ci;

DROP TABLE IF EXISTS `craft_structureelements`;


--
-- Schema for table `craft_structureelements`
--
CREATE TABLE `craft_structureelements` (
  `id` int(11) NOT NULL AUTO_INCREMENT,
  `structureId` int(11) NOT NULL,
  `elementId` int(11) DEFAULT NULL,
  `root` int(11) unsigned DEFAULT NULL,
  `lft` int(11) unsigned NOT NULL,
  `rgt` int(11) unsigned NOT NULL,
  `level` smallint(6) unsigned NOT NULL,
  `dateCreated` datetime NOT NULL,
  `dateUpdated` datetime NOT NULL,
  `uid` char(36) COLLATE utf8_unicode_ci NOT NULL DEFAULT '0',
  PRIMARY KEY (`id`),
  UNIQUE KEY `craft_structureelements_structureId_elementId_unq_idx` (`structureId`,`elementId`),
  KEY `craft_structureelements_root_idx` (`root`),
  KEY `craft_structureelements_lft_idx` (`lft`),
  KEY `craft_structureelements_rgt_idx` (`rgt`),
  KEY `craft_structureelements_level_idx` (`level`),
  KEY `craft_structureelements_elementId_fk` (`elementId`)
) ENGINE=InnoDB AUTO_INCREMENT=9 DEFAULT CHARSET=utf8 COLLATE=utf8_unicode_ci;

--
-- Data for table `craft_structureelements`
--

INSERT INTO `craft_structureelements` (`id`, `structureId`, `elementId`, `root`, `lft`, `rgt`, `level`, `dateCreated`, `dateUpdated`, `uid`) VALUES
 ('1', '1', NULL, '1', '1', '12', '0', '2017-03-12 16:15:37', '2017-03-12 16:15:37', '8ef4e8d8-9a0a-4ff8-9f14-2594130a7743'),
 ('2', '1', '42', '1', '2', '3', '1', '2017-03-12 16:15:37', '2017-03-12 16:15:37', '4514fce0-8d08-45dc-9444-d7d368adec2f'),
 ('3', '1', '68', '1', '4', '5', '1', '2017-03-23 18:09:01', '2017-03-23 18:09:01', '41eaab08-45bc-4f69-9175-dc86a656cf0b'),
 ('4', '1', '69', '1', '6', '7', '1', '2017-03-23 18:09:09', '2017-03-23 18:09:09', '72be9de9-4d16-464e-91c2-8bedd6661d9a'),
 ('5', '1', '70', '1', '8', '9', '1', '2017-03-23 18:09:15', '2017-03-23 18:09:15', 'bee71261-700d-415f-894a-c93a98445280'),
 ('7', '2', NULL, '7', '1', '2', '0', '2017-04-23 02:09:58', '2017-04-23 02:09:58', '606163e6-64f9-4177-912c-941d03ba0cd3'),
 ('8', '1', '239', '1', '10', '11', '1', '2017-05-31 19:21:02', '2017-05-31 19:21:02', 'd12b1cc7-ebfa-4ee2-a757-df08af212a60');



DROP TABLE IF EXISTS `craft_structures`;


--
-- Schema for table `craft_structures`
--
CREATE TABLE `craft_structures` (
  `id` int(11) NOT NULL AUTO_INCREMENT,
  `maxLevels` smallint(6) unsigned DEFAULT NULL,
  `dateCreated` datetime NOT NULL,
  `dateUpdated` datetime NOT NULL,
  `uid` char(36) COLLATE utf8_unicode_ci NOT NULL DEFAULT '0',
  PRIMARY KEY (`id`)
) ENGINE=InnoDB AUTO_INCREMENT=3 DEFAULT CHARSET=utf8 COLLATE=utf8_unicode_ci;

--
-- Data for table `craft_structures`
--

INSERT INTO `craft_structures` (`id`, `maxLevels`, `dateCreated`, `dateUpdated`, `uid`) VALUES
 ('1', NULL, '2017-03-12 16:02:21', '2017-03-23 19:52:23', '12631aff-bd49-48a9-ad8f-7dd4c09678eb'),
 ('2', NULL, '2017-04-22 22:15:28', '2017-04-22 22:15:28', '4187dd7b-ec82-402e-934e-0934108ba9ce');



DROP TABLE IF EXISTS `craft_systemsettings`;


--
-- Schema for table `craft_systemsettings`
--
CREATE TABLE `craft_systemsettings` (
  `id` int(11) NOT NULL AUTO_INCREMENT,
  `category` varchar(15) COLLATE utf8_unicode_ci NOT NULL,
  `settings` text COLLATE utf8_unicode_ci,
  `dateCreated` datetime NOT NULL,
  `dateUpdated` datetime NOT NULL,
  `uid` char(36) COLLATE utf8_unicode_ci NOT NULL DEFAULT '0',
  PRIMARY KEY (`id`),
  UNIQUE KEY `craft_systemsettings_category_unq_idx` (`category`)
) ENGINE=InnoDB AUTO_INCREMENT=2 DEFAULT CHARSET=utf8 COLLATE=utf8_unicode_ci;

--
-- Data for table `craft_systemsettings`
--

INSERT INTO `craft_systemsettings` (`id`, `category`, `settings`, `dateCreated`, `dateUpdated`, `uid`) VALUES
 ('1', 'email', '{\"protocol\":\"php\",\"emailAddress\":\"challahan@ideabasekent.com\",\"senderName\":\"Kent State Student Media\"}', '2017-01-12 16:12:59', '2017-01-12 16:12:59', 'bbaaf90a-39dd-4bba-8927-5cabca4ea28b');



DROP TABLE IF EXISTS `craft_taggroups`;


--
-- Schema for table `craft_taggroups`
--
CREATE TABLE `craft_taggroups` (
  `id` int(11) NOT NULL AUTO_INCREMENT,
  `name` varchar(255) COLLATE utf8_unicode_ci NOT NULL,
  `handle` varchar(255) COLLATE utf8_unicode_ci NOT NULL,
  `fieldLayoutId` int(10) DEFAULT NULL,
  `dateCreated` datetime NOT NULL,
  `dateUpdated` datetime NOT NULL,
  `uid` char(36) COLLATE utf8_unicode_ci NOT NULL DEFAULT '0',
  PRIMARY KEY (`id`),
  UNIQUE KEY `craft_taggroups_name_unq_idx` (`name`),
  UNIQUE KEY `craft_taggroups_handle_unq_idx` (`handle`),
  KEY `craft_taggroups_fieldLayoutId_fk` (`fieldLayoutId`)
) ENGINE=InnoDB AUTO_INCREMENT=2 DEFAULT CHARSET=utf8 COLLATE=utf8_unicode_ci;

--
-- Data for table `craft_taggroups`
--

INSERT INTO `craft_taggroups` (`id`, `name`, `handle`, `fieldLayoutId`, `dateCreated`, `dateUpdated`, `uid`) VALUES
 ('1', 'Default', 'default', '1', '2017-01-12 16:12:59', '2017-01-12 16:12:59', '7438c20a-25b6-4a33-9cea-7b39061b9af1');



DROP TABLE IF EXISTS `craft_tags`;


--
-- Schema for table `craft_tags`
--
CREATE TABLE `craft_tags` (
  `id` int(11) NOT NULL,
  `groupId` int(11) NOT NULL,
  `dateCreated` datetime NOT NULL,
  `dateUpdated` datetime NOT NULL,
  `uid` char(36) COLLATE utf8_unicode_ci NOT NULL DEFAULT '0',
  PRIMARY KEY (`id`),
  KEY `craft_tags_groupId_fk` (`groupId`)
) ENGINE=InnoDB DEFAULT CHARSET=utf8 COLLATE=utf8_unicode_ci;

DROP TABLE IF EXISTS `craft_tasks`;


--
-- Schema for table `craft_tasks`
--
CREATE TABLE `craft_tasks` (
  `id` int(11) NOT NULL AUTO_INCREMENT,
  `root` int(11) unsigned DEFAULT NULL,
  `lft` int(11) unsigned NOT NULL,
  `rgt` int(11) unsigned NOT NULL,
  `level` smallint(6) unsigned NOT NULL,
  `currentStep` int(11) unsigned DEFAULT NULL,
  `totalSteps` int(11) unsigned DEFAULT NULL,
  `status` enum('pending','error','running') COLLATE utf8_unicode_ci DEFAULT NULL,
  `type` varchar(150) COLLATE utf8_unicode_ci NOT NULL,
  `description` varchar(255) COLLATE utf8_unicode_ci DEFAULT NULL,
  `settings` mediumtext COLLATE utf8_unicode_ci,
  `dateCreated` datetime NOT NULL,
  `dateUpdated` datetime NOT NULL,
  `uid` char(36) COLLATE utf8_unicode_ci NOT NULL DEFAULT '0',
  PRIMARY KEY (`id`),
  KEY `craft_tasks_root_idx` (`root`),
  KEY `craft_tasks_lft_idx` (`lft`),
  KEY `craft_tasks_rgt_idx` (`rgt`),
  KEY `craft_tasks_level_idx` (`level`)
) ENGINE=InnoDB AUTO_INCREMENT=25 DEFAULT CHARSET=utf8 COLLATE=utf8_unicode_ci;

DROP TABLE IF EXISTS `craft_templatecachecriteria`;


--
-- Schema for table `craft_templatecachecriteria`
--
CREATE TABLE `craft_templatecachecriteria` (
  `id` int(11) NOT NULL AUTO_INCREMENT,
  `cacheId` int(11) NOT NULL,
  `type` varchar(150) COLLATE utf8_unicode_ci NOT NULL,
  `criteria` text COLLATE utf8_unicode_ci NOT NULL,
  PRIMARY KEY (`id`),
  KEY `craft_templatecachecriteria_cacheId_fk` (`cacheId`),
  KEY `craft_templatecachecriteria_type_idx` (`type`)
) ENGINE=InnoDB DEFAULT CHARSET=utf8 COLLATE=utf8_unicode_ci;

DROP TABLE IF EXISTS `craft_templatecacheelements`;


--
-- Schema for table `craft_templatecacheelements`
--
CREATE TABLE `craft_templatecacheelements` (
  `cacheId` int(11) NOT NULL,
  `elementId` int(11) NOT NULL,
  KEY `craft_templatecacheelements_cacheId_fk` (`cacheId`),
  KEY `craft_templatecacheelements_elementId_fk` (`elementId`)
) ENGINE=InnoDB DEFAULT CHARSET=utf8 COLLATE=utf8_unicode_ci;

DROP TABLE IF EXISTS `craft_templatecaches`;


--
-- Schema for table `craft_templatecaches`
--
CREATE TABLE `craft_templatecaches` (
  `id` int(11) NOT NULL AUTO_INCREMENT,
  `cacheKey` varchar(255) COLLATE utf8_unicode_ci NOT NULL,
  `locale` char(12) COLLATE utf8_unicode_ci NOT NULL,
  `path` varchar(255) COLLATE utf8_unicode_ci DEFAULT NULL,
  `expiryDate` datetime NOT NULL,
  `body` mediumtext COLLATE utf8_unicode_ci NOT NULL,
  PRIMARY KEY (`id`),
  KEY `craft_templatecaches_expiryDate_cacheKey_locale_path_idx` (`expiryDate`,`cacheKey`,`locale`,`path`),
  KEY `craft_templatecaches_locale_fk` (`locale`)
) ENGINE=InnoDB DEFAULT CHARSET=utf8 COLLATE=utf8_unicode_ci;

DROP TABLE IF EXISTS `craft_tokens`;


--
-- Schema for table `craft_tokens`
--
CREATE TABLE `craft_tokens` (
  `id` int(11) NOT NULL AUTO_INCREMENT,
  `token` char(32) COLLATE utf8_unicode_ci NOT NULL,
  `route` text COLLATE utf8_unicode_ci,
  `usageLimit` tinyint(3) unsigned DEFAULT NULL,
  `usageCount` tinyint(3) unsigned DEFAULT NULL,
  `expiryDate` datetime NOT NULL,
  `dateCreated` datetime NOT NULL,
  `dateUpdated` datetime NOT NULL,
  `uid` char(36) COLLATE utf8_unicode_ci NOT NULL DEFAULT '0',
  PRIMARY KEY (`id`),
  UNIQUE KEY `craft_tokens_token_unq_idx` (`token`),
  KEY `craft_tokens_expiryDate_idx` (`expiryDate`)
) ENGINE=InnoDB DEFAULT CHARSET=utf8 COLLATE=utf8_unicode_ci;

DROP TABLE IF EXISTS `craft_usergroups`;


--
-- Schema for table `craft_usergroups`
--
CREATE TABLE `craft_usergroups` (
  `id` int(11) NOT NULL AUTO_INCREMENT,
  `name` varchar(255) COLLATE utf8_unicode_ci NOT NULL,
  `handle` varchar(255) COLLATE utf8_unicode_ci NOT NULL,
  `dateCreated` datetime NOT NULL,
  `dateUpdated` datetime NOT NULL,
  `uid` char(36) COLLATE utf8_unicode_ci NOT NULL DEFAULT '0',
  PRIMARY KEY (`id`),
  UNIQUE KEY `craft_usergroups_name_unq_idx` (`name`),
  UNIQUE KEY `craft_usergroups_handle_unq_idx` (`handle`)
) ENGINE=InnoDB AUTO_INCREMENT=3 DEFAULT CHARSET=utf8 COLLATE=utf8_unicode_ci;

--
-- Data for table `craft_usergroups`
--

INSERT INTO `craft_usergroups` (`id`, `name`, `handle`, `dateCreated`, `dateUpdated`, `uid`) VALUES
 ('1', 'Media Leaders', 'mediaLeaders', '2017-04-24 13:42:17', '2017-04-24 13:42:17', 'c7f7e265-3010-4306-b066-8f20ea14b7cd'),
 ('2', 'Student Media Admin', 'studentMediaAdmin', '2017-05-19 18:24:20', '2017-05-19 18:24:20', '8a6916ed-809a-4db1-9289-f55317dc3781');



DROP TABLE IF EXISTS `craft_usergroups_users`;


--
-- Schema for table `craft_usergroups_users`
--
CREATE TABLE `craft_usergroups_users` (
  `id` int(11) NOT NULL AUTO_INCREMENT,
  `groupId` int(11) NOT NULL,
  `userId` int(11) NOT NULL,
  `dateCreated` datetime NOT NULL,
  `dateUpdated` datetime NOT NULL,
  `uid` char(36) COLLATE utf8_unicode_ci NOT NULL DEFAULT '0',
  PRIMARY KEY (`id`),
  UNIQUE KEY `craft_usergroups_users_groupId_userId_unq_idx` (`groupId`,`userId`),
  KEY `craft_usergroups_users_userId_fk` (`userId`)
) ENGINE=InnoDB AUTO_INCREMENT=2 DEFAULT CHARSET=utf8 COLLATE=utf8_unicode_ci;

--
-- Data for table `craft_usergroups_users`
--

INSERT INTO `craft_usergroups_users` (`id`, `groupId`, `userId`, `dateCreated`, `dateUpdated`, `uid`) VALUES
 ('1', '2', '235', '2017-05-19 18:26:26', '2017-05-19 18:26:26', 'd06abe99-4b9f-4809-8196-351e3d9e2c1e');



DROP TABLE IF EXISTS `craft_userpermissions`;


--
-- Schema for table `craft_userpermissions`
--
CREATE TABLE `craft_userpermissions` (
  `id` int(11) NOT NULL AUTO_INCREMENT,
  `name` varchar(255) COLLATE utf8_unicode_ci NOT NULL,
  `dateCreated` datetime NOT NULL,
  `dateUpdated` datetime NOT NULL,
  `uid` char(36) COLLATE utf8_unicode_ci NOT NULL DEFAULT '0',
  PRIMARY KEY (`id`),
  UNIQUE KEY `craft_userpermissions_name_unq_idx` (`name`)
) ENGINE=InnoDB AUTO_INCREMENT=169 DEFAULT CHARSET=utf8 COLLATE=utf8_unicode_ci;

--
-- Data for table `craft_userpermissions`
--

INSERT INTO `craft_userpermissions` (`id`, `name`, `dateCreated`, `dateUpdated`, `uid`) VALUES
 ('1', 'createentries:7', '2017-04-24 13:42:17', '2017-04-24 13:42:17', 'b870c16b-9197-4853-9b7b-9042781d02a2'),
 ('2', 'publishentries:7', '2017-04-24 13:42:17', '2017-04-24 13:42:17', '0abfd4e8-5e32-4b3c-975a-30f2d093e478'),
 ('3', 'deleteentries:7', '2017-04-24 13:42:17', '2017-04-24 13:42:17', '42f1ad7e-ad16-46c1-9872-0cbb0c3add2b'),
 ('4', 'publishpeerentries:7', '2017-04-24 13:42:17', '2017-04-24 13:42:17', 'd028734f-3bbf-493f-b886-c2817d168782'),
 ('5', 'deletepeerentries:7', '2017-04-24 13:42:17', '2017-04-24 13:42:17', '71a32341-31cc-4355-bb1e-71eddb535289'),
 ('6', 'editpeerentries:7', '2017-04-24 13:42:17', '2017-04-24 13:42:17', '340ba596-eb46-44e9-b1e3-e2d1cf3104dd'),
 ('7', 'publishpeerentrydrafts:7', '2017-04-24 13:42:17', '2017-04-24 13:42:17', 'bd70cbaa-c393-475f-8416-9765d08a4dd2'),
 ('8', 'deletepeerentrydrafts:7', '2017-04-24 13:42:17', '2017-04-24 13:42:17', '8aa1443f-b6fb-4d3e-9594-d2f8f00e470f'),
 ('9', 'editpeerentrydrafts:7', '2017-04-24 13:42:17', '2017-04-24 13:42:17', '239a5a36-c8f1-49ad-b028-7f17d4e988ab'),
 ('10', 'editentries:7', '2017-04-24 13:42:17', '2017-04-24 13:42:17', '00eda41a-4b87-4f28-a9d8-a7339bdac387'),
 ('11', 'publishentries:12', '2017-04-24 13:42:17', '2017-04-24 13:42:17', 'fbfba5e0-47b6-4c3e-a43a-a43b25fc6b0d'),
 ('12', 'publishpeerentrydrafts:12', '2017-04-24 13:42:17', '2017-04-24 13:42:17', '09355472-28f5-4f20-a4c4-2012a549c73d'),
 ('13', 'deletepeerentrydrafts:12', '2017-04-24 13:42:17', '2017-04-24 13:42:17', 'c8e395ba-ba5a-4001-92d1-10851d7d9a40'),
 ('14', 'editpeerentrydrafts:12', '2017-04-24 13:42:17', '2017-04-24 13:42:17', 'b74da2ea-7ed4-4233-8864-195ebc2c8ef2'),
 ('15', 'editentries:12', '2017-04-24 13:42:17', '2017-04-24 13:42:17', '3e8898b6-da8f-46b4-9d66-fae28f94dd16'),
 ('16', 'createentries:6', '2017-04-24 13:42:17', '2017-04-24 13:42:17', '968be727-a153-4ee1-8424-3f9c0970afa0'),
 ('17', 'publishentries:6', '2017-04-24 13:42:17', '2017-04-24 13:42:17', '9a48b58f-c19e-46e2-91f4-5b9d42ff65ab'),
 ('18', 'deleteentries:6', '2017-04-24 13:42:17', '2017-04-24 13:42:17', '1f998b71-3ee2-4333-bbf3-ec7b3fd88b37'),
 ('19', 'publishpeerentries:6', '2017-04-24 13:42:17', '2017-04-24 13:42:17', 'e650167c-590c-4a97-bc4f-175e733e0ee5'),
 ('20', 'deletepeerentries:6', '2017-04-24 13:42:17', '2017-04-24 13:42:17', '56faaf2c-05af-4391-8bcb-b3fa7811d88a'),
 ('21', 'editpeerentries:6', '2017-04-24 13:42:17', '2017-04-24 13:42:17', '76a0968f-ca52-4ecf-8e3f-fadb6af2a45f'),
 ('22', 'publishpeerentrydrafts:6', '2017-04-24 13:42:17', '2017-04-24 13:42:17', '7f67a34f-9f49-464c-b0eb-0aeb6a3e06d0'),
 ('23', 'deletepeerentrydrafts:6', '2017-04-24 13:42:17', '2017-04-24 13:42:17', 'e3ae5aee-c2b1-4510-a93f-86701202e87b'),
 ('24', 'editpeerentrydrafts:6', '2017-04-24 13:42:17', '2017-04-24 13:42:17', '6c453846-656a-43db-9928-e3f4875aa989'),
 ('25', 'editentries:6', '2017-04-24 13:42:17', '2017-04-24 13:42:17', '2ec2e800-4c3e-4615-8d18-7bf08827f349'),
 ('26', 'publishentries:11', '2017-04-24 13:42:17', '2017-04-24 13:42:17', 'deeb8925-6e30-42f9-ac5a-61c403b0020e'),
 ('27', 'publishpeerentrydrafts:11', '2017-04-24 13:42:17', '2017-04-24 13:42:17', '4f162617-efe8-4383-a50a-0fba0cc8555d'),
 ('28', 'deletepeerentrydrafts:11', '2017-04-24 13:42:17', '2017-04-24 13:42:17', 'c1b7529f-bb3c-4a63-88a2-1451e0aaedab'),
 ('29', 'editpeerentrydrafts:11', '2017-04-24 13:42:17', '2017-04-24 13:42:17', 'edc48efd-ff34-4ef5-bdfc-9a31d1b88873'),
 ('30', 'editentries:11', '2017-04-24 13:42:17', '2017-04-24 13:42:17', '49150628-45f1-4010-b59c-c47427384b7a'),
 ('31', 'createentries:19', '2017-04-24 13:42:17', '2017-04-24 13:42:17', 'ba14087f-979e-4d07-914b-6f7679ed443d'),
 ('32', 'publishentries:19', '2017-04-24 13:42:17', '2017-04-24 13:42:17', '1fc84288-0c11-40ef-99f6-cf666248c254'),
 ('33', 'deleteentries:19', '2017-04-24 13:42:17', '2017-04-24 13:42:17', 'bc952886-cf3b-46c5-9f6d-a95a800c8da6'),
 ('34', 'publishpeerentries:19', '2017-04-24 13:42:17', '2017-04-24 13:42:17', '01cd9a86-97be-4946-abc4-bae44c10cad1'),
 ('35', 'deletepeerentries:19', '2017-04-24 13:42:17', '2017-04-24 13:42:17', 'e0d88ab8-b81c-49a9-a0a1-912b9969e024'),
 ('36', 'editpeerentries:19', '2017-04-24 13:42:17', '2017-04-24 13:42:17', 'e86868aa-c221-411b-b010-13fac6ed0ad8'),
 ('37', 'publishpeerentrydrafts:19', '2017-04-24 13:42:17', '2017-04-24 13:42:17', 'faca2f37-869c-4847-ac55-6546fda3fcb0'),
 ('38', 'deletepeerentrydrafts:19', '2017-04-24 13:42:17', '2017-04-24 13:42:17', '41b3f9c7-fb5f-478f-a290-d1319d5cd4e8'),
 ('39', 'editpeerentrydrafts:19', '2017-04-24 13:42:17', '2017-04-24 13:42:17', '721b0e80-e2d3-45c2-962b-b22686c6f91d'),
 ('40', 'editentries:19', '2017-04-24 13:42:17', '2017-04-24 13:42:17', 'e0e14309-aefe-4df4-9d5a-baf11eb84995'),
 ('41', 'createentries:4', '2017-04-24 13:42:17', '2017-04-24 13:42:17', '174012e2-f989-4ea9-8f3d-3fafb5cf58b9'),
 ('42', 'publishentries:4', '2017-04-24 13:42:17', '2017-04-24 13:42:17', '4c1e6280-8c6a-4086-8a32-186157803b08'),
 ('43', 'deleteentries:4', '2017-04-24 13:42:18', '2017-04-24 13:42:18', 'c2ba7fb1-c31f-466e-a095-45388995ea4e'),
 ('44', 'publishpeerentries:4', '2017-04-24 13:42:18', '2017-04-24 13:42:18', '17705c0f-1e24-4ccf-b950-9eb372ffbb04'),
 ('45', 'deletepeerentries:4', '2017-04-24 13:42:18', '2017-04-24 13:42:18', 'da286d8d-eb54-41c7-9b5e-1ac684b569de'),
 ('46', 'editpeerentries:4', '2017-04-24 13:42:18', '2017-04-24 13:42:18', 'dfdd6326-2b21-4d58-8b88-a5c92acc6bd5'),
 ('47', 'publishpeerentrydrafts:4', '2017-04-24 13:42:18', '2017-04-24 13:42:18', '4ffd7cae-dd4f-42ab-b6c8-1ae32345d004'),
 ('48', 'deletepeerentrydrafts:4', '2017-04-24 13:42:18', '2017-04-24 13:42:18', '0a792600-4dc7-443f-96db-e0a0d5644584'),
 ('49', 'editpeerentrydrafts:4', '2017-04-24 13:42:18', '2017-04-24 13:42:18', '0dbf51a0-6e05-42f7-8749-e9187da0f864'),
 ('50', 'editentries:4', '2017-04-24 13:42:18', '2017-04-24 13:42:18', 'df6e804b-65e5-431d-99ef-60ea8f19f227'),
 ('51', 'publishentries:10', '2017-04-24 13:42:18', '2017-04-24 13:42:18', '700181af-8fc7-4b58-a034-135a5ddacb64'),
 ('52', 'publishpeerentrydrafts:10', '2017-04-24 13:42:18', '2017-04-24 13:42:18', '70e1e577-f32b-4d76-82df-d2a151e83cbc'),
 ('53', 'deletepeerentrydrafts:10', '2017-04-24 13:42:18', '2017-04-24 13:42:18', '049ef0e5-8e25-4122-a78a-892e6587799c'),
 ('54', 'editpeerentrydrafts:10', '2017-04-24 13:42:18', '2017-04-24 13:42:18', '8f32fb29-80c6-4b77-9e07-d9d4749fd740'),
 ('55', 'editentries:10', '2017-04-24 13:42:18', '2017-04-24 13:42:18', '175cdc50-f8b9-4f85-a13e-6914e5d74b01'),
 ('56', 'createentries:2', '2017-04-24 13:42:18', '2017-04-24 13:42:18', 'e27e516d-1b88-4e47-b9fd-7a45b7636ec1'),
 ('57', 'publishentries:2', '2017-04-24 13:42:18', '2017-04-24 13:42:18', 'af77af86-4255-41bd-9cf6-f1b19f15089a'),
 ('58', 'deleteentries:2', '2017-04-24 13:42:18', '2017-04-24 13:42:18', 'c2f177af-4d11-409c-aeb0-a3008529c0ae'),
 ('59', 'publishpeerentries:2', '2017-04-24 13:42:18', '2017-04-24 13:42:18', 'b87c78f2-37b7-4e94-baab-a2223920dfc6'),
 ('60', 'deletepeerentries:2', '2017-04-24 13:42:18', '2017-04-24 13:42:18', 'ee40c46f-87e4-439b-ad56-b7d31cdd2550'),
 ('61', 'editpeerentries:2', '2017-04-24 13:42:18', '2017-04-24 13:42:18', '7089a831-1acf-45ba-bee0-a604c5cc1f30'),
 ('62', 'publishpeerentrydrafts:2', '2017-04-24 13:42:18', '2017-04-24 13:42:18', '41fe3f1e-de2b-4da9-9f9c-d9a6ef67a818'),
 ('63', 'deletepeerentrydrafts:2', '2017-04-24 13:42:18', '2017-04-24 13:42:18', 'c5fcc588-b0fc-4ac5-888d-a83344235045'),
 ('64', 'editpeerentrydrafts:2', '2017-04-24 13:42:18', '2017-04-24 13:42:18', 'bb7dedd4-f9df-4789-a15e-9f29c8650f6d'),
 ('65', 'editentries:2', '2017-04-24 13:42:18', '2017-04-24 13:42:18', 'fe600d0a-310c-420a-8980-fd64d07d97b8'),
 ('66', 'createentries:18', '2017-04-24 13:42:18', '2017-04-24 13:42:18', '67a59206-dcf0-493b-87ea-7693e8723183'),
 ('67', 'publishentries:18', '2017-04-24 13:42:18', '2017-04-24 13:42:18', 'b6cbd8b3-543f-4760-b6b6-3abd124db1d6'),
 ('68', 'deleteentries:18', '2017-04-24 13:42:18', '2017-04-24 13:42:18', '66aba6a4-a991-4791-ad5e-8a3a675ae053'),
 ('69', 'publishpeerentries:18', '2017-04-24 13:42:18', '2017-04-24 13:42:18', '836d1fdc-3ccb-4d76-9059-6b48c0b7d2d3'),
 ('70', 'deletepeerentries:18', '2017-04-24 13:42:18', '2017-04-24 13:42:18', '7f7bf47d-71bc-4948-b9bd-77da891f54f1'),
 ('71', 'editpeerentries:18', '2017-04-24 13:42:18', '2017-04-24 13:42:18', 'aaea41de-866e-480f-a187-7ed784d579d0'),
 ('72', 'publishpeerentrydrafts:18', '2017-04-24 13:42:18', '2017-04-24 13:42:18', 'e9a44299-b81e-401c-84d3-ef8fc1831e85'),
 ('73', 'deletepeerentrydrafts:18', '2017-04-24 13:42:18', '2017-04-24 13:42:18', '24cd3fbc-fdf2-4f30-8c2e-d87f1175be20'),
 ('74', 'editpeerentrydrafts:18', '2017-04-24 13:42:18', '2017-04-24 13:42:18', '9537e755-82cd-4c59-9406-b090e0d61e54'),
 ('75', 'editentries:18', '2017-04-24 13:42:18', '2017-04-24 13:42:18', '0c6f1a66-c530-43fc-be23-ef41e6f53e7a'),
 ('76', 'createentries:8', '2017-04-24 13:42:18', '2017-04-24 13:42:18', '8698c9aa-1374-4630-9d6e-03aa02c6ba10'),
 ('77', 'publishentries:8', '2017-04-24 13:42:18', '2017-04-24 13:42:18', '78761e43-965f-4000-9362-f30141ee1e4a'),
 ('78', 'deleteentries:8', '2017-04-24 13:42:18', '2017-04-24 13:42:18', '045cdd30-a30b-46c1-a46b-8f749f064208'),
 ('79', 'publishpeerentries:8', '2017-04-24 13:42:18', '2017-04-24 13:42:18', '70a96805-8b52-4e8e-af49-270942feee22'),
 ('80', 'deletepeerentries:8', '2017-04-24 13:42:18', '2017-04-24 13:42:18', '04a0a947-879e-4591-8ca2-3ef9a7a5399c'),
 ('81', 'editpeerentries:8', '2017-04-24 13:42:18', '2017-04-24 13:42:18', 'bc9968ae-b73f-494d-82c7-4c9b99f59bb4'),
 ('82', 'publishpeerentrydrafts:8', '2017-04-24 13:42:18', '2017-04-24 13:42:18', '74180000-278f-4605-a0e5-438686815695'),
 ('83', 'deletepeerentrydrafts:8', '2017-04-24 13:42:18', '2017-04-24 13:42:18', '4325626f-d781-4db2-b713-d0f384256142'),
 ('84', 'editpeerentrydrafts:8', '2017-04-24 13:42:18', '2017-04-24 13:42:18', '2eebecb7-432a-4fbd-acd5-1387f5f4421e'),
 ('85', 'editentries:8', '2017-04-24 13:42:18', '2017-04-24 13:42:18', 'f49a9cee-4882-4392-88aa-590a993e17de'),
 ('86', 'createentries:5', '2017-04-24 13:42:18', '2017-04-24 13:42:18', '7672812e-ec57-410d-a747-c06a0c2fe739'),
 ('87', 'publishentries:5', '2017-04-24 13:42:18', '2017-04-24 13:42:18', '236a3158-ded9-4c58-b713-ee9215723154'),
 ('88', 'deleteentries:5', '2017-04-24 13:42:18', '2017-04-24 13:42:18', 'c44c2f5c-0285-40b1-9536-76963af05791'),
 ('89', 'publishpeerentries:5', '2017-04-24 13:42:18', '2017-04-24 13:42:18', 'c39e2e2a-d263-4dc4-b451-56793d727a10'),
 ('90', 'deletepeerentries:5', '2017-04-24 13:42:18', '2017-04-24 13:42:18', '19e0210c-caeb-41bb-be10-e0b5bb78cc4f'),
 ('91', 'editpeerentries:5', '2017-04-24 13:42:18', '2017-04-24 13:42:18', '2569ab3b-52f9-48a7-801b-908b8c3cd48c'),
 ('92', 'publishpeerentrydrafts:5', '2017-04-24 13:42:18', '2017-04-24 13:42:18', '2ab83a4c-9c0a-4bf5-b116-59ded360dfc2'),
 ('93', 'deletepeerentrydrafts:5', '2017-04-24 13:42:18', '2017-04-24 13:42:18', 'ee2dab1c-1409-4716-b657-6f3d0db7c6fa'),
 ('94', 'editpeerentrydrafts:5', '2017-04-24 13:42:18', '2017-04-24 13:42:18', '31a1ee4c-9d33-4d17-ac41-cc854f567f76'),
 ('95', 'editentries:5', '2017-04-24 13:42:18', '2017-04-24 13:42:18', '37d4e3f7-8e5c-4cdd-872d-f9028d7d5166'),
 ('96', 'createentries:14', '2017-04-24 13:42:18', '2017-04-24 13:42:18', 'ab126750-a7b7-46be-b881-daa19d7fbd5f'),
 ('97', 'publishentries:14', '2017-04-24 13:42:18', '2017-04-24 13:42:18', 'ab58c2c4-f1c7-4cbb-a389-4aaf4b4287c2'),
 ('98', 'deleteentries:14', '2017-04-24 13:42:18', '2017-04-24 13:42:18', '371625c1-85a7-46a0-ba27-8b365d518c72'),
 ('99', 'publishpeerentries:14', '2017-04-24 13:42:18', '2017-04-24 13:42:18', '8e27390e-eeb2-4d6e-9a4b-80f6b77c4084'),
 ('100', 'deletepeerentries:14', '2017-04-24 13:42:18', '2017-04-24 13:42:18', '2ca23074-7528-4b19-828b-9713ce17de1b');
INSERT INTO `craft_userpermissions` (`id`, `name`, `dateCreated`, `dateUpdated`, `uid`) VALUES
 ('101', 'editpeerentries:14', '2017-04-24 13:42:18', '2017-04-24 13:42:18', '5ad169bc-9970-4042-a237-be52faece4ee'),
 ('102', 'publishpeerentrydrafts:14', '2017-04-24 13:42:18', '2017-04-24 13:42:18', '0e2bd68f-cf69-49d9-a564-fdffec9fd0b7'),
 ('103', 'deletepeerentrydrafts:14', '2017-04-24 13:42:18', '2017-04-24 13:42:18', 'dfa30a88-fcf0-4b88-8ac9-1725482930f8'),
 ('104', 'editpeerentrydrafts:14', '2017-04-24 13:42:18', '2017-04-24 13:42:18', 'fda0a35e-5e41-44fb-b671-3b7a1bde3de4'),
 ('105', 'editentries:14', '2017-04-24 13:42:18', '2017-04-24 13:42:18', 'a844b8ad-fd86-422f-9fc2-d6ff23d4d844'),
 ('106', 'uploadtoassetsource:1', '2017-04-24 13:42:18', '2017-04-24 13:42:18', '0f86dca0-99cb-4502-86c0-0e85e54776ef'),
 ('107', 'createsubfoldersinassetsource:1', '2017-04-24 13:42:18', '2017-04-24 13:42:18', '5711b77c-8be5-40f8-b65b-6e7775a458a0'),
 ('108', 'removefromassetsource:1', '2017-04-24 13:42:18', '2017-04-24 13:42:18', '7eaf8b1e-39eb-422a-9e85-fff19c105280'),
 ('109', 'viewassetsource:1', '2017-04-24 13:42:18', '2017-04-24 13:42:18', '10cb8c63-e700-4b13-9db1-b0de8b738fd8'),
 ('110', 'uploadtoassetsource:2', '2017-04-24 13:42:18', '2017-04-24 13:42:18', '37841819-02dd-4448-ac3d-62897aba901d'),
 ('111', 'createsubfoldersinassetsource:2', '2017-04-24 13:42:18', '2017-04-24 13:42:18', '10fbbbbf-777e-4d75-a4df-3e2a35a5e115'),
 ('112', 'removefromassetsource:2', '2017-04-24 13:42:18', '2017-04-24 13:42:18', 'f173c926-60ed-44eb-b539-617b48235ad6'),
 ('113', 'viewassetsource:2', '2017-04-24 13:42:18', '2017-04-24 13:42:18', '75059210-2665-4090-956f-45db4dc5172e'),
 ('114', 'accessplugin-amnav', '2017-05-19 18:24:20', '2017-05-19 18:24:20', '4fd92b96-1e10-480a-89d4-ac81d6174102'),
 ('115', 'accessplugin-seomatic', '2017-05-19 18:24:20', '2017-05-19 18:24:20', 'e8e961c1-bf6c-4d10-88d7-29ac655a1901'),
 ('116', 'accesscp', '2017-05-19 18:24:20', '2017-05-19 18:24:20', 'e0aaa21a-d766-4f3b-877a-4b00f6e7e741'),
 ('117', 'registerusers', '2017-05-19 18:24:20', '2017-05-19 18:24:20', '78035b19-7be6-4e9c-8d31-f70b341ea686'),
 ('118', 'assignuserpermissions', '2017-05-19 18:24:20', '2017-05-19 18:24:20', 'e2795bd2-3216-4df3-8a39-d2845d62bca4'),
 ('119', 'changeuseremails', '2017-05-19 18:24:20', '2017-05-19 18:24:20', '9b5758da-a307-4fa6-851b-7aa3daf7ee87'),
 ('120', 'administrateusers', '2017-05-19 18:24:20', '2017-05-19 18:24:20', '64179a96-849c-41b2-8ce1-25ae9aa95f1a'),
 ('121', 'editusers', '2017-05-19 18:24:20', '2017-05-19 18:24:20', '986fa37f-c901-4c80-bee4-5cd4c04bb415'),
 ('122', 'publishentries:9', '2017-05-19 18:24:20', '2017-05-19 18:24:20', 'd26ca43f-0de9-497e-8152-ba1cd8a340c8'),
 ('123', 'publishpeerentrydrafts:9', '2017-05-19 18:24:20', '2017-05-19 18:24:20', 'ec554b0b-9d92-4e2f-91ae-6a9a8d29c57b'),
 ('124', 'deletepeerentrydrafts:9', '2017-05-19 18:24:20', '2017-05-19 18:24:20', 'df5fbff3-bb65-465d-9361-5d792a8db2d3'),
 ('125', 'editpeerentrydrafts:9', '2017-05-19 18:24:20', '2017-05-19 18:24:20', '7c23151e-d086-4de9-a6b1-cb471a32979d'),
 ('126', 'editentries:9', '2017-05-19 18:24:20', '2017-05-19 18:24:20', '64c02c09-f0f2-4385-936b-982b5c5b7592'),
 ('127', 'publishentries:20', '2017-05-19 18:24:20', '2017-05-19 18:24:20', '50b13860-c460-4354-bb85-5c841d13bb21'),
 ('128', 'publishpeerentrydrafts:20', '2017-05-19 18:24:20', '2017-05-19 18:24:20', '45cb3b8a-6248-40cb-af3e-bca77d0d8f48'),
 ('129', 'deletepeerentrydrafts:20', '2017-05-19 18:24:20', '2017-05-19 18:24:20', 'daf3f2bb-2c81-40e1-8d8a-ae90cf6db8cc'),
 ('130', 'editpeerentrydrafts:20', '2017-05-19 18:24:20', '2017-05-19 18:24:20', '141b638e-ffa5-4068-a184-cd70ad400e9c'),
 ('131', 'editentries:20', '2017-05-19 18:24:20', '2017-05-19 18:24:20', 'e1cb7a43-94e1-42f5-94f9-2fc267bad332'),
 ('132', 'publishentries:13', '2017-05-19 18:24:20', '2017-05-19 18:24:20', '0a878f34-41e5-4f17-9fe8-2f866ecd8c4b'),
 ('133', 'publishpeerentrydrafts:13', '2017-05-19 18:24:20', '2017-05-19 18:24:20', '52f9c33e-bf33-4b7f-aad5-4a7b090ec142'),
 ('134', 'deletepeerentrydrafts:13', '2017-05-19 18:24:20', '2017-05-19 18:24:20', '9b482531-979b-42cb-b556-6dccd0f9efc8'),
 ('135', 'editpeerentrydrafts:13', '2017-05-19 18:24:20', '2017-05-19 18:24:20', '178c3926-51b3-4788-8b0b-bb1ad6c381e3'),
 ('136', 'editentries:13', '2017-05-19 18:24:20', '2017-05-19 18:24:20', '4b3fc6ca-c557-461f-9aa0-4033c69ae6ef'),
 ('137', 'publishentries:1', '2017-05-19 18:24:20', '2017-05-19 18:24:20', '9ebf18a6-8f25-4fb5-b0a7-a66edd871126'),
 ('138', 'publishpeerentrydrafts:1', '2017-05-19 18:24:20', '2017-05-19 18:24:20', 'fe3cf529-b208-44bc-aba8-3d3b1e77755e'),
 ('139', 'deletepeerentrydrafts:1', '2017-05-19 18:24:20', '2017-05-19 18:24:20', '96a55991-ea19-47a0-bdb4-232fb53664c5'),
 ('140', 'editpeerentrydrafts:1', '2017-05-19 18:24:20', '2017-05-19 18:24:20', '5a28f6ee-9365-4308-baf5-0d00214ec405'),
 ('141', 'editentries:1', '2017-05-19 18:24:20', '2017-05-19 18:24:20', 'dce169a5-794f-4092-a075-99a1c31f7af2'),
 ('142', 'publishentries:21', '2017-05-19 18:24:20', '2017-05-19 18:24:20', '92ebd92d-4d47-4558-bee0-3890a09140c6'),
 ('143', 'publishpeerentrydrafts:21', '2017-05-19 18:24:20', '2017-05-19 18:24:20', 'a7a15cbe-aabd-4f16-bfe0-6bcd2f67d3a8'),
 ('144', 'deletepeerentrydrafts:21', '2017-05-19 18:24:20', '2017-05-19 18:24:20', 'f02f8eee-3573-417a-95c5-27c60f047fc9'),
 ('145', 'editpeerentrydrafts:21', '2017-05-19 18:24:20', '2017-05-19 18:24:20', 'e6af71da-03c8-4c36-a37f-965a3e88ac76'),
 ('146', 'editentries:21', '2017-05-19 18:24:20', '2017-05-19 18:24:20', '669fa12f-36c3-49f6-b75c-397e2090a778'),
 ('147', 'createentries:23', '2017-05-19 18:24:20', '2017-05-19 18:24:20', '1325edfa-d2c6-497c-afc4-a9e34a211bbe'),
 ('148', 'publishentries:23', '2017-05-19 18:24:20', '2017-05-19 18:24:20', 'ba0ecb33-c009-4e6a-853c-be504b6bbc6a'),
 ('149', 'deleteentries:23', '2017-05-19 18:24:20', '2017-05-19 18:24:20', 'ea8a7717-3520-4160-9668-94d957c39b9c'),
 ('150', 'publishpeerentries:23', '2017-05-19 18:24:20', '2017-05-19 18:24:20', '65dca4ef-7816-4a71-bb75-f4bc59ffcd4b'),
 ('151', 'deletepeerentries:23', '2017-05-19 18:24:20', '2017-05-19 18:24:20', '9c852976-3d14-4c66-89c1-277c4d4641b5'),
 ('152', 'editpeerentries:23', '2017-05-19 18:24:20', '2017-05-19 18:24:20', '00fb523e-75b6-427b-844e-a3aa92b2a99d'),
 ('153', 'publishpeerentrydrafts:23', '2017-05-19 18:24:20', '2017-05-19 18:24:20', 'cbb48c02-d7e1-4d73-8c9f-205b75f4aae3'),
 ('154', 'deletepeerentrydrafts:23', '2017-05-19 18:24:20', '2017-05-19 18:24:20', 'c8aaf539-6bf3-49df-8845-acf0cb011162'),
 ('155', 'editpeerentrydrafts:23', '2017-05-19 18:24:20', '2017-05-19 18:24:20', 'f64be257-347d-464a-852c-7ce0b7d9495e'),
 ('156', 'editentries:23', '2017-05-19 18:24:20', '2017-05-19 18:24:20', '4846fcd8-c4a6-48b3-89dc-019109de6465'),
 ('157', 'publishentries:22', '2017-05-19 18:24:20', '2017-05-19 18:24:20', '22a49d98-d793-45d4-b4aa-d2c5fd13c441'),
 ('158', 'publishpeerentrydrafts:22', '2017-05-19 18:24:20', '2017-05-19 18:24:20', '138e9896-cc80-497b-864a-8781ec9f1592'),
 ('159', 'deletepeerentrydrafts:22', '2017-05-19 18:24:20', '2017-05-19 18:24:20', '391483ec-0602-4664-bfd7-33e646ad949c'),
 ('160', 'editpeerentrydrafts:22', '2017-05-19 18:24:20', '2017-05-19 18:24:20', '8e0132ed-7099-42e8-ac88-f748004257c1'),
 ('161', 'editentries:22', '2017-05-19 18:24:20', '2017-05-19 18:24:20', '4cfc208f-bf42-4cde-ac43-4991b7c4d885'),
 ('162', 'editglobalset:6', '2017-05-19 18:24:20', '2017-05-19 18:24:20', 'fa3667ce-6769-45c0-ba7d-0d277e2bd7ac'),
 ('163', 'editglobalset:5', '2017-05-19 18:24:20', '2017-05-19 18:24:20', 'c459756e-3220-4169-8c24-828ec59f95e3'),
 ('164', 'editcategories:1', '2017-05-19 18:24:20', '2017-05-19 18:24:20', '5c9aac54-9831-4777-a79f-8640827c0b41'),
 ('165', 'uploadtoassetsource:5', '2017-05-19 18:24:20', '2017-05-19 18:24:20', '202f2bb8-527d-4cbf-9f8b-294d3034a928'),
 ('166', 'createsubfoldersinassetsource:5', '2017-05-19 18:24:20', '2017-05-19 18:24:20', '6f8ce669-f831-4199-964d-d6b9384cd822'),
 ('167', 'removefromassetsource:5', '2017-05-19 18:24:20', '2017-05-19 18:24:20', 'fdeb87e7-bd4f-478f-95d1-dfcaa9b13b97'),
 ('168', 'viewassetsource:5', '2017-05-19 18:24:20', '2017-05-19 18:24:20', 'a4fa8e5b-f921-4e40-8faa-4e7ff0c5f82b');



DROP TABLE IF EXISTS `craft_userpermissions_usergroups`;


--
-- Schema for table `craft_userpermissions_usergroups`
--
CREATE TABLE `craft_userpermissions_usergroups` (
  `id` int(11) NOT NULL AUTO_INCREMENT,
  `permissionId` int(11) NOT NULL,
  `groupId` int(11) NOT NULL,
  `dateCreated` datetime NOT NULL,
  `dateUpdated` datetime NOT NULL,
  `uid` char(36) COLLATE utf8_unicode_ci NOT NULL DEFAULT '0',
  PRIMARY KEY (`id`),
  UNIQUE KEY `craft_userpermissions_usergroups_permissionId_groupId_unq_idx` (`permissionId`,`groupId`),
  KEY `craft_userpermissions_usergroups_groupId_fk` (`groupId`)
) ENGINE=InnoDB AUTO_INCREMENT=282 DEFAULT CHARSET=utf8 COLLATE=utf8_unicode_ci;

--
-- Data for table `craft_userpermissions_usergroups`
--

INSERT INTO `craft_userpermissions_usergroups` (`id`, `permissionId`, `groupId`, `dateCreated`, `dateUpdated`, `uid`) VALUES
 ('1', '1', '1', '2017-04-24 13:42:18', '2017-04-24 13:42:18', 'f9a9b8c2-3d7d-494c-b842-dd7fa7de677c'),
 ('2', '2', '1', '2017-04-24 13:42:18', '2017-04-24 13:42:18', '65154060-268f-48f3-9cee-2b556ee6f669'),
 ('3', '3', '1', '2017-04-24 13:42:18', '2017-04-24 13:42:18', '7beced73-3723-48ae-b667-2e7e800b5c55'),
 ('4', '4', '1', '2017-04-24 13:42:18', '2017-04-24 13:42:18', 'f97cf04d-2d53-440f-a536-a7bdac979152'),
 ('5', '5', '1', '2017-04-24 13:42:18', '2017-04-24 13:42:18', 'ed1f82d1-1c74-447e-87b1-f2fe387d17a6'),
 ('6', '6', '1', '2017-04-24 13:42:18', '2017-04-24 13:42:18', '2333a7f2-b863-4579-8307-f72b37836998'),
 ('7', '7', '1', '2017-04-24 13:42:18', '2017-04-24 13:42:18', 'f78b47be-e846-412e-b5f9-8b4616c33334'),
 ('8', '8', '1', '2017-04-24 13:42:18', '2017-04-24 13:42:18', 'e0ef9c66-6c91-42ac-a504-8e5b919956b3'),
 ('9', '9', '1', '2017-04-24 13:42:18', '2017-04-24 13:42:18', '24c083df-36a1-47a4-bbf2-65b14c041bfb'),
 ('10', '10', '1', '2017-04-24 13:42:18', '2017-04-24 13:42:18', '458c4fe6-992d-4ceb-89b0-26aca1396c58'),
 ('11', '11', '1', '2017-04-24 13:42:18', '2017-04-24 13:42:18', '06fb7e55-4e9e-4b54-a18f-bdf4b3d6ad16'),
 ('12', '12', '1', '2017-04-24 13:42:18', '2017-04-24 13:42:18', '8678dca4-eff4-4001-a35b-e03a20816357'),
 ('13', '13', '1', '2017-04-24 13:42:18', '2017-04-24 13:42:18', '31924ede-e9c5-4c83-8bed-5c2314b0c651'),
 ('14', '14', '1', '2017-04-24 13:42:18', '2017-04-24 13:42:18', 'f00a33ba-5f2f-4048-b745-99e5063dc64b'),
 ('15', '15', '1', '2017-04-24 13:42:18', '2017-04-24 13:42:18', 'f425badb-099d-4975-820c-d8e86f6c06cf'),
 ('16', '16', '1', '2017-04-24 13:42:18', '2017-04-24 13:42:18', '95ec5647-2797-419a-a466-adb199e25278'),
 ('17', '17', '1', '2017-04-24 13:42:18', '2017-04-24 13:42:18', 'c4e731c4-23f4-464a-9a0e-44f1fb7f4a06'),
 ('18', '18', '1', '2017-04-24 13:42:18', '2017-04-24 13:42:18', 'dd21c325-aee9-494e-848d-07cb0c4ca8c7'),
 ('19', '19', '1', '2017-04-24 13:42:18', '2017-04-24 13:42:18', '71210e54-148c-4d8b-b5ed-6485cab3cf06'),
 ('20', '20', '1', '2017-04-24 13:42:18', '2017-04-24 13:42:18', 'efe8852b-b9ae-4e0c-aff7-567bc1cef143'),
 ('21', '21', '1', '2017-04-24 13:42:18', '2017-04-24 13:42:18', '5a6d7559-e6b4-4e2a-9024-57e66421ef83'),
 ('22', '22', '1', '2017-04-24 13:42:18', '2017-04-24 13:42:18', 'c1ec2a92-0738-46ee-8a37-36cddea31008'),
 ('23', '23', '1', '2017-04-24 13:42:18', '2017-04-24 13:42:18', '604ccb1e-885a-4adf-b4e5-4ebd26f1c179'),
 ('24', '24', '1', '2017-04-24 13:42:18', '2017-04-24 13:42:18', '59c10b62-41b4-425f-b6a8-df8cca8a9ff4'),
 ('25', '25', '1', '2017-04-24 13:42:18', '2017-04-24 13:42:18', 'd048304a-17b4-4566-8492-65a78adf6d49'),
 ('26', '26', '1', '2017-04-24 13:42:18', '2017-04-24 13:42:18', '348a36a8-3fa1-4818-9acc-e46abc37a088'),
 ('27', '27', '1', '2017-04-24 13:42:18', '2017-04-24 13:42:18', '447b9abe-37e8-4dba-87f0-c9d462d81d4d'),
 ('28', '28', '1', '2017-04-24 13:42:18', '2017-04-24 13:42:18', 'c4979cf6-f042-4647-ac4e-32e1fee41ffa'),
 ('29', '29', '1', '2017-04-24 13:42:18', '2017-04-24 13:42:18', 'fa7401bd-dc00-4b21-b838-77354105fcbf'),
 ('30', '30', '1', '2017-04-24 13:42:18', '2017-04-24 13:42:18', '36f50527-0581-40bb-88e9-337243893488'),
 ('31', '31', '1', '2017-04-24 13:42:18', '2017-04-24 13:42:18', '8bb02c56-d2b0-456e-99ad-64eb23e7484b'),
 ('32', '32', '1', '2017-04-24 13:42:18', '2017-04-24 13:42:18', '912e2bb3-f508-4e37-b7b7-a528222d8c03'),
 ('33', '33', '1', '2017-04-24 13:42:18', '2017-04-24 13:42:18', '2bcbbb97-82c1-4a4a-8075-d03e05f4e5e5'),
 ('34', '34', '1', '2017-04-24 13:42:18', '2017-04-24 13:42:18', 'ba0547d6-ab5b-4246-9736-ad8ecb26acc0'),
 ('35', '35', '1', '2017-04-24 13:42:18', '2017-04-24 13:42:18', '47b531a4-1626-4c07-ab28-872ec532a428'),
 ('36', '36', '1', '2017-04-24 13:42:18', '2017-04-24 13:42:18', 'd0358621-04f1-4de8-8bbe-a4802980ea68'),
 ('37', '37', '1', '2017-04-24 13:42:18', '2017-04-24 13:42:18', 'c9160a9a-be71-46a0-aa3e-fca032b8aaf7'),
 ('38', '38', '1', '2017-04-24 13:42:18', '2017-04-24 13:42:18', '518531ed-7311-401b-837c-12bbe1f80148'),
 ('39', '39', '1', '2017-04-24 13:42:18', '2017-04-24 13:42:18', 'bec24aac-23a4-45a2-9d4d-7d648182d67f'),
 ('40', '40', '1', '2017-04-24 13:42:18', '2017-04-24 13:42:18', 'aceec143-77e6-48de-b567-fdbf68fe3e09'),
 ('41', '41', '1', '2017-04-24 13:42:18', '2017-04-24 13:42:18', '6bf78a24-70c7-4240-b5aa-832780693e44'),
 ('42', '42', '1', '2017-04-24 13:42:18', '2017-04-24 13:42:18', 'b5d16927-5859-4f35-8b81-e5f958a23d61'),
 ('43', '43', '1', '2017-04-24 13:42:18', '2017-04-24 13:42:18', 'c750ef9d-6845-46f7-bb80-f3ff0d1e31f0'),
 ('44', '44', '1', '2017-04-24 13:42:18', '2017-04-24 13:42:18', '52cb0d89-2df0-4db2-890d-3e9cf161a727'),
 ('45', '45', '1', '2017-04-24 13:42:18', '2017-04-24 13:42:18', 'b127a9cd-ed92-44be-8393-8ba196be06ff'),
 ('46', '46', '1', '2017-04-24 13:42:18', '2017-04-24 13:42:18', '299dd4d1-4360-48b9-be44-fcac17137ef0'),
 ('47', '47', '1', '2017-04-24 13:42:18', '2017-04-24 13:42:18', '7e4e2734-1b19-494e-98d0-b03f5db345e6'),
 ('48', '48', '1', '2017-04-24 13:42:18', '2017-04-24 13:42:18', 'cf331882-94aa-42bc-93cc-1736d8975a99'),
 ('49', '49', '1', '2017-04-24 13:42:18', '2017-04-24 13:42:18', '036a5218-0e62-4566-8373-bd8d3ab5f8a9'),
 ('50', '50', '1', '2017-04-24 13:42:18', '2017-04-24 13:42:18', '9254c6b1-3252-4aea-9e47-5f764c647535'),
 ('51', '51', '1', '2017-04-24 13:42:18', '2017-04-24 13:42:18', 'd529a3b9-0ee6-4d70-a896-98effb51952d'),
 ('52', '52', '1', '2017-04-24 13:42:18', '2017-04-24 13:42:18', '09abbdfa-e8f9-4059-867d-afbac38aefda'),
 ('53', '53', '1', '2017-04-24 13:42:18', '2017-04-24 13:42:18', '42e8d561-06de-4a6e-bf8f-ff7a9099a41a'),
 ('54', '54', '1', '2017-04-24 13:42:18', '2017-04-24 13:42:18', '98695999-d310-43dc-8d56-cebaf6953d36'),
 ('55', '55', '1', '2017-04-24 13:42:18', '2017-04-24 13:42:18', 'f343c326-4de8-4f9f-abbb-fbeb2eac62b1'),
 ('56', '56', '1', '2017-04-24 13:42:18', '2017-04-24 13:42:18', 'a0f579da-0d59-4aee-9f68-e0ab2514156c'),
 ('57', '57', '1', '2017-04-24 13:42:18', '2017-04-24 13:42:18', '2013cf99-1bf5-47d2-9bec-86a6a34d5156'),
 ('58', '58', '1', '2017-04-24 13:42:18', '2017-04-24 13:42:18', '9eb67a05-2657-412b-b219-93b7513646fd'),
 ('59', '59', '1', '2017-04-24 13:42:18', '2017-04-24 13:42:18', 'a885c6d3-e3db-4694-8a58-859ec1d88eeb'),
 ('60', '60', '1', '2017-04-24 13:42:18', '2017-04-24 13:42:18', '2f32f306-162a-4ee9-8fb7-86d362eb63e6'),
 ('61', '61', '1', '2017-04-24 13:42:18', '2017-04-24 13:42:18', '151b116e-4ab3-4c52-a711-8a806debfe6c'),
 ('62', '62', '1', '2017-04-24 13:42:18', '2017-04-24 13:42:18', '74a221b1-1602-48a2-bd8e-36ee5a2d2028'),
 ('63', '63', '1', '2017-04-24 13:42:18', '2017-04-24 13:42:18', 'b797f24e-54d5-48c0-a06e-bd528d2008c3'),
 ('64', '64', '1', '2017-04-24 13:42:18', '2017-04-24 13:42:18', '08029f03-61ba-4768-bd17-31a539a4e2ce'),
 ('65', '65', '1', '2017-04-24 13:42:18', '2017-04-24 13:42:18', 'e8110af2-6a82-490c-8ef4-2c0a18c45771'),
 ('66', '66', '1', '2017-04-24 13:42:18', '2017-04-24 13:42:18', 'a560e45b-50ad-4669-be21-80b1975ee8f1'),
 ('67', '67', '1', '2017-04-24 13:42:18', '2017-04-24 13:42:18', '37cef737-e0b7-4539-b177-15bb2ed3b012'),
 ('68', '68', '1', '2017-04-24 13:42:18', '2017-04-24 13:42:18', '0994e230-df53-4a71-b98d-01bc3715ee86'),
 ('69', '69', '1', '2017-04-24 13:42:18', '2017-04-24 13:42:18', '1a8bb4a8-599c-4bf3-8c71-d3ba0f2664da'),
 ('70', '70', '1', '2017-04-24 13:42:18', '2017-04-24 13:42:18', '41eece8a-67a2-4247-9700-af6f13a64fe4'),
 ('71', '71', '1', '2017-04-24 13:42:18', '2017-04-24 13:42:18', 'bdf1ab67-8844-46cc-8d80-a7372f81591f'),
 ('72', '72', '1', '2017-04-24 13:42:18', '2017-04-24 13:42:18', '56d0bbf5-52f1-4a67-ad75-f02c424229df'),
 ('73', '73', '1', '2017-04-24 13:42:18', '2017-04-24 13:42:18', 'dc648fa1-d31c-4948-b797-52d88492c6c8'),
 ('74', '74', '1', '2017-04-24 13:42:18', '2017-04-24 13:42:18', 'e8adc12b-8b73-483c-aa30-f65decc95dd0'),
 ('75', '75', '1', '2017-04-24 13:42:18', '2017-04-24 13:42:18', '8a4bc783-f8fe-493c-8fbd-b7f1c0fd09ae'),
 ('76', '76', '1', '2017-04-24 13:42:18', '2017-04-24 13:42:18', '0f7d14d5-960b-4dfe-9051-c3d09e847bb3'),
 ('77', '77', '1', '2017-04-24 13:42:18', '2017-04-24 13:42:18', '8903f300-921e-41a3-8522-6b97f91104df'),
 ('78', '78', '1', '2017-04-24 13:42:18', '2017-04-24 13:42:18', '3e1edf5e-68cd-4085-b443-8951353bebe1'),
 ('79', '79', '1', '2017-04-24 13:42:18', '2017-04-24 13:42:18', '8e85c056-2ddb-4a48-b38a-364935fd5f08'),
 ('80', '80', '1', '2017-04-24 13:42:18', '2017-04-24 13:42:18', '7bb97874-5dd3-4e71-9f0d-dc9ce84c0403'),
 ('81', '81', '1', '2017-04-24 13:42:18', '2017-04-24 13:42:18', '4606d12e-19c6-4d13-838b-68fea69d036f'),
 ('82', '82', '1', '2017-04-24 13:42:18', '2017-04-24 13:42:18', '42488a5b-462e-4494-b317-2dfd95b21edf'),
 ('83', '83', '1', '2017-04-24 13:42:18', '2017-04-24 13:42:18', 'fd724146-efeb-4ba0-befc-e2c838cfc913'),
 ('84', '84', '1', '2017-04-24 13:42:18', '2017-04-24 13:42:18', '2c0c0833-9043-46ee-91aa-865ec31ff2d7'),
 ('85', '85', '1', '2017-04-24 13:42:18', '2017-04-24 13:42:18', '28dcfbe0-b6c2-4a42-902e-1b0178dbcab9'),
 ('86', '86', '1', '2017-04-24 13:42:18', '2017-04-24 13:42:18', 'e4dd9ddc-9564-470f-90d3-4a6298adf6e6'),
 ('87', '87', '1', '2017-04-24 13:42:18', '2017-04-24 13:42:18', '700b80cf-8aae-4033-9505-22dd2725607f'),
 ('88', '88', '1', '2017-04-24 13:42:18', '2017-04-24 13:42:18', '92cd718a-fb13-4f1c-8991-23657eb2b5bf'),
 ('89', '89', '1', '2017-04-24 13:42:18', '2017-04-24 13:42:18', '17dfb2b9-00fa-450d-a671-f1a34bae7b46'),
 ('90', '90', '1', '2017-04-24 13:42:18', '2017-04-24 13:42:18', '16406fc1-401b-4ec2-a7b5-6562bd4e2f36'),
 ('91', '91', '1', '2017-04-24 13:42:18', '2017-04-24 13:42:18', '35a9d546-d76e-49a9-93f3-0373169c16c5'),
 ('92', '92', '1', '2017-04-24 13:42:18', '2017-04-24 13:42:18', '31da3f7c-e3d3-4d6b-b9c1-46193375f3e1'),
 ('93', '93', '1', '2017-04-24 13:42:18', '2017-04-24 13:42:18', '50cae684-b010-43a6-b753-4db4dd07860d'),
 ('94', '94', '1', '2017-04-24 13:42:18', '2017-04-24 13:42:18', '0bbdcadd-f997-4dc4-b7a2-cc97d43a494b'),
 ('95', '95', '1', '2017-04-24 13:42:18', '2017-04-24 13:42:18', 'e8502cc6-6747-4096-850f-f09597fc0db2'),
 ('96', '96', '1', '2017-04-24 13:42:18', '2017-04-24 13:42:18', 'ecb16901-53bb-459e-9f82-478f377051b6'),
 ('97', '97', '1', '2017-04-24 13:42:18', '2017-04-24 13:42:18', 'fe992c35-ac93-4e95-af5a-563e2bfdc514'),
 ('98', '98', '1', '2017-04-24 13:42:18', '2017-04-24 13:42:18', 'd4b0d4bf-78b3-4ad0-9d1c-d0bf94e06e64'),
 ('99', '99', '1', '2017-04-24 13:42:18', '2017-04-24 13:42:18', 'ccf97c7f-c649-483e-9882-c9f5aa5edc21'),
 ('100', '100', '1', '2017-04-24 13:42:18', '2017-04-24 13:42:18', '6515ca55-6604-4d95-a637-5dccb32823a7');
INSERT INTO `craft_userpermissions_usergroups` (`id`, `permissionId`, `groupId`, `dateCreated`, `dateUpdated`, `uid`) VALUES
 ('101', '101', '1', '2017-04-24 13:42:18', '2017-04-24 13:42:18', 'ce97d9ef-94e1-4eec-9c0a-65611b8719f2'),
 ('102', '102', '1', '2017-04-24 13:42:18', '2017-04-24 13:42:18', 'c451268f-4b9d-4676-8b75-40dec4d01fe8'),
 ('103', '103', '1', '2017-04-24 13:42:18', '2017-04-24 13:42:18', '3afd945f-7aa9-4276-996c-3ce51e7633c2'),
 ('104', '104', '1', '2017-04-24 13:42:18', '2017-04-24 13:42:18', 'da1a6324-9d42-4346-af1e-c857d505c62c'),
 ('105', '105', '1', '2017-04-24 13:42:18', '2017-04-24 13:42:18', '4ed3be81-fee7-4e63-93c8-717efdf1dfeb'),
 ('106', '106', '1', '2017-04-24 13:42:18', '2017-04-24 13:42:18', '1a9c037a-766d-441c-b1a8-4bcc5465bc1b'),
 ('107', '107', '1', '2017-04-24 13:42:18', '2017-04-24 13:42:18', 'c5a506a1-a9f3-4650-b238-498807d21f42'),
 ('108', '108', '1', '2017-04-24 13:42:18', '2017-04-24 13:42:18', '454f68e7-8afe-422a-ae66-e9192a11c204'),
 ('109', '109', '1', '2017-04-24 13:42:18', '2017-04-24 13:42:18', 'a767e112-262d-4eb0-8d6d-9c2c637e1f7c'),
 ('110', '110', '1', '2017-04-24 13:42:18', '2017-04-24 13:42:18', '647bce2f-0cd7-4fc0-ae58-454e5cda8fa1'),
 ('111', '111', '1', '2017-04-24 13:42:18', '2017-04-24 13:42:18', '21415f5a-e30e-4783-8e1f-5822c003c789'),
 ('112', '112', '1', '2017-04-24 13:42:18', '2017-04-24 13:42:18', '1389de54-4597-47cf-93f2-67d32d9bd0fa'),
 ('113', '113', '1', '2017-04-24 13:42:18', '2017-04-24 13:42:18', 'abca2172-0648-4ed8-b790-b003aad1348e'),
 ('114', '114', '2', '2017-05-19 18:24:20', '2017-05-19 18:24:20', 'c0768cbd-fd55-4061-9f88-cddc36775060'),
 ('115', '115', '2', '2017-05-19 18:24:20', '2017-05-19 18:24:20', '90e3ee9b-2117-4cb2-8166-056a17bcfdfc'),
 ('116', '116', '2', '2017-05-19 18:24:20', '2017-05-19 18:24:20', '0752ce55-f911-4ec7-9330-0b8f1d520fa5'),
 ('117', '117', '2', '2017-05-19 18:24:20', '2017-05-19 18:24:20', '9e9dc19b-84df-4031-bff8-2f3b6b052dae'),
 ('118', '118', '2', '2017-05-19 18:24:20', '2017-05-19 18:24:20', 'c251d22c-647f-4e44-8dd1-991ce70c0e94'),
 ('119', '119', '2', '2017-05-19 18:24:20', '2017-05-19 18:24:20', '0cd7277d-d613-4458-bbe2-f4b624a4bb23'),
 ('120', '120', '2', '2017-05-19 18:24:20', '2017-05-19 18:24:20', '99c82b2f-b311-427c-b41e-b71e14e527c1'),
 ('121', '121', '2', '2017-05-19 18:24:20', '2017-05-19 18:24:20', 'b5735cfb-78cc-49ee-b37d-16de5f2d818d'),
 ('122', '122', '2', '2017-05-19 18:24:20', '2017-05-19 18:24:20', 'bf3bc446-7345-4f70-bf3a-c3b1c740c136'),
 ('123', '123', '2', '2017-05-19 18:24:20', '2017-05-19 18:24:20', '2549e2f1-6023-4262-93c8-bb8b194a42df'),
 ('124', '124', '2', '2017-05-19 18:24:20', '2017-05-19 18:24:20', 'cfe3e7bf-fb9b-46a5-8762-edcb4b5fb38d'),
 ('125', '125', '2', '2017-05-19 18:24:20', '2017-05-19 18:24:20', '63e0f400-3038-4fd4-b86f-75cf76c76c02'),
 ('126', '126', '2', '2017-05-19 18:24:20', '2017-05-19 18:24:20', '7931ecea-11c1-41a7-aad9-cb5f24ef219e'),
 ('127', '127', '2', '2017-05-19 18:24:20', '2017-05-19 18:24:20', '86aec3f2-47d4-4365-a69a-1abeff9a806d'),
 ('128', '128', '2', '2017-05-19 18:24:20', '2017-05-19 18:24:20', 'a2a3e118-3b09-41f0-9e9c-f549ecf6aa8d'),
 ('129', '129', '2', '2017-05-19 18:24:20', '2017-05-19 18:24:20', '993e53a6-ba28-4a04-b06f-70f0b9bd7bc3'),
 ('130', '130', '2', '2017-05-19 18:24:20', '2017-05-19 18:24:20', '197d5dc6-c3ca-44b0-ae31-f48bca609481'),
 ('131', '131', '2', '2017-05-19 18:24:20', '2017-05-19 18:24:20', 'd9602bed-b6e6-4017-8b75-a5b3bd44b0fe'),
 ('132', '1', '2', '2017-05-19 18:24:20', '2017-05-19 18:24:20', 'a7f5b1b1-784b-4a08-ad63-334e6d15f6be'),
 ('133', '2', '2', '2017-05-19 18:24:20', '2017-05-19 18:24:20', 'f1523cea-918a-499b-b93a-692740b58ef5'),
 ('134', '3', '2', '2017-05-19 18:24:20', '2017-05-19 18:24:20', '00e1b308-d2ab-490b-9274-bd671e648c68'),
 ('135', '4', '2', '2017-05-19 18:24:20', '2017-05-19 18:24:20', '7d29a4c8-eaf4-4e63-b5a6-5fca136c8b52'),
 ('136', '5', '2', '2017-05-19 18:24:20', '2017-05-19 18:24:20', '187c79d5-08ce-4007-a2ff-4857fdf1fa84'),
 ('137', '6', '2', '2017-05-19 18:24:20', '2017-05-19 18:24:20', '82cc0ec5-fff3-4b9c-80ac-2c4f5ae1f6a4'),
 ('138', '7', '2', '2017-05-19 18:24:20', '2017-05-19 18:24:20', '1861c407-17c1-406f-8c5a-2d7018be0477'),
 ('139', '8', '2', '2017-05-19 18:24:20', '2017-05-19 18:24:20', '7a61daeb-98a0-42f2-8290-9886056fe4d9'),
 ('140', '9', '2', '2017-05-19 18:24:20', '2017-05-19 18:24:20', '6b67b923-4df9-4141-a264-440125f72a4c'),
 ('141', '10', '2', '2017-05-19 18:24:20', '2017-05-19 18:24:20', 'e9617cde-4910-4d72-8c62-ddbc50f7d993'),
 ('142', '11', '2', '2017-05-19 18:24:20', '2017-05-19 18:24:20', 'aad36104-6552-4ccb-bf0e-c7190afa4d17'),
 ('143', '12', '2', '2017-05-19 18:24:20', '2017-05-19 18:24:20', '41fe11cf-ab37-458a-ac22-76ef093817f4'),
 ('144', '13', '2', '2017-05-19 18:24:20', '2017-05-19 18:24:20', 'a241e501-a1ac-4579-8c90-6efe020d12d9'),
 ('145', '14', '2', '2017-05-19 18:24:20', '2017-05-19 18:24:20', '933087b5-efda-4ad7-8962-c1acdadc8f11'),
 ('146', '15', '2', '2017-05-19 18:24:20', '2017-05-19 18:24:20', '05ed5027-8d60-40e5-a5fb-9bbb734eb3ed'),
 ('147', '132', '2', '2017-05-19 18:24:20', '2017-05-19 18:24:20', '55b939a8-e24e-445b-8668-34f2ab569a08'),
 ('148', '133', '2', '2017-05-19 18:24:20', '2017-05-19 18:24:20', 'eec47a9c-7d62-4f56-9463-c4edb274e6af'),
 ('149', '134', '2', '2017-05-19 18:24:20', '2017-05-19 18:24:20', 'fc6641f6-cc62-4666-966b-c197397fbbd0'),
 ('150', '135', '2', '2017-05-19 18:24:20', '2017-05-19 18:24:20', '38c50bc1-9adb-4cbb-9c3c-736d95ebc353'),
 ('151', '136', '2', '2017-05-19 18:24:20', '2017-05-19 18:24:20', '44a90bfb-f5e4-4513-8c8a-253b9f7f4b5d'),
 ('152', '16', '2', '2017-05-19 18:24:20', '2017-05-19 18:24:20', '6486133c-a1d0-42b1-a69e-db159a351f40'),
 ('153', '17', '2', '2017-05-19 18:24:20', '2017-05-19 18:24:20', 'f3e34158-8562-46cf-a964-23300aeea23b'),
 ('154', '18', '2', '2017-05-19 18:24:20', '2017-05-19 18:24:20', '9ddb6198-83dd-41c7-ae13-e1e3e3214917'),
 ('155', '19', '2', '2017-05-19 18:24:20', '2017-05-19 18:24:20', 'eacdfbcd-68f7-4962-b095-ea4d5f9ca566'),
 ('156', '20', '2', '2017-05-19 18:24:20', '2017-05-19 18:24:20', '02b3294e-c258-4362-8d2b-be33e7315fd8'),
 ('157', '21', '2', '2017-05-19 18:24:20', '2017-05-19 18:24:20', '0038be2d-1d1c-4220-a1c4-7b48fd5276b1'),
 ('158', '22', '2', '2017-05-19 18:24:20', '2017-05-19 18:24:20', '2c26ef06-ba99-4ac2-8262-6c6871482c78'),
 ('159', '23', '2', '2017-05-19 18:24:20', '2017-05-19 18:24:20', '31ce235b-068d-45c3-9af7-028a5d98aaf3'),
 ('160', '24', '2', '2017-05-19 18:24:20', '2017-05-19 18:24:20', 'e5df706e-45b1-4053-a8fd-fd85bdf997db'),
 ('161', '25', '2', '2017-05-19 18:24:20', '2017-05-19 18:24:20', '3f289c2c-d632-4535-974f-7e39774e840b'),
 ('162', '26', '2', '2017-05-19 18:24:20', '2017-05-19 18:24:20', 'd49c95ec-573f-429b-ba03-065558b36585'),
 ('163', '27', '2', '2017-05-19 18:24:20', '2017-05-19 18:24:20', '1a57653c-d77a-46e7-91b4-5a3352a88f5e'),
 ('164', '28', '2', '2017-05-19 18:24:20', '2017-05-19 18:24:20', '827a35fb-4885-41af-8765-d0b0277aa104'),
 ('165', '29', '2', '2017-05-19 18:24:20', '2017-05-19 18:24:20', '8cee3bae-644d-4b73-a9fc-2aaa019b4526'),
 ('166', '30', '2', '2017-05-19 18:24:20', '2017-05-19 18:24:20', 'd0f7b96a-f8d5-4226-b238-e0aa2425d279'),
 ('167', '137', '2', '2017-05-19 18:24:20', '2017-05-19 18:24:20', '2772776a-ba9a-409d-ba81-860e19837403'),
 ('168', '138', '2', '2017-05-19 18:24:20', '2017-05-19 18:24:20', 'a9f122aa-e4f6-4be0-8365-249e313bb792'),
 ('169', '139', '2', '2017-05-19 18:24:20', '2017-05-19 18:24:20', '196fde81-7d41-48f6-a0ee-deedaab753f4'),
 ('170', '140', '2', '2017-05-19 18:24:20', '2017-05-19 18:24:20', '16ea514a-1bb7-4157-9cf9-e595eebf0651'),
 ('171', '141', '2', '2017-05-19 18:24:20', '2017-05-19 18:24:20', 'f508f8b8-e0cb-4f2b-b60d-7a05ef0c6be6'),
 ('172', '31', '2', '2017-05-19 18:24:20', '2017-05-19 18:24:20', '6f03d286-66ce-42d8-b897-c93af3158e87'),
 ('173', '32', '2', '2017-05-19 18:24:20', '2017-05-19 18:24:20', 'ae424157-7574-4752-a531-755ae6e39be4'),
 ('174', '33', '2', '2017-05-19 18:24:20', '2017-05-19 18:24:20', '9a8c7374-76ec-40ee-896b-c6c2b533b8a4'),
 ('175', '34', '2', '2017-05-19 18:24:20', '2017-05-19 18:24:20', '7da801f6-590c-477f-83e8-6f6af627ef68'),
 ('176', '35', '2', '2017-05-19 18:24:20', '2017-05-19 18:24:20', '95a20e7e-3224-4599-8089-0670d625cc9a'),
 ('177', '36', '2', '2017-05-19 18:24:20', '2017-05-19 18:24:20', '685929ee-678b-428d-9007-2031b7c858a5'),
 ('178', '37', '2', '2017-05-19 18:24:20', '2017-05-19 18:24:20', '7f3cd223-6267-4567-958a-d5e083e292b5'),
 ('179', '38', '2', '2017-05-19 18:24:20', '2017-05-19 18:24:20', 'f81b9158-0a7d-44c5-9434-3399c795a616'),
 ('180', '39', '2', '2017-05-19 18:24:20', '2017-05-19 18:24:20', 'ed0cde02-d4fa-4452-9eaf-a9031fb786d9'),
 ('181', '40', '2', '2017-05-19 18:24:20', '2017-05-19 18:24:20', 'abb95958-7656-4b38-a7fc-cd3c7266bac9'),
 ('182', '142', '2', '2017-05-19 18:24:20', '2017-05-19 18:24:20', '788feaac-d07c-4e2c-9cc1-bc35343d33d8'),
 ('183', '143', '2', '2017-05-19 18:24:20', '2017-05-19 18:24:20', '84c49661-894d-4f55-be65-eae18965c8c7'),
 ('184', '144', '2', '2017-05-19 18:24:20', '2017-05-19 18:24:20', '0b7aec38-d3a1-4bab-9654-d8a9bc7de1c4'),
 ('185', '145', '2', '2017-05-19 18:24:20', '2017-05-19 18:24:20', 'bff05ecb-51cf-4d2e-ac03-a5963660a0df'),
 ('186', '146', '2', '2017-05-19 18:24:20', '2017-05-19 18:24:20', '5d8a40b8-5593-44a4-ab85-f1f3622f9ba1'),
 ('187', '41', '2', '2017-05-19 18:24:20', '2017-05-19 18:24:20', '4c0566cf-e764-49b7-8279-39c75b126645'),
 ('188', '42', '2', '2017-05-19 18:24:20', '2017-05-19 18:24:20', '8d0200e2-6ac6-4099-87e0-016aabe314ad'),
 ('189', '43', '2', '2017-05-19 18:24:20', '2017-05-19 18:24:20', '93498060-2ea3-44bb-a2e3-df7c0645e3ee'),
 ('190', '44', '2', '2017-05-19 18:24:20', '2017-05-19 18:24:20', '415c0b37-a5d7-40c9-a167-40c7fb3a984d'),
 ('191', '45', '2', '2017-05-19 18:24:20', '2017-05-19 18:24:20', '75393365-c56e-45b8-8407-87473ca7f779'),
 ('192', '46', '2', '2017-05-19 18:24:20', '2017-05-19 18:24:20', 'cb0210ad-aec4-40d1-a6d1-97f0576f3a76'),
 ('193', '47', '2', '2017-05-19 18:24:20', '2017-05-19 18:24:20', '5be36b08-8b4f-4ae4-b35f-88ad619e2341'),
 ('194', '48', '2', '2017-05-19 18:24:20', '2017-05-19 18:24:20', '82535be9-1de7-40fe-86b9-a7e285961f25'),
 ('195', '49', '2', '2017-05-19 18:24:20', '2017-05-19 18:24:20', 'dfc5db76-2538-4012-8dfc-3c58ea1964af'),
 ('196', '50', '2', '2017-05-19 18:24:20', '2017-05-19 18:24:20', '50bf9ed2-caac-4e5c-954e-85eeeea175bf'),
 ('197', '51', '2', '2017-05-19 18:24:20', '2017-05-19 18:24:20', 'ca8f14fc-682d-4013-b6fd-ca726913b2e3'),
 ('198', '52', '2', '2017-05-19 18:24:20', '2017-05-19 18:24:20', '845f2bb3-5b68-4954-95c3-99eae6d5e591'),
 ('199', '53', '2', '2017-05-19 18:24:20', '2017-05-19 18:24:20', 'ec76e1ba-2def-4188-a452-2cc9595b4aa8'),
 ('200', '54', '2', '2017-05-19 18:24:20', '2017-05-19 18:24:20', '6e860063-e502-4b5c-bba1-99c80e5fbd7b');
INSERT INTO `craft_userpermissions_usergroups` (`id`, `permissionId`, `groupId`, `dateCreated`, `dateUpdated`, `uid`) VALUES
 ('201', '55', '2', '2017-05-19 18:24:20', '2017-05-19 18:24:20', 'baeb593b-c725-4726-9d11-dd085f43a038'),
 ('202', '147', '2', '2017-05-19 18:24:20', '2017-05-19 18:24:20', 'e0d35dac-59c5-4c12-bebf-7d8c34c5a778'),
 ('203', '148', '2', '2017-05-19 18:24:20', '2017-05-19 18:24:20', '1de405cc-6242-45a2-97b6-c5af96cfd1e4'),
 ('204', '149', '2', '2017-05-19 18:24:20', '2017-05-19 18:24:20', 'f5e64fa9-a283-47a0-8c23-7b95aca8a6b5'),
 ('205', '150', '2', '2017-05-19 18:24:20', '2017-05-19 18:24:20', 'b2d67477-30c3-49d2-b0d4-7857c0454651'),
 ('206', '151', '2', '2017-05-19 18:24:20', '2017-05-19 18:24:20', 'dc5e7e89-32da-495f-b43b-1382c4825b38'),
 ('207', '152', '2', '2017-05-19 18:24:20', '2017-05-19 18:24:20', '6b065675-8983-409f-affb-0713e603c251'),
 ('208', '153', '2', '2017-05-19 18:24:20', '2017-05-19 18:24:20', '322b5851-4c39-45f0-b348-0d9b259d0eaf'),
 ('209', '154', '2', '2017-05-19 18:24:20', '2017-05-19 18:24:20', 'e4109411-d219-41e9-ae9b-045546f55d06'),
 ('210', '155', '2', '2017-05-19 18:24:20', '2017-05-19 18:24:20', '9b435f36-7594-4c3d-863d-6acc307f8bc5'),
 ('211', '156', '2', '2017-05-19 18:24:20', '2017-05-19 18:24:20', 'aac4ffb2-bb81-467d-b33e-e8e9cae8d60a'),
 ('212', '56', '2', '2017-05-19 18:24:20', '2017-05-19 18:24:20', '147ea39b-494c-48b7-b91f-f482d1569e4a'),
 ('213', '57', '2', '2017-05-19 18:24:20', '2017-05-19 18:24:20', '801d0ad0-837c-48d7-bea7-e96f4d52bef1'),
 ('214', '58', '2', '2017-05-19 18:24:20', '2017-05-19 18:24:20', '9bb7789c-03fe-4a6e-88d0-f7ca571d0bff'),
 ('215', '59', '2', '2017-05-19 18:24:20', '2017-05-19 18:24:20', '650acf83-aafb-4a0c-be5d-92a3765f79f7'),
 ('216', '60', '2', '2017-05-19 18:24:20', '2017-05-19 18:24:20', '880dcbff-b3f3-45d2-8186-c602fcbcbee5'),
 ('217', '61', '2', '2017-05-19 18:24:20', '2017-05-19 18:24:20', 'c53573e2-5de9-4ed0-a04f-cfdccc5d145c'),
 ('218', '62', '2', '2017-05-19 18:24:20', '2017-05-19 18:24:20', '393e5bd1-3920-4a7b-89be-9170316f6d5a'),
 ('219', '63', '2', '2017-05-19 18:24:20', '2017-05-19 18:24:20', '3ef1bc36-d1e7-46ee-b1a8-f7529e5d751c'),
 ('220', '64', '2', '2017-05-19 18:24:20', '2017-05-19 18:24:20', 'ed5c1f0a-8271-4ade-a149-5b26400a1fc0'),
 ('221', '65', '2', '2017-05-19 18:24:20', '2017-05-19 18:24:20', '121dd267-c4b3-4900-853c-802d6a05d62f'),
 ('222', '66', '2', '2017-05-19 18:24:20', '2017-05-19 18:24:20', '3b7f2411-af7c-4b65-ba73-4fa2cf8be284'),
 ('223', '67', '2', '2017-05-19 18:24:20', '2017-05-19 18:24:20', 'a74d47e8-0018-45dc-ac32-6b217adda990'),
 ('224', '68', '2', '2017-05-19 18:24:20', '2017-05-19 18:24:20', '8d5471f6-3491-4439-8b93-8d5929b73aa8'),
 ('225', '69', '2', '2017-05-19 18:24:20', '2017-05-19 18:24:20', 'bf9598f8-4fdf-4c9a-9193-c3ee00032ac6'),
 ('226', '70', '2', '2017-05-19 18:24:20', '2017-05-19 18:24:20', 'afc51219-fc03-4288-8b65-1576cc4893f3'),
 ('227', '71', '2', '2017-05-19 18:24:20', '2017-05-19 18:24:20', '8b6cd3a1-cdf5-4513-9ab5-b9797adea256'),
 ('228', '72', '2', '2017-05-19 18:24:20', '2017-05-19 18:24:20', '60e09fdb-6012-4a4f-a698-1fba8dc09578'),
 ('229', '73', '2', '2017-05-19 18:24:20', '2017-05-19 18:24:20', '4dad8f80-31e0-4727-9471-707c7da13527'),
 ('230', '74', '2', '2017-05-19 18:24:20', '2017-05-19 18:24:20', '797b2561-641c-40b5-8d40-bd70feab80a0'),
 ('231', '75', '2', '2017-05-19 18:24:20', '2017-05-19 18:24:20', 'b8448f0d-e9d1-4793-a5b8-dd2d51069449'),
 ('232', '76', '2', '2017-05-19 18:24:20', '2017-05-19 18:24:20', 'b7de02c4-8943-4370-8b31-a2370b949d9b'),
 ('233', '77', '2', '2017-05-19 18:24:20', '2017-05-19 18:24:20', '264ae219-5c2b-41ed-b53f-58962c506fc7'),
 ('234', '78', '2', '2017-05-19 18:24:20', '2017-05-19 18:24:20', 'fbe38bee-2604-4c82-a726-d865404cd33e'),
 ('235', '79', '2', '2017-05-19 18:24:20', '2017-05-19 18:24:20', 'a668a83d-23a6-460b-91b3-25e657456e99'),
 ('236', '80', '2', '2017-05-19 18:24:20', '2017-05-19 18:24:20', '24ce9372-878a-4030-b4a4-bae8cb03dbc9'),
 ('237', '81', '2', '2017-05-19 18:24:20', '2017-05-19 18:24:20', '73d5a0f9-e2fd-4179-8082-adf922a4f4ee'),
 ('238', '82', '2', '2017-05-19 18:24:20', '2017-05-19 18:24:20', '1131743e-e505-40e2-8307-2b4cd9924363'),
 ('239', '83', '2', '2017-05-19 18:24:20', '2017-05-19 18:24:20', '5994130d-77b6-415b-a45f-b24a656264ef'),
 ('240', '84', '2', '2017-05-19 18:24:20', '2017-05-19 18:24:20', '448d6e52-1aaf-4268-8fee-f76ea1677881'),
 ('241', '85', '2', '2017-05-19 18:24:20', '2017-05-19 18:24:20', 'b3663925-7e65-49b0-9c94-476c61c6302a'),
 ('242', '86', '2', '2017-05-19 18:24:20', '2017-05-19 18:24:20', '45fb48f7-7978-44f2-bf2e-7a734a2ef533'),
 ('243', '87', '2', '2017-05-19 18:24:20', '2017-05-19 18:24:20', 'ed80ddc6-84d5-412a-af3a-31d74ad2b466'),
 ('244', '88', '2', '2017-05-19 18:24:20', '2017-05-19 18:24:20', '5c889e47-a9d0-44df-9aa2-1e7ae6ab38d5'),
 ('245', '89', '2', '2017-05-19 18:24:20', '2017-05-19 18:24:20', '9812da12-4bc3-40ba-994e-49ef911278ce'),
 ('246', '90', '2', '2017-05-19 18:24:20', '2017-05-19 18:24:20', 'ea21970d-ca6c-4460-8fe1-c7d05d53d752'),
 ('247', '91', '2', '2017-05-19 18:24:20', '2017-05-19 18:24:20', '11e2e4a0-0f49-476f-8837-24ac9ca3f634'),
 ('248', '92', '2', '2017-05-19 18:24:20', '2017-05-19 18:24:20', '5e39cec2-ebb6-4c7d-acdd-886d2cf0e209'),
 ('249', '93', '2', '2017-05-19 18:24:20', '2017-05-19 18:24:20', 'dde5a9ac-2a46-466e-860e-cac8a36305c7'),
 ('250', '94', '2', '2017-05-19 18:24:20', '2017-05-19 18:24:20', 'cb1eedcc-e387-419e-b457-7f186d752870'),
 ('251', '95', '2', '2017-05-19 18:24:20', '2017-05-19 18:24:20', '1dd57fdf-53c0-415f-883e-e86db179853a'),
 ('252', '157', '2', '2017-05-19 18:24:20', '2017-05-19 18:24:20', 'f64c78d8-6db4-4982-bc5a-60eea719c787'),
 ('253', '158', '2', '2017-05-19 18:24:20', '2017-05-19 18:24:20', '7f5a7beb-7e63-4f23-9f42-df53b477ab4a'),
 ('254', '159', '2', '2017-05-19 18:24:20', '2017-05-19 18:24:20', 'd37d2cc9-0057-487f-ad3e-8884fc0c40d1'),
 ('255', '160', '2', '2017-05-19 18:24:20', '2017-05-19 18:24:20', '6f135482-d17a-4781-b11f-c7d60ce9d345'),
 ('256', '161', '2', '2017-05-19 18:24:20', '2017-05-19 18:24:20', '4cf5be50-740a-429d-8974-ea842b0213f9'),
 ('257', '96', '2', '2017-05-19 18:24:20', '2017-05-19 18:24:20', '5a5b9db8-0bdf-473d-b438-4ee115cd6e1f'),
 ('258', '97', '2', '2017-05-19 18:24:20', '2017-05-19 18:24:20', '599fb87a-f44c-46f8-beb6-5254b13b0ca4'),
 ('259', '98', '2', '2017-05-19 18:24:20', '2017-05-19 18:24:20', 'bf049cf5-9e97-4805-8f58-bcc525eeb9fe'),
 ('260', '99', '2', '2017-05-19 18:24:20', '2017-05-19 18:24:20', '7ff0b449-4775-4561-9592-50e9c747b14a'),
 ('261', '100', '2', '2017-05-19 18:24:20', '2017-05-19 18:24:20', '95128e18-70be-4013-994c-7ac814d0268c'),
 ('262', '101', '2', '2017-05-19 18:24:20', '2017-05-19 18:24:20', '523aaba3-a78c-46d9-a2fb-73b4ec63ea96'),
 ('263', '102', '2', '2017-05-19 18:24:20', '2017-05-19 18:24:20', '802f4b07-45b5-444e-998e-4db116f906a4'),
 ('264', '103', '2', '2017-05-19 18:24:20', '2017-05-19 18:24:20', 'ab31eef8-ca95-4c23-801b-8a49dcbd8aac'),
 ('265', '104', '2', '2017-05-19 18:24:20', '2017-05-19 18:24:20', '3d5794c0-2dcf-47b3-94af-ae0b4fb2adff'),
 ('266', '105', '2', '2017-05-19 18:24:20', '2017-05-19 18:24:20', 'a3964a9b-8cbd-4364-860e-98b743a5f491'),
 ('267', '162', '2', '2017-05-19 18:24:20', '2017-05-19 18:24:20', 'c5648a08-5dfd-4223-863c-dda94a529185'),
 ('268', '163', '2', '2017-05-19 18:24:20', '2017-05-19 18:24:20', '0b1420e8-0937-46a2-8928-2618cc3ab495'),
 ('269', '164', '2', '2017-05-19 18:24:20', '2017-05-19 18:24:20', 'd0a82d20-528a-4b83-86af-4d90c093f60f'),
 ('270', '106', '2', '2017-05-19 18:24:20', '2017-05-19 18:24:20', '99fe4b7f-657a-4449-9f4a-8f11f7044a6a'),
 ('271', '107', '2', '2017-05-19 18:24:20', '2017-05-19 18:24:20', '410287cf-38fd-4172-a856-e1b4789b386e'),
 ('272', '108', '2', '2017-05-19 18:24:20', '2017-05-19 18:24:20', 'da244f0b-65a6-47cd-a730-b488f1d865e4'),
 ('273', '109', '2', '2017-05-19 18:24:20', '2017-05-19 18:24:20', 'bf00eaaa-cfd7-420f-9239-c3aa45bc5280'),
 ('274', '110', '2', '2017-05-19 18:24:20', '2017-05-19 18:24:20', '672959de-170f-466e-b623-0371e24671d1'),
 ('275', '111', '2', '2017-05-19 18:24:20', '2017-05-19 18:24:20', 'edcd241e-c85d-48d7-8b0a-8012352557d0'),
 ('276', '112', '2', '2017-05-19 18:24:20', '2017-05-19 18:24:20', 'd499e936-adfb-4781-9a85-35accf20c371'),
 ('277', '113', '2', '2017-05-19 18:24:20', '2017-05-19 18:24:20', '86216964-b4a3-4d33-a214-ab6b7721150a'),
 ('278', '165', '2', '2017-05-19 18:24:20', '2017-05-19 18:24:20', 'a584b6d6-389b-4122-a496-cffa68c05c55'),
 ('279', '166', '2', '2017-05-19 18:24:20', '2017-05-19 18:24:20', '56dfd362-4d65-4fe5-8adb-a3851ddfabcc'),
 ('280', '167', '2', '2017-05-19 18:24:20', '2017-05-19 18:24:20', '2812eb12-fb32-4830-a5c1-db6172544dd7'),
 ('281', '168', '2', '2017-05-19 18:24:20', '2017-05-19 18:24:20', 'd66cf2e8-92ab-4bc6-b815-b8bae6d667fc');



DROP TABLE IF EXISTS `craft_userpermissions_users`;


--
-- Schema for table `craft_userpermissions_users`
--
CREATE TABLE `craft_userpermissions_users` (
  `id` int(11) NOT NULL AUTO_INCREMENT,
  `permissionId` int(11) NOT NULL,
  `userId` int(11) NOT NULL,
  `dateCreated` datetime NOT NULL,
  `dateUpdated` datetime NOT NULL,
  `uid` char(36) COLLATE utf8_unicode_ci NOT NULL DEFAULT '0',
  PRIMARY KEY (`id`),
  UNIQUE KEY `craft_userpermissions_users_permissionId_userId_unq_idx` (`permissionId`,`userId`),
  KEY `craft_userpermissions_users_userId_fk` (`userId`)
) ENGINE=InnoDB DEFAULT CHARSET=utf8 COLLATE=utf8_unicode_ci;

DROP TABLE IF EXISTS `craft_users`;


--
-- Schema for table `craft_users`
--
CREATE TABLE `craft_users` (
  `id` int(11) NOT NULL,
  `username` varchar(100) COLLATE utf8_unicode_ci NOT NULL,
  `photo` varchar(100) COLLATE utf8_unicode_ci DEFAULT NULL,
  `firstName` varchar(100) COLLATE utf8_unicode_ci DEFAULT NULL,
  `lastName` varchar(100) COLLATE utf8_unicode_ci DEFAULT NULL,
  `email` varchar(255) COLLATE utf8_unicode_ci NOT NULL,
  `password` char(255) COLLATE utf8_unicode_ci DEFAULT NULL,
  `preferredLocale` char(12) COLLATE utf8_unicode_ci DEFAULT NULL,
  `weekStartDay` tinyint(1) unsigned NOT NULL DEFAULT '0',
  `admin` tinyint(1) unsigned NOT NULL DEFAULT '0',
  `client` tinyint(1) unsigned NOT NULL DEFAULT '0',
  `locked` tinyint(1) unsigned NOT NULL DEFAULT '0',
  `suspended` tinyint(1) unsigned NOT NULL DEFAULT '0',
  `pending` tinyint(1) unsigned NOT NULL DEFAULT '0',
  `archived` tinyint(1) unsigned NOT NULL DEFAULT '0',
  `lastLoginDate` datetime DEFAULT NULL,
  `lastLoginAttemptIPAddress` varchar(45) COLLATE utf8_unicode_ci DEFAULT NULL,
  `invalidLoginWindowStart` datetime DEFAULT NULL,
  `invalidLoginCount` tinyint(4) unsigned DEFAULT NULL,
  `lastInvalidLoginDate` datetime DEFAULT NULL,
  `lockoutDate` datetime DEFAULT NULL,
  `verificationCode` char(100) COLLATE utf8_unicode_ci DEFAULT NULL,
  `verificationCodeIssuedDate` datetime DEFAULT NULL,
  `unverifiedEmail` varchar(255) COLLATE utf8_unicode_ci DEFAULT NULL,
  `passwordResetRequired` tinyint(1) unsigned NOT NULL DEFAULT '0',
  `lastPasswordChangeDate` datetime DEFAULT NULL,
  `dateCreated` datetime NOT NULL,
  `dateUpdated` datetime NOT NULL,
  `uid` char(36) COLLATE utf8_unicode_ci NOT NULL DEFAULT '0',
  PRIMARY KEY (`id`),
  UNIQUE KEY `craft_users_username_unq_idx` (`username`),
  UNIQUE KEY `craft_users_email_unq_idx` (`email`),
  KEY `craft_users_verificationCode_idx` (`verificationCode`),
  KEY `craft_users_uid_idx` (`uid`),
  KEY `craft_users_preferredLocale_fk` (`preferredLocale`)
) ENGINE=InnoDB DEFAULT CHARSET=utf8 COLLATE=utf8_unicode_ci;

--
-- Data for table `craft_users`
--

INSERT INTO `craft_users` (`id`, `username`, `photo`, `firstName`, `lastName`, `email`, `password`, `preferredLocale`, `weekStartDay`, `admin`, `client`, `locked`, `suspended`, `pending`, `archived`, `lastLoginDate`, `lastLoginAttemptIPAddress`, `invalidLoginWindowStart`, `invalidLoginCount`, `lastInvalidLoginDate`, `lockoutDate`, `verificationCode`, `verificationCodeIssuedDate`, `unverifiedEmail`, `passwordResetRequired`, `lastPasswordChangeDate`, `dateCreated`, `dateUpdated`, `uid`) VALUES
 ('1', 'studentmedia', NULL, NULL, NULL, 'challahan@ideabasekent.com', '$2y$13$X0tsGa9y3ilIcJitArMNYOfhGRUc4q6FnUPL/adZkptfNbRWTLqH2', NULL, '0', '1', '0', '0', '0', '0', '0', '2017-06-21 18:10:30', '::1', NULL, NULL, '2017-03-09 21:47:43', NULL, NULL, NULL, NULL, '0', '2017-01-12 16:12:58', '2017-01-12 16:12:58', '2017-06-21 18:10:30', 'f58ab9f4-2f8d-4925-97d8-ae38814a640f'),
 ('164', 'challahan', '17757487_10105388969987974_733846202414440012_n.jpg', 'Christopher', 'Hallahan', 'challaha@kent.edu', '$2y$13$ZBYHPcVLr1tE5HxB2lffCuqeMqAZNuJ73sJxs4UBnakLUf/LQDWRi', NULL, '0', '1', '0', '0', '0', '0', '0', '2017-04-25 20:37:40', '131.123.145.79', NULL, NULL, '2017-04-24 13:37:31', NULL, NULL, NULL, NULL, '0', '2017-04-24 13:38:17', '2017-04-24 13:36:19', '2017-04-25 20:37:40', 'da8ce2d4-834a-40bc-b99a-07452a7941c4'),
 ('235', 'kdilley', NULL, 'Kevin', 'Dilley', 'kdilley@kent.edu', '$2y$13$TpBXbphLhQTl7eB6lCRSkuJ2yfvJ256UUeT/TJ/vIBOQNGTsdxnsK', NULL, '0', '0', '0', '0', '0', '0', '0', '2017-05-25 19:24:01', '131.123.61.81', NULL, NULL, NULL, NULL, NULL, NULL, NULL, '0', '2017-05-25 19:23:49', '2017-05-19 18:26:26', '2017-05-25 19:24:01', '300b75d4-29ac-474c-9757-e91309a28bbe');



DROP TABLE IF EXISTS `craft_widgets`;


--
-- Schema for table `craft_widgets`
--
CREATE TABLE `craft_widgets` (
  `id` int(11) NOT NULL AUTO_INCREMENT,
  `userId` int(11) NOT NULL,
  `type` varchar(150) COLLATE utf8_unicode_ci NOT NULL,
  `sortOrder` smallint(6) unsigned DEFAULT NULL,
  `colspan` tinyint(4) unsigned DEFAULT NULL,
  `settings` text COLLATE utf8_unicode_ci,
  `enabled` tinyint(1) unsigned NOT NULL DEFAULT '1',
  `dateCreated` datetime NOT NULL,
  `dateUpdated` datetime NOT NULL,
  `uid` char(36) COLLATE utf8_unicode_ci NOT NULL DEFAULT '0',
  PRIMARY KEY (`id`),
  KEY `craft_widgets_userId_fk` (`userId`)
) ENGINE=InnoDB AUTO_INCREMENT=14 DEFAULT CHARSET=utf8 COLLATE=utf8_unicode_ci;

--
-- Data for table `craft_widgets`
--

INSERT INTO `craft_widgets` (`id`, `userId`, `type`, `sortOrder`, `colspan`, `settings`, `enabled`, `dateCreated`, `dateUpdated`, `uid`) VALUES
 ('1', '1', 'RecentEntries', '1', NULL, NULL, '1', '2017-01-12 16:13:00', '2017-04-24 13:57:12', '3ee5d5c2-1972-4a9c-9a2c-294b13ff4d2c'),
 ('2', '1', 'GetHelp', '2', '1', NULL, '1', '2017-01-12 16:13:00', '2017-04-24 13:57:12', 'f29f1732-5790-4872-a534-d987a5b6ab7f'),
 ('3', '1', 'Updates', '6', '1', NULL, '1', '2017-01-12 16:13:00', '2017-04-24 13:57:12', '71e25540-8687-492c-b97f-d8cf67dcf597'),
 ('4', '1', 'Feed', '3', NULL, '{\"url\":\"https:\\/\\/craftcms.com\\/news.rss\",\"title\":\"Craft News\"}', '1', '2017-01-12 16:13:00', '2017-04-24 13:57:12', '3ce3670f-b9c1-4d0d-acdf-13fd71dd6785'),
 ('5', '164', 'RecentEntries', '1', NULL, NULL, '1', '2017-04-24 13:38:26', '2017-04-24 13:38:26', 'c48a86e1-8485-45df-a5c4-4b07dbe6a103'),
 ('6', '164', 'GetHelp', '2', NULL, NULL, '1', '2017-04-24 13:38:26', '2017-04-24 13:38:26', '07ffb671-2502-445f-a17c-d54230a6184b'),
 ('7', '164', 'Updates', '3', NULL, NULL, '1', '2017-04-24 13:38:26', '2017-04-24 13:38:26', '12dc83b5-8567-4241-b61a-b7d16024cbee'),
 ('8', '164', 'Feed', '4', NULL, '{\"url\":\"https:\\/\\/craftcms.com\\/news.rss\",\"title\":\"Craft News\"}', '1', '2017-04-24 13:38:26', '2017-04-24 13:38:26', 'df2774a5-f1e4-41de-ab22-d57ff01634e3'),
 ('9', '1', 'RecentEntries', '4', NULL, '{\"section\":\"2\",\"limit\":\"5\"}', '1', '2017-04-24 13:55:54', '2017-04-24 13:57:12', 'ed00b08a-8523-4ebe-a1b1-c8621d27ac57'),
 ('10', '1', 'QuickPost', '5', NULL, '{\"section\":\"6\",\"entryType\":\"\",\"fields\":[\"12\",\"23\",\"24\",\"20\"]}', '0', '2017-04-24 13:56:27', '2017-04-24 13:57:22', 'ca2cc129-0a6c-4d18-b0dc-221bda9c8110'),
 ('11', '1', 'QuickPost', '7', NULL, '{\"section\":\"6\",\"entryType\":\"\",\"fields\":[\"12\"]}', '1', '2017-04-24 13:57:43', '2017-04-24 13:57:43', '8e9fab7a-5632-49b5-9833-c3d78cf4fd63'),
 ('12', '235', 'RecentEntries', '1', NULL, NULL, '1', '2017-05-25 19:24:07', '2017-05-25 19:24:07', '1ca5593c-cba2-4a3d-9c78-ed53e10ee3bc'),
 ('13', '235', 'Feed', '2', NULL, '{\"url\":\"https:\\/\\/craftcms.com\\/news.rss\",\"title\":\"Craft News\"}', '1', '2017-05-25 19:24:07', '2017-05-25 19:24:07', '7c459586-cc38-4bb9-9761-b66095f2e61b');


--
-- Constraints for tables
--


--
-- Constraints for table `craft_assetfiles`
--
ALTER TABLE `craft_assetfiles`
	ADD CONSTRAINT `craft_assetfiles_folderId_fk` FOREIGN KEY (`folderId`) REFERENCES `craft_assetfolders` (`id`) ON DELETE CASCADE,
	ADD CONSTRAINT `craft_assetfiles_id_fk` FOREIGN KEY (`id`) REFERENCES `craft_elements` (`id`) ON DELETE CASCADE,
	ADD CONSTRAINT `craft_assetfiles_sourceId_fk` FOREIGN KEY (`sourceId`) REFERENCES `craft_assetsources` (`id`) ON DELETE CASCADE;

--
-- Constraints for table `craft_assetfolders`
--
ALTER TABLE `craft_assetfolders`
	ADD CONSTRAINT `craft_assetfolders_parentId_fk` FOREIGN KEY (`parentId`) REFERENCES `craft_assetfolders` (`id`) ON DELETE CASCADE,
	ADD CONSTRAINT `craft_assetfolders_sourceId_fk` FOREIGN KEY (`sourceId`) REFERENCES `craft_assetsources` (`id`) ON DELETE CASCADE;

--
-- Constraints for table `craft_assetindexdata`
--
ALTER TABLE `craft_assetindexdata`
	ADD CONSTRAINT `craft_assetindexdata_sourceId_fk` FOREIGN KEY (`sourceId`) REFERENCES `craft_assetsources` (`id`) ON DELETE CASCADE;

--
-- Constraints for table `craft_assetsources`
--
ALTER TABLE `craft_assetsources`
	ADD CONSTRAINT `craft_assetsources_fieldLayoutId_fk` FOREIGN KEY (`fieldLayoutId`) REFERENCES `craft_fieldlayouts` (`id`) ON DELETE SET NULL;

--
-- Constraints for table `craft_categories`
--
ALTER TABLE `craft_categories`
	ADD CONSTRAINT `craft_categories_groupId_fk` FOREIGN KEY (`groupId`) REFERENCES `craft_categorygroups` (`id`) ON DELETE CASCADE,
	ADD CONSTRAINT `craft_categories_id_fk` FOREIGN KEY (`id`) REFERENCES `craft_elements` (`id`) ON DELETE CASCADE;

--
-- Constraints for table `craft_categorygroups`
--
ALTER TABLE `craft_categorygroups`
	ADD CONSTRAINT `craft_categorygroups_fieldLayoutId_fk` FOREIGN KEY (`fieldLayoutId`) REFERENCES `craft_fieldlayouts` (`id`) ON DELETE SET NULL,
	ADD CONSTRAINT `craft_categorygroups_structureId_fk` FOREIGN KEY (`structureId`) REFERENCES `craft_structures` (`id`) ON DELETE CASCADE;

--
-- Constraints for table `craft_categorygroups_i18n`
--
ALTER TABLE `craft_categorygroups_i18n`
	ADD CONSTRAINT `craft_categorygroups_i18n_groupId_fk` FOREIGN KEY (`groupId`) REFERENCES `craft_categorygroups` (`id`) ON DELETE CASCADE,
	ADD CONSTRAINT `craft_categorygroups_i18n_locale_fk` FOREIGN KEY (`locale`) REFERENCES `craft_locales` (`locale`) ON DELETE CASCADE ON UPDATE CASCADE;

--
-- Constraints for table `craft_content`
--
ALTER TABLE `craft_content`
	ADD CONSTRAINT `craft_content_elementId_fk` FOREIGN KEY (`elementId`) REFERENCES `craft_elements` (`id`) ON DELETE CASCADE,
	ADD CONSTRAINT `craft_content_locale_fk` FOREIGN KEY (`locale`) REFERENCES `craft_locales` (`locale`) ON DELETE CASCADE ON UPDATE CASCADE;

--
-- Constraints for table `craft_cpnav_navs`
--
ALTER TABLE `craft_cpnav_navs`
	ADD CONSTRAINT `craft_cpnav_navs_layoutId_fk` FOREIGN KEY (`layoutId`) REFERENCES `craft_cpnav_layouts` (`id`) ON DELETE SET NULL;

--
-- Constraints for table `craft_elements_i18n`
--
ALTER TABLE `craft_elements_i18n`
	ADD CONSTRAINT `craft_elements_i18n_elementId_fk` FOREIGN KEY (`elementId`) REFERENCES `craft_elements` (`id`) ON DELETE CASCADE,
	ADD CONSTRAINT `craft_elements_i18n_locale_fk` FOREIGN KEY (`locale`) REFERENCES `craft_locales` (`locale`) ON DELETE CASCADE ON UPDATE CASCADE;

--
-- Constraints for table `craft_emailmessages`
--
ALTER TABLE `craft_emailmessages`
	ADD CONSTRAINT `craft_emailmessages_locale_fk` FOREIGN KEY (`locale`) REFERENCES `craft_locales` (`locale`) ON DELETE CASCADE ON UPDATE CASCADE;

--
-- Constraints for table `craft_entries`
--
ALTER TABLE `craft_entries`
	ADD CONSTRAINT `craft_entries_authorId_fk` FOREIGN KEY (`authorId`) REFERENCES `craft_users` (`id`) ON DELETE CASCADE,
	ADD CONSTRAINT `craft_entries_id_fk` FOREIGN KEY (`id`) REFERENCES `craft_elements` (`id`) ON DELETE CASCADE,
	ADD CONSTRAINT `craft_entries_sectionId_fk` FOREIGN KEY (`sectionId`) REFERENCES `craft_sections` (`id`) ON DELETE CASCADE,
	ADD CONSTRAINT `craft_entries_typeId_fk` FOREIGN KEY (`typeId`) REFERENCES `craft_entrytypes` (`id`) ON DELETE CASCADE;

--
-- Constraints for table `craft_entrydrafts`
--
ALTER TABLE `craft_entrydrafts`
	ADD CONSTRAINT `craft_entrydrafts_creatorId_fk` FOREIGN KEY (`creatorId`) REFERENCES `craft_users` (`id`) ON DELETE CASCADE,
	ADD CONSTRAINT `craft_entrydrafts_entryId_fk` FOREIGN KEY (`entryId`) REFERENCES `craft_entries` (`id`) ON DELETE CASCADE,
	ADD CONSTRAINT `craft_entrydrafts_locale_fk` FOREIGN KEY (`locale`) REFERENCES `craft_locales` (`locale`) ON DELETE CASCADE ON UPDATE CASCADE,
	ADD CONSTRAINT `craft_entrydrafts_sectionId_fk` FOREIGN KEY (`sectionId`) REFERENCES `craft_sections` (`id`) ON DELETE CASCADE;

--
-- Constraints for table `craft_entrytypes`
--
ALTER TABLE `craft_entrytypes`
	ADD CONSTRAINT `craft_entrytypes_fieldLayoutId_fk` FOREIGN KEY (`fieldLayoutId`) REFERENCES `craft_fieldlayouts` (`id`) ON DELETE SET NULL,
	ADD CONSTRAINT `craft_entrytypes_sectionId_fk` FOREIGN KEY (`sectionId`) REFERENCES `craft_sections` (`id`) ON DELETE CASCADE;

--
-- Constraints for table `craft_entryversions`
--
ALTER TABLE `craft_entryversions`
	ADD CONSTRAINT `craft_entryversions_creatorId_fk` FOREIGN KEY (`creatorId`) REFERENCES `craft_users` (`id`) ON DELETE SET NULL,
	ADD CONSTRAINT `craft_entryversions_entryId_fk` FOREIGN KEY (`entryId`) REFERENCES `craft_entries` (`id`) ON DELETE CASCADE,
	ADD CONSTRAINT `craft_entryversions_locale_fk` FOREIGN KEY (`locale`) REFERENCES `craft_locales` (`locale`) ON DELETE CASCADE ON UPDATE CASCADE,
	ADD CONSTRAINT `craft_entryversions_sectionId_fk` FOREIGN KEY (`sectionId`) REFERENCES `craft_sections` (`id`) ON DELETE CASCADE;

--
-- Constraints for table `craft_fieldlayoutfields`
--
ALTER TABLE `craft_fieldlayoutfields`
	ADD CONSTRAINT `craft_fieldlayoutfields_fieldId_fk` FOREIGN KEY (`fieldId`) REFERENCES `craft_fields` (`id`) ON DELETE CASCADE,
	ADD CONSTRAINT `craft_fieldlayoutfields_layoutId_fk` FOREIGN KEY (`layoutId`) REFERENCES `craft_fieldlayouts` (`id`) ON DELETE CASCADE,
	ADD CONSTRAINT `craft_fieldlayoutfields_tabId_fk` FOREIGN KEY (`tabId`) REFERENCES `craft_fieldlayouttabs` (`id`) ON DELETE CASCADE;

--
-- Constraints for table `craft_fieldlayouttabs`
--
ALTER TABLE `craft_fieldlayouttabs`
	ADD CONSTRAINT `craft_fieldlayouttabs_layoutId_fk` FOREIGN KEY (`layoutId`) REFERENCES `craft_fieldlayouts` (`id`) ON DELETE CASCADE;

--
-- Constraints for table `craft_fields`
--
ALTER TABLE `craft_fields`
	ADD CONSTRAINT `craft_fields_groupId_fk` FOREIGN KEY (`groupId`) REFERENCES `craft_fieldgroups` (`id`) ON DELETE CASCADE;

--
-- Constraints for table `craft_globalsets`
--
ALTER TABLE `craft_globalsets`
	ADD CONSTRAINT `craft_globalsets_fieldLayoutId_fk` FOREIGN KEY (`fieldLayoutId`) REFERENCES `craft_fieldlayouts` (`id`) ON DELETE SET NULL,
	ADD CONSTRAINT `craft_globalsets_id_fk` FOREIGN KEY (`id`) REFERENCES `craft_elements` (`id`) ON DELETE CASCADE;

--
-- Constraints for table `craft_matrixblocks`
--
ALTER TABLE `craft_matrixblocks`
	ADD CONSTRAINT `craft_matrixblocks_fieldId_fk` FOREIGN KEY (`fieldId`) REFERENCES `craft_fields` (`id`) ON DELETE CASCADE,
	ADD CONSTRAINT `craft_matrixblocks_id_fk` FOREIGN KEY (`id`) REFERENCES `craft_elements` (`id`) ON DELETE CASCADE,
	ADD CONSTRAINT `craft_matrixblocks_ownerId_fk` FOREIGN KEY (`ownerId`) REFERENCES `craft_elements` (`id`) ON DELETE CASCADE,
	ADD CONSTRAINT `craft_matrixblocks_ownerLocale_fk` FOREIGN KEY (`ownerLocale`) REFERENCES `craft_locales` (`locale`) ON DELETE CASCADE ON UPDATE CASCADE,
	ADD CONSTRAINT `craft_matrixblocks_typeId_fk` FOREIGN KEY (`typeId`) REFERENCES `craft_matrixblocktypes` (`id`) ON DELETE CASCADE;

--
-- Constraints for table `craft_matrixblocktypes`
--
ALTER TABLE `craft_matrixblocktypes`
	ADD CONSTRAINT `craft_matrixblocktypes_fieldId_fk` FOREIGN KEY (`fieldId`) REFERENCES `craft_fields` (`id`) ON DELETE CASCADE,
	ADD CONSTRAINT `craft_matrixblocktypes_fieldLayoutId_fk` FOREIGN KEY (`fieldLayoutId`) REFERENCES `craft_fieldlayouts` (`id`) ON DELETE SET NULL;

--
-- Constraints for table `craft_matrixcontent_adunit`
--
ALTER TABLE `craft_matrixcontent_adunit`
	ADD CONSTRAINT `craft_matrixcontent_adunit_elementId_fk` FOREIGN KEY (`elementId`) REFERENCES `craft_elements` (`id`) ON DELETE CASCADE,
	ADD CONSTRAINT `craft_matrixcontent_adunit_locale_fk` FOREIGN KEY (`locale`) REFERENCES `craft_locales` (`locale`) ON DELETE CASCADE ON UPDATE CASCADE;

--
-- Constraints for table `craft_matrixcontent_faq`
--
ALTER TABLE `craft_matrixcontent_faq`
	ADD CONSTRAINT `craft_matrixcontent_faq_elementId_fk` FOREIGN KEY (`elementId`) REFERENCES `craft_elements` (`id`) ON DELETE CASCADE,
	ADD CONSTRAINT `craft_matrixcontent_faq_locale_fk` FOREIGN KEY (`locale`) REFERENCES `craft_locales` (`locale`) ON DELETE CASCADE ON UPDATE CASCADE;

--
-- Constraints for table `craft_matrixcontent_socialmedia`
--
ALTER TABLE `craft_matrixcontent_socialmedia`
	ADD CONSTRAINT `craft_matrixcontent_socialmedia_elementId_fk` FOREIGN KEY (`elementId`) REFERENCES `craft_elements` (`id`) ON DELETE CASCADE,
	ADD CONSTRAINT `craft_matrixcontent_socialmedia_locale_fk` FOREIGN KEY (`locale`) REFERENCES `craft_locales` (`locale`) ON DELETE CASCADE ON UPDATE CASCADE;

--
-- Constraints for table `craft_matrixcontent_studentemployeeopportunities`
--
ALTER TABLE `craft_matrixcontent_studentemployeeopportunities`
	ADD CONSTRAINT `craft_matrixcontent_studentemployeeopportunities_elementId_fk` FOREIGN KEY (`elementId`) REFERENCES `craft_elements` (`id`) ON DELETE CASCADE,
	ADD CONSTRAINT `craft_matrixcontent_studentemployeeopportunities_locale_fk` FOREIGN KEY (`locale`) REFERENCES `craft_locales` (`locale`) ON DELETE CASCADE ON UPDATE CASCADE;

--
-- Constraints for table `craft_migrations`
--
ALTER TABLE `craft_migrations`
	ADD CONSTRAINT `craft_migrations_pluginId_fk` FOREIGN KEY (`pluginId`) REFERENCES `craft_plugins` (`id`) ON DELETE CASCADE;

--
-- Constraints for table `craft_relations`
--
ALTER TABLE `craft_relations`
	ADD CONSTRAINT `craft_relations_fieldId_fk` FOREIGN KEY (`fieldId`) REFERENCES `craft_fields` (`id`) ON DELETE CASCADE,
	ADD CONSTRAINT `craft_relations_sourceId_fk` FOREIGN KEY (`sourceId`) REFERENCES `craft_elements` (`id`) ON DELETE CASCADE,
	ADD CONSTRAINT `craft_relations_sourceLocale_fk` FOREIGN KEY (`sourceLocale`) REFERENCES `craft_locales` (`locale`) ON DELETE CASCADE ON UPDATE CASCADE,
	ADD CONSTRAINT `craft_relations_targetId_fk` FOREIGN KEY (`targetId`) REFERENCES `craft_elements` (`id`) ON DELETE CASCADE;

--
-- Constraints for table `craft_routes`
--
ALTER TABLE `craft_routes`
	ADD CONSTRAINT `craft_routes_locale_fk` FOREIGN KEY (`locale`) REFERENCES `craft_locales` (`locale`) ON DELETE CASCADE ON UPDATE CASCADE;

--
-- Constraints for table `craft_sections`
--
ALTER TABLE `craft_sections`
	ADD CONSTRAINT `craft_sections_structureId_fk` FOREIGN KEY (`structureId`) REFERENCES `craft_structures` (`id`) ON DELETE SET NULL;

--
-- Constraints for table `craft_sections_i18n`
--
ALTER TABLE `craft_sections_i18n`
	ADD CONSTRAINT `craft_sections_i18n_locale_fk` FOREIGN KEY (`locale`) REFERENCES `craft_locales` (`locale`) ON DELETE CASCADE ON UPDATE CASCADE,
	ADD CONSTRAINT `craft_sections_i18n_sectionId_fk` FOREIGN KEY (`sectionId`) REFERENCES `craft_sections` (`id`) ON DELETE CASCADE;

--
-- Constraints for table `craft_seomatic_meta`
--
ALTER TABLE `craft_seomatic_meta`
	ADD CONSTRAINT `craft_seomatic_meta_id_fk` FOREIGN KEY (`id`) REFERENCES `craft_elements` (`id`) ON DELETE CASCADE,
	ADD CONSTRAINT `craft_seomatic_meta_seoFacebookImageId_fk` FOREIGN KEY (`seoFacebookImageId`) REFERENCES `craft_assetfiles` (`id`) ON DELETE SET NULL,
	ADD CONSTRAINT `craft_seomatic_meta_seoImageId_fk` FOREIGN KEY (`seoImageId`) REFERENCES `craft_assetfiles` (`id`) ON DELETE SET NULL,
	ADD CONSTRAINT `craft_seomatic_meta_seoTwitterImageId_fk` FOREIGN KEY (`seoTwitterImageId`) REFERENCES `craft_assetfiles` (`id`) ON DELETE SET NULL;

--
-- Constraints for table `craft_seomatic_settings`
--
ALTER TABLE `craft_seomatic_settings`
	ADD CONSTRAINT `craft_seomatic_settings_genericCreatorImageId_fk` FOREIGN KEY (`genericCreatorImageId`) REFERENCES `craft_assetfiles` (`id`) ON DELETE SET NULL,
	ADD CONSTRAINT `craft_seomatic_settings_genericOwnerImageId_fk` FOREIGN KEY (`genericOwnerImageId`) REFERENCES `craft_assetfiles` (`id`) ON DELETE SET NULL,
	ADD CONSTRAINT `craft_seomatic_settings_siteSeoFacebookImageId_fk` FOREIGN KEY (`siteSeoFacebookImageId`) REFERENCES `craft_assetfiles` (`id`) ON DELETE SET NULL,
	ADD CONSTRAINT `craft_seomatic_settings_siteSeoImageId_fk` FOREIGN KEY (`siteSeoImageId`) REFERENCES `craft_assetfiles` (`id`) ON DELETE SET NULL,
	ADD CONSTRAINT `craft_seomatic_settings_siteSeoTwitterImageId_fk` FOREIGN KEY (`siteSeoTwitterImageId`) REFERENCES `craft_assetfiles` (`id`) ON DELETE SET NULL;

--
-- Constraints for table `craft_sessions`
--
ALTER TABLE `craft_sessions`
	ADD CONSTRAINT `craft_sessions_userId_fk` FOREIGN KEY (`userId`) REFERENCES `craft_users` (`id`) ON DELETE CASCADE;

--
-- Constraints for table `craft_shunnedmessages`
--
ALTER TABLE `craft_shunnedmessages`
	ADD CONSTRAINT `craft_shunnedmessages_userId_fk` FOREIGN KEY (`userId`) REFERENCES `craft_users` (`id`) ON DELETE CASCADE;

--
-- Constraints for table `craft_structureelements`
--
ALTER TABLE `craft_structureelements`
	ADD CONSTRAINT `craft_structureelements_elementId_fk` FOREIGN KEY (`elementId`) REFERENCES `craft_elements` (`id`) ON DELETE CASCADE,
	ADD CONSTRAINT `craft_structureelements_structureId_fk` FOREIGN KEY (`structureId`) REFERENCES `craft_structures` (`id`) ON DELETE CASCADE;

--
-- Constraints for table `craft_taggroups`
--
ALTER TABLE `craft_taggroups`
	ADD CONSTRAINT `craft_taggroups_fieldLayoutId_fk` FOREIGN KEY (`fieldLayoutId`) REFERENCES `craft_fieldlayouts` (`id`) ON DELETE SET NULL;

--
-- Constraints for table `craft_tags`
--
ALTER TABLE `craft_tags`
	ADD CONSTRAINT `craft_tags_groupId_fk` FOREIGN KEY (`groupId`) REFERENCES `craft_taggroups` (`id`) ON DELETE CASCADE,
	ADD CONSTRAINT `craft_tags_id_fk` FOREIGN KEY (`id`) REFERENCES `craft_elements` (`id`) ON DELETE CASCADE;

--
-- Constraints for table `craft_templatecachecriteria`
--
ALTER TABLE `craft_templatecachecriteria`
	ADD CONSTRAINT `craft_templatecachecriteria_cacheId_fk` FOREIGN KEY (`cacheId`) REFERENCES `craft_templatecaches` (`id`) ON DELETE CASCADE;

--
-- Constraints for table `craft_templatecacheelements`
--
ALTER TABLE `craft_templatecacheelements`
	ADD CONSTRAINT `craft_templatecacheelements_cacheId_fk` FOREIGN KEY (`cacheId`) REFERENCES `craft_templatecaches` (`id`) ON DELETE CASCADE,
	ADD CONSTRAINT `craft_templatecacheelements_elementId_fk` FOREIGN KEY (`elementId`) REFERENCES `craft_elements` (`id`) ON DELETE CASCADE;

--
-- Constraints for table `craft_templatecaches`
--
ALTER TABLE `craft_templatecaches`
	ADD CONSTRAINT `craft_templatecaches_locale_fk` FOREIGN KEY (`locale`) REFERENCES `craft_locales` (`locale`) ON DELETE CASCADE ON UPDATE CASCADE;

--
-- Constraints for table `craft_usergroups_users`
--
ALTER TABLE `craft_usergroups_users`
	ADD CONSTRAINT `craft_usergroups_users_groupId_fk` FOREIGN KEY (`groupId`) REFERENCES `craft_usergroups` (`id`) ON DELETE CASCADE,
	ADD CONSTRAINT `craft_usergroups_users_userId_fk` FOREIGN KEY (`userId`) REFERENCES `craft_users` (`id`) ON DELETE CASCADE;

--
-- Constraints for table `craft_userpermissions_usergroups`
--
ALTER TABLE `craft_userpermissions_usergroups`
	ADD CONSTRAINT `craft_userpermissions_usergroups_groupId_fk` FOREIGN KEY (`groupId`) REFERENCES `craft_usergroups` (`id`) ON DELETE CASCADE,
	ADD CONSTRAINT `craft_userpermissions_usergroups_permissionId_fk` FOREIGN KEY (`permissionId`) REFERENCES `craft_userpermissions` (`id`) ON DELETE CASCADE;

--
-- Constraints for table `craft_userpermissions_users`
--
ALTER TABLE `craft_userpermissions_users`
	ADD CONSTRAINT `craft_userpermissions_users_permissionId_fk` FOREIGN KEY (`permissionId`) REFERENCES `craft_userpermissions` (`id`) ON DELETE CASCADE,
	ADD CONSTRAINT `craft_userpermissions_users_userId_fk` FOREIGN KEY (`userId`) REFERENCES `craft_users` (`id`) ON DELETE CASCADE;

--
-- Constraints for table `craft_users`
--
ALTER TABLE `craft_users`
	ADD CONSTRAINT `craft_users_id_fk` FOREIGN KEY (`id`) REFERENCES `craft_elements` (`id`) ON DELETE CASCADE,
	ADD CONSTRAINT `craft_users_preferredLocale_fk` FOREIGN KEY (`preferredLocale`) REFERENCES `craft_locales` (`locale`) ON DELETE SET NULL ON UPDATE CASCADE;

--
-- Constraints for table `craft_widgets`
--
ALTER TABLE `craft_widgets`
	ADD CONSTRAINT `craft_widgets_userId_fk` FOREIGN KEY (`userId`) REFERENCES `craft_users` (`id`) ON DELETE CASCADE;

SET FOREIGN_KEY_CHECKS = 1;
