-- Generated by Craft v2.6.2958 on Apr 10, 2017, 6:22:41 PM.

--
-- Disable foreign key checks and autocommit.
--

SET FOREIGN_KEY_CHECKS = 0;
SET SQL_MODE = "NO_AUTO_VALUE_ON_ZERO";
SET AUTOCOMMIT = 0;
SET NAMES utf8;


DROP TABLE IF EXISTS `craft_amnav_navs`;


--
-- Schema for table `craft_amnav_navs`
--
CREATE TABLE `craft_amnav_navs` (
  `id` int(11) NOT NULL AUTO_INCREMENT,
  `name` varchar(255) COLLATE utf8_unicode_ci NOT NULL,
  `handle` varchar(255) COLLATE utf8_unicode_ci NOT NULL,
  `settings` text COLLATE utf8_unicode_ci,
  `dateCreated` datetime NOT NULL,
  `dateUpdated` datetime NOT NULL,
  `uid` char(36) COLLATE utf8_unicode_ci NOT NULL DEFAULT '0',
  PRIMARY KEY (`id`),
  UNIQUE KEY `craft_amnav_navs_handle_unq_idx` (`handle`)
) ENGINE=InnoDB AUTO_INCREMENT=2 DEFAULT CHARSET=utf8 COLLATE=utf8_unicode_ci;

--
-- Data for table `craft_amnav_navs`
--

INSERT INTO `craft_amnav_navs` (`id`, `name`, `handle`, `settings`, `dateCreated`, `dateUpdated`, `uid`) VALUES
 ('1', 'main menu', 'mainMenu', '{\"entrySources\":\"*\",\"maxLevels\":\"\",\"canMoveFromLevel\":\"\",\"canDeleteFromLevel\":\"\"}', '2017-03-02 19:17:12', '2017-03-02 19:17:12', 'c1d82e74-d7af-4424-abd4-b814f4b1b3a9');



DROP TABLE IF EXISTS `craft_amnav_nodes`;


--
-- Schema for table `craft_amnav_nodes`
--
CREATE TABLE `craft_amnav_nodes` (
  `id` int(11) NOT NULL AUTO_INCREMENT,
  `navId` int(10) NOT NULL,
  `parentId` int(10) DEFAULT NULL,
  `order` int(10) DEFAULT '0',
  `name` varchar(255) COLLATE utf8_unicode_ci NOT NULL,
  `url` varchar(255) COLLATE utf8_unicode_ci DEFAULT NULL,
  `listClass` varchar(255) COLLATE utf8_unicode_ci DEFAULT NULL,
  `blank` tinyint(1) unsigned NOT NULL DEFAULT '0',
  `enabled` tinyint(1) unsigned NOT NULL DEFAULT '1',
  `elementId` int(10) DEFAULT NULL,
  `elementType` varchar(255) COLLATE utf8_unicode_ci DEFAULT NULL,
  `locale` char(12) COLLATE utf8_unicode_ci DEFAULT NULL,
  `dateCreated` datetime NOT NULL,
  `dateUpdated` datetime NOT NULL,
  `uid` char(36) COLLATE utf8_unicode_ci NOT NULL DEFAULT '0',
  PRIMARY KEY (`id`),
  KEY `craft_amnav_nodes_elementId_elementType_locale_idx` (`elementId`,`elementType`,`locale`)
) ENGINE=InnoDB AUTO_INCREMENT=4 DEFAULT CHARSET=utf8 COLLATE=utf8_unicode_ci;

--
-- Data for table `craft_amnav_nodes`
--

INSERT INTO `craft_amnav_nodes` (`id`, `navId`, `parentId`, `order`, `name`, `url`, `listClass`, `blank`, `enabled`, `elementId`, `elementType`, `locale`, `dateCreated`, `dateUpdated`, `uid`) VALUES
 ('1', '1', '0', '0', 'The Burr', NULL, NULL, '0', '1', '14', 'Entry', 'en_us', '2017-03-02 19:20:06', '2017-03-08 14:23:03', 'fa460ccd-37ba-4419-9965-81bafc531e6a'),
 ('2', '1', '0', '2', 'Kent Stater', NULL, NULL, '0', '1', '15', 'Entry', 'en_us', '2017-03-02 19:20:14', '2017-03-08 14:23:03', '67cd62c1-d159-4926-bd26-2786cdde33e5'),
 ('3', '1', '0', '1', 'A Magazine', NULL, NULL, '0', '1', '10', 'Entry', 'en_us', '2017-03-02 19:20:19', '2017-03-09 03:29:14', '107c7c38-1f95-4ef7-a743-6aa0cfb65594');



DROP TABLE IF EXISTS `craft_assetfiles`;


--
-- Schema for table `craft_assetfiles`
--
CREATE TABLE `craft_assetfiles` (
  `id` int(11) NOT NULL,
  `sourceId` int(11) DEFAULT NULL,
  `folderId` int(11) NOT NULL,
  `filename` varchar(255) COLLATE utf8_unicode_ci NOT NULL,
  `kind` varchar(50) COLLATE utf8_unicode_ci NOT NULL DEFAULT 'unknown',
  `width` int(11) unsigned DEFAULT NULL,
  `height` int(11) unsigned DEFAULT NULL,
  `size` bigint(20) unsigned DEFAULT NULL,
  `dateModified` datetime DEFAULT NULL,
  `dateCreated` datetime NOT NULL,
  `dateUpdated` datetime NOT NULL,
  `uid` char(36) COLLATE utf8_unicode_ci NOT NULL DEFAULT '0',
  PRIMARY KEY (`id`),
  UNIQUE KEY `craft_assetfiles_filename_folderId_unq_idx` (`filename`,`folderId`),
  KEY `craft_assetfiles_sourceId_fk` (`sourceId`),
  KEY `craft_assetfiles_folderId_fk` (`folderId`)
) ENGINE=InnoDB DEFAULT CHARSET=utf8 COLLATE=utf8_unicode_ci;

--
-- Data for table `craft_assetfiles`
--

INSERT INTO `craft_assetfiles` (`id`, `sourceId`, `folderId`, `filename`, `kind`, `width`, `height`, `size`, `dateModified`, `dateCreated`, `dateUpdated`, `uid`) VALUES
 ('13', '2', '2', 'SM_Logo_RGB_FullColor.png', 'image', '1050', '449', '34143', '2017-02-24 21:55:23', '2017-02-24 21:55:23', '2017-02-24 21:55:23', 'bcb778d1-34a8-4846-abfa-9ec09251bd3e'),
 ('18', '1', '1', 'grid-field-03.png', 'image', '1801', '1800', '9886292', '2017-02-27 15:22:34', '2017-02-27 15:22:41', '2017-02-27 15:22:41', 'af60bddc-a882-4e77-91cb-f180640d3c73'),
 ('31', '2', '2', 'ux-back.png', 'image', '3200', '2000', '139932', '2017-04-10 18:20:39', '2017-04-10 18:20:39', '2017-04-10 18:20:39', 'ae16f092-7436-4cee-99c1-8508d24fba47');



DROP TABLE IF EXISTS `craft_assetfolders`;


--
-- Schema for table `craft_assetfolders`
--
CREATE TABLE `craft_assetfolders` (
  `id` int(11) NOT NULL AUTO_INCREMENT,
  `parentId` int(11) DEFAULT NULL,
  `sourceId` int(11) DEFAULT NULL,
  `name` varchar(255) COLLATE utf8_unicode_ci NOT NULL,
  `path` varchar(255) COLLATE utf8_unicode_ci DEFAULT NULL,
  `dateCreated` datetime NOT NULL,
  `dateUpdated` datetime NOT NULL,
  `uid` char(36) COLLATE utf8_unicode_ci NOT NULL DEFAULT '0',
  PRIMARY KEY (`id`),
  UNIQUE KEY `craft_assetfolders_name_parentId_sourceId_unq_idx` (`name`,`parentId`,`sourceId`),
  KEY `craft_assetfolders_parentId_fk` (`parentId`),
  KEY `craft_assetfolders_sourceId_fk` (`sourceId`)
) ENGINE=InnoDB AUTO_INCREMENT=5 DEFAULT CHARSET=utf8 COLLATE=utf8_unicode_ci;

--
-- Data for table `craft_assetfolders`
--

INSERT INTO `craft_assetfolders` (`id`, `parentId`, `sourceId`, `name`, `path`, `dateCreated`, `dateUpdated`, `uid`) VALUES
 ('1', NULL, '1', 'hero image', '', '2017-02-16 21:36:06', '2017-02-16 21:36:06', 'f22f8b8d-448f-4415-9768-9410172cd18c'),
 ('2', NULL, '2', 'Global', '', '2017-02-16 21:36:48', '2017-02-16 21:36:48', 'e80dac9c-4efa-40de-be0e-c09b95b9b557'),
 ('3', NULL, '3', 'Statistics image', '', '2017-03-03 20:25:07', '2017-03-03 20:25:07', 'f5cf90eb-9677-4b83-813a-c5e3a2a7a902'),
 ('4', NULL, '4', 'Video', '', '2017-03-08 15:35:33', '2017-03-08 15:35:33', '70650fb0-94a7-4449-963b-26f28299c4c5');



DROP TABLE IF EXISTS `craft_assetindexdata`;


--
-- Schema for table `craft_assetindexdata`
--
CREATE TABLE `craft_assetindexdata` (
  `id` int(11) NOT NULL AUTO_INCREMENT,
  `sessionId` varchar(36) COLLATE utf8_unicode_ci NOT NULL DEFAULT '',
  `sourceId` int(10) NOT NULL,
  `offset` int(10) NOT NULL,
  `uri` varchar(255) COLLATE utf8_unicode_ci DEFAULT NULL,
  `size` varchar(255) COLLATE utf8_unicode_ci DEFAULT NULL,
  `recordId` int(10) DEFAULT NULL,
  `dateCreated` datetime NOT NULL,
  `dateUpdated` datetime NOT NULL,
  `uid` char(36) COLLATE utf8_unicode_ci NOT NULL DEFAULT '0',
  PRIMARY KEY (`id`),
  UNIQUE KEY `craft_assetindexdata_sessionId_sourceId_offset_unq_idx` (`sessionId`,`sourceId`,`offset`),
  KEY `craft_assetindexdata_sourceId_fk` (`sourceId`)
) ENGINE=InnoDB DEFAULT CHARSET=utf8 COLLATE=utf8_unicode_ci;

DROP TABLE IF EXISTS `craft_assetsources`;


--
-- Schema for table `craft_assetsources`
--
CREATE TABLE `craft_assetsources` (
  `id` int(11) NOT NULL AUTO_INCREMENT,
  `name` varchar(255) COLLATE utf8_unicode_ci NOT NULL,
  `handle` varchar(255) COLLATE utf8_unicode_ci NOT NULL,
  `type` varchar(150) COLLATE utf8_unicode_ci NOT NULL,
  `settings` text COLLATE utf8_unicode_ci,
  `sortOrder` smallint(6) unsigned DEFAULT NULL,
  `fieldLayoutId` int(10) DEFAULT NULL,
  `dateCreated` datetime NOT NULL,
  `dateUpdated` datetime NOT NULL,
  `uid` char(36) COLLATE utf8_unicode_ci NOT NULL DEFAULT '0',
  PRIMARY KEY (`id`),
  UNIQUE KEY `craft_assetsources_name_unq_idx` (`name`),
  UNIQUE KEY `craft_assetsources_handle_unq_idx` (`handle`),
  KEY `craft_assetsources_fieldLayoutId_fk` (`fieldLayoutId`)
) ENGINE=InnoDB AUTO_INCREMENT=5 DEFAULT CHARSET=utf8 COLLATE=utf8_unicode_ci;

--
-- Data for table `craft_assetsources`
--

INSERT INTO `craft_assetsources` (`id`, `name`, `handle`, `type`, `settings`, `sortOrder`, `fieldLayoutId`, `dateCreated`, `dateUpdated`, `uid`) VALUES
 ('1', 'hero image', 'heroImage', 'Local', '{\"path\":\"assets\\/img\\/hero_img\\/\",\"publicURLs\":\"1\",\"url\":\"{baseUrl}\\/assets\\/img\\/hero_img\\/\"}', '1', '13', '2017-02-16 21:36:06', '2017-02-16 22:06:00', '3395b214-0269-4ea9-ae34-ca5dcfc66966'),
 ('2', 'Global', 'global', 'Local', '{\"path\":\"assets\\/img\\/global\\/\",\"publicURLs\":\"1\",\"url\":\"{baseUrl}\\/assets\\/img\\/global\\/\"}', '2', '12', '2017-02-16 21:36:48', '2017-02-16 21:36:48', '616d6936-1f20-4789-8346-a43e3424f70b'),
 ('3', 'Statistics image', 'statisticsImage', 'Local', '{\"path\":\"assets\\/img\\/statistics\\/\",\"publicURLs\":\"1\",\"url\":\"{baseUrl}\\/assets\\/img\\/statistics\\/\"}', '3', '29', '2017-03-03 20:25:07', '2017-03-03 20:25:07', 'f3842023-75f7-4d32-8baf-210c7ff46670'),
 ('4', 'Video', 'video', 'Local', '{\"path\":\"assets\\/img\\/video\\/\",\"publicURLs\":\"1\",\"url\":\"{baseUrl}\\/assets\\/img\\/video\\/\"}', '4', '30', '2017-03-08 15:35:33', '2017-03-08 15:35:33', '08f4e69a-1ab7-4cec-bff8-8476db1dc8de');



DROP TABLE IF EXISTS `craft_assettransformindex`;


--
-- Schema for table `craft_assettransformindex`
--
CREATE TABLE `craft_assettransformindex` (
  `id` int(11) NOT NULL AUTO_INCREMENT,
  `fileId` int(11) NOT NULL,
  `filename` varchar(255) COLLATE utf8_unicode_ci DEFAULT NULL,
  `format` varchar(255) COLLATE utf8_unicode_ci DEFAULT NULL,
  `location` varchar(255) COLLATE utf8_unicode_ci NOT NULL,
  `sourceId` int(11) DEFAULT NULL,
  `fileExists` tinyint(1) DEFAULT NULL,
  `inProgress` tinyint(1) DEFAULT NULL,
  `dateIndexed` datetime DEFAULT NULL,
  `dateCreated` datetime NOT NULL,
  `dateUpdated` datetime NOT NULL,
  `uid` char(36) COLLATE utf8_unicode_ci NOT NULL DEFAULT '0',
  PRIMARY KEY (`id`),
  KEY `craft_assettransformindex_sourceId_fileId_location_idx` (`sourceId`,`fileId`,`location`)
) ENGINE=InnoDB AUTO_INCREMENT=2 DEFAULT CHARSET=utf8 COLLATE=utf8_unicode_ci;

DROP TABLE IF EXISTS `craft_assettransforms`;


--
-- Schema for table `craft_assettransforms`
--
CREATE TABLE `craft_assettransforms` (
  `id` int(11) NOT NULL AUTO_INCREMENT,
  `name` varchar(255) COLLATE utf8_unicode_ci NOT NULL,
  `handle` varchar(255) COLLATE utf8_unicode_ci NOT NULL,
  `mode` enum('stretch','fit','crop') COLLATE utf8_unicode_ci NOT NULL DEFAULT 'crop',
  `position` enum('top-left','top-center','top-right','center-left','center-center','center-right','bottom-left','bottom-center','bottom-right') COLLATE utf8_unicode_ci NOT NULL DEFAULT 'center-center',
  `height` int(10) DEFAULT NULL,
  `width` int(10) DEFAULT NULL,
  `format` varchar(255) COLLATE utf8_unicode_ci DEFAULT NULL,
  `quality` int(10) DEFAULT NULL,
  `dimensionChangeTime` datetime DEFAULT NULL,
  `dateCreated` datetime NOT NULL,
  `dateUpdated` datetime NOT NULL,
  `uid` char(36) COLLATE utf8_unicode_ci NOT NULL DEFAULT '0',
  PRIMARY KEY (`id`),
  UNIQUE KEY `craft_assettransforms_name_unq_idx` (`name`),
  UNIQUE KEY `craft_assettransforms_handle_unq_idx` (`handle`)
) ENGINE=InnoDB AUTO_INCREMENT=2 DEFAULT CHARSET=utf8 COLLATE=utf8_unicode_ci;

--
-- Data for table `craft_assettransforms`
--

INSERT INTO `craft_assettransforms` (`id`, `name`, `handle`, `mode`, `position`, `height`, `width`, `format`, `quality`, `dimensionChangeTime`, `dateCreated`, `dateUpdated`, `uid`) VALUES
 ('1', 'Hero', 'hero', 'crop', 'center-center', '800', '1500', NULL, NULL, '2017-04-10 18:21:05', '2017-04-10 18:21:05', '2017-04-10 18:21:05', '4cbef841-09e6-42e7-91e4-314675a436a9');



DROP TABLE IF EXISTS `craft_categories`;


--
-- Schema for table `craft_categories`
--
CREATE TABLE `craft_categories` (
  `id` int(11) NOT NULL,
  `groupId` int(11) NOT NULL,
  `dateCreated` datetime NOT NULL,
  `dateUpdated` datetime NOT NULL,
  `uid` char(36) COLLATE utf8_unicode_ci NOT NULL DEFAULT '0',
  PRIMARY KEY (`id`),
  KEY `craft_categories_groupId_fk` (`groupId`)
) ENGINE=InnoDB DEFAULT CHARSET=utf8 COLLATE=utf8_unicode_ci;

DROP TABLE IF EXISTS `craft_categorygroups`;


--
-- Schema for table `craft_categorygroups`
--
CREATE TABLE `craft_categorygroups` (
  `id` int(11) NOT NULL AUTO_INCREMENT,
  `structureId` int(11) NOT NULL,
  `fieldLayoutId` int(11) DEFAULT NULL,
  `name` varchar(255) COLLATE utf8_unicode_ci NOT NULL,
  `handle` varchar(255) COLLATE utf8_unicode_ci NOT NULL,
  `hasUrls` tinyint(1) unsigned NOT NULL DEFAULT '1',
  `template` varchar(500) COLLATE utf8_unicode_ci DEFAULT NULL,
  `dateCreated` datetime NOT NULL,
  `dateUpdated` datetime NOT NULL,
  `uid` char(36) COLLATE utf8_unicode_ci NOT NULL DEFAULT '0',
  PRIMARY KEY (`id`),
  UNIQUE KEY `craft_categorygroups_name_unq_idx` (`name`),
  UNIQUE KEY `craft_categorygroups_handle_unq_idx` (`handle`),
  KEY `craft_categorygroups_structureId_fk` (`structureId`),
  KEY `craft_categorygroups_fieldLayoutId_fk` (`fieldLayoutId`)
) ENGINE=InnoDB DEFAULT CHARSET=utf8 COLLATE=utf8_unicode_ci;

DROP TABLE IF EXISTS `craft_categorygroups_i18n`;


--
-- Schema for table `craft_categorygroups_i18n`
--
CREATE TABLE `craft_categorygroups_i18n` (
  `id` int(11) NOT NULL AUTO_INCREMENT,
  `groupId` int(11) NOT NULL,
  `locale` char(12) COLLATE utf8_unicode_ci NOT NULL,
  `urlFormat` text COLLATE utf8_unicode_ci,
  `nestedUrlFormat` text COLLATE utf8_unicode_ci,
  `dateCreated` datetime NOT NULL,
  `dateUpdated` datetime NOT NULL,
  `uid` char(36) COLLATE utf8_unicode_ci NOT NULL DEFAULT '0',
  PRIMARY KEY (`id`),
  UNIQUE KEY `craft_categorygroups_i18n_groupId_locale_unq_idx` (`groupId`,`locale`),
  KEY `craft_categorygroups_i18n_locale_fk` (`locale`)
) ENGINE=InnoDB DEFAULT CHARSET=utf8 COLLATE=utf8_unicode_ci;

DROP TABLE IF EXISTS `craft_content`;


--
-- Schema for table `craft_content`
--
CREATE TABLE `craft_content` (
  `id` int(11) NOT NULL AUTO_INCREMENT,
  `elementId` int(11) NOT NULL,
  `locale` char(12) COLLATE utf8_unicode_ci NOT NULL,
  `title` varchar(255) COLLATE utf8_unicode_ci DEFAULT NULL,
  `field_body` text COLLATE utf8_unicode_ci,
  `field_awardsAchievements` text COLLATE utf8_unicode_ci,
  `field_email` text COLLATE utf8_unicode_ci,
  `field_employeeType` varchar(255) COLLATE utf8_unicode_ci DEFAULT NULL,
  `field_firstName` text COLLATE utf8_unicode_ci,
  `field_lastName` text COLLATE utf8_unicode_ci,
  `field_jobTitle` text COLLATE utf8_unicode_ci,
  `field_organization` text COLLATE utf8_unicode_ci,
  `field_phone` text COLLATE utf8_unicode_ci,
  `field_description` text COLLATE utf8_unicode_ci,
  `field_mailingAddress` text COLLATE utf8_unicode_ci,
  `field_mediaPartnerText` text COLLATE utf8_unicode_ci,
  `field_tagline` varchar(80) COLLATE utf8_unicode_ci DEFAULT NULL,
  `field_time` datetime DEFAULT NULL,
  `field_location` text COLLATE utf8_unicode_ci,
  `field_statistics` varchar(30) COLLATE utf8_unicode_ci DEFAULT NULL,
  `field_video` text COLLATE utf8_unicode_ci,
  `dateCreated` datetime NOT NULL,
  `dateUpdated` datetime NOT NULL,
  `uid` char(36) COLLATE utf8_unicode_ci NOT NULL DEFAULT '0',
  PRIMARY KEY (`id`),
  UNIQUE KEY `craft_content_elementId_locale_unq_idx` (`elementId`,`locale`),
  KEY `craft_content_title_idx` (`title`),
  KEY `craft_content_locale_fk` (`locale`)
) ENGINE=InnoDB AUTO_INCREMENT=32 DEFAULT CHARSET=utf8 COLLATE=utf8_unicode_ci;

--
-- Data for table `craft_content`
--

INSERT INTO `craft_content` (`id`, `elementId`, `locale`, `title`, `field_body`, `field_awardsAchievements`, `field_email`, `field_employeeType`, `field_firstName`, `field_lastName`, `field_jobTitle`, `field_organization`, `field_phone`, `field_description`, `field_mailingAddress`, `field_mediaPartnerText`, `field_tagline`, `field_time`, `field_location`, `field_statistics`, `field_video`, `dateCreated`, `dateUpdated`, `uid`) VALUES
 ('1', '1', 'en_us', NULL, NULL, NULL, NULL, NULL, NULL, NULL, NULL, NULL, NULL, NULL, NULL, NULL, NULL, NULL, NULL, NULL, NULL, '2017-01-12 16:12:58', '2017-01-12 16:12:58', '24776682-9b14-4436-b619-1e1cc56a0686'),
 ('2', '2', 'en_us', 'Kent State Student Media', '<p>Kent State Student Media produces six award-winning magazines with subjects including arts and poetry, fashion, minority, and campus issues. The Kent Stater is the premier source for news around campus. Each magazine has a circulation of 4,000+ and the Stater reaches 15,000 individuals. Advertising with Kent State Student Media is an excellent way to make sure you reach the farthest corners of your audience.</p>', NULL, NULL, NULL, NULL, NULL, NULL, NULL, NULL, 'This is our description', NULL, 'Tigger the dog', 'Kent State Student Media is made by students for students.', NULL, NULL, '', '', '2017-01-12 16:12:59', '2017-04-10 18:20:42', 'f78f163d-6654-40b7-9f92-e347dd1a8a48'),
 ('3', '3', 'en_us', 'We just installed Craft!', '<p>Craft is the CMS that’s powering Kentstatestudentmedia.com. It’s beautiful, powerful, flexible, and easy-to-use, and it’s made by Pixel &amp; Tonic. We can’t wait to dive in and see what it’s capable of!</p><!--pagebreak--><p>This is even more captivating content, which you couldn’t see on the News index page because it was entered after a Page Break, and the News index template only likes to show the content on the first page.</p><p>Craft: a nice alternative to Word, if you’re making a website.</p>', NULL, NULL, NULL, NULL, NULL, NULL, NULL, NULL, NULL, NULL, NULL, NULL, NULL, NULL, NULL, NULL, '2017-01-12 16:12:59', '2017-01-12 16:12:59', 'dfa73501-ee0c-49a1-9e07-9d9311da2157'),
 ('4', '4', 'en_us', 'Brutus Buckeye', '<p>Hi!</p>', 'Being Awesome', 'bbuckeye@osu.edu', '[\"student\"]', 'Brutus', 'Buckeye', 'Mascot', 'The Burr', '614-292-3321', NULL, NULL, NULL, NULL, NULL, NULL, NULL, NULL, '2017-02-15 17:17:32', '2017-02-15 18:00:39', '49812d77-20f3-4c1c-9d63-ad4c88027171'),
 ('5', '5', 'en_us', NULL, NULL, NULL, NULL, '[]', NULL, NULL, NULL, NULL, NULL, NULL, NULL, NULL, NULL, NULL, NULL, NULL, NULL, '2017-02-16 21:06:16', '2017-02-24 21:55:26', '7716c3ac-f175-4791-b627-428240c39bde'),
 ('6', '6', 'en_us', NULL, NULL, NULL, 'bbuckeye@osu.edu', '[]', NULL, NULL, NULL, NULL, '614-292-3021', NULL, '500 Hilltop Drive', NULL, NULL, NULL, NULL, NULL, NULL, '2017-02-16 21:16:37', '2017-04-10 18:06:29', 'd409f537-992f-48ec-85bb-020d0efded32'),
 ('10', '10', 'en_us', 'A Magazine', NULL, NULL, NULL, '[]', NULL, NULL, NULL, NULL, NULL, NULL, NULL, NULL, NULL, NULL, NULL, NULL, NULL, '2017-02-23 21:56:29', '2017-03-09 03:29:14', '6f8e97bf-9f33-417d-ac37-a04cb04c79ba'),
 ('11', '11', 'en_us', '80+ years involved with the Kent community', NULL, NULL, NULL, '[]', NULL, NULL, NULL, NULL, NULL, 'This is a description of the statistic', NULL, NULL, NULL, NULL, NULL, NULL, NULL, '2017-02-24 21:50:46', '2017-03-09 02:01:45', 'b37eef99-19a3-4fa9-9c81-deed5db3e4e2'),
 ('12', '12', 'en_us', '750 Students Employed by Student Media Each Year', NULL, NULL, NULL, '[]', NULL, NULL, NULL, NULL, NULL, 'This is a description of the second statistic', NULL, NULL, NULL, NULL, NULL, NULL, NULL, '2017-02-24 21:51:00', '2017-03-09 02:01:12', '7fc4b890-5442-4999-84b0-b9bf626cf39f'),
 ('13', '13', 'en_us', 'Sm Logo Rgb Full Color', NULL, NULL, NULL, '[]', NULL, NULL, NULL, NULL, NULL, NULL, NULL, NULL, NULL, NULL, NULL, NULL, NULL, '2017-02-24 21:55:23', '2017-02-24 21:55:23', '49da951f-4b8d-4fea-8c9b-65a653e447fb'),
 ('14', '14', 'en_us', 'The Burr', NULL, NULL, NULL, '[]', NULL, NULL, NULL, NULL, NULL, NULL, NULL, NULL, NULL, NULL, NULL, NULL, NULL, '2017-02-27 15:21:05', '2017-02-27 15:21:05', '45cdefa8-367e-4d2d-9733-583b8f9829b4'),
 ('15', '15', 'en_us', 'Kent Stater', NULL, NULL, NULL, '[]', NULL, NULL, NULL, NULL, NULL, NULL, NULL, NULL, NULL, NULL, NULL, NULL, NULL, '2017-02-27 15:21:14', '2017-03-02 19:52:02', '7e622988-7d52-4011-872c-1c063f8dcc6e'),
 ('18', '18', 'en_us', 'Grid Field 03', NULL, NULL, NULL, '[]', NULL, NULL, NULL, NULL, NULL, NULL, NULL, NULL, NULL, NULL, NULL, NULL, NULL, '2017-02-27 15:22:41', '2017-02-27 15:22:41', '693581d9-0519-4d36-9cfe-f3d42fd1b80c'),
 ('19', '19', 'en_us', 'Black Squirrel Radio', NULL, NULL, NULL, '[]', NULL, NULL, NULL, NULL, NULL, NULL, NULL, NULL, NULL, NULL, NULL, NULL, NULL, '2017-03-02 19:46:01', '2017-03-02 19:46:01', 'b9058ae3-0353-4198-93c6-ca8357c03eb1'),
 ('20', '20', 'en_us', 'TV2', NULL, NULL, NULL, '[]', NULL, NULL, NULL, NULL, NULL, NULL, NULL, NULL, NULL, NULL, NULL, NULL, NULL, '2017-03-02 19:46:26', '2017-03-02 19:46:26', 'a23b03af-0e18-4a7b-8901-95644568668e'),
 ('21', '21', 'en_us', 'Fusion Magazine', NULL, NULL, NULL, '[]', NULL, NULL, NULL, NULL, NULL, NULL, NULL, NULL, NULL, NULL, NULL, NULL, NULL, '2017-03-02 19:46:47', '2017-03-02 19:46:47', '7588d518-0261-46ab-a865-1600d104616c'),
 ('22', '22', 'en_us', 'Uhuru', NULL, NULL, NULL, '[]', NULL, NULL, NULL, NULL, NULL, NULL, NULL, NULL, NULL, NULL, NULL, NULL, NULL, '2017-03-02 19:46:53', '2017-03-02 19:46:53', 'b1238632-d5b9-44ea-a4f5-8584bb4f074e'),
 ('23', '23', 'en_us', 'KentWired', NULL, NULL, NULL, '[]', NULL, NULL, NULL, NULL, NULL, NULL, NULL, NULL, NULL, NULL, NULL, NULL, NULL, '2017-03-02 19:48:46', '2017-03-02 19:48:46', 'ecc0b93e-3f1e-4938-9f03-c3892be4e7ac'),
 ('24', '24', 'en_us', 'Luna Negra', NULL, NULL, NULL, '[]', NULL, NULL, NULL, NULL, NULL, NULL, NULL, NULL, NULL, NULL, NULL, NULL, NULL, '2017-03-02 19:49:24', '2017-03-02 19:49:24', '64fa8053-5481-4595-9f99-d2f2720dbed5'),
 ('25', '25', 'en_us', 'KSU Independent Films', NULL, NULL, NULL, '[]', NULL, NULL, NULL, NULL, NULL, NULL, NULL, NULL, NULL, NULL, NULL, NULL, NULL, '2017-03-02 19:49:47', '2017-03-02 19:49:47', 'd408f63f-0d5c-42e8-84c9-70b90293d6dd'),
 ('27', '27', 'en_us', '10 distinct Media Partners', NULL, NULL, NULL, '[]', NULL, NULL, NULL, NULL, NULL, '', NULL, NULL, NULL, NULL, NULL, '', NULL, '2017-03-09 01:59:38', '2017-03-09 03:43:35', 'e58e7579-29b7-48fc-865c-3199878e3a49'),
 ('30', '30', 'en_us', 'Holidays', NULL, NULL, NULL, '[]', NULL, NULL, NULL, '', NULL, '', NULL, NULL, NULL, NULL, '', NULL, NULL, '2017-03-09 02:32:43', '2017-03-09 02:40:51', '880a5556-c3b1-43ca-82b6-fde72079f7c9'),
 ('31', '31', 'en_us', 'Ux Back', NULL, NULL, NULL, '[]', NULL, NULL, NULL, NULL, NULL, NULL, NULL, NULL, NULL, NULL, NULL, NULL, NULL, '2017-04-10 18:20:39', '2017-04-10 18:20:39', 'f2c38e38-9f8e-489a-9275-5f61cd752392');



DROP TABLE IF EXISTS `craft_deprecationerrors`;


--
-- Schema for table `craft_deprecationerrors`
--
CREATE TABLE `craft_deprecationerrors` (
  `id` int(11) NOT NULL AUTO_INCREMENT,
  `key` varchar(255) COLLATE utf8_unicode_ci NOT NULL,
  `fingerprint` varchar(255) COLLATE utf8_unicode_ci NOT NULL,
  `lastOccurrence` datetime NOT NULL,
  `file` varchar(255) COLLATE utf8_unicode_ci NOT NULL,
  `line` smallint(6) unsigned NOT NULL,
  `class` varchar(255) COLLATE utf8_unicode_ci DEFAULT NULL,
  `method` varchar(255) COLLATE utf8_unicode_ci DEFAULT NULL,
  `template` varchar(255) COLLATE utf8_unicode_ci DEFAULT NULL,
  `templateLine` smallint(6) unsigned DEFAULT NULL,
  `message` varchar(255) COLLATE utf8_unicode_ci DEFAULT NULL,
  `traces` text COLLATE utf8_unicode_ci,
  `dateCreated` datetime NOT NULL,
  `dateUpdated` datetime NOT NULL,
  `uid` char(36) COLLATE utf8_unicode_ci NOT NULL DEFAULT '0',
  PRIMARY KEY (`id`),
  UNIQUE KEY `craft_deprecationerrors_key_fingerprint_unq_idx` (`key`,`fingerprint`)
) ENGINE=InnoDB DEFAULT CHARSET=utf8 COLLATE=utf8_unicode_ci;

DROP TABLE IF EXISTS `craft_elementindexsettings`;


--
-- Schema for table `craft_elementindexsettings`
--
CREATE TABLE `craft_elementindexsettings` (
  `id` int(11) NOT NULL AUTO_INCREMENT,
  `type` varchar(150) COLLATE utf8_unicode_ci NOT NULL,
  `settings` text COLLATE utf8_unicode_ci,
  `dateCreated` datetime NOT NULL,
  `dateUpdated` datetime NOT NULL,
  `uid` char(36) COLLATE utf8_unicode_ci NOT NULL DEFAULT '0',
  PRIMARY KEY (`id`),
  UNIQUE KEY `craft_elementindexsettings_type_unq_idx` (`type`)
) ENGINE=InnoDB DEFAULT CHARSET=utf8 COLLATE=utf8_unicode_ci;

DROP TABLE IF EXISTS `craft_elements`;


--
-- Schema for table `craft_elements`
--
CREATE TABLE `craft_elements` (
  `id` int(11) NOT NULL AUTO_INCREMENT,
  `type` varchar(150) COLLATE utf8_unicode_ci NOT NULL,
  `enabled` tinyint(1) unsigned NOT NULL DEFAULT '1',
  `archived` tinyint(1) unsigned NOT NULL DEFAULT '0',
  `dateCreated` datetime NOT NULL,
  `dateUpdated` datetime NOT NULL,
  `uid` char(36) COLLATE utf8_unicode_ci NOT NULL DEFAULT '0',
  PRIMARY KEY (`id`),
  KEY `craft_elements_type_idx` (`type`),
  KEY `craft_elements_enabled_idx` (`enabled`),
  KEY `craft_elements_archived_dateCreated_idx` (`archived`,`dateCreated`)
) ENGINE=InnoDB AUTO_INCREMENT=32 DEFAULT CHARSET=utf8 COLLATE=utf8_unicode_ci;

--
-- Data for table `craft_elements`
--

INSERT INTO `craft_elements` (`id`, `type`, `enabled`, `archived`, `dateCreated`, `dateUpdated`, `uid`) VALUES
 ('1', 'User', '1', '0', '2017-01-12 16:12:58', '2017-01-12 16:12:58', 'f7e649cc-d708-4064-b045-8d55e4df9cdc'),
 ('2', 'Entry', '1', '0', '2017-01-12 16:12:59', '2017-04-10 18:20:42', 'b591e424-5e7d-4c14-868a-8c75c5beb180'),
 ('3', 'Entry', '1', '0', '2017-01-12 16:12:59', '2017-01-12 16:12:59', 'ab93eba5-c1a5-4afc-8f5b-b4d4b4ebb468'),
 ('4', 'Entry', '1', '0', '2017-02-15 17:17:32', '2017-02-15 18:00:39', '27436662-ab3d-404a-a1cc-a50781273816'),
 ('5', 'GlobalSet', '1', '0', '2017-02-16 21:06:16', '2017-02-24 21:55:26', '4dabac74-8e39-4693-b877-5551f2ecc684'),
 ('6', 'GlobalSet', '1', '0', '2017-02-16 21:16:37', '2017-04-10 18:06:29', 'e530bcb1-2f24-4887-8131-e44a4acb252c'),
 ('10', 'Entry', '1', '0', '2017-02-23 21:56:29', '2017-03-09 03:29:14', '1ed58f4f-8116-4533-be29-c550f1c97d5e'),
 ('11', 'Entry', '1', '0', '2017-02-24 21:50:46', '2017-03-09 03:35:08', '56fc4a16-a8b9-4c39-872e-1c4734a0a72f'),
 ('12', 'Entry', '1', '0', '2017-02-24 21:51:00', '2017-03-09 03:35:08', '7b24e459-2a90-4c22-9502-11f736bca1ab'),
 ('13', 'Asset', '1', '0', '2017-02-24 21:55:23', '2017-02-24 21:55:23', '572a2fe1-eb00-4b1d-b538-0dfdfb496d95'),
 ('14', 'Entry', '1', '0', '2017-02-27 15:21:05', '2017-02-27 15:21:05', 'c7202d30-00f8-45f1-b72c-4ef75869c36c'),
 ('15', 'Entry', '1', '0', '2017-02-27 15:21:14', '2017-03-02 19:52:02', 'bda8057d-36a9-4b13-92e9-c41e9cbeb2ab'),
 ('18', 'Asset', '1', '0', '2017-02-27 15:22:41', '2017-02-27 15:22:41', 'f5b8c3b3-2ed4-4d99-acec-08d22429c83d'),
 ('19', 'Entry', '1', '0', '2017-03-02 19:46:01', '2017-03-02 19:46:01', '674fcd92-6525-4ceb-ad52-1568bc109958'),
 ('20', 'Entry', '1', '0', '2017-03-02 19:46:26', '2017-03-02 19:46:26', '580f7cf8-7f7b-4828-adf5-d9f1c651347b'),
 ('21', 'Entry', '1', '0', '2017-03-02 19:46:47', '2017-03-02 19:46:47', '34a945af-4021-4d9e-b737-151f20c89b98'),
 ('22', 'Entry', '1', '0', '2017-03-02 19:46:53', '2017-03-02 19:46:53', '3704eec1-1971-4439-8d8b-2c11c241c33f'),
 ('23', 'Entry', '1', '0', '2017-03-02 19:48:46', '2017-03-02 19:48:46', '988307df-67a0-429e-8325-cd1fde75434c'),
 ('24', 'Entry', '1', '0', '2017-03-02 19:49:24', '2017-03-02 19:49:24', 'fe943bd9-1dbc-49f5-93e4-8521d53b02fc'),
 ('25', 'Entry', '1', '0', '2017-03-02 19:49:47', '2017-03-02 19:49:47', '3f317e76-3366-40bb-ad49-bc526a969167'),
 ('27', 'Entry', '1', '0', '2017-03-09 01:59:38', '2017-03-09 03:43:35', '88b8c960-04a6-40b4-90b6-a134c214d7fe'),
 ('30', 'Entry', '1', '0', '2017-03-09 02:32:43', '2017-03-09 02:40:51', 'ec932821-b563-49c3-84b6-e7fc6797ead3'),
 ('31', 'Asset', '1', '0', '2017-04-10 18:20:39', '2017-04-10 18:20:39', '2b9f6523-dcd8-482a-95f8-3066d56a29ce');



DROP TABLE IF EXISTS `craft_elements_i18n`;


--
-- Schema for table `craft_elements_i18n`
--
CREATE TABLE `craft_elements_i18n` (
  `id` int(11) NOT NULL AUTO_INCREMENT,
  `elementId` int(11) NOT NULL,
  `locale` char(12) COLLATE utf8_unicode_ci NOT NULL,
  `slug` varchar(255) COLLATE utf8_unicode_ci DEFAULT NULL,
  `uri` varchar(255) COLLATE utf8_unicode_ci DEFAULT NULL,
  `enabled` tinyint(1) unsigned NOT NULL DEFAULT '1',
  `dateCreated` datetime NOT NULL,
  `dateUpdated` datetime NOT NULL,
  `uid` char(36) COLLATE utf8_unicode_ci NOT NULL DEFAULT '0',
  PRIMARY KEY (`id`),
  UNIQUE KEY `craft_elements_i18n_elementId_locale_unq_idx` (`elementId`,`locale`),
  UNIQUE KEY `craft_elements_i18n_uri_locale_unq_idx` (`uri`,`locale`),
  KEY `craft_elements_i18n_slug_locale_idx` (`slug`,`locale`),
  KEY `craft_elements_i18n_enabled_idx` (`enabled`),
  KEY `craft_elements_i18n_locale_fk` (`locale`)
) ENGINE=InnoDB AUTO_INCREMENT=32 DEFAULT CHARSET=utf8 COLLATE=utf8_unicode_ci;

--
-- Data for table `craft_elements_i18n`
--

INSERT INTO `craft_elements_i18n` (`id`, `elementId`, `locale`, `slug`, `uri`, `enabled`, `dateCreated`, `dateUpdated`, `uid`) VALUES
 ('1', '1', 'en_us', '', NULL, '1', '2017-01-12 16:12:58', '2017-01-12 16:12:58', '55dfb4e5-38dd-439c-9bf0-818a1c6524ed'),
 ('2', '2', 'en_us', 'homepage', '__home__', '1', '2017-01-12 16:12:59', '2017-04-10 18:20:42', 'efa52522-d95f-46d4-96e4-e89630ac50eb'),
 ('3', '3', 'en_us', 'we-just-installed-craft', 'news/2017/we-just-installed-craft', '1', '2017-01-12 16:12:59', '2017-01-12 16:12:59', 'bafce75b-c074-4fe9-b0dc-e7575a68a0b0'),
 ('4', '4', 'en_us', 'brutus-buckeye', 'hi/brutus-buckeye', '1', '2017-02-15 17:17:32', '2017-02-15 18:00:39', '345ae027-280d-48cb-a914-da4644c24e9b'),
 ('5', '5', 'en_us', '', NULL, '1', '2017-02-16 21:06:16', '2017-02-24 21:55:26', '5715c706-6133-47e9-b366-0835801aea5f'),
 ('6', '6', 'en_us', '', NULL, '1', '2017-02-16 21:16:37', '2017-04-10 18:06:29', '1965815c-9703-42b8-8c12-4aa837d21150'),
 ('10', '10', 'en_us', 'a-magazine', 'partners/a-magazine', '1', '2017-02-23 21:56:29', '2017-03-09 03:29:14', '17b5e254-5a7a-47e3-9278-1882615ffa71'),
 ('11', '11', 'en_us', 'this-is-a-fun-statistic', 'statistics/this-is-a-fun-statistic', '1', '2017-02-24 21:50:46', '2017-03-09 03:35:08', '8f0bd7e0-2921-484f-9202-d9f27093eef2'),
 ('12', '12', 'en_us', 'this-is-a-second-statistic', 'statistics/this-is-a-second-statistic', '1', '2017-02-24 21:51:00', '2017-03-09 03:35:08', '867a5538-d660-49f6-a540-c3c690c0ad6f'),
 ('13', '13', 'en_us', 'sm-logo-rgb-full-color', NULL, '1', '2017-02-24 21:55:23', '2017-02-24 21:55:23', 'd419c615-7874-4379-bf9c-24649e0dc4e3'),
 ('14', '14', 'en_us', 'the-burr', 'partners/the-burr', '1', '2017-02-27 15:21:05', '2017-02-27 15:21:05', 'c046eb3b-48c3-463a-99ad-d7d29690de39'),
 ('15', '15', 'en_us', 'kent-stater', 'partners/kent-stater', '1', '2017-02-27 15:21:14', '2017-03-02 19:52:02', '9fc046ad-6570-4ff7-b4b1-d8ca3e1faba1'),
 ('18', '18', 'en_us', 'grid-field-03', NULL, '1', '2017-02-27 15:22:41', '2017-02-27 15:22:41', 'f44c6063-358b-4935-9027-c62b130795bf'),
 ('19', '19', 'en_us', 'black-squirrel-radio', 'partners/black-squirrel-radio', '1', '2017-03-02 19:46:01', '2017-03-02 19:46:01', '7ab14e9f-7423-47c0-97a7-cfe3fab1c5e5'),
 ('20', '20', 'en_us', 'tv2', 'partners/tv2', '1', '2017-03-02 19:46:26', '2017-03-02 19:46:26', '006a9954-333a-4c3b-b4d2-3326368efba3'),
 ('21', '21', 'en_us', 'fusion-magazine', 'partners/fusion-magazine', '1', '2017-03-02 19:46:47', '2017-03-02 19:46:47', 'dde77f32-556a-4d0d-ab82-cc2f23f8e342'),
 ('22', '22', 'en_us', 'uhuru', 'partners/uhuru', '1', '2017-03-02 19:46:53', '2017-03-02 19:46:53', '378de073-70ed-4c40-bcba-13a776592878'),
 ('23', '23', 'en_us', 'kentwired', 'partners/kentwired', '1', '2017-03-02 19:48:46', '2017-03-02 19:48:46', '2f34410a-214c-492b-a778-a45e5c88ff87'),
 ('24', '24', 'en_us', 'luna-negra', 'partners/luna-negra', '1', '2017-03-02 19:49:24', '2017-03-02 19:49:24', 'f196ea92-2b2a-42f5-bc85-bc3d54b5ea93'),
 ('25', '25', 'en_us', 'ksu-independent-films', 'partners/ksu-independent-films', '1', '2017-03-02 19:49:47', '2017-03-02 19:49:47', '41b214a5-1c80-4f8b-a9da-7e3e289f15d2'),
 ('27', '27', 'en_us', 'statistics', 'statistics/statistics', '1', '2017-03-09 01:59:38', '2017-03-09 03:43:35', 'a5d809b1-dc12-4509-a39f-9e35866a9441'),
 ('30', '30', 'en_us', 'easter', 'events/easter', '1', '2017-03-09 02:32:43', '2017-03-09 02:40:51', 'f52afe71-1361-4d30-914d-884b237210c0'),
 ('31', '31', 'en_us', 'ux-back', NULL, '1', '2017-04-10 18:20:39', '2017-04-10 18:20:39', '032f97ea-111a-441d-9bbd-9e878039e5ac');



DROP TABLE IF EXISTS `craft_emailmessages`;


--
-- Schema for table `craft_emailmessages`
--
CREATE TABLE `craft_emailmessages` (
  `id` int(11) NOT NULL AUTO_INCREMENT,
  `key` char(150) COLLATE utf8_unicode_ci NOT NULL,
  `locale` char(12) COLLATE utf8_unicode_ci NOT NULL,
  `subject` varchar(1000) COLLATE utf8_unicode_ci NOT NULL,
  `body` text COLLATE utf8_unicode_ci NOT NULL,
  `dateCreated` datetime NOT NULL,
  `dateUpdated` datetime NOT NULL,
  `uid` char(36) COLLATE utf8_unicode_ci NOT NULL DEFAULT '0',
  PRIMARY KEY (`id`),
  UNIQUE KEY `craft_emailmessages_key_locale_unq_idx` (`key`,`locale`),
  KEY `craft_emailmessages_locale_fk` (`locale`)
) ENGINE=InnoDB DEFAULT CHARSET=utf8 COLLATE=utf8_unicode_ci;

DROP TABLE IF EXISTS `craft_entries`;


--
-- Schema for table `craft_entries`
--
CREATE TABLE `craft_entries` (
  `id` int(11) NOT NULL,
  `sectionId` int(11) NOT NULL,
  `typeId` int(11) DEFAULT NULL,
  `authorId` int(11) DEFAULT NULL,
  `postDate` datetime DEFAULT NULL,
  `expiryDate` datetime DEFAULT NULL,
  `dateCreated` datetime NOT NULL,
  `dateUpdated` datetime NOT NULL,
  `uid` char(36) COLLATE utf8_unicode_ci NOT NULL DEFAULT '0',
  PRIMARY KEY (`id`),
  KEY `craft_entries_sectionId_idx` (`sectionId`),
  KEY `craft_entries_typeId_idx` (`typeId`),
  KEY `craft_entries_postDate_idx` (`postDate`),
  KEY `craft_entries_expiryDate_idx` (`expiryDate`),
  KEY `craft_entries_authorId_fk` (`authorId`)
) ENGINE=InnoDB DEFAULT CHARSET=utf8 COLLATE=utf8_unicode_ci;

--
-- Data for table `craft_entries`
--

INSERT INTO `craft_entries` (`id`, `sectionId`, `typeId`, `authorId`, `postDate`, `expiryDate`, `dateCreated`, `dateUpdated`, `uid`) VALUES
 ('2', '1', NULL, NULL, '2017-01-12 16:12:59', NULL, '2017-01-12 16:12:59', '2017-04-10 18:20:42', 'f4565454-7bb3-4ecc-91b8-207b59d5aade'),
 ('3', '2', '2', '1', '2017-01-12 16:12:59', NULL, '2017-01-12 16:12:59', '2017-01-12 16:12:59', 'a6a26c4b-2a27-4dab-9fa0-0dac85b46446'),
 ('4', '3', '3', '1', '2017-02-15 17:17:00', NULL, '2017-02-15 17:17:32', '2017-02-15 18:00:39', '2642eab6-9eff-429a-b11f-2c48faa97fec'),
 ('10', '4', '4', '1', '2017-02-23 21:56:00', NULL, '2017-02-23 21:56:29', '2017-03-09 03:29:14', '44e4ff40-8838-4055-8c5a-754f25b16ff7'),
 ('11', '5', '5', '1', '2017-02-24 21:50:00', NULL, '2017-02-24 21:50:46', '2017-03-09 02:01:45', '8d9fadf2-b167-469b-b4d7-74b1f34cb8fe'),
 ('12', '5', '5', '1', '2017-02-24 21:51:00', NULL, '2017-02-24 21:51:00', '2017-03-09 02:01:12', '7c56eb50-869f-492a-96ee-e41e5456d01a'),
 ('14', '4', '4', '1', '2017-02-27 15:21:05', NULL, '2017-02-27 15:21:05', '2017-02-27 15:21:05', '3c6e1564-faa8-4cbc-9361-49a89287b9bd'),
 ('15', '4', '4', '1', '2017-02-27 15:21:00', NULL, '2017-02-27 15:21:14', '2017-03-02 19:52:02', '19d716e2-40f6-45d9-a934-d278d9a021ef'),
 ('19', '4', '4', '1', '2017-03-02 19:46:01', NULL, '2017-03-02 19:46:01', '2017-03-02 19:46:01', '955fa00b-658f-4b97-9941-7678aec54224'),
 ('20', '4', '4', '1', '2017-03-02 19:46:26', NULL, '2017-03-02 19:46:26', '2017-03-02 19:46:26', '400cd694-5dc9-4cd2-a6d8-b931b4f1dbe5'),
 ('21', '4', '4', '1', '2017-03-02 19:46:47', NULL, '2017-03-02 19:46:47', '2017-03-02 19:46:47', 'aa54ef4f-33b9-4226-b42a-906e86ca3a54'),
 ('22', '4', '4', '1', '2017-03-02 19:46:53', NULL, '2017-03-02 19:46:53', '2017-03-02 19:46:53', 'e3a3536c-65ba-466e-b589-5191c0db6050'),
 ('23', '4', '4', '1', '2017-03-02 19:48:46', NULL, '2017-03-02 19:48:46', '2017-03-02 19:48:46', '25bd7ff8-b444-4a05-a016-f66ac75a5015'),
 ('24', '4', '4', '1', '2017-03-02 19:49:24', NULL, '2017-03-02 19:49:24', '2017-03-02 19:49:24', 'add48f53-3b81-4d4b-953a-d86c07d94fa0'),
 ('25', '4', '4', '1', '2017-03-02 19:49:47', NULL, '2017-03-02 19:49:47', '2017-03-02 19:49:47', '07ab73f4-6d86-4358-b347-ffb3958a56f0'),
 ('27', '5', '5', '1', '2017-03-09 01:59:00', NULL, '2017-03-09 01:59:38', '2017-03-09 03:43:35', '92c01960-4d9d-4dc1-9bab-88a1bf7017a3'),
 ('30', '6', '6', '1', '2017-03-09 02:32:00', NULL, '2017-03-09 02:32:43', '2017-03-09 02:40:51', '41c5d781-2424-475d-afd5-5f2759690c95');



DROP TABLE IF EXISTS `craft_entrydrafts`;


--
-- Schema for table `craft_entrydrafts`
--
CREATE TABLE `craft_entrydrafts` (
  `id` int(11) NOT NULL AUTO_INCREMENT,
  `entryId` int(11) NOT NULL,
  `sectionId` int(11) NOT NULL,
  `creatorId` int(11) NOT NULL,
  `locale` char(12) COLLATE utf8_unicode_ci NOT NULL,
  `name` varchar(255) COLLATE utf8_unicode_ci NOT NULL,
  `notes` tinytext COLLATE utf8_unicode_ci,
  `data` mediumtext COLLATE utf8_unicode_ci NOT NULL,
  `dateCreated` datetime NOT NULL,
  `dateUpdated` datetime NOT NULL,
  `uid` char(36) COLLATE utf8_unicode_ci NOT NULL DEFAULT '0',
  PRIMARY KEY (`id`),
  KEY `craft_entrydrafts_entryId_locale_idx` (`entryId`,`locale`),
  KEY `craft_entrydrafts_sectionId_fk` (`sectionId`),
  KEY `craft_entrydrafts_creatorId_fk` (`creatorId`),
  KEY `craft_entrydrafts_locale_fk` (`locale`)
) ENGINE=InnoDB DEFAULT CHARSET=utf8 COLLATE=utf8_unicode_ci;

DROP TABLE IF EXISTS `craft_entrytypes`;


--
-- Schema for table `craft_entrytypes`
--
CREATE TABLE `craft_entrytypes` (
  `id` int(11) NOT NULL AUTO_INCREMENT,
  `sectionId` int(11) NOT NULL,
  `fieldLayoutId` int(11) DEFAULT NULL,
  `name` varchar(255) COLLATE utf8_unicode_ci NOT NULL,
  `handle` varchar(255) COLLATE utf8_unicode_ci NOT NULL,
  `hasTitleField` tinyint(1) unsigned NOT NULL DEFAULT '1',
  `titleLabel` varchar(255) COLLATE utf8_unicode_ci DEFAULT 'Title',
  `titleFormat` varchar(255) COLLATE utf8_unicode_ci DEFAULT NULL,
  `sortOrder` smallint(6) unsigned DEFAULT NULL,
  `dateCreated` datetime NOT NULL,
  `dateUpdated` datetime NOT NULL,
  `uid` char(36) COLLATE utf8_unicode_ci NOT NULL DEFAULT '0',
  PRIMARY KEY (`id`),
  UNIQUE KEY `craft_entrytypes_name_sectionId_unq_idx` (`name`,`sectionId`),
  UNIQUE KEY `craft_entrytypes_handle_sectionId_unq_idx` (`handle`,`sectionId`),
  KEY `craft_entrytypes_sectionId_fk` (`sectionId`),
  KEY `craft_entrytypes_fieldLayoutId_fk` (`fieldLayoutId`)
) ENGINE=InnoDB AUTO_INCREMENT=7 DEFAULT CHARSET=utf8 COLLATE=utf8_unicode_ci;

--
-- Data for table `craft_entrytypes`
--

INSERT INTO `craft_entrytypes` (`id`, `sectionId`, `fieldLayoutId`, `name`, `handle`, `hasTitleField`, `titleLabel`, `titleFormat`, `sortOrder`, `dateCreated`, `dateUpdated`, `uid`) VALUES
 ('1', '1', '35', 'Homepage', 'homepage', '1', 'Title', NULL, '1', '2017-01-12 16:12:59', '2017-03-09 01:53:57', '2ef3366c-c591-4567-95b0-ef767094c97b'),
 ('2', '2', '5', 'News', 'news', '1', 'Title', NULL, '1', '2017-01-12 16:12:59', '2017-01-12 16:12:59', '405885be-3145-49ec-b56b-0be492c25659'),
 ('3', '3', '8', 'Hi', 'hi', '1', 'Full Name', NULL, '1', '2017-02-15 17:15:36', '2017-02-15 17:56:22', 'c9f58246-65d7-4213-8189-46ceaa541b54'),
 ('4', '4', '26', 'Media Partners', 'mediaPartners', '1', 'Title', NULL, '1', '2017-02-23 21:40:51', '2017-03-02 19:34:10', '1172b808-87ff-4952-9f73-71a79bc22d31'),
 ('5', '5', '44', 'Statistics', 'statistics', '1', 'Title', NULL, '1', '2017-02-24 21:50:00', '2017-03-09 03:42:09', '867b5d4d-3f05-4b18-bfe0-248ed8a7b380'),
 ('6', '6', '41', 'Events', 'events', '1', 'Title', NULL, '1', '2017-03-08 16:24:40', '2017-03-09 02:40:26', '43403449-d2f0-45c6-b4ac-4f3cc8bcfc4f');



DROP TABLE IF EXISTS `craft_entryversions`;


--
-- Schema for table `craft_entryversions`
--
CREATE TABLE `craft_entryversions` (
  `id` int(11) NOT NULL AUTO_INCREMENT,
  `entryId` int(11) NOT NULL,
  `sectionId` int(11) NOT NULL,
  `creatorId` int(11) DEFAULT NULL,
  `locale` char(12) COLLATE utf8_unicode_ci NOT NULL,
  `num` smallint(6) unsigned NOT NULL,
  `notes` tinytext COLLATE utf8_unicode_ci,
  `data` mediumtext COLLATE utf8_unicode_ci NOT NULL,
  `dateCreated` datetime NOT NULL,
  `dateUpdated` datetime NOT NULL,
  `uid` char(36) COLLATE utf8_unicode_ci NOT NULL DEFAULT '0',
  PRIMARY KEY (`id`),
  KEY `craft_entryversions_entryId_locale_idx` (`entryId`,`locale`),
  KEY `craft_entryversions_sectionId_fk` (`sectionId`),
  KEY `craft_entryversions_creatorId_fk` (`creatorId`),
  KEY `craft_entryversions_locale_fk` (`locale`)
) ENGINE=InnoDB AUTO_INCREMENT=59 DEFAULT CHARSET=utf8 COLLATE=utf8_unicode_ci;

--
-- Data for table `craft_entryversions`
--

INSERT INTO `craft_entryversions` (`id`, `entryId`, `sectionId`, `creatorId`, `locale`, `num`, `notes`, `data`, `dateCreated`, `dateUpdated`, `uid`) VALUES
 ('1', '2', '1', '1', 'en_us', '1', NULL, '{\"typeId\":\"1\",\"authorId\":null,\"title\":\"Homepage\",\"slug\":\"homepage\",\"postDate\":1484237579,\"expiryDate\":null,\"enabled\":1,\"parentId\":null,\"fields\":[]}', '2017-01-12 16:12:59', '2017-01-12 16:12:59', 'dc34fecf-f736-4ab5-adeb-19ff77ed9cf2'),
 ('2', '2', '1', '1', 'en_us', '2', NULL, '{\"typeId\":null,\"authorId\":null,\"title\":\"Welcome to Kentstatestudentmedia.com!\",\"slug\":\"homepage\",\"postDate\":1484237579,\"expiryDate\":null,\"enabled\":\"1\",\"parentId\":null,\"fields\":{\"1\":\"<p>It\\u2019s true, this site doesn\\u2019t have a whole lot of content yet, but don\\u2019t worry. Our web developers have just installed the CMS, and they\\u2019re setting things up for the content editors this very moment. Soon Kentstatestudentmedia.com will be an oasis of fresh perspectives, sharp analyses, and astute opinions that will keep you coming back again and again.<\\/p>\"}}', '2017-01-12 16:12:59', '2017-01-12 16:12:59', '0a7f0c7a-c97e-40e3-b8b9-140b0ea42974'),
 ('3', '3', '2', '1', 'en_us', '1', NULL, '{\"typeId\":\"2\",\"authorId\":\"1\",\"title\":\"We just installed Craft!\",\"slug\":\"we-just-installed-craft\",\"postDate\":1484237579,\"expiryDate\":null,\"enabled\":1,\"parentId\":null,\"fields\":[]}', '2017-01-12 16:12:59', '2017-01-12 16:12:59', 'e94f2383-d753-4fbc-84e4-9eac760e8864'),
 ('4', '4', '3', '1', 'en_us', '1', '', '{\"typeId\":null,\"authorId\":\"1\",\"title\":\"The Flash\",\"slug\":\"the-flash\",\"postDate\":1487179052,\"expiryDate\":null,\"enabled\":1,\"parentId\":null,\"fields\":{\"3\":\"Being Flashy\",\"1\":\"<p>Hola<\\/p>\",\"4\":\"flash@kent.edu\",\"5\":[\"student\"],\"6\":\"The\",\"8\":\"Mascot\",\"7\":\"Flash\",\"9\":\"The Burr\",\"10\":\"330-672-0000\"}}', '2017-02-15 17:17:32', '2017-02-15 17:17:32', 'af06947d-f695-4479-96d5-3da01c066f40'),
 ('5', '4', '3', '1', 'en_us', '2', '', '{\"typeId\":\"3\",\"authorId\":\"1\",\"title\":\"Brutus Buckeye\",\"slug\":\"the-flash\",\"postDate\":1487179020,\"expiryDate\":null,\"enabled\":1,\"parentId\":null,\"fields\":{\"3\":\"Being Awesome\",\"1\":\"<p>Hi!<\\/p>\",\"4\":\"bbuckeye@osu.edu\",\"5\":[\"student\"],\"6\":\"Brutus\",\"8\":\"Mascot\",\"7\":\"Buckeye\",\"9\":\"The Burr\",\"10\":\"614-292-3321\"}}', '2017-02-15 17:57:33', '2017-02-15 17:57:33', '6f236816-e11b-43e7-b864-5451e8682008'),
 ('6', '4', '3', '1', 'en_us', '3', '', '{\"typeId\":\"3\",\"authorId\":\"1\",\"title\":\"Brutus Buckeye\",\"slug\":\"brutus-buckeye\",\"postDate\":1487179020,\"expiryDate\":null,\"enabled\":1,\"parentId\":null,\"fields\":{\"3\":\"Being Awesome\",\"1\":\"<p>Hi!<\\/p>\",\"4\":\"bbuckeye@osu.edu\",\"5\":[\"student\"],\"6\":\"Brutus\",\"8\":\"Mascot\",\"7\":\"Buckeye\",\"9\":\"The Burr\",\"10\":\"614-292-3321\"}}', '2017-02-15 18:00:39', '2017-02-15 18:00:39', '2b71b5b8-d765-452e-bb77-fe53e3ebb015'),
 ('7', '2', '1', '1', 'en_us', '3', '', '{\"typeId\":null,\"authorId\":null,\"title\":\"Title\",\"slug\":\"homepage\",\"postDate\":1484237579,\"expiryDate\":null,\"enabled\":1,\"parentId\":null,\"fields\":{\"1\":\"<p>It\\u2019s true, this site doesn\\u2019t have a whole lot of content yet, but don\\u2019t worry. Our web developers have just installed the CMS, and they\\u2019re setting things up for the content editors this very moment. Soon Kentstatestudentmedia.com will be an oasis of fresh perspectives, sharp analyses, and astute opinions that will keep you coming back again and again.<\\/p>\",\"16\":[\"7\"],\"17\":\"Tigger the dog\"}}', '2017-02-23 21:19:58', '2017-02-23 21:19:58', '0cddd1f1-aae0-4c39-83d4-6453e0d04cf5'),
 ('8', '10', '4', '1', 'en_us', '1', '', '{\"typeId\":null,\"authorId\":\"1\",\"title\":\"A Magazine\",\"slug\":\"a-magazine\",\"postDate\":1487886989,\"expiryDate\":null,\"enabled\":1,\"parentId\":null,\"fields\":{\"16\":\"\"}}', '2017-02-23 21:56:29', '2017-02-23 21:56:29', 'd0dba58b-3f20-4db8-96c6-26770cd5d65f'),
 ('9', '11', '5', '1', 'en_us', '1', '', '{\"typeId\":null,\"authorId\":\"1\",\"title\":\"This is a fun statistic\",\"slug\":\"this-is-a-fun-statistic\",\"postDate\":1487973046,\"expiryDate\":null,\"enabled\":1,\"parentId\":null,\"fields\":{\"20\":[\"10\"],\"12\":\"This is a description of the statistic\",\"19\":[\"7\"]}}', '2017-02-24 21:50:46', '2017-02-24 21:50:46', '1f5dc5d7-935e-40c8-b14c-a8ac03e3dc22'),
 ('10', '12', '5', '1', 'en_us', '1', '', '{\"typeId\":null,\"authorId\":\"1\",\"title\":\"This is a second statistic\",\"slug\":\"this-is-a-second-statistic\",\"postDate\":1487973060,\"expiryDate\":null,\"enabled\":1,\"parentId\":null,\"fields\":{\"20\":[\"10\"],\"12\":\"This is a description of the second statistic\",\"19\":[\"7\"]}}', '2017-02-24 21:51:00', '2017-02-24 21:51:00', '2cf3545c-bf69-404f-bcd9-6b9981a27893'),
 ('11', '12', '5', '1', 'en_us', '2', '', '{\"typeId\":\"5\",\"authorId\":\"1\",\"title\":\"This is a second statistic\",\"slug\":\"this-is-a-second-statistic\",\"postDate\":1487973060,\"expiryDate\":null,\"enabled\":1,\"parentId\":null,\"fields\":{\"20\":[\"10\"],\"12\":\"This is a description of the second statistic\",\"19\":[\"9\"]}}', '2017-02-24 21:52:32', '2017-02-24 21:52:32', '24cf5d68-70c4-476c-a54c-727eae302965'),
 ('12', '14', '4', '1', 'en_us', '1', '', '{\"typeId\":null,\"authorId\":\"1\",\"title\":\"The Burr\",\"slug\":\"the-burr\",\"postDate\":1488208865,\"expiryDate\":null,\"enabled\":1,\"parentId\":null,\"fields\":{\"19\":\"\",\"14\":\"\"}}', '2017-02-27 15:21:05', '2017-02-27 15:21:05', '150bb256-52ec-4490-a5ff-f489456cb7a3'),
 ('13', '15', '4', '1', 'en_us', '1', '', '{\"typeId\":null,\"authorId\":\"1\",\"title\":\"Kent Stater\",\"slug\":\"kent-stater\",\"postDate\":1488208874,\"expiryDate\":null,\"enabled\":1,\"parentId\":null,\"fields\":{\"19\":\"\",\"14\":\"\"}}', '2017-02-27 15:21:14', '2017-02-27 15:21:14', '2bdbf924-216d-4789-b6bf-f88f99848f45'),
 ('14', '15', '4', '1', 'en_us', '2', '', '{\"typeId\":\"4\",\"authorId\":\"1\",\"title\":\"Kent Stater\",\"slug\":\"kent-stater\",\"postDate\":1488208860,\"expiryDate\":null,\"enabled\":1,\"parentId\":null,\"fields\":{\"19\":[\"18\"],\"14\":[\"16\"]}}', '2017-02-27 15:22:49', '2017-02-27 15:22:49', '173c4ba2-2f0e-4450-a7af-60bd49a24309'),
 ('15', '2', '1', '1', 'en_us', '4', '', '{\"typeId\":null,\"authorId\":null,\"title\":\"Kent State Student Media\",\"slug\":\"homepage\",\"postDate\":1484237579,\"expiryDate\":null,\"enabled\":1,\"parentId\":null,\"fields\":{\"1\":\"<p>It\\u2019s true, this site doesn\\u2019t have a whole lot of content yet, but don\\u2019t worry. Our web developers have just installed the CMS, and they\\u2019re setting things up for the content editors this very moment. Soon Kentstatestudentmedia.com will be an oasis of fresh perspectives, sharp analyses, and astute opinions that will keep you coming back again and again.<\\/p>\",\"16\":\"\",\"17\":\"Tigger the dog\"}}', '2017-03-02 19:23:52', '2017-03-02 19:23:52', 'aa66fb8e-03f8-4258-8a2d-5bb18b0afeb4'),
 ('16', '2', '1', '1', 'en_us', '5', '', '{\"typeId\":null,\"authorId\":null,\"title\":\"Kent State Student Media\",\"slug\":\"homepage\",\"postDate\":1484237579,\"expiryDate\":null,\"enabled\":1,\"parentId\":null,\"fields\":{\"1\":\"<p>It\\u2019s true, this site doesn\\u2019t have a whole lot of content yet, but don\\u2019t worry. Our web developers have just installed the CMS, and they\\u2019re setting things up for the content editors this very moment. Soon Kentstatestudentmedia.com will be an oasis of fresh perspectives, sharp analyses, and astute opinions that will keep you coming back again and again.<\\/p>\",\"11\":\"\",\"12\":\"This is our description\",\"13\":\"\",\"16\":\"\",\"17\":\"Tigger the dog\"}}', '2017-03-02 19:37:35', '2017-03-02 19:37:35', 'b713de47-a79c-4922-86f7-76d05ead8833'),
 ('17', '19', '4', '1', 'en_us', '1', '', '{\"typeId\":null,\"authorId\":\"1\",\"title\":\"Black Squirrel Radio\",\"slug\":\"black-squirrel-radio\",\"postDate\":1488483961,\"expiryDate\":null,\"enabled\":1,\"parentId\":null,\"fields\":{\"20\":\"\",\"19\":\"\",\"14\":\"\"}}', '2017-03-02 19:46:01', '2017-03-02 19:46:01', '354a0f17-264a-465e-9a9b-a66797548880'),
 ('18', '20', '4', '1', 'en_us', '1', '', '{\"typeId\":null,\"authorId\":\"1\",\"title\":\"TV2\",\"slug\":\"tv2\",\"postDate\":1488483986,\"expiryDate\":null,\"enabled\":1,\"parentId\":null,\"fields\":{\"20\":\"\",\"19\":\"\",\"14\":\"\"}}', '2017-03-02 19:46:26', '2017-03-02 19:46:26', '5399d1b1-d880-4a9a-9e6c-e9d668e7fb25'),
 ('19', '21', '4', '1', 'en_us', '1', '', '{\"typeId\":null,\"authorId\":\"1\",\"title\":\"Fusion Magazine\",\"slug\":\"fusion-magazine\",\"postDate\":1488484007,\"expiryDate\":null,\"enabled\":1,\"parentId\":null,\"fields\":{\"20\":\"\",\"19\":\"\",\"14\":\"\"}}', '2017-03-02 19:46:47', '2017-03-02 19:46:47', 'b3651215-ee29-49d2-a8de-659a46b60562'),
 ('20', '22', '4', '1', 'en_us', '1', '', '{\"typeId\":null,\"authorId\":\"1\",\"title\":\"Uhuru\",\"slug\":\"uhuru\",\"postDate\":1488484013,\"expiryDate\":null,\"enabled\":1,\"parentId\":null,\"fields\":{\"20\":\"\",\"19\":\"\",\"14\":\"\"}}', '2017-03-02 19:46:53', '2017-03-02 19:46:53', '36666391-5248-48d6-9870-b4e6b863d233'),
 ('21', '23', '4', '1', 'en_us', '1', '', '{\"typeId\":null,\"authorId\":\"1\",\"title\":\"KentWired\",\"slug\":\"kentwired\",\"postDate\":1488484126,\"expiryDate\":null,\"enabled\":1,\"parentId\":null,\"fields\":{\"20\":\"\",\"19\":\"\",\"14\":\"\"}}', '2017-03-02 19:48:46', '2017-03-02 19:48:46', 'a56379e0-ddd7-448b-9cf7-4d05c86ab563'),
 ('22', '24', '4', '1', 'en_us', '1', '', '{\"typeId\":null,\"authorId\":\"1\",\"title\":\"Luna Negra\",\"slug\":\"luna-negra\",\"postDate\":1488484164,\"expiryDate\":null,\"enabled\":1,\"parentId\":null,\"fields\":{\"20\":\"\",\"19\":\"\",\"14\":\"\"}}', '2017-03-02 19:49:24', '2017-03-02 19:49:24', '6e301869-b48e-475f-bd97-bdabe86bf37a'),
 ('23', '25', '4', '1', 'en_us', '1', '', '{\"typeId\":null,\"authorId\":\"1\",\"title\":\"KSU Independent Films\",\"slug\":\"ksu-independent-films\",\"postDate\":1488484187,\"expiryDate\":null,\"enabled\":1,\"parentId\":null,\"fields\":{\"20\":\"\",\"19\":\"\",\"14\":\"\"}}', '2017-03-02 19:49:47', '2017-03-02 19:49:47', 'cbdbd369-b99b-48c1-bf23-1f66b2691447'),
 ('24', '15', '4', '1', 'en_us', '3', '', '{\"typeId\":\"4\",\"authorId\":\"1\",\"title\":\"Kent Stater\",\"slug\":\"kent-stater\",\"postDate\":1488208860,\"expiryDate\":null,\"enabled\":1,\"parentId\":null,\"fields\":{\"20\":\"\",\"19\":[\"18\"],\"14\":\"\"}}', '2017-03-02 19:50:39', '2017-03-02 19:50:39', 'a4503084-00dd-4303-8885-7eb0fa9aedc0'),
 ('25', '10', '4', '1', 'en_us', '2', '', '{\"typeId\":\"4\",\"authorId\":\"1\",\"title\":\"A Magazine\",\"slug\":\"a-magazine\",\"postDate\":1487886960,\"expiryDate\":null,\"enabled\":1,\"parentId\":null,\"fields\":{\"20\":\"\",\"19\":\"\",\"14\":\"\"}}', '2017-03-02 19:51:16', '2017-03-02 19:51:16', '770d62c7-5e40-4d7d-bc99-50e6da597e29'),
 ('26', '15', '4', '1', 'en_us', '4', '', '{\"typeId\":\"4\",\"authorId\":\"1\",\"title\":\"Kent Stater\",\"slug\":\"kent-stater\",\"postDate\":1488208860,\"expiryDate\":null,\"enabled\":1,\"parentId\":null,\"fields\":{\"20\":\"\",\"19\":\"\",\"14\":\"\"}}', '2017-03-02 19:51:30', '2017-03-02 19:51:30', '2be7e079-fac3-4d4c-8c03-d4aceb1d4090'),
 ('27', '15', '4', '1', 'en_us', '5', '', '{\"typeId\":\"4\",\"authorId\":\"1\",\"title\":\"Kent Stater\",\"slug\":\"kent-stater\",\"postDate\":1488208860,\"expiryDate\":null,\"enabled\":1,\"parentId\":null,\"fields\":{\"20\":\"\",\"19\":[\"18\"],\"14\":\"\"}}', '2017-03-02 19:51:41', '2017-03-02 19:51:41', 'a793197d-1589-4974-bff4-ace562029dc6'),
 ('28', '15', '4', '1', 'en_us', '6', '', '{\"typeId\":\"4\",\"authorId\":\"1\",\"title\":\"Kent Stater\",\"slug\":\"kent-stater\",\"postDate\":1488208860,\"expiryDate\":null,\"enabled\":1,\"parentId\":null,\"fields\":{\"20\":\"\",\"19\":\"\",\"14\":\"\"}}', '2017-03-02 19:52:02', '2017-03-02 19:52:02', '6076386f-a50c-45ce-8972-f34a066ee34a'),
 ('29', '10', '4', '1', 'en_us', '3', '', '{\"typeId\":\"4\",\"authorId\":\"1\",\"title\":\"A Magazine\",\"slug\":\"a-magazine\",\"postDate\":1487886960,\"expiryDate\":null,\"enabled\":1,\"parentId\":null,\"fields\":{\"20\":\"\",\"19\":[\"18\"],\"14\":\"\"}}', '2017-03-02 19:52:11', '2017-03-02 19:52:11', 'fb1200a0-a498-43bb-b2d2-8087ca3b174d'),
 ('30', '10', '4', '1', 'en_us', '4', '', '{\"typeId\":\"4\",\"authorId\":\"1\",\"title\":\"A Magazine\",\"slug\":\"a-magazine\",\"postDate\":1487886960,\"expiryDate\":null,\"enabled\":1,\"parentId\":null,\"fields\":{\"20\":\"\",\"19\":\"\",\"14\":\"\"}}', '2017-03-02 19:52:29', '2017-03-02 19:52:29', 'd090efc4-28e7-4077-a762-1f8498c2bb28'),
 ('31', '10', '4', '1', 'en_us', '5', '', '{\"typeId\":\"4\",\"authorId\":\"1\",\"title\":\"B Magazine\",\"slug\":\"a-magazine\",\"postDate\":1487886960,\"expiryDate\":null,\"enabled\":1,\"parentId\":null,\"fields\":{\"20\":\"\",\"19\":[\"18\"],\"14\":\"\"}}', '2017-03-02 21:06:06', '2017-03-02 21:06:06', 'a374b4b5-f18f-44ba-a312-baa6e26d4f99'),
 ('32', '10', '4', '1', 'en_us', '6', '', '{\"typeId\":\"4\",\"authorId\":\"1\",\"title\":\"A Magazine\",\"slug\":\"a-magazine\",\"postDate\":1487886960,\"expiryDate\":null,\"enabled\":1,\"parentId\":null,\"fields\":{\"20\":\"\",\"19\":\"\",\"14\":\"\"}}', '2017-03-02 21:11:15', '2017-03-02 21:11:15', 'bc1a51ad-54f7-462f-9d34-4eb970a56a9f'),
 ('33', '2', '1', '1', 'en_us', '6', '', '{\"typeId\":null,\"authorId\":null,\"title\":\"Kent State Student Media\",\"slug\":\"homepage\",\"postDate\":1484237579,\"expiryDate\":null,\"enabled\":1,\"parentId\":null,\"fields\":{\"1\":\"<p>It\\u2019s true, this site doesn\\u2019t have a whole lot of content yet, but don\\u2019t worry. Our web developers have just installed the CMS, and they\\u2019re setting things up for the content editors this very moment. Soon Kentstatestudentmedia.com will be an oasis of fresh perspectives, sharp analyses, and astute opinions that will keep you coming back again and again.<\\/p>\",\"11\":\"\",\"12\":\"This is our description\",\"13\":\"\",\"16\":\"\",\"17\":\"Tigger the dog\",\"21\":\"Kent State Student Media is made by students for students.\"}}', '2017-03-02 22:04:30', '2017-03-02 22:04:30', 'd073386b-38d0-4532-a56a-72b236265660'),
 ('34', '2', '1', '1', 'en_us', '7', '', '{\"typeId\":null,\"authorId\":null,\"title\":\"Kent State Student Media\",\"slug\":\"homepage\",\"postDate\":1484237579,\"expiryDate\":null,\"enabled\":1,\"parentId\":null,\"fields\":{\"1\":\"<p>It\\u2019s true, this site doesn\\u2019t have a whole lot of content yet, but don\\u2019t worry. Our web developers have just installed the CMS, and they\\u2019re setting things up for the content editors this very moment. Soon Kentstatestudentmedia.com will be an oasis of fresh perspectives, sharp analyses, and astute opinions that will keep you coming back again and again.<\\/p>\",\"11\":\"\",\"12\":\"This is our description\",\"13\":\"\",\"16\":\"\",\"17\":\"Tigger the dog\",\"21\":\"Kent State Student Media is made by students for students.\"}}', '2017-03-02 22:08:38', '2017-03-02 22:08:38', 'acd7f74a-7829-454e-b526-c7cb479700d1'),
 ('36', '2', '1', '1', 'en_us', '8', '', '{\"typeId\":null,\"authorId\":null,\"title\":\"Kent State Student Media\",\"slug\":\"homepage\",\"postDate\":1484237579,\"expiryDate\":null,\"enabled\":1,\"parentId\":null,\"fields\":{\"1\":\"<p>It\\u2019s true, this site doesn\\u2019t have a whole lot of content yet, but don\\u2019t worry. Our web developers have just installed the CMS, and they\\u2019re setting things up for the content editors this very moment. Soon Kentstatestudentmedia.com will be an oasis of fresh perspectives, sharp analyses, and astute opinions that will keep you coming back again and again.<\\/p>\",\"11\":\"\",\"12\":\"This is our description\",\"13\":\"\",\"16\":\"\",\"17\":\"Tigger the dog\",\"21\":\"Kent State Student Media is made by students for students.\"}}', '2017-03-09 01:33:51', '2017-03-09 01:33:51', '47fdce5a-73bd-48df-8077-eecb39a32b01'),
 ('37', '2', '1', '1', 'en_us', '9', '', '{\"typeId\":null,\"authorId\":null,\"title\":\"Kent State Student Media\",\"slug\":\"homepage\",\"postDate\":1484237579,\"expiryDate\":null,\"enabled\":1,\"parentId\":null,\"fields\":{\"1\":\"<p>It\\u2019s true, this site doesn\\u2019t have a whole lot of content yet, but don\\u2019t worry. Our web developers have just installed the CMS, and they\\u2019re setting things up for the content editors this very moment. Soon Kentstatestudentmedia.com will be an oasis of fresh perspectives, sharp analyses, and astute opinions that will keep you coming back again and again.<\\/p>\",\"11\":\"\",\"12\":\"This is our description\",\"13\":\"\",\"16\":\"\",\"17\":\"Tigger the dog\",\"21\":\"Kent State Student Media is made by students for students.\"}}', '2017-03-09 01:33:52', '2017-03-09 01:33:52', 'd67271ab-129a-4a54-a15c-52de8ce3408f'),
 ('38', '2', '1', '1', 'en_us', '10', '', '{\"typeId\":null,\"authorId\":null,\"title\":\"Kent State Student Media\",\"slug\":\"homepage\",\"postDate\":1484237579,\"expiryDate\":null,\"enabled\":1,\"parentId\":null,\"fields\":{\"1\":\"<p>Kent State Student Media produces six award-winning magazines with subjects including arts and poetry, fashion, minority, and campus issues. The Kent Stater is the premier source for news around campus. Each magazine has a circulation of 4,000+ and the Stater reaches 15,000 individuals. Advertising with Kent State Student Media is an excellent way to make sure you reach the farthest corners of your audience.<\\/p>\",\"11\":\"\",\"12\":\"This is our description\",\"13\":\"\",\"16\":\"\",\"17\":\"Tigger the dog\",\"21\":\"Kent State Student Media is made by students for students.\"}}', '2017-03-09 01:36:17', '2017-03-09 01:36:17', '17d387a4-0452-4711-9923-d3c48d1c6498'),
 ('39', '27', '5', '1', 'en_us', '1', '', '{\"typeId\":null,\"authorId\":\"1\",\"title\":\"Statistics\",\"slug\":\"statistics\",\"postDate\":1489024778,\"expiryDate\":null,\"enabled\":1,\"parentId\":null,\"fields\":{\"20\":\"\",\"12\":\"\",\"19\":\"\"}}', '2017-03-09 01:59:38', '2017-03-09 01:59:38', '1eed3e83-d8a4-4f96-ba0d-a89f7b93a821'),
 ('40', '27', '5', '1', 'en_us', '2', '', '{\"typeId\":\"5\",\"authorId\":\"1\",\"title\":\"10 distinct Media Partners\",\"slug\":\"statistics\",\"postDate\":1489024740,\"expiryDate\":null,\"enabled\":1,\"parentId\":null,\"fields\":{\"20\":\"\",\"12\":\"\",\"19\":\"\"}}', '2017-03-09 02:00:50', '2017-03-09 02:00:50', '774c6bdf-1e5e-4273-9a8e-94e86c341342'),
 ('41', '12', '5', '1', 'en_us', '3', '', '{\"typeId\":\"5\",\"authorId\":\"1\",\"title\":\"750 Students Employed by Student Media Each Year\",\"slug\":\"this-is-a-second-statistic\",\"postDate\":1487973060,\"expiryDate\":null,\"enabled\":1,\"parentId\":null,\"fields\":{\"20\":[\"10\"],\"12\":\"This is a description of the second statistic\",\"19\":\"\"}}', '2017-03-09 02:01:12', '2017-03-09 02:01:12', 'c6eb42dd-4b53-4bc2-a0a8-83079be077f9'),
 ('42', '11', '5', '1', 'en_us', '2', '', '{\"typeId\":\"5\",\"authorId\":\"1\",\"title\":\"80+ years involved with the Kent community\",\"slug\":\"this-is-a-fun-statistic\",\"postDate\":1487973000,\"expiryDate\":null,\"enabled\":1,\"parentId\":null,\"fields\":{\"20\":[\"10\"],\"12\":\"This is a description of the statistic\",\"19\":\"\"}}', '2017-03-09 02:01:45', '2017-03-09 02:01:45', '2866d6e2-701e-4007-b2b9-d5e37a0a46d2'),
 ('46', '30', '6', '1', 'en_us', '1', '', '{\"typeId\":null,\"authorId\":\"1\",\"title\":\"Easter\",\"slug\":\"easter\",\"postDate\":1489026763,\"expiryDate\":null,\"enabled\":1,\"parentId\":null,\"fields\":{\"12\":\"\",\"24\":\"\",\"9\":\"\",\"23\":{\"date\":\"\",\"time\":\"\"}}}', '2017-03-09 02:32:43', '2017-03-09 02:32:43', 'cec1a26f-347a-4618-9394-99b4b5dc252f'),
 ('47', '30', '6', '1', 'en_us', '2', '', '{\"typeId\":\"6\",\"authorId\":\"1\",\"title\":\"Holidays\",\"slug\":\"easter\",\"postDate\":1489026720,\"expiryDate\":null,\"enabled\":1,\"parentId\":null,\"fields\":{\"12\":\"\",\"24\":\"\",\"9\":\"\",\"23\":{\"date\":\"\",\"time\":\"\"}}}', '2017-03-09 02:39:30', '2017-03-09 02:39:30', 'db730f82-5b5c-4352-98dc-c9d63cd26d5f'),
 ('48', '30', '6', '1', 'en_us', '3', '', '{\"typeId\":\"6\",\"authorId\":\"1\",\"title\":\"Easter\",\"slug\":\"easter\",\"postDate\":1489026720,\"expiryDate\":null,\"enabled\":1,\"parentId\":null,\"fields\":{\"12\":\"\",\"24\":\"\",\"9\":\"\",\"23\":{\"date\":\"\",\"time\":\"\"}}}', '2017-03-09 02:39:47', '2017-03-09 02:39:47', '3a7b7d98-232d-4726-b3c4-a558e8239c23'),
 ('49', '30', '6', '1', 'en_us', '4', '', '{\"typeId\":\"6\",\"authorId\":\"1\",\"title\":\"Easter\",\"slug\":\"easter\",\"postDate\":1489026720,\"expiryDate\":null,\"enabled\":1,\"parentId\":null,\"fields\":{\"12\":\"\",\"24\":\"\",\"9\":\"\",\"23\":{\"date\":\"\",\"time\":\"\"}}}', '2017-03-09 02:40:02', '2017-03-09 02:40:02', '1e5be7ec-634b-4393-b60a-ed5d513d39fe'),
 ('50', '30', '6', '1', 'en_us', '5', '', '{\"typeId\":\"6\",\"authorId\":\"1\",\"title\":\"Holidays\",\"slug\":\"easter\",\"postDate\":1489026720,\"expiryDate\":null,\"enabled\":1,\"parentId\":null,\"fields\":{\"12\":\"\",\"24\":\"\",\"9\":\"\",\"23\":{\"date\":\"\",\"time\":\"\"}}}', '2017-03-09 02:40:51', '2017-03-09 02:40:51', 'fc6a041d-024c-4e4d-850e-7b99d6ffce8b'),
 ('51', '10', '4', '1', 'en_us', '7', '', '{\"typeId\":\"4\",\"authorId\":\"1\",\"title\":\"B Magazine\",\"slug\":\"a-magazine\",\"postDate\":1487886960,\"expiryDate\":null,\"enabled\":1,\"parentId\":null,\"fields\":{\"20\":\"\",\"19\":\"\",\"14\":\"\"}}', '2017-03-09 03:28:57', '2017-03-09 03:28:57', 'ea36db62-a54f-46fd-9200-b6ec47524cae'),
 ('52', '10', '4', '1', 'en_us', '8', '', '{\"typeId\":\"4\",\"authorId\":\"1\",\"title\":\"A Magazine\",\"slug\":\"a-magazine\",\"postDate\":1487886960,\"expiryDate\":null,\"enabled\":1,\"parentId\":null,\"fields\":{\"20\":\"\",\"19\":\"\",\"14\":\"\"}}', '2017-03-09 03:29:14', '2017-03-09 03:29:14', '9f5e6f01-07c6-435b-8416-c42fcb80e26c'),
 ('54', '27', '5', '1', 'en_us', '3', '', '{\"typeId\":\"5\",\"authorId\":\"1\",\"title\":\"10 \",\"slug\":\"statistics\",\"postDate\":1489024740,\"expiryDate\":null,\"enabled\":1,\"parentId\":null,\"fields\":{\"12\":\"\",\"25\":\"distinct Media Partners\"}}', '2017-03-09 03:37:00', '2017-03-09 03:37:00', '115adf46-b62a-475b-ac96-0ed0af40d810'),
 ('55', '27', '5', '1', 'en_us', '4', '', '{\"typeId\":\"5\",\"authorId\":\"1\",\"title\":\"10 distinct Media Partners\",\"slug\":\"statistics\",\"postDate\":1489024740,\"expiryDate\":null,\"enabled\":1,\"parentId\":null,\"fields\":{\"12\":\"\",\"25\":\"\"}}', '2017-03-09 03:37:30', '2017-03-09 03:37:30', 'edafdc75-9b89-4b09-a205-ed0286368df1'),
 ('56', '27', '5', '1', 'en_us', '5', '', '{\"typeId\":\"5\",\"authorId\":\"1\",\"title\":\"10 distinct Media Partners\",\"slug\":\"statistics\",\"postDate\":1489024740,\"expiryDate\":null,\"enabled\":1,\"parentId\":null,\"fields\":{\"12\":\"\"}}', '2017-03-09 03:43:18', '2017-03-09 03:43:18', 'e635d7ad-2398-45b9-b7ac-bab7472ba963'),
 ('57', '27', '5', '1', 'en_us', '6', '', '{\"typeId\":\"5\",\"authorId\":\"1\",\"title\":\"10 distinct Media Partners\",\"slug\":\"statistics\",\"postDate\":1489024740,\"expiryDate\":null,\"enabled\":1,\"parentId\":null,\"fields\":{\"12\":\"\"}}', '2017-03-09 03:43:35', '2017-03-09 03:43:35', '3468cd20-8de4-434b-998f-bf8bda0cece7'),
 ('58', '2', '1', '1', 'en_us', '11', '', '{\"typeId\":null,\"authorId\":null,\"title\":\"Kent State Student Media\",\"slug\":\"homepage\",\"postDate\":1484237579,\"expiryDate\":null,\"enabled\":1,\"parentId\":null,\"fields\":{\"1\":\"<p>Kent State Student Media produces six award-winning magazines with subjects including arts and poetry, fashion, minority, and campus issues. The Kent Stater is the premier source for news around campus. Each magazine has a circulation of 4,000+ and the Stater reaches 15,000 individuals. Advertising with Kent State Student Media is an excellent way to make sure you reach the farthest corners of your audience.<\\/p>\",\"11\":\"\",\"12\":\"This is our description\",\"13\":[\"31\"],\"16\":\"\",\"17\":\"Tigger the dog\",\"25\":\"\",\"21\":\"Kent State Student Media is made by students for students.\",\"22\":\"\"}}', '2017-04-10 18:20:42', '2017-04-10 18:20:42', 'c43fcf54-3a90-47b2-b257-55c36d2382a6');



DROP TABLE IF EXISTS `craft_fieldgroups`;


--
-- Schema for table `craft_fieldgroups`
--
CREATE TABLE `craft_fieldgroups` (
  `id` int(11) NOT NULL AUTO_INCREMENT,
  `name` varchar(255) COLLATE utf8_unicode_ci NOT NULL,
  `dateCreated` datetime NOT NULL,
  `dateUpdated` datetime NOT NULL,
  `uid` char(36) COLLATE utf8_unicode_ci NOT NULL DEFAULT '0',
  PRIMARY KEY (`id`),
  UNIQUE KEY `craft_fieldgroups_name_unq_idx` (`name`)
) ENGINE=InnoDB AUTO_INCREMENT=4 DEFAULT CHARSET=utf8 COLLATE=utf8_unicode_ci;

--
-- Data for table `craft_fieldgroups`
--

INSERT INTO `craft_fieldgroups` (`id`, `name`, `dateCreated`, `dateUpdated`, `uid`) VALUES
 ('1', 'Default', '2017-01-12 16:12:59', '2017-01-12 16:12:59', 'ce37fdf8-40e1-4bed-bc4b-c83d59bb79f8'),
 ('2', 'Home Page', '2017-02-16 21:17:39', '2017-02-16 21:17:39', 'eafeb9cc-5f64-4d85-a053-1563780e4a2f'),
 ('3', 'Profile', '2017-02-16 21:22:23', '2017-02-16 21:22:23', 'b1ddd218-1990-47ae-a584-8078ea045400');



DROP TABLE IF EXISTS `craft_fieldlayoutfields`;


--
-- Schema for table `craft_fieldlayoutfields`
--
CREATE TABLE `craft_fieldlayoutfields` (
  `id` int(11) NOT NULL AUTO_INCREMENT,
  `layoutId` int(11) NOT NULL,
  `tabId` int(11) NOT NULL,
  `fieldId` int(11) NOT NULL,
  `required` tinyint(1) unsigned NOT NULL DEFAULT '0',
  `sortOrder` smallint(6) unsigned DEFAULT NULL,
  `dateCreated` datetime NOT NULL,
  `dateUpdated` datetime NOT NULL,
  `uid` char(36) COLLATE utf8_unicode_ci NOT NULL DEFAULT '0',
  PRIMARY KEY (`id`),
  UNIQUE KEY `craft_fieldlayoutfields_layoutId_fieldId_unq_idx` (`layoutId`,`fieldId`),
  KEY `craft_fieldlayoutfields_sortOrder_idx` (`sortOrder`),
  KEY `craft_fieldlayoutfields_tabId_fk` (`tabId`),
  KEY `craft_fieldlayoutfields_fieldId_fk` (`fieldId`)
) ENGINE=InnoDB AUTO_INCREMENT=107 DEFAULT CHARSET=utf8 COLLATE=utf8_unicode_ci;

--
-- Data for table `craft_fieldlayoutfields`
--

INSERT INTO `craft_fieldlayoutfields` (`id`, `layoutId`, `tabId`, `fieldId`, `required`, `sortOrder`, `dateCreated`, `dateUpdated`, `uid`) VALUES
 ('2', '5', '2', '1', '1', '1', '2017-01-12 16:12:59', '2017-01-12 16:12:59', '99551f8a-b38e-4ffb-b3b9-dfb2e41829a8'),
 ('3', '5', '2', '2', '0', '2', '2017-01-12 16:12:59', '2017-01-12 16:12:59', 'd340a6c0-51ed-4282-97ea-e13193c6abdd'),
 ('13', '8', '5', '6', '0', '1', '2017-02-15 17:56:22', '2017-02-15 17:56:22', '8286609c-4640-4bef-bc3e-a59a4a5655cc'),
 ('14', '8', '5', '7', '0', '2', '2017-02-15 17:56:22', '2017-02-15 17:56:22', '04f098cf-1008-4440-a390-c16a19eeec1d'),
 ('15', '8', '5', '4', '0', '3', '2017-02-15 17:56:22', '2017-02-15 17:56:22', '2d46e81b-13c8-4f8b-a170-cde50fc43e61'),
 ('16', '8', '5', '10', '0', '4', '2017-02-15 17:56:22', '2017-02-15 17:56:22', '689d39d1-ec15-4b3d-98fb-3317e6ca7aa6'),
 ('17', '8', '5', '8', '0', '5', '2017-02-15 17:56:22', '2017-02-15 17:56:22', 'f2b9f087-68d3-4a8d-8d85-9dfa6e719b42'),
 ('18', '8', '5', '5', '0', '6', '2017-02-15 17:56:22', '2017-02-15 17:56:22', '82fb3a62-4b39-448c-906a-f24f7a0c9a62'),
 ('19', '8', '6', '9', '0', '1', '2017-02-15 17:56:22', '2017-02-15 17:56:22', 'f33b176c-b153-4393-9293-4ac6e0d186ed'),
 ('20', '8', '6', '3', '0', '2', '2017-02-15 17:56:22', '2017-02-15 17:56:22', '557ca2dc-bdbc-4292-bbad-f5cd498c1808'),
 ('21', '8', '6', '1', '0', '3', '2017-02-15 17:56:22', '2017-02-15 17:56:22', 'a0acb01e-d36e-4e4e-a8c8-daf09ed3a7ce'),
 ('22', '14', '7', '14', '0', '1', '2017-02-16 22:11:56', '2017-02-16 22:11:56', '8707f881-5ea0-4998-8ac4-e9c186a5b8be'),
 ('44', '26', '17', '14', '0', '1', '2017-03-02 19:34:10', '2017-03-02 19:34:10', 'a1c55302-eb37-4217-ab93-e6c60e3b1a42'),
 ('45', '26', '17', '19', '0', '2', '2017-03-02 19:34:10', '2017-03-02 19:34:10', 'ee316f02-6347-4960-93bc-4f7b200b7b5f'),
 ('46', '26', '17', '20', '0', '3', '2017-03-02 19:34:10', '2017-03-02 19:34:10', '3644fe89-0b95-4667-bcfd-838e791c9673'),
 ('73', '35', '26', '1', '1', '1', '2017-03-09 01:53:57', '2017-03-09 01:53:57', 'd257445c-28ce-4bef-82f1-ec7b9867841f'),
 ('74', '35', '26', '21', '0', '2', '2017-03-09 01:53:57', '2017-03-09 01:53:57', 'b26101e6-d924-4acb-8904-fff6f34f4907'),
 ('75', '35', '26', '16', '0', '3', '2017-03-09 01:53:57', '2017-03-09 01:53:57', 'f1dfce1d-019a-4b28-b6cc-fb0bc8c046c1'),
 ('76', '35', '26', '17', '0', '4', '2017-03-09 01:53:57', '2017-03-09 01:53:57', '39e10bdf-53dc-478e-858b-0b083d43d587'),
 ('77', '35', '26', '22', '0', '5', '2017-03-09 01:53:57', '2017-03-09 01:53:57', '4514eff4-af94-4a44-8b99-6e90f37d1b20'),
 ('78', '35', '26', '25', '0', '6', '2017-03-09 01:53:57', '2017-03-09 01:53:57', '2c2c1ed8-e16f-4aa2-ac28-e4734eac3923'),
 ('79', '35', '27', '11', '0', '1', '2017-03-09 01:53:57', '2017-03-09 01:53:57', '04b1942a-062d-4e74-a5a0-85dd6e70f92f'),
 ('80', '35', '27', '12', '0', '2', '2017-03-09 01:53:57', '2017-03-09 01:53:57', '8f29923d-5318-4712-942d-544bf3bb5850'),
 ('81', '35', '27', '13', '0', '3', '2017-03-09 01:53:57', '2017-03-09 01:53:57', 'd92dd234-144c-4079-99bb-8deec7d52272'),
 ('98', '41', '34', '12', '0', '1', '2017-03-09 02:40:26', '2017-03-09 02:40:26', 'd2ee569f-5ec2-4222-a2f3-1e478fb513d1'),
 ('99', '41', '34', '23', '0', '2', '2017-03-09 02:40:26', '2017-03-09 02:40:26', '2a0b54a5-6bf2-4bfc-a118-fffb62d84663'),
 ('100', '41', '34', '24', '0', '3', '2017-03-09 02:40:26', '2017-03-09 02:40:26', 'b3526473-f1a0-4f5b-8b7d-eba57d3c5cd9'),
 ('101', '41', '34', '9', '0', '4', '2017-03-09 02:40:26', '2017-03-09 02:40:26', '82f79eb9-20b3-491d-ba37-68e3515eb19f'),
 ('102', '44', '35', '12', '0', '1', '2017-03-09 03:42:09', '2017-03-09 03:42:09', '12c4aefc-2a5d-4941-8ebc-6a5910d2383c'),
 ('103', '45', '36', '15', '0', '1', '2017-04-10 18:06:29', '2017-04-10 18:06:29', '987f9b18-7938-44c8-ba03-06d30f0308d4'),
 ('104', '45', '36', '4', '0', '2', '2017-04-10 18:06:29', '2017-04-10 18:06:29', '7676e137-8219-4503-9901-b3b89226821e'),
 ('105', '45', '36', '10', '0', '3', '2017-04-10 18:06:29', '2017-04-10 18:06:29', '691a22b7-b109-4e08-bf0a-ed8a398e7751'),
 ('106', '45', '36', '26', '0', '4', '2017-04-10 18:06:29', '2017-04-10 18:06:29', 'f5b826bb-4c82-4422-bc13-0a7c878f8328');



DROP TABLE IF EXISTS `craft_fieldlayouts`;


--
-- Schema for table `craft_fieldlayouts`
--
CREATE TABLE `craft_fieldlayouts` (
  `id` int(11) NOT NULL AUTO_INCREMENT,
  `type` varchar(150) COLLATE utf8_unicode_ci NOT NULL,
  `dateCreated` datetime NOT NULL,
  `dateUpdated` datetime NOT NULL,
  `uid` char(36) COLLATE utf8_unicode_ci NOT NULL DEFAULT '0',
  PRIMARY KEY (`id`),
  KEY `craft_fieldlayouts_type_idx` (`type`)
) ENGINE=InnoDB AUTO_INCREMENT=46 DEFAULT CHARSET=utf8 COLLATE=utf8_unicode_ci;

--
-- Data for table `craft_fieldlayouts`
--

INSERT INTO `craft_fieldlayouts` (`id`, `type`, `dateCreated`, `dateUpdated`, `uid`) VALUES
 ('1', 'Tag', '2017-01-12 16:12:59', '2017-01-12 16:12:59', 'a29f19e8-aa3f-4f3b-98a1-c20996c11c14'),
 ('5', 'Entry', '2017-01-12 16:12:59', '2017-01-12 16:12:59', 'dded8aa3-cd28-4c3e-8501-f342df8dc41e'),
 ('8', 'Entry', '2017-02-15 17:56:22', '2017-02-15 17:56:22', '13164ac5-2267-4cb9-810d-7fecbf4fda45'),
 ('12', 'Asset', '2017-02-16 21:36:48', '2017-02-16 21:36:48', '137515fa-a5b2-46c2-bc38-9700a29a884c'),
 ('13', 'Asset', '2017-02-16 22:06:00', '2017-02-16 22:06:00', '3d525d7e-d7c0-42fb-8f32-b8b787ee048a'),
 ('14', 'GlobalSet', '2017-02-16 22:11:56', '2017-02-16 22:11:56', 'c6f15195-ce4b-43ed-b1df-53d5e1b58730'),
 ('26', 'Entry', '2017-03-02 19:34:10', '2017-03-02 19:34:10', '615779ad-101a-4e4e-bcb9-da4fdb9eb394'),
 ('29', 'Asset', '2017-03-03 20:25:07', '2017-03-03 20:25:07', 'eb8c7809-74ef-43e8-971e-2e3f7cb0e7e8'),
 ('30', 'Asset', '2017-03-08 15:35:33', '2017-03-08 15:35:33', '763888a2-fe31-44f5-bdf0-f2e42a6c2cd6'),
 ('35', 'Entry', '2017-03-09 01:53:57', '2017-03-09 01:53:57', '13b57ddc-d4dc-40d4-8936-939f4326284b'),
 ('41', 'Entry', '2017-03-09 02:40:26', '2017-03-09 02:40:26', 'ef8f13e9-a214-4ff8-97da-6bd19fb17b62'),
 ('44', 'Entry', '2017-03-09 03:42:09', '2017-03-09 03:42:09', '69de3f00-de0b-4162-9a09-036cf7f4de35'),
 ('45', 'GlobalSet', '2017-04-10 18:06:29', '2017-04-10 18:06:29', '9d92e9f7-8e58-43fa-9731-8c81c3530826');



DROP TABLE IF EXISTS `craft_fieldlayouttabs`;


--
-- Schema for table `craft_fieldlayouttabs`
--
CREATE TABLE `craft_fieldlayouttabs` (
  `id` int(11) NOT NULL AUTO_INCREMENT,
  `layoutId` int(11) NOT NULL,
  `name` varchar(255) COLLATE utf8_unicode_ci NOT NULL,
  `sortOrder` smallint(6) unsigned DEFAULT NULL,
  `dateCreated` datetime NOT NULL,
  `dateUpdated` datetime NOT NULL,
  `uid` char(36) COLLATE utf8_unicode_ci NOT NULL DEFAULT '0',
  PRIMARY KEY (`id`),
  KEY `craft_fieldlayouttabs_sortOrder_idx` (`sortOrder`),
  KEY `craft_fieldlayouttabs_layoutId_fk` (`layoutId`)
) ENGINE=InnoDB AUTO_INCREMENT=37 DEFAULT CHARSET=utf8 COLLATE=utf8_unicode_ci;

--
-- Data for table `craft_fieldlayouttabs`
--

INSERT INTO `craft_fieldlayouttabs` (`id`, `layoutId`, `name`, `sortOrder`, `dateCreated`, `dateUpdated`, `uid`) VALUES
 ('2', '5', 'Content', '1', '2017-01-12 16:12:59', '2017-01-12 16:12:59', 'bb3bbab6-ef21-4f4b-832a-cf982b7e738d'),
 ('5', '8', 'Tab 1', '1', '2017-02-15 17:56:22', '2017-02-15 17:56:22', 'e4667c81-6107-4a11-8ba1-f214327131f2'),
 ('6', '8', 'Tab 2', '2', '2017-02-15 17:56:22', '2017-02-15 17:56:22', '83157892-2e33-4543-a330-4bb448b62e5c'),
 ('7', '14', 'Content', '1', '2017-02-16 22:11:56', '2017-02-16 22:11:56', 'bfcd1034-aba1-4057-bc6f-190ddbbda977'),
 ('17', '26', 'Tab 1', '1', '2017-03-02 19:34:10', '2017-03-02 19:34:10', '182df82c-6c33-4a8f-9158-c61dd76ff0c3'),
 ('26', '35', 'Content', '1', '2017-03-09 01:53:57', '2017-03-09 01:53:57', '2dbb8abe-df13-482d-8292-d2b06429a19a'),
 ('27', '35', 'Home Page', '2', '2017-03-09 01:53:57', '2017-03-09 01:53:57', 'ff392baa-a807-4216-b62b-f01292859800'),
 ('34', '41', 'Tab 1', '1', '2017-03-09 02:40:26', '2017-03-09 02:40:26', 'dbf18e61-81e0-4116-bf05-175f07b5ed84'),
 ('35', '44', 'Tab 1', '1', '2017-03-09 03:42:09', '2017-03-09 03:42:09', 'ab0a62e2-c9a2-4312-86eb-108e616c5c9a'),
 ('36', '45', 'Content', '1', '2017-04-10 18:06:29', '2017-04-10 18:06:29', 'd19b14b4-eab4-4436-9f55-1997fe997a31');



DROP TABLE IF EXISTS `craft_fields`;


--
-- Schema for table `craft_fields`
--
CREATE TABLE `craft_fields` (
  `id` int(11) NOT NULL AUTO_INCREMENT,
  `groupId` int(11) DEFAULT NULL,
  `name` varchar(255) COLLATE utf8_unicode_ci NOT NULL,
  `handle` varchar(58) COLLATE utf8_unicode_ci NOT NULL,
  `context` varchar(255) COLLATE utf8_unicode_ci NOT NULL DEFAULT 'global',
  `instructions` text COLLATE utf8_unicode_ci,
  `translatable` tinyint(1) unsigned NOT NULL DEFAULT '0',
  `type` varchar(150) COLLATE utf8_unicode_ci NOT NULL,
  `settings` text COLLATE utf8_unicode_ci,
  `dateCreated` datetime NOT NULL,
  `dateUpdated` datetime NOT NULL,
  `uid` char(36) COLLATE utf8_unicode_ci NOT NULL DEFAULT '0',
  PRIMARY KEY (`id`),
  UNIQUE KEY `craft_fields_handle_context_unq_idx` (`handle`,`context`),
  KEY `craft_fields_context_idx` (`context`),
  KEY `craft_fields_groupId_fk` (`groupId`)
) ENGINE=InnoDB AUTO_INCREMENT=27 DEFAULT CHARSET=utf8 COLLATE=utf8_unicode_ci;

--
-- Data for table `craft_fields`
--

INSERT INTO `craft_fields` (`id`, `groupId`, `name`, `handle`, `context`, `instructions`, `translatable`, `type`, `settings`, `dateCreated`, `dateUpdated`, `uid`) VALUES
 ('1', '1', 'Body', 'body', 'global', NULL, '1', 'RichText', '{\"configFile\":\"Standard.json\",\"columnType\":\"text\"}', '2017-01-12 16:12:59', '2017-01-12 16:12:59', '1fc04030-9693-4e3d-91b8-2011e6c39ba7'),
 ('2', '1', 'Tags', 'tags', 'global', NULL, '0', 'Tags', '{\"source\":\"taggroup:1\"}', '2017-01-12 16:12:59', '2017-01-12 16:12:59', '6b93c5ee-1af7-4717-bfaa-489a8121154c'),
 ('3', '1', 'Awards/Achievements', 'awardsAchievements', 'global', 'What have you achieved?', '0', 'PlainText', '{\"placeholder\":\"\",\"maxLength\":\"\",\"multiline\":\"\",\"initialRows\":\"4\"}', '2017-02-15 17:12:58', '2017-02-15 17:12:58', '201a4168-f376-46d3-8d0c-3dff36f04e28'),
 ('4', '1', 'Email', 'email', 'global', 'Put your email here', '0', 'PlainText', '{\"placeholder\":\"\",\"maxLength\":\"\",\"multiline\":\"\",\"initialRows\":\"4\"}', '2017-02-15 17:13:14', '2017-02-15 17:13:14', 'a626ee41-4974-457e-8988-75f234f22069'),
 ('5', '3', 'Employee Type', 'employeeType', 'global', '', '0', 'Checkboxes', '{\"options\":[{\"label\":\"Advisor\",\"value\":\"advisor\",\"default\":\"\"},{\"label\":\"Faculty\",\"value\":\"faculty\",\"default\":\"\"},{\"label\":\"Staff\",\"value\":\"staff\",\"default\":\"\"},{\"label\":\"Student\",\"value\":\"student\",\"default\":\"\"}]}', '2017-02-15 17:13:54', '2017-02-16 21:22:38', '0f34848f-f336-4e65-8f3e-79be2fe6623f'),
 ('6', '3', 'First Name', 'firstName', 'global', '', '0', 'PlainText', '{\"placeholder\":\"\",\"maxLength\":\"\",\"multiline\":\"\",\"initialRows\":\"4\"}', '2017-02-15 17:14:03', '2017-02-16 21:22:56', 'a2b06270-bae5-42ab-a6bf-1e5d7a13cd19'),
 ('7', '3', 'Last Name', 'lastName', 'global', '', '0', 'PlainText', '{\"placeholder\":\"\",\"maxLength\":\"\",\"multiline\":\"\",\"initialRows\":\"4\"}', '2017-02-15 17:14:10', '2017-02-16 21:23:09', 'f1a7f5ac-4f7f-4791-b6f5-4327ce00efd5'),
 ('8', '1', 'Job Title', 'jobTitle', 'global', '', '0', 'PlainText', '{\"placeholder\":\"\",\"maxLength\":\"\",\"multiline\":\"\",\"initialRows\":\"4\"}', '2017-02-15 17:14:19', '2017-02-16 21:23:20', '84206e8c-7af9-491a-b985-c873b6c1bc55'),
 ('9', '1', 'Organization', 'organization', 'global', 'Which publication do you work for?', '0', 'PlainText', '{\"placeholder\":\"\",\"maxLength\":\"\",\"multiline\":\"\",\"initialRows\":\"4\"}', '2017-02-15 17:14:34', '2017-02-15 17:14:34', 'ef9a68cd-7e3b-40d0-9f26-824b54b2c845'),
 ('10', '1', 'Phone', 'phone', 'global', '', '0', 'PlainText', '{\"placeholder\":\"\",\"maxLength\":\"\",\"multiline\":\"\",\"initialRows\":\"4\"}', '2017-02-15 17:14:43', '2017-02-15 17:14:43', 'caef629a-a55c-4a27-bdcc-6f484a275922'),
 ('11', '2', 'Call to Actions', 'callToActions', 'global', '', '0', 'Entries', '{\"sources\":\"*\",\"limit\":\"\",\"selectionLabel\":\"\"}', '2017-02-16 21:03:43', '2017-02-16 21:18:02', 'c557ca3e-fa1d-4ff6-8690-fd2e5bc4dcbb'),
 ('12', '2', 'Description', 'description', 'global', '', '0', 'PlainText', '{\"placeholder\":\"\",\"maxLength\":\"\",\"multiline\":\"\",\"initialRows\":\"4\"}', '2017-02-16 21:03:54', '2017-02-16 21:18:18', '3b3586b4-4239-4c07-9f3d-565ccf725be0'),
 ('13', '2', 'Hero Image', 'heroImage', 'global', '', '0', 'Assets', '{\"useSingleFolder\":\"\",\"defaultUploadLocationSubpath\":\"\",\"singleUploadLocationSubpath\":\"\",\"restrictFiles\":\"\",\"limit\":\"\",\"viewMode\":\"list\",\"selectionLabel\":\"\"}', '2017-02-16 21:05:03', '2017-02-16 21:22:04', 'e4b312c8-2fbe-4bea-851f-497948459b93'),
 ('14', '1', 'Logo', 'logo', 'global', '', '0', 'Assets', '{\"useSingleFolder\":\"\",\"sources\":\"*\",\"defaultUploadLocationSource\":\"1\",\"defaultUploadLocationSubpath\":\"\",\"singleUploadLocationSource\":\"1\",\"singleUploadLocationSubpath\":\"\",\"restrictFiles\":\"\",\"limit\":\"1\",\"viewMode\":\"list\",\"selectionLabel\":\"\"}', '2017-02-16 21:06:41', '2017-02-27 15:23:04', '300f6be2-ab8d-486e-8fcd-6fd2c2460675'),
 ('15', '1', 'Mailing Address', 'mailingAddress', 'global', '', '0', 'PlainText', '{\"placeholder\":\"\",\"maxLength\":\"\",\"multiline\":\"\",\"initialRows\":\"4\"}', '2017-02-23 20:24:30', '2017-02-23 20:36:55', '36331247-95dd-466a-aab9-14eca15cfedb'),
 ('16', '1', 'Media Partner Logo', 'mediaPartnerLogo', 'global', 'Add text and image for particular media partner', '0', 'Assets', '{\"useSingleFolder\":\"\",\"sources\":\"*\",\"defaultUploadLocationSource\":\"1\",\"defaultUploadLocationSubpath\":\"\",\"singleUploadLocationSource\":\"1\",\"singleUploadLocationSubpath\":\"\",\"restrictFiles\":\"\",\"limit\":\"\",\"viewMode\":\"list\",\"selectionLabel\":\"\"}', '2017-02-23 20:28:54', '2017-02-23 21:16:21', '3df1b847-2e3f-4300-a392-a203082e5b2f'),
 ('17', '1', 'Media Partner Text', 'mediaPartnerText', 'global', '', '0', 'PlainText', '{\"placeholder\":\"\",\"maxLength\":\"\",\"multiline\":\"\",\"initialRows\":\"4\"}', '2017-02-23 21:18:09', '2017-02-23 21:18:09', '39dcca08-645d-4561-8850-b6a01ceed737'),
 ('19', '1', 'Image', 'image', 'global', 'Insert images here', '0', 'Assets', '{\"useSingleFolder\":\"\",\"sources\":\"*\",\"defaultUploadLocationSource\":\"2\",\"defaultUploadLocationSubpath\":\"\",\"singleUploadLocationSource\":\"1\",\"singleUploadLocationSubpath\":\"\",\"restrictFiles\":\"\",\"limit\":\"1\",\"viewMode\":\"list\",\"selectionLabel\":\"\"}', '2017-02-23 21:44:14', '2017-02-23 21:45:07', 'fc768a27-0824-4e66-941a-41ecc133d4fa'),
 ('20', '1', 'Associated Media Partners', 'associatedMediaPartners', 'global', 'Choose a related Media Partner', '0', 'Entries', '{\"sources\":[\"section:4\"],\"limit\":\"\",\"selectionLabel\":\"\"}', '2017-02-24 21:49:45', '2017-02-24 21:49:45', '3a9e68fb-88a1-42ea-93d8-379646064b21'),
 ('21', '1', 'Tagline', 'tagline', 'global', '', '0', 'PlainText', '{\"placeholder\":\"\",\"maxLength\":\"80\",\"multiline\":\"\",\"initialRows\":\"4\"}', '2017-03-02 22:03:15', '2017-03-02 22:03:15', '99f0fbd6-9f6c-47ba-b673-1184c2317745'),
 ('22', '1', 'Video', 'video', 'global', '', '0', 'PlainText', '{\"placeholder\":\"\",\"maxLength\":\"\",\"multiline\":\"\",\"initialRows\":\"4\"}', '2017-03-08 15:37:21', '2017-03-14 19:43:18', '24978965-c6b2-4661-8b24-e581db748fdc'),
 ('23', '1', 'Time', 'time', 'global', '', '0', 'Date', '{\"minuteIncrement\":\"15\",\"showTime\":1,\"showDate\":1}', '2017-03-08 16:27:18', '2017-03-08 16:27:18', 'b43ea32e-6ac7-46f7-8632-ed369c95ca27'),
 ('24', '1', 'Location', 'location', 'global', '', '0', 'PlainText', '{\"placeholder\":\"\",\"maxLength\":\"\",\"multiline\":\"\",\"initialRows\":\"4\"}', '2017-03-08 16:28:06', '2017-03-08 16:28:06', '7ee41b7c-4d72-40f0-be89-7e60d4d71c33'),
 ('25', '1', 'Statistics', 'statistics', 'global', 'Enter Statistics Here', '0', 'PlainText', '{\"placeholder\":\"\",\"maxLength\":\"30\",\"multiline\":\"\",\"initialRows\":\"4\"}', '2017-03-09 01:42:32', '2017-03-09 01:42:32', 'a192673d-2a19-40d3-bae3-db7fb80feeda'),
 ('26', '1', 'Footer Logo', 'footerLogo', 'global', '', '0', 'Assets', '{\"useSingleFolder\":\"\",\"sources\":\"*\",\"defaultUploadLocationSource\":\"1\",\"defaultUploadLocationSubpath\":\"\",\"singleUploadLocationSource\":\"1\",\"singleUploadLocationSubpath\":\"\",\"restrictFiles\":\"\",\"limit\":\"\",\"viewMode\":\"list\",\"selectionLabel\":\"\"}', '2017-04-10 18:06:14', '2017-04-10 18:06:14', '4673197d-30b2-4490-8585-3c518b417fc3');



DROP TABLE IF EXISTS `craft_globalsets`;


--
-- Schema for table `craft_globalsets`
--
CREATE TABLE `craft_globalsets` (
  `id` int(11) NOT NULL,
  `name` varchar(255) COLLATE utf8_unicode_ci NOT NULL,
  `handle` varchar(255) COLLATE utf8_unicode_ci NOT NULL,
  `fieldLayoutId` int(10) DEFAULT NULL,
  `dateCreated` datetime NOT NULL,
  `dateUpdated` datetime NOT NULL,
  `uid` char(36) COLLATE utf8_unicode_ci NOT NULL DEFAULT '0',
  PRIMARY KEY (`id`),
  UNIQUE KEY `craft_globalsets_name_unq_idx` (`name`),
  UNIQUE KEY `craft_globalsets_handle_unq_idx` (`handle`),
  KEY `craft_globalsets_fieldLayoutId_fk` (`fieldLayoutId`)
) ENGINE=InnoDB DEFAULT CHARSET=utf8 COLLATE=utf8_unicode_ci;

--
-- Data for table `craft_globalsets`
--

INSERT INTO `craft_globalsets` (`id`, `name`, `handle`, `fieldLayoutId`, `dateCreated`, `dateUpdated`, `uid`) VALUES
 ('5', 'Header', 'header', '14', '2017-02-16 21:06:16', '2017-02-16 22:11:56', 'd26c2242-a751-405f-a9b5-7cbb616df077'),
 ('6', 'Footer', 'footer', '45', '2017-02-16 21:16:37', '2017-04-10 18:06:29', '6a5bc45f-4c88-49e6-9cc6-33f5e39ce3be');



DROP TABLE IF EXISTS `craft_info`;


--
-- Schema for table `craft_info`
--
CREATE TABLE `craft_info` (
  `id` int(11) NOT NULL AUTO_INCREMENT,
  `version` varchar(50) COLLATE utf8_unicode_ci NOT NULL,
  `schemaVersion` varchar(15) COLLATE utf8_unicode_ci NOT NULL,
  `edition` tinyint(1) unsigned NOT NULL DEFAULT '0',
  `siteName` varchar(100) COLLATE utf8_unicode_ci NOT NULL,
  `siteUrl` varchar(255) COLLATE utf8_unicode_ci NOT NULL,
  `timezone` varchar(30) COLLATE utf8_unicode_ci DEFAULT NULL,
  `on` tinyint(1) unsigned NOT NULL DEFAULT '0',
  `maintenance` tinyint(1) unsigned NOT NULL DEFAULT '0',
  `dateCreated` datetime NOT NULL,
  `dateUpdated` datetime NOT NULL,
  `uid` char(36) COLLATE utf8_unicode_ci NOT NULL DEFAULT '0',
  PRIMARY KEY (`id`)
) ENGINE=InnoDB AUTO_INCREMENT=2 DEFAULT CHARSET=utf8 COLLATE=utf8_unicode_ci;

--
-- Data for table `craft_info`
--

INSERT INTO `craft_info` (`id`, `version`, `schemaVersion`, `edition`, `siteName`, `siteUrl`, `timezone`, `on`, `maintenance`, `dateCreated`, `dateUpdated`, `uid`) VALUES
 ('1', '2.6.2958', '2.6.9', '0', 'Kent State Student Media', 'http://kentstatestudentmedia.com', 'America/New_York', '1', '0', '2017-01-12 16:12:57', '2017-01-12 16:44:45', 'ea009519-c3f1-43e4-8018-0bcb656b4314');



DROP TABLE IF EXISTS `craft_locales`;


--
-- Schema for table `craft_locales`
--
CREATE TABLE `craft_locales` (
  `locale` char(12) COLLATE utf8_unicode_ci NOT NULL,
  `sortOrder` smallint(6) unsigned DEFAULT NULL,
  `dateCreated` datetime NOT NULL,
  `dateUpdated` datetime NOT NULL,
  `uid` char(36) COLLATE utf8_unicode_ci NOT NULL DEFAULT '0',
  PRIMARY KEY (`locale`),
  KEY `craft_locales_sortOrder_idx` (`sortOrder`)
) ENGINE=InnoDB DEFAULT CHARSET=utf8 COLLATE=utf8_unicode_ci;

--
-- Data for table `craft_locales`
--

INSERT INTO `craft_locales` (`locale`, `sortOrder`, `dateCreated`, `dateUpdated`, `uid`) VALUES
 ('en_us', '1', '2017-01-12 16:12:57', '2017-01-12 16:12:57', 'dcdd8ad0-2fa8-4ae8-96de-ede12bf939f5');



DROP TABLE IF EXISTS `craft_matrixblocks`;


--
-- Schema for table `craft_matrixblocks`
--
CREATE TABLE `craft_matrixblocks` (
  `id` int(11) NOT NULL,
  `ownerId` int(11) NOT NULL,
  `fieldId` int(11) NOT NULL,
  `typeId` int(11) DEFAULT NULL,
  `sortOrder` smallint(6) unsigned DEFAULT NULL,
  `ownerLocale` char(12) COLLATE utf8_unicode_ci DEFAULT NULL,
  `dateCreated` datetime NOT NULL,
  `dateUpdated` datetime NOT NULL,
  `uid` char(36) COLLATE utf8_unicode_ci NOT NULL DEFAULT '0',
  PRIMARY KEY (`id`),
  KEY `craft_matrixblocks_ownerId_idx` (`ownerId`),
  KEY `craft_matrixblocks_fieldId_idx` (`fieldId`),
  KEY `craft_matrixblocks_typeId_idx` (`typeId`),
  KEY `craft_matrixblocks_sortOrder_idx` (`sortOrder`),
  KEY `craft_matrixblocks_ownerLocale_fk` (`ownerLocale`)
) ENGINE=InnoDB DEFAULT CHARSET=utf8 COLLATE=utf8_unicode_ci;

DROP TABLE IF EXISTS `craft_matrixblocktypes`;


--
-- Schema for table `craft_matrixblocktypes`
--
CREATE TABLE `craft_matrixblocktypes` (
  `id` int(11) NOT NULL AUTO_INCREMENT,
  `fieldId` int(11) NOT NULL,
  `fieldLayoutId` int(11) DEFAULT NULL,
  `name` varchar(255) COLLATE utf8_unicode_ci NOT NULL,
  `handle` varchar(255) COLLATE utf8_unicode_ci NOT NULL,
  `sortOrder` smallint(6) unsigned DEFAULT NULL,
  `dateCreated` datetime NOT NULL,
  `dateUpdated` datetime NOT NULL,
  `uid` char(36) COLLATE utf8_unicode_ci NOT NULL DEFAULT '0',
  PRIMARY KEY (`id`),
  UNIQUE KEY `craft_matrixblocktypes_name_fieldId_unq_idx` (`name`,`fieldId`),
  UNIQUE KEY `craft_matrixblocktypes_handle_fieldId_unq_idx` (`handle`,`fieldId`),
  KEY `craft_matrixblocktypes_fieldId_fk` (`fieldId`),
  KEY `craft_matrixblocktypes_fieldLayoutId_fk` (`fieldLayoutId`)
) ENGINE=InnoDB DEFAULT CHARSET=utf8 COLLATE=utf8_unicode_ci;

DROP TABLE IF EXISTS `craft_migrations`;


--
-- Schema for table `craft_migrations`
--
CREATE TABLE `craft_migrations` (
  `id` int(11) NOT NULL AUTO_INCREMENT,
  `pluginId` int(11) DEFAULT NULL,
  `version` varchar(255) COLLATE utf8_unicode_ci NOT NULL,
  `applyTime` datetime NOT NULL,
  `dateCreated` datetime NOT NULL,
  `dateUpdated` datetime NOT NULL,
  `uid` char(36) COLLATE utf8_unicode_ci NOT NULL DEFAULT '0',
  PRIMARY KEY (`id`),
  UNIQUE KEY `craft_migrations_version_unq_idx` (`version`),
  KEY `craft_migrations_pluginId_fk` (`pluginId`)
) ENGINE=InnoDB AUTO_INCREMENT=43 DEFAULT CHARSET=utf8 COLLATE=utf8_unicode_ci;

--
-- Data for table `craft_migrations`
--

INSERT INTO `craft_migrations` (`id`, `pluginId`, `version`, `applyTime`, `dateCreated`, `dateUpdated`, `uid`) VALUES
 ('1', NULL, 'm000000_000000_base', '2017-01-12 16:12:57', '2017-01-12 16:12:57', '2017-01-12 16:12:57', '91e16ad1-b897-4dbf-ad22-4df5c618ef0e'),
 ('2', NULL, 'm140730_000001_add_filename_and_format_to_transformindex', '2017-01-12 16:12:57', '2017-01-12 16:12:57', '2017-01-12 16:12:57', '3834a676-85d2-40a6-9cb6-714433ebe7f4'),
 ('3', NULL, 'm140815_000001_add_format_to_transforms', '2017-01-12 16:12:57', '2017-01-12 16:12:57', '2017-01-12 16:12:57', '7c0eaa02-1f9e-4f69-83ff-f8fa0c1b2468'),
 ('4', NULL, 'm140822_000001_allow_more_than_128_items_per_field', '2017-01-12 16:12:57', '2017-01-12 16:12:57', '2017-01-12 16:12:57', '107c486f-16dd-4526-ba7a-b1428c0db179'),
 ('5', NULL, 'm140829_000001_single_title_formats', '2017-01-12 16:12:57', '2017-01-12 16:12:57', '2017-01-12 16:12:57', '66b60d56-c6f3-43ef-a855-9fdef575d2d1'),
 ('6', NULL, 'm140831_000001_extended_cache_keys', '2017-01-12 16:12:57', '2017-01-12 16:12:57', '2017-01-12 16:12:57', '454f04d3-0538-4d29-8358-4dd650c0ae15'),
 ('7', NULL, 'm140922_000001_delete_orphaned_matrix_blocks', '2017-01-12 16:12:57', '2017-01-12 16:12:57', '2017-01-12 16:12:57', '825e31da-2b56-470f-91bf-fad64cfea5f7'),
 ('8', NULL, 'm141008_000001_elements_index_tune', '2017-01-12 16:12:57', '2017-01-12 16:12:57', '2017-01-12 16:12:57', '5994e366-52ad-4d43-b898-7d1ccecfab27'),
 ('9', NULL, 'm141009_000001_assets_source_handle', '2017-01-12 16:12:57', '2017-01-12 16:12:57', '2017-01-12 16:12:57', '7039ac1e-b619-4e34-b440-41c6f42c1b7b'),
 ('10', NULL, 'm141024_000001_field_layout_tabs', '2017-01-12 16:12:57', '2017-01-12 16:12:57', '2017-01-12 16:12:57', 'bbf7df93-141c-409d-ace8-4e28a6f7afc4'),
 ('11', NULL, 'm141030_000000_plugin_schema_versions', '2017-01-12 16:12:57', '2017-01-12 16:12:57', '2017-01-12 16:12:57', '360a98a6-033e-4a06-8b19-7b7615ba0641'),
 ('12', NULL, 'm141030_000001_drop_structure_move_permission', '2017-01-12 16:12:57', '2017-01-12 16:12:57', '2017-01-12 16:12:57', '980d157d-0394-4716-9120-4a89c8647e99'),
 ('13', NULL, 'm141103_000001_tag_titles', '2017-01-12 16:12:57', '2017-01-12 16:12:57', '2017-01-12 16:12:57', '6c9d3c79-134d-4dfd-a7a7-3f5ffe7eaf1a'),
 ('14', NULL, 'm141109_000001_user_status_shuffle', '2017-01-12 16:12:57', '2017-01-12 16:12:57', '2017-01-12 16:12:57', '2b19c591-ab1e-4733-b842-37aa37e46ba0'),
 ('15', NULL, 'm141126_000001_user_week_start_day', '2017-01-12 16:12:57', '2017-01-12 16:12:57', '2017-01-12 16:12:57', '57a58b97-4434-4d64-abd7-73bd2b2d606e'),
 ('16', NULL, 'm150210_000001_adjust_user_photo_size', '2017-01-12 16:12:57', '2017-01-12 16:12:57', '2017-01-12 16:12:57', 'cc68c40a-c3fc-4f0a-9ece-3702990b8f31'),
 ('17', NULL, 'm150724_000001_adjust_quality_settings', '2017-01-12 16:12:57', '2017-01-12 16:12:57', '2017-01-12 16:12:57', '848e920d-5137-490a-981f-1a305f28c15d'),
 ('18', NULL, 'm150827_000000_element_index_settings', '2017-01-12 16:12:57', '2017-01-12 16:12:57', '2017-01-12 16:12:57', '191a0e00-ee87-4c97-b088-7c8285a1dcff'),
 ('19', NULL, 'm150918_000001_add_colspan_to_widgets', '2017-01-12 16:12:57', '2017-01-12 16:12:57', '2017-01-12 16:12:57', 'f5ba1e04-dd3e-4ec5-a851-28acfc34dbb7'),
 ('20', NULL, 'm151007_000000_clear_asset_caches', '2017-01-12 16:12:57', '2017-01-12 16:12:57', '2017-01-12 16:12:57', '0f81c12a-8e3a-48ae-9abf-20a4db42893d'),
 ('21', NULL, 'm151109_000000_text_url_formats', '2017-01-12 16:12:57', '2017-01-12 16:12:57', '2017-01-12 16:12:57', 'dec6df46-1104-4c50-9d6b-2a88ffc6788a'),
 ('22', NULL, 'm151110_000000_move_logo', '2017-01-12 16:12:57', '2017-01-12 16:12:57', '2017-01-12 16:12:57', 'c6941b79-5f3f-4ea0-aa69-5d474a8b08d2'),
 ('23', NULL, 'm151117_000000_adjust_image_widthheight', '2017-01-12 16:12:57', '2017-01-12 16:12:57', '2017-01-12 16:12:57', '0da994c1-2abd-479d-92c3-335938bc9c5b'),
 ('24', NULL, 'm151127_000000_clear_license_key_status', '2017-01-12 16:12:57', '2017-01-12 16:12:57', '2017-01-12 16:12:57', '7ca20b44-3cac-49bb-aab9-a566184f9e73'),
 ('25', NULL, 'm151127_000000_plugin_license_keys', '2017-01-12 16:12:57', '2017-01-12 16:12:57', '2017-01-12 16:12:57', 'd7073576-b4e0-4e07-aa86-460811d48cce'),
 ('26', NULL, 'm151130_000000_update_pt_widget_feeds', '2017-01-12 16:12:57', '2017-01-12 16:12:57', '2017-01-12 16:12:57', '740d17da-31e4-4952-9e70-da6a977a6c94'),
 ('27', NULL, 'm160114_000000_asset_sources_public_url_default_true', '2017-01-12 16:12:57', '2017-01-12 16:12:57', '2017-01-12 16:12:57', '19873925-1975-460d-a2e8-7b50b39e1fc7'),
 ('28', NULL, 'm160223_000000_sortorder_to_smallint', '2017-01-12 16:12:57', '2017-01-12 16:12:57', '2017-01-12 16:12:57', '9bbba889-e262-48e7-a6d8-e14652a5e7bb'),
 ('29', NULL, 'm160229_000000_set_default_entry_statuses', '2017-01-12 16:12:57', '2017-01-12 16:12:57', '2017-01-12 16:12:57', 'c99666c1-393e-4255-9d91-9b2c921abeba'),
 ('30', NULL, 'm160304_000000_client_permissions', '2017-01-12 16:12:57', '2017-01-12 16:12:57', '2017-01-12 16:12:57', '6ed630bb-8c6a-4e34-a0cb-bc83c9ec2f5e'),
 ('31', NULL, 'm160322_000000_asset_filesize', '2017-01-12 16:12:57', '2017-01-12 16:12:57', '2017-01-12 16:12:57', '5e3541dd-f0f8-4ece-9abf-ae2312d657e9'),
 ('32', NULL, 'm160503_000000_orphaned_fieldlayouts', '2017-01-12 16:12:57', '2017-01-12 16:12:57', '2017-01-12 16:12:57', '62dcbf12-70ae-4ff8-80d0-e927b234bb41'),
 ('33', NULL, 'm160510_000000_tasksettings', '2017-01-12 16:12:57', '2017-01-12 16:12:57', '2017-01-12 16:12:57', '5972fb71-dcea-491d-9fd5-9d594f2c57ac'),
 ('34', NULL, 'm160829_000000_pending_user_content_cleanup', '2017-01-12 16:12:57', '2017-01-12 16:12:57', '2017-01-12 16:12:57', '1b4c93cd-90f8-4448-8b4a-a1d9b3eabe62'),
 ('35', NULL, 'm160830_000000_asset_index_uri_increase', '2017-01-12 16:12:57', '2017-01-12 16:12:57', '2017-01-12 16:12:57', '7fc7191f-48f6-48fa-a71c-7cc041877160'),
 ('36', NULL, 'm160919_000000_usergroup_handle_title_unique', '2017-01-12 16:12:57', '2017-01-12 16:12:57', '2017-01-12 16:12:57', '8d0dadc0-6f36-4805-8ef6-e809a8533306'),
 ('37', NULL, 'm161108_000000_new_version_format', '2017-01-12 16:12:57', '2017-01-12 16:12:57', '2017-01-12 16:12:57', '2d0cdf47-bc06-4b9a-8891-cbec6cafc9bd'),
 ('38', NULL, 'm161109_000000_index_shuffle', '2017-01-12 16:12:57', '2017-01-12 16:12:57', '2017-01-12 16:12:57', '737c8c4e-41c4-4acb-9560-5097aced7499'),
 ('39', '1', 'm150212_145000_AmNav_renamePagesToNodes', '2017-03-02 19:14:23', '2017-03-02 19:14:23', '2017-03-02 19:14:23', '0fa5b51d-eae3-4f17-8406-cf919e68f9ec'),
 ('40', '1', 'm150217_112800_AmNav_expandPageData', '2017-03-02 19:14:23', '2017-03-02 19:14:23', '2017-03-02 19:14:23', '6fb66ea6-4e24-4f75-954d-6600a2b86306'),
 ('41', '1', 'm150403_093000_AmNav_nodesWithElements', '2017-03-02 19:14:23', '2017-03-02 19:14:23', '2017-03-02 19:14:23', '6919ec6a-35f2-426c-8b52-2b523e236dd6'),
 ('42', '1', 'm150512_105600_AmNav_addOptionalClass', '2017-03-02 19:14:23', '2017-03-02 19:14:23', '2017-03-02 19:14:23', '8afbfd3e-c56f-46e7-bdd1-528874afd1e9');



DROP TABLE IF EXISTS `craft_plugins`;


--
-- Schema for table `craft_plugins`
--
CREATE TABLE `craft_plugins` (
  `id` int(11) NOT NULL AUTO_INCREMENT,
  `class` varchar(150) COLLATE utf8_unicode_ci NOT NULL,
  `version` varchar(15) COLLATE utf8_unicode_ci NOT NULL,
  `schemaVersion` varchar(15) COLLATE utf8_unicode_ci DEFAULT NULL,
  `licenseKey` char(24) COLLATE utf8_unicode_ci DEFAULT NULL,
  `licenseKeyStatus` enum('valid','invalid','mismatched','unknown') COLLATE utf8_unicode_ci NOT NULL DEFAULT 'unknown',
  `enabled` tinyint(1) unsigned NOT NULL DEFAULT '0',
  `settings` text COLLATE utf8_unicode_ci,
  `installDate` datetime NOT NULL,
  `dateCreated` datetime NOT NULL,
  `dateUpdated` datetime NOT NULL,
  `uid` char(36) COLLATE utf8_unicode_ci NOT NULL DEFAULT '0',
  PRIMARY KEY (`id`)
) ENGINE=InnoDB AUTO_INCREMENT=2 DEFAULT CHARSET=utf8 COLLATE=utf8_unicode_ci;

--
-- Data for table `craft_plugins`
--

INSERT INTO `craft_plugins` (`id`, `class`, `version`, `schemaVersion`, `licenseKey`, `licenseKeyStatus`, `enabled`, `settings`, `installDate`, `dateCreated`, `dateUpdated`, `uid`) VALUES
 ('1', 'AmNav', '1.8.0', '1.7.4', NULL, 'unknown', '1', '{\"pluginName\":\"Navigation\",\"canDoActions\":\"\",\"quietErrors\":\"\"}', '2017-03-02 19:14:23', '2017-03-02 19:14:23', '2017-04-10 18:22:25', 'b61c1558-46c8-4ba3-9257-bd763f75be03');



DROP TABLE IF EXISTS `craft_rackspaceaccess`;


--
-- Schema for table `craft_rackspaceaccess`
--
CREATE TABLE `craft_rackspaceaccess` (
  `id` int(11) NOT NULL AUTO_INCREMENT,
  `connectionKey` varchar(255) COLLATE utf8_unicode_ci NOT NULL,
  `token` varchar(255) COLLATE utf8_unicode_ci NOT NULL,
  `storageUrl` varchar(255) COLLATE utf8_unicode_ci NOT NULL,
  `cdnUrl` varchar(255) COLLATE utf8_unicode_ci NOT NULL,
  `dateCreated` datetime NOT NULL,
  `dateUpdated` datetime NOT NULL,
  `uid` char(36) COLLATE utf8_unicode_ci NOT NULL DEFAULT '0',
  PRIMARY KEY (`id`),
  UNIQUE KEY `craft_rackspaceaccess_connectionKey_unq_idx` (`connectionKey`)
) ENGINE=InnoDB DEFAULT CHARSET=utf8 COLLATE=utf8_unicode_ci;

DROP TABLE IF EXISTS `craft_relations`;


--
-- Schema for table `craft_relations`
--
CREATE TABLE `craft_relations` (
  `id` int(11) NOT NULL AUTO_INCREMENT,
  `fieldId` int(11) NOT NULL,
  `sourceId` int(11) NOT NULL,
  `sourceLocale` char(12) COLLATE utf8_unicode_ci DEFAULT NULL,
  `targetId` int(11) NOT NULL,
  `sortOrder` smallint(6) DEFAULT NULL,
  `dateCreated` datetime NOT NULL,
  `dateUpdated` datetime NOT NULL,
  `uid` char(36) COLLATE utf8_unicode_ci NOT NULL DEFAULT '0',
  PRIMARY KEY (`id`),
  UNIQUE KEY `craft_relations_fieldId_sourceId_sourceLocale_targetId_unq_idx` (`fieldId`,`sourceId`,`sourceLocale`,`targetId`),
  KEY `craft_relations_sourceId_fk` (`sourceId`),
  KEY `craft_relations_sourceLocale_fk` (`sourceLocale`),
  KEY `craft_relations_targetId_fk` (`targetId`)
) ENGINE=InnoDB AUTO_INCREMENT=21 DEFAULT CHARSET=utf8 COLLATE=utf8_unicode_ci;

--
-- Data for table `craft_relations`
--

INSERT INTO `craft_relations` (`id`, `fieldId`, `sourceId`, `sourceLocale`, `targetId`, `sortOrder`, `dateCreated`, `dateUpdated`, `uid`) VALUES
 ('11', '14', '5', NULL, '13', '1', '2017-02-24 21:55:26', '2017-02-24 21:55:26', '097dc404-cd68-4d3c-a52d-3cd8e036891a'),
 ('18', '20', '12', NULL, '10', '1', '2017-03-09 02:01:12', '2017-03-09 02:01:12', 'a5cc5f40-dcfe-4197-8707-5e36dac6b531'),
 ('19', '20', '11', NULL, '10', '1', '2017-03-09 02:01:45', '2017-03-09 02:01:45', 'e466ebb1-7f75-4d6e-afda-9b4d7dca349b'),
 ('20', '13', '2', NULL, '31', '1', '2017-04-10 18:20:42', '2017-04-10 18:20:42', 'c2c41f1e-3b95-4f99-8bb5-43a0ebbaaee5');



DROP TABLE IF EXISTS `craft_routes`;


--
-- Schema for table `craft_routes`
--
CREATE TABLE `craft_routes` (
  `id` int(11) NOT NULL AUTO_INCREMENT,
  `locale` char(12) COLLATE utf8_unicode_ci DEFAULT NULL,
  `urlParts` varchar(255) COLLATE utf8_unicode_ci NOT NULL,
  `urlPattern` varchar(255) COLLATE utf8_unicode_ci NOT NULL,
  `template` varchar(255) COLLATE utf8_unicode_ci NOT NULL,
  `sortOrder` smallint(6) unsigned DEFAULT NULL,
  `dateCreated` datetime NOT NULL,
  `dateUpdated` datetime NOT NULL,
  `uid` char(36) COLLATE utf8_unicode_ci NOT NULL DEFAULT '0',
  PRIMARY KEY (`id`),
  UNIQUE KEY `craft_routes_urlPattern_unq_idx` (`urlPattern`),
  KEY `craft_routes_locale_idx` (`locale`)
) ENGINE=InnoDB DEFAULT CHARSET=utf8 COLLATE=utf8_unicode_ci;

DROP TABLE IF EXISTS `craft_searchindex`;


--
-- Schema for table `craft_searchindex`
--
CREATE TABLE `craft_searchindex` (
  `elementId` int(11) NOT NULL,
  `attribute` varchar(25) COLLATE utf8_unicode_ci NOT NULL,
  `fieldId` int(11) NOT NULL,
  `locale` char(12) COLLATE utf8_unicode_ci NOT NULL,
  `keywords` text COLLATE utf8_unicode_ci NOT NULL,
  PRIMARY KEY (`elementId`,`attribute`,`fieldId`,`locale`),
  FULLTEXT KEY `craft_searchindex_keywords_idx` (`keywords`)
) ENGINE=MyISAM DEFAULT CHARSET=utf8 COLLATE=utf8_unicode_ci;

--
-- Data for table `craft_searchindex`
--

INSERT INTO `craft_searchindex` (`elementId`, `attribute`, `fieldId`, `locale`, `keywords`) VALUES
 ('1', 'username', '0', 'en_us', ' studentmedia '),
 ('1', 'firstname', '0', 'en_us', ''),
 ('1', 'lastname', '0', 'en_us', ''),
 ('1', 'fullname', '0', 'en_us', ''),
 ('1', 'email', '0', 'en_us', ' challahan ideabasekent com '),
 ('1', 'slug', '0', 'en_us', ''),
 ('2', 'slug', '0', 'en_us', ' homepage '),
 ('2', 'title', '0', 'en_us', ' kent state student media '),
 ('2', 'field', '1', 'en_us', ' kent state student media produces six award winning magazines with subjects including arts and poetry fashion minority and campus issues the kent stater is the premier source for news around campus each magazine has a circulation of 4 000 and the stater reaches 15 000 individuals advertising with kent state student media is an excellent way to make sure you reach the farthest corners of your audience '),
 ('10', 'field', '16', 'en_us', ''),
 ('3', 'field', '1', 'en_us', ' craft is the cms that s powering kentstatestudentmedia com it s beautiful powerful flexible and easy to use and it s made by pixel tonic we can t wait to dive in and see what it s capable of this is even more captivating content which you couldn t see on the news index page because it was entered after a page break and the news index template only likes to show the content on the first page craft a nice alternative to word if you re making a website '),
 ('3', 'field', '2', 'en_us', ''),
 ('3', 'slug', '0', 'en_us', ' we just installed craft '),
 ('3', 'title', '0', 'en_us', ' we just installed craft '),
 ('4', 'field', '6', 'en_us', ' brutus '),
 ('4', 'field', '7', 'en_us', ' buckeye '),
 ('4', 'field', '4', 'en_us', ' bbuckeye osu edu '),
 ('4', 'field', '10', 'en_us', ' 614 292 3321 '),
 ('4', 'field', '8', 'en_us', ' mascot '),
 ('4', 'field', '5', 'en_us', ' student '),
 ('4', 'field', '9', 'en_us', ' the burr '),
 ('4', 'field', '3', 'en_us', ' being awesome '),
 ('4', 'field', '1', 'en_us', ' hi '),
 ('4', 'slug', '0', 'en_us', ' brutus buckeye '),
 ('4', 'title', '0', 'en_us', ' brutus buckeye '),
 ('5', 'slug', '0', 'en_us', ''),
 ('6', 'slug', '0', 'en_us', ''),
 ('13', 'kind', '0', 'en_us', ' image '),
 ('13', 'slug', '0', 'en_us', ' sm logo rgb full color '),
 ('13', 'extension', '0', 'en_us', ' png '),
 ('13', 'filename', '0', 'en_us', ' sm_logo_rgb_fullcolor png '),
 ('6', 'field', '15', 'en_us', ' 500 hilltop drive '),
 ('6', 'field', '10', 'en_us', ' 614 292 3021 '),
 ('5', 'field', '14', 'en_us', ' sm logo rgb full color '),
 ('6', 'field', '4', 'en_us', ' bbuckeye osu edu '),
 ('27', 'slug', '0', 'en_us', ' statistics '),
 ('27', 'title', '0', 'en_us', ' 10 distinct media partners '),
 ('27', 'field', '20', 'en_us', ''),
 ('27', 'field', '12', 'en_us', ''),
 ('27', 'field', '19', 'en_us', ''),
 ('2', 'field', '16', 'en_us', ''),
 ('2', 'field', '17', 'en_us', ' tigger the dog '),
 ('10', 'slug', '0', 'en_us', ' a magazine '),
 ('10', 'title', '0', 'en_us', ' a magazine '),
 ('11', 'field', '12', 'en_us', ' this is a description of the statistic '),
 ('11', 'field', '19', 'en_us', ''),
 ('11', 'field', '20', 'en_us', ' a magazine '),
 ('11', 'slug', '0', 'en_us', ' this is a fun statistic '),
 ('11', 'title', '0', 'en_us', ' 80 years involved with the kent community '),
 ('12', 'field', '12', 'en_us', ' this is a description of the second statistic '),
 ('12', 'field', '19', 'en_us', ''),
 ('12', 'field', '20', 'en_us', ' a magazine '),
 ('12', 'slug', '0', 'en_us', ' this is a second statistic '),
 ('12', 'title', '0', 'en_us', ' 750 students employed by student media each year '),
 ('13', 'title', '0', 'en_us', ' sm logo rgb full color '),
 ('14', 'field', '14', 'en_us', ''),
 ('14', 'field', '19', 'en_us', ''),
 ('14', 'slug', '0', 'en_us', ' the burr '),
 ('14', 'title', '0', 'en_us', ' the burr '),
 ('15', 'field', '14', 'en_us', ''),
 ('15', 'field', '19', 'en_us', ''),
 ('15', 'slug', '0', 'en_us', ' kent stater '),
 ('15', 'title', '0', 'en_us', ' kent stater '),
 ('2', 'field', '11', 'en_us', ''),
 ('2', 'field', '12', 'en_us', ' this is our description '),
 ('15', 'field', '20', 'en_us', ''),
 ('2', 'field', '21', 'en_us', ' kent state student media is made by students for students '),
 ('18', 'filename', '0', 'en_us', ' grid field 03 png '),
 ('18', 'extension', '0', 'en_us', ' png '),
 ('18', 'kind', '0', 'en_us', ' image '),
 ('18', 'slug', '0', 'en_us', ' grid field 03 '),
 ('18', 'title', '0', 'en_us', ' grid field 03 '),
 ('2', 'field', '13', 'en_us', ' ux back '),
 ('19', 'field', '14', 'en_us', ''),
 ('19', 'field', '19', 'en_us', ''),
 ('19', 'field', '20', 'en_us', ''),
 ('19', 'slug', '0', 'en_us', ' black squirrel radio '),
 ('19', 'title', '0', 'en_us', ' black squirrel radio '),
 ('20', 'field', '14', 'en_us', ''),
 ('20', 'field', '19', 'en_us', ''),
 ('20', 'field', '20', 'en_us', ''),
 ('20', 'slug', '0', 'en_us', ' tv2 '),
 ('20', 'title', '0', 'en_us', ' tv2 '),
 ('21', 'field', '14', 'en_us', ''),
 ('21', 'field', '19', 'en_us', ''),
 ('21', 'field', '20', 'en_us', ''),
 ('21', 'slug', '0', 'en_us', ' fusion magazine '),
 ('21', 'title', '0', 'en_us', ' fusion magazine '),
 ('22', 'field', '14', 'en_us', ''),
 ('22', 'field', '19', 'en_us', ''),
 ('22', 'field', '20', 'en_us', ''),
 ('22', 'slug', '0', 'en_us', ' uhuru '),
 ('22', 'title', '0', 'en_us', ' uhuru '),
 ('23', 'field', '14', 'en_us', ''),
 ('23', 'field', '19', 'en_us', ''),
 ('23', 'field', '20', 'en_us', ''),
 ('23', 'slug', '0', 'en_us', ' kentwired '),
 ('23', 'title', '0', 'en_us', ' kentwired '),
 ('24', 'field', '14', 'en_us', ''),
 ('24', 'field', '19', 'en_us', '');
INSERT INTO `craft_searchindex` (`elementId`, `attribute`, `fieldId`, `locale`, `keywords`) VALUES
 ('24', 'field', '20', 'en_us', ''),
 ('24', 'slug', '0', 'en_us', ' luna negra '),
 ('24', 'title', '0', 'en_us', ' luna negra '),
 ('25', 'field', '14', 'en_us', ''),
 ('25', 'field', '19', 'en_us', ''),
 ('25', 'field', '20', 'en_us', ''),
 ('25', 'slug', '0', 'en_us', ' ksu independent films '),
 ('25', 'title', '0', 'en_us', ' ksu independent films '),
 ('10', 'field', '14', 'en_us', ''),
 ('10', 'field', '19', 'en_us', ''),
 ('10', 'field', '20', 'en_us', ''),
 ('27', 'field', '25', 'en_us', ''),
 ('30', 'field', '12', 'en_us', ''),
 ('30', 'field', '23', 'en_us', ''),
 ('30', 'field', '24', 'en_us', ''),
 ('30', 'field', '9', 'en_us', ''),
 ('30', 'slug', '0', 'en_us', ' easter '),
 ('30', 'title', '0', 'en_us', ' holidays '),
 ('6', 'field', '26', 'en_us', ''),
 ('31', 'filename', '0', 'en_us', ' ux back png '),
 ('31', 'extension', '0', 'en_us', ' png '),
 ('31', 'kind', '0', 'en_us', ' image '),
 ('31', 'slug', '0', 'en_us', ' ux back '),
 ('31', 'title', '0', 'en_us', ' ux back '),
 ('2', 'field', '22', 'en_us', ''),
 ('2', 'field', '25', 'en_us', '');



DROP TABLE IF EXISTS `craft_sections`;


--
-- Schema for table `craft_sections`
--
CREATE TABLE `craft_sections` (
  `id` int(11) NOT NULL AUTO_INCREMENT,
  `structureId` int(11) DEFAULT NULL,
  `name` varchar(255) COLLATE utf8_unicode_ci NOT NULL,
  `handle` varchar(255) COLLATE utf8_unicode_ci NOT NULL,
  `type` enum('single','channel','structure') COLLATE utf8_unicode_ci NOT NULL DEFAULT 'channel',
  `hasUrls` tinyint(1) unsigned NOT NULL DEFAULT '1',
  `template` varchar(500) COLLATE utf8_unicode_ci DEFAULT NULL,
  `enableVersioning` tinyint(1) unsigned NOT NULL DEFAULT '0',
  `dateCreated` datetime NOT NULL,
  `dateUpdated` datetime NOT NULL,
  `uid` char(36) COLLATE utf8_unicode_ci NOT NULL DEFAULT '0',
  PRIMARY KEY (`id`),
  UNIQUE KEY `craft_sections_name_unq_idx` (`name`),
  UNIQUE KEY `craft_sections_handle_unq_idx` (`handle`),
  KEY `craft_sections_structureId_fk` (`structureId`)
) ENGINE=InnoDB AUTO_INCREMENT=7 DEFAULT CHARSET=utf8 COLLATE=utf8_unicode_ci;

--
-- Data for table `craft_sections`
--

INSERT INTO `craft_sections` (`id`, `structureId`, `name`, `handle`, `type`, `hasUrls`, `template`, `enableVersioning`, `dateCreated`, `dateUpdated`, `uid`) VALUES
 ('1', NULL, 'Homepage', 'homepage', 'single', '1', 'index', '1', '2017-01-12 16:12:59', '2017-01-12 16:12:59', '319d4367-7a50-465a-b8ba-9f48d25b27cc'),
 ('2', NULL, 'News', 'news', 'channel', '1', 'news/_entry', '1', '2017-01-12 16:12:59', '2017-01-12 16:12:59', '18f38288-9660-46d8-a514-1853770f9587'),
 ('3', NULL, 'Hi', 'hi', 'channel', '1', 'hi/_entry', '1', '2017-02-15 17:15:36', '2017-02-15 17:53:36', '03bed264-3ea2-4fc9-9f70-59f1e3d27d88'),
 ('4', NULL, 'Media Partners', 'partners', 'channel', '1', 'media-partners/_entry', '1', '2017-02-23 21:40:51', '2017-02-27 15:18:00', 'a40190bc-da17-43f7-9ffd-0ca44202543c'),
 ('5', NULL, 'Statistics', 'statistics', 'channel', '1', 'statistics/_entry', '1', '2017-02-24 21:50:00', '2017-02-24 21:50:00', '0b5a64fa-f1fe-4ce0-84b8-50f2e525ccda'),
 ('6', NULL, 'Events', 'events', 'channel', '1', 'events/_entry', '1', '2017-03-08 16:24:40', '2017-03-09 02:29:15', '6a51f2b8-8b33-48ec-82b0-f49f7f3b57e3');



DROP TABLE IF EXISTS `craft_sections_i18n`;


--
-- Schema for table `craft_sections_i18n`
--
CREATE TABLE `craft_sections_i18n` (
  `id` int(11) NOT NULL AUTO_INCREMENT,
  `sectionId` int(11) NOT NULL,
  `locale` char(12) COLLATE utf8_unicode_ci NOT NULL,
  `enabledByDefault` tinyint(1) unsigned NOT NULL DEFAULT '1',
  `urlFormat` text COLLATE utf8_unicode_ci,
  `nestedUrlFormat` text COLLATE utf8_unicode_ci,
  `dateCreated` datetime NOT NULL,
  `dateUpdated` datetime NOT NULL,
  `uid` char(36) COLLATE utf8_unicode_ci NOT NULL DEFAULT '0',
  PRIMARY KEY (`id`),
  UNIQUE KEY `craft_sections_i18n_sectionId_locale_unq_idx` (`sectionId`,`locale`),
  KEY `craft_sections_i18n_locale_fk` (`locale`)
) ENGINE=InnoDB AUTO_INCREMENT=7 DEFAULT CHARSET=utf8 COLLATE=utf8_unicode_ci;

--
-- Data for table `craft_sections_i18n`
--

INSERT INTO `craft_sections_i18n` (`id`, `sectionId`, `locale`, `enabledByDefault`, `urlFormat`, `nestedUrlFormat`, `dateCreated`, `dateUpdated`, `uid`) VALUES
 ('1', '1', 'en_us', '1', '__home__', NULL, '2017-01-12 16:12:59', '2017-01-12 16:12:59', 'b34168d3-2228-4a5b-8d90-09bad941aff3'),
 ('2', '2', 'en_us', '1', 'news/{postDate.year}/{slug}', NULL, '2017-01-12 16:12:59', '2017-01-12 16:12:59', '89eda871-7fd5-46a3-815f-1c0782205f0e'),
 ('3', '3', 'en_us', '1', 'hi/{slug}', NULL, '2017-02-15 17:15:36', '2017-02-15 17:53:36', 'd041c3f5-1a88-4ad5-a815-2322e65c07bf'),
 ('4', '4', 'en_us', '1', 'partners/{slug}', NULL, '2017-02-23 21:40:51', '2017-02-27 15:18:00', '048239b2-b289-46d0-91a4-7f2756403654'),
 ('5', '5', 'en_us', '1', 'statistics/{slug}', NULL, '2017-02-24 21:50:00', '2017-02-24 21:50:00', '1189c990-4fee-4753-b845-a8ef7a8a8edc'),
 ('6', '6', 'en_us', '1', 'events/{slug}', NULL, '2017-03-08 16:24:40', '2017-03-08 16:24:40', '0ded5992-56af-48ef-a303-cb1f1dd83cca');



DROP TABLE IF EXISTS `craft_sessions`;


--
-- Schema for table `craft_sessions`
--
CREATE TABLE `craft_sessions` (
  `id` int(11) NOT NULL AUTO_INCREMENT,
  `userId` int(11) NOT NULL,
  `token` char(100) COLLATE utf8_unicode_ci NOT NULL,
  `dateCreated` datetime NOT NULL,
  `dateUpdated` datetime NOT NULL,
  `uid` char(36) COLLATE utf8_unicode_ci NOT NULL DEFAULT '0',
  PRIMARY KEY (`id`),
  KEY `craft_sessions_uid_idx` (`uid`),
  KEY `craft_sessions_token_idx` (`token`),
  KEY `craft_sessions_dateUpdated_idx` (`dateUpdated`),
  KEY `craft_sessions_userId_fk` (`userId`)
) ENGINE=InnoDB AUTO_INCREMENT=2 DEFAULT CHARSET=utf8 COLLATE=utf8_unicode_ci;

DROP TABLE IF EXISTS `craft_shunnedmessages`;


--
-- Schema for table `craft_shunnedmessages`
--
CREATE TABLE `craft_shunnedmessages` (
  `id` int(11) NOT NULL AUTO_INCREMENT,
  `userId` int(11) NOT NULL,
  `message` varchar(255) COLLATE utf8_unicode_ci NOT NULL,
  `expiryDate` datetime DEFAULT NULL,
  `dateCreated` datetime NOT NULL,
  `dateUpdated` datetime NOT NULL,
  `uid` char(36) COLLATE utf8_unicode_ci NOT NULL DEFAULT '0',
  PRIMARY KEY (`id`),
  UNIQUE KEY `craft_shunnedmessages_userId_message_unq_idx` (`userId`,`message`)
) ENGINE=InnoDB DEFAULT CHARSET=utf8 COLLATE=utf8_unicode_ci;

DROP TABLE IF EXISTS `craft_structureelements`;


--
-- Schema for table `craft_structureelements`
--
CREATE TABLE `craft_structureelements` (
  `id` int(11) NOT NULL AUTO_INCREMENT,
  `structureId` int(11) NOT NULL,
  `elementId` int(11) DEFAULT NULL,
  `root` int(11) unsigned DEFAULT NULL,
  `lft` int(11) unsigned NOT NULL,
  `rgt` int(11) unsigned NOT NULL,
  `level` smallint(6) unsigned NOT NULL,
  `dateCreated` datetime NOT NULL,
  `dateUpdated` datetime NOT NULL,
  `uid` char(36) COLLATE utf8_unicode_ci NOT NULL DEFAULT '0',
  PRIMARY KEY (`id`),
  UNIQUE KEY `craft_structureelements_structureId_elementId_unq_idx` (`structureId`,`elementId`),
  KEY `craft_structureelements_root_idx` (`root`),
  KEY `craft_structureelements_lft_idx` (`lft`),
  KEY `craft_structureelements_rgt_idx` (`rgt`),
  KEY `craft_structureelements_level_idx` (`level`),
  KEY `craft_structureelements_elementId_fk` (`elementId`)
) ENGINE=InnoDB DEFAULT CHARSET=utf8 COLLATE=utf8_unicode_ci;

DROP TABLE IF EXISTS `craft_structures`;


--
-- Schema for table `craft_structures`
--
CREATE TABLE `craft_structures` (
  `id` int(11) NOT NULL AUTO_INCREMENT,
  `maxLevels` smallint(6) unsigned DEFAULT NULL,
  `dateCreated` datetime NOT NULL,
  `dateUpdated` datetime NOT NULL,
  `uid` char(36) COLLATE utf8_unicode_ci NOT NULL DEFAULT '0',
  PRIMARY KEY (`id`)
) ENGINE=InnoDB DEFAULT CHARSET=utf8 COLLATE=utf8_unicode_ci;

DROP TABLE IF EXISTS `craft_systemsettings`;


--
-- Schema for table `craft_systemsettings`
--
CREATE TABLE `craft_systemsettings` (
  `id` int(11) NOT NULL AUTO_INCREMENT,
  `category` varchar(15) COLLATE utf8_unicode_ci NOT NULL,
  `settings` text COLLATE utf8_unicode_ci,
  `dateCreated` datetime NOT NULL,
  `dateUpdated` datetime NOT NULL,
  `uid` char(36) COLLATE utf8_unicode_ci NOT NULL DEFAULT '0',
  PRIMARY KEY (`id`),
  UNIQUE KEY `craft_systemsettings_category_unq_idx` (`category`)
) ENGINE=InnoDB AUTO_INCREMENT=2 DEFAULT CHARSET=utf8 COLLATE=utf8_unicode_ci;

--
-- Data for table `craft_systemsettings`
--

INSERT INTO `craft_systemsettings` (`id`, `category`, `settings`, `dateCreated`, `dateUpdated`, `uid`) VALUES
 ('1', 'email', '{\"protocol\":\"php\",\"emailAddress\":\"challahan@ideabasekent.com\",\"senderName\":\"Kent State Student Media\"}', '2017-01-12 16:12:59', '2017-01-12 16:12:59', 'bbaaf90a-39dd-4bba-8927-5cabca4ea28b');



DROP TABLE IF EXISTS `craft_taggroups`;


--
-- Schema for table `craft_taggroups`
--
CREATE TABLE `craft_taggroups` (
  `id` int(11) NOT NULL AUTO_INCREMENT,
  `name` varchar(255) COLLATE utf8_unicode_ci NOT NULL,
  `handle` varchar(255) COLLATE utf8_unicode_ci NOT NULL,
  `fieldLayoutId` int(10) DEFAULT NULL,
  `dateCreated` datetime NOT NULL,
  `dateUpdated` datetime NOT NULL,
  `uid` char(36) COLLATE utf8_unicode_ci NOT NULL DEFAULT '0',
  PRIMARY KEY (`id`),
  UNIQUE KEY `craft_taggroups_name_unq_idx` (`name`),
  UNIQUE KEY `craft_taggroups_handle_unq_idx` (`handle`),
  KEY `craft_taggroups_fieldLayoutId_fk` (`fieldLayoutId`)
) ENGINE=InnoDB AUTO_INCREMENT=2 DEFAULT CHARSET=utf8 COLLATE=utf8_unicode_ci;

--
-- Data for table `craft_taggroups`
--

INSERT INTO `craft_taggroups` (`id`, `name`, `handle`, `fieldLayoutId`, `dateCreated`, `dateUpdated`, `uid`) VALUES
 ('1', 'Default', 'default', '1', '2017-01-12 16:12:59', '2017-01-12 16:12:59', '7438c20a-25b6-4a33-9cea-7b39061b9af1');



DROP TABLE IF EXISTS `craft_tags`;


--
-- Schema for table `craft_tags`
--
CREATE TABLE `craft_tags` (
  `id` int(11) NOT NULL,
  `groupId` int(11) NOT NULL,
  `dateCreated` datetime NOT NULL,
  `dateUpdated` datetime NOT NULL,
  `uid` char(36) COLLATE utf8_unicode_ci NOT NULL DEFAULT '0',
  PRIMARY KEY (`id`),
  KEY `craft_tags_groupId_fk` (`groupId`)
) ENGINE=InnoDB DEFAULT CHARSET=utf8 COLLATE=utf8_unicode_ci;

DROP TABLE IF EXISTS `craft_tasks`;


--
-- Schema for table `craft_tasks`
--
CREATE TABLE `craft_tasks` (
  `id` int(11) NOT NULL AUTO_INCREMENT,
  `root` int(11) unsigned DEFAULT NULL,
  `lft` int(11) unsigned NOT NULL,
  `rgt` int(11) unsigned NOT NULL,
  `level` smallint(6) unsigned NOT NULL,
  `currentStep` int(11) unsigned DEFAULT NULL,
  `totalSteps` int(11) unsigned DEFAULT NULL,
  `status` enum('pending','error','running') COLLATE utf8_unicode_ci DEFAULT NULL,
  `type` varchar(150) COLLATE utf8_unicode_ci NOT NULL,
  `description` varchar(255) COLLATE utf8_unicode_ci DEFAULT NULL,
  `settings` mediumtext COLLATE utf8_unicode_ci,
  `dateCreated` datetime NOT NULL,
  `dateUpdated` datetime NOT NULL,
  `uid` char(36) COLLATE utf8_unicode_ci NOT NULL DEFAULT '0',
  PRIMARY KEY (`id`),
  KEY `craft_tasks_root_idx` (`root`),
  KEY `craft_tasks_lft_idx` (`lft`),
  KEY `craft_tasks_rgt_idx` (`rgt`),
  KEY `craft_tasks_level_idx` (`level`)
) ENGINE=InnoDB AUTO_INCREMENT=4 DEFAULT CHARSET=utf8 COLLATE=utf8_unicode_ci;

DROP TABLE IF EXISTS `craft_templatecachecriteria`;


--
-- Schema for table `craft_templatecachecriteria`
--
CREATE TABLE `craft_templatecachecriteria` (
  `id` int(11) NOT NULL AUTO_INCREMENT,
  `cacheId` int(11) NOT NULL,
  `type` varchar(150) COLLATE utf8_unicode_ci NOT NULL,
  `criteria` text COLLATE utf8_unicode_ci NOT NULL,
  PRIMARY KEY (`id`),
  KEY `craft_templatecachecriteria_cacheId_fk` (`cacheId`),
  KEY `craft_templatecachecriteria_type_idx` (`type`)
) ENGINE=InnoDB DEFAULT CHARSET=utf8 COLLATE=utf8_unicode_ci;

DROP TABLE IF EXISTS `craft_templatecacheelements`;


--
-- Schema for table `craft_templatecacheelements`
--
CREATE TABLE `craft_templatecacheelements` (
  `cacheId` int(11) NOT NULL,
  `elementId` int(11) NOT NULL,
  KEY `craft_templatecacheelements_cacheId_fk` (`cacheId`),
  KEY `craft_templatecacheelements_elementId_fk` (`elementId`)
) ENGINE=InnoDB DEFAULT CHARSET=utf8 COLLATE=utf8_unicode_ci;

DROP TABLE IF EXISTS `craft_templatecaches`;


--
-- Schema for table `craft_templatecaches`
--
CREATE TABLE `craft_templatecaches` (
  `id` int(11) NOT NULL AUTO_INCREMENT,
  `cacheKey` varchar(255) COLLATE utf8_unicode_ci NOT NULL,
  `locale` char(12) COLLATE utf8_unicode_ci NOT NULL,
  `path` varchar(255) COLLATE utf8_unicode_ci DEFAULT NULL,
  `expiryDate` datetime NOT NULL,
  `body` mediumtext COLLATE utf8_unicode_ci NOT NULL,
  PRIMARY KEY (`id`),
  KEY `craft_templatecaches_expiryDate_cacheKey_locale_path_idx` (`expiryDate`,`cacheKey`,`locale`,`path`),
  KEY `craft_templatecaches_locale_fk` (`locale`)
) ENGINE=InnoDB DEFAULT CHARSET=utf8 COLLATE=utf8_unicode_ci;

DROP TABLE IF EXISTS `craft_tokens`;


--
-- Schema for table `craft_tokens`
--
CREATE TABLE `craft_tokens` (
  `id` int(11) NOT NULL AUTO_INCREMENT,
  `token` char(32) COLLATE utf8_unicode_ci NOT NULL,
  `route` text COLLATE utf8_unicode_ci,
  `usageLimit` tinyint(3) unsigned DEFAULT NULL,
  `usageCount` tinyint(3) unsigned DEFAULT NULL,
  `expiryDate` datetime NOT NULL,
  `dateCreated` datetime NOT NULL,
  `dateUpdated` datetime NOT NULL,
  `uid` char(36) COLLATE utf8_unicode_ci NOT NULL DEFAULT '0',
  PRIMARY KEY (`id`),
  UNIQUE KEY `craft_tokens_token_unq_idx` (`token`),
  KEY `craft_tokens_expiryDate_idx` (`expiryDate`)
) ENGINE=InnoDB DEFAULT CHARSET=utf8 COLLATE=utf8_unicode_ci;

DROP TABLE IF EXISTS `craft_usergroups`;


--
-- Schema for table `craft_usergroups`
--
CREATE TABLE `craft_usergroups` (
  `id` int(11) NOT NULL AUTO_INCREMENT,
  `name` varchar(255) COLLATE utf8_unicode_ci NOT NULL,
  `handle` varchar(255) COLLATE utf8_unicode_ci NOT NULL,
  `dateCreated` datetime NOT NULL,
  `dateUpdated` datetime NOT NULL,
  `uid` char(36) COLLATE utf8_unicode_ci NOT NULL DEFAULT '0',
  PRIMARY KEY (`id`),
  UNIQUE KEY `craft_usergroups_name_unq_idx` (`name`),
  UNIQUE KEY `craft_usergroups_handle_unq_idx` (`handle`)
) ENGINE=InnoDB DEFAULT CHARSET=utf8 COLLATE=utf8_unicode_ci;

DROP TABLE IF EXISTS `craft_usergroups_users`;


--
-- Schema for table `craft_usergroups_users`
--
CREATE TABLE `craft_usergroups_users` (
  `id` int(11) NOT NULL AUTO_INCREMENT,
  `groupId` int(11) NOT NULL,
  `userId` int(11) NOT NULL,
  `dateCreated` datetime NOT NULL,
  `dateUpdated` datetime NOT NULL,
  `uid` char(36) COLLATE utf8_unicode_ci NOT NULL DEFAULT '0',
  PRIMARY KEY (`id`),
  UNIQUE KEY `craft_usergroups_users_groupId_userId_unq_idx` (`groupId`,`userId`),
  KEY `craft_usergroups_users_userId_fk` (`userId`)
) ENGINE=InnoDB DEFAULT CHARSET=utf8 COLLATE=utf8_unicode_ci;

DROP TABLE IF EXISTS `craft_userpermissions`;


--
-- Schema for table `craft_userpermissions`
--
CREATE TABLE `craft_userpermissions` (
  `id` int(11) NOT NULL AUTO_INCREMENT,
  `name` varchar(255) COLLATE utf8_unicode_ci NOT NULL,
  `dateCreated` datetime NOT NULL,
  `dateUpdated` datetime NOT NULL,
  `uid` char(36) COLLATE utf8_unicode_ci NOT NULL DEFAULT '0',
  PRIMARY KEY (`id`),
  UNIQUE KEY `craft_userpermissions_name_unq_idx` (`name`)
) ENGINE=InnoDB DEFAULT CHARSET=utf8 COLLATE=utf8_unicode_ci;

DROP TABLE IF EXISTS `craft_userpermissions_usergroups`;


--
-- Schema for table `craft_userpermissions_usergroups`
--
CREATE TABLE `craft_userpermissions_usergroups` (
  `id` int(11) NOT NULL AUTO_INCREMENT,
  `permissionId` int(11) NOT NULL,
  `groupId` int(11) NOT NULL,
  `dateCreated` datetime NOT NULL,
  `dateUpdated` datetime NOT NULL,
  `uid` char(36) COLLATE utf8_unicode_ci NOT NULL DEFAULT '0',
  PRIMARY KEY (`id`),
  UNIQUE KEY `craft_userpermissions_usergroups_permissionId_groupId_unq_idx` (`permissionId`,`groupId`),
  KEY `craft_userpermissions_usergroups_groupId_fk` (`groupId`)
) ENGINE=InnoDB DEFAULT CHARSET=utf8 COLLATE=utf8_unicode_ci;

DROP TABLE IF EXISTS `craft_userpermissions_users`;


--
-- Schema for table `craft_userpermissions_users`
--
CREATE TABLE `craft_userpermissions_users` (
  `id` int(11) NOT NULL AUTO_INCREMENT,
  `permissionId` int(11) NOT NULL,
  `userId` int(11) NOT NULL,
  `dateCreated` datetime NOT NULL,
  `dateUpdated` datetime NOT NULL,
  `uid` char(36) COLLATE utf8_unicode_ci NOT NULL DEFAULT '0',
  PRIMARY KEY (`id`),
  UNIQUE KEY `craft_userpermissions_users_permissionId_userId_unq_idx` (`permissionId`,`userId`),
  KEY `craft_userpermissions_users_userId_fk` (`userId`)
) ENGINE=InnoDB DEFAULT CHARSET=utf8 COLLATE=utf8_unicode_ci;

DROP TABLE IF EXISTS `craft_users`;


--
-- Schema for table `craft_users`
--
CREATE TABLE `craft_users` (
  `id` int(11) NOT NULL,
  `username` varchar(100) COLLATE utf8_unicode_ci NOT NULL,
  `photo` varchar(100) COLLATE utf8_unicode_ci DEFAULT NULL,
  `firstName` varchar(100) COLLATE utf8_unicode_ci DEFAULT NULL,
  `lastName` varchar(100) COLLATE utf8_unicode_ci DEFAULT NULL,
  `email` varchar(255) COLLATE utf8_unicode_ci NOT NULL,
  `password` char(255) COLLATE utf8_unicode_ci DEFAULT NULL,
  `preferredLocale` char(12) COLLATE utf8_unicode_ci DEFAULT NULL,
  `weekStartDay` tinyint(1) unsigned NOT NULL DEFAULT '0',
  `admin` tinyint(1) unsigned NOT NULL DEFAULT '0',
  `client` tinyint(1) unsigned NOT NULL DEFAULT '0',
  `locked` tinyint(1) unsigned NOT NULL DEFAULT '0',
  `suspended` tinyint(1) unsigned NOT NULL DEFAULT '0',
  `pending` tinyint(1) unsigned NOT NULL DEFAULT '0',
  `archived` tinyint(1) unsigned NOT NULL DEFAULT '0',
  `lastLoginDate` datetime DEFAULT NULL,
  `lastLoginAttemptIPAddress` varchar(45) COLLATE utf8_unicode_ci DEFAULT NULL,
  `invalidLoginWindowStart` datetime DEFAULT NULL,
  `invalidLoginCount` tinyint(4) unsigned DEFAULT NULL,
  `lastInvalidLoginDate` datetime DEFAULT NULL,
  `lockoutDate` datetime DEFAULT NULL,
  `verificationCode` char(100) COLLATE utf8_unicode_ci DEFAULT NULL,
  `verificationCodeIssuedDate` datetime DEFAULT NULL,
  `unverifiedEmail` varchar(255) COLLATE utf8_unicode_ci DEFAULT NULL,
  `passwordResetRequired` tinyint(1) unsigned NOT NULL DEFAULT '0',
  `lastPasswordChangeDate` datetime DEFAULT NULL,
  `dateCreated` datetime NOT NULL,
  `dateUpdated` datetime NOT NULL,
  `uid` char(36) COLLATE utf8_unicode_ci NOT NULL DEFAULT '0',
  PRIMARY KEY (`id`),
  UNIQUE KEY `craft_users_username_unq_idx` (`username`),
  UNIQUE KEY `craft_users_email_unq_idx` (`email`),
  KEY `craft_users_verificationCode_idx` (`verificationCode`),
  KEY `craft_users_uid_idx` (`uid`),
  KEY `craft_users_preferredLocale_fk` (`preferredLocale`)
) ENGINE=InnoDB DEFAULT CHARSET=utf8 COLLATE=utf8_unicode_ci;

--
-- Data for table `craft_users`
--

INSERT INTO `craft_users` (`id`, `username`, `photo`, `firstName`, `lastName`, `email`, `password`, `preferredLocale`, `weekStartDay`, `admin`, `client`, `locked`, `suspended`, `pending`, `archived`, `lastLoginDate`, `lastLoginAttemptIPAddress`, `invalidLoginWindowStart`, `invalidLoginCount`, `lastInvalidLoginDate`, `lockoutDate`, `verificationCode`, `verificationCodeIssuedDate`, `unverifiedEmail`, `passwordResetRequired`, `lastPasswordChangeDate`, `dateCreated`, `dateUpdated`, `uid`) VALUES
 ('1', 'studentmedia', NULL, NULL, NULL, 'challahan@ideabasekent.com', '$2y$13$X0tsGa9y3ilIcJitArMNYOfhGRUc4q6FnUPL/adZkptfNbRWTLqH2', NULL, '0', '1', '0', '0', '0', '0', '0', '2017-04-10 18:05:59', '::1', NULL, NULL, '2017-02-15 17:08:06', NULL, NULL, NULL, NULL, '0', '2017-01-12 16:12:58', '2017-01-12 16:12:58', '2017-04-10 18:05:59', 'f58ab9f4-2f8d-4925-97d8-ae38814a640f');



DROP TABLE IF EXISTS `craft_widgets`;


--
-- Schema for table `craft_widgets`
--
CREATE TABLE `craft_widgets` (
  `id` int(11) NOT NULL AUTO_INCREMENT,
  `userId` int(11) NOT NULL,
  `type` varchar(150) COLLATE utf8_unicode_ci NOT NULL,
  `sortOrder` smallint(6) unsigned DEFAULT NULL,
  `colspan` tinyint(4) unsigned DEFAULT NULL,
  `settings` text COLLATE utf8_unicode_ci,
  `enabled` tinyint(1) unsigned NOT NULL DEFAULT '1',
  `dateCreated` datetime NOT NULL,
  `dateUpdated` datetime NOT NULL,
  `uid` char(36) COLLATE utf8_unicode_ci NOT NULL DEFAULT '0',
  PRIMARY KEY (`id`),
  KEY `craft_widgets_userId_fk` (`userId`)
) ENGINE=InnoDB AUTO_INCREMENT=5 DEFAULT CHARSET=utf8 COLLATE=utf8_unicode_ci;

--
-- Data for table `craft_widgets`
--

INSERT INTO `craft_widgets` (`id`, `userId`, `type`, `sortOrder`, `colspan`, `settings`, `enabled`, `dateCreated`, `dateUpdated`, `uid`) VALUES
 ('1', '1', 'RecentEntries', '1', NULL, NULL, '1', '2017-01-12 16:13:00', '2017-01-12 16:13:00', '3ee5d5c2-1972-4a9c-9a2c-294b13ff4d2c'),
 ('2', '1', 'GetHelp', '2', NULL, NULL, '1', '2017-01-12 16:13:00', '2017-01-12 16:13:00', 'f29f1732-5790-4872-a534-d987a5b6ab7f'),
 ('3', '1', 'Updates', '3', NULL, NULL, '1', '2017-01-12 16:13:00', '2017-01-12 16:13:00', '71e25540-8687-492c-b97f-d8cf67dcf597'),
 ('4', '1', 'Feed', '4', NULL, '{\"url\":\"https:\\/\\/craftcms.com\\/news.rss\",\"title\":\"Craft News\"}', '1', '2017-01-12 16:13:00', '2017-01-12 16:13:00', '3ce3670f-b9c1-4d0d-acdf-13fd71dd6785');


--
-- Constraints for tables
--


--
-- Constraints for table `craft_assetfiles`
--
ALTER TABLE `craft_assetfiles`
	ADD CONSTRAINT `craft_assetfiles_folderId_fk` FOREIGN KEY (`folderId`) REFERENCES `craft_assetfolders` (`id`) ON DELETE CASCADE,
	ADD CONSTRAINT `craft_assetfiles_id_fk` FOREIGN KEY (`id`) REFERENCES `craft_elements` (`id`) ON DELETE CASCADE,
	ADD CONSTRAINT `craft_assetfiles_sourceId_fk` FOREIGN KEY (`sourceId`) REFERENCES `craft_assetsources` (`id`) ON DELETE CASCADE;

--
-- Constraints for table `craft_assetfolders`
--
ALTER TABLE `craft_assetfolders`
	ADD CONSTRAINT `craft_assetfolders_parentId_fk` FOREIGN KEY (`parentId`) REFERENCES `craft_assetfolders` (`id`) ON DELETE CASCADE,
	ADD CONSTRAINT `craft_assetfolders_sourceId_fk` FOREIGN KEY (`sourceId`) REFERENCES `craft_assetsources` (`id`) ON DELETE CASCADE;

--
-- Constraints for table `craft_assetindexdata`
--
ALTER TABLE `craft_assetindexdata`
	ADD CONSTRAINT `craft_assetindexdata_sourceId_fk` FOREIGN KEY (`sourceId`) REFERENCES `craft_assetsources` (`id`) ON DELETE CASCADE;

--
-- Constraints for table `craft_assetsources`
--
ALTER TABLE `craft_assetsources`
	ADD CONSTRAINT `craft_assetsources_fieldLayoutId_fk` FOREIGN KEY (`fieldLayoutId`) REFERENCES `craft_fieldlayouts` (`id`) ON DELETE SET NULL;

--
-- Constraints for table `craft_categories`
--
ALTER TABLE `craft_categories`
	ADD CONSTRAINT `craft_categories_groupId_fk` FOREIGN KEY (`groupId`) REFERENCES `craft_categorygroups` (`id`) ON DELETE CASCADE,
	ADD CONSTRAINT `craft_categories_id_fk` FOREIGN KEY (`id`) REFERENCES `craft_elements` (`id`) ON DELETE CASCADE;

--
-- Constraints for table `craft_categorygroups`
--
ALTER TABLE `craft_categorygroups`
	ADD CONSTRAINT `craft_categorygroups_fieldLayoutId_fk` FOREIGN KEY (`fieldLayoutId`) REFERENCES `craft_fieldlayouts` (`id`) ON DELETE SET NULL,
	ADD CONSTRAINT `craft_categorygroups_structureId_fk` FOREIGN KEY (`structureId`) REFERENCES `craft_structures` (`id`) ON DELETE CASCADE;

--
-- Constraints for table `craft_categorygroups_i18n`
--
ALTER TABLE `craft_categorygroups_i18n`
	ADD CONSTRAINT `craft_categorygroups_i18n_groupId_fk` FOREIGN KEY (`groupId`) REFERENCES `craft_categorygroups` (`id`) ON DELETE CASCADE,
	ADD CONSTRAINT `craft_categorygroups_i18n_locale_fk` FOREIGN KEY (`locale`) REFERENCES `craft_locales` (`locale`) ON DELETE CASCADE ON UPDATE CASCADE;

--
-- Constraints for table `craft_content`
--
ALTER TABLE `craft_content`
	ADD CONSTRAINT `craft_content_elementId_fk` FOREIGN KEY (`elementId`) REFERENCES `craft_elements` (`id`) ON DELETE CASCADE,
	ADD CONSTRAINT `craft_content_locale_fk` FOREIGN KEY (`locale`) REFERENCES `craft_locales` (`locale`) ON DELETE CASCADE ON UPDATE CASCADE;

--
-- Constraints for table `craft_elements_i18n`
--
ALTER TABLE `craft_elements_i18n`
	ADD CONSTRAINT `craft_elements_i18n_elementId_fk` FOREIGN KEY (`elementId`) REFERENCES `craft_elements` (`id`) ON DELETE CASCADE,
	ADD CONSTRAINT `craft_elements_i18n_locale_fk` FOREIGN KEY (`locale`) REFERENCES `craft_locales` (`locale`) ON DELETE CASCADE ON UPDATE CASCADE;

--
-- Constraints for table `craft_emailmessages`
--
ALTER TABLE `craft_emailmessages`
	ADD CONSTRAINT `craft_emailmessages_locale_fk` FOREIGN KEY (`locale`) REFERENCES `craft_locales` (`locale`) ON DELETE CASCADE ON UPDATE CASCADE;

--
-- Constraints for table `craft_entries`
--
ALTER TABLE `craft_entries`
	ADD CONSTRAINT `craft_entries_authorId_fk` FOREIGN KEY (`authorId`) REFERENCES `craft_users` (`id`) ON DELETE CASCADE,
	ADD CONSTRAINT `craft_entries_id_fk` FOREIGN KEY (`id`) REFERENCES `craft_elements` (`id`) ON DELETE CASCADE,
	ADD CONSTRAINT `craft_entries_sectionId_fk` FOREIGN KEY (`sectionId`) REFERENCES `craft_sections` (`id`) ON DELETE CASCADE,
	ADD CONSTRAINT `craft_entries_typeId_fk` FOREIGN KEY (`typeId`) REFERENCES `craft_entrytypes` (`id`) ON DELETE CASCADE;

--
-- Constraints for table `craft_entrydrafts`
--
ALTER TABLE `craft_entrydrafts`
	ADD CONSTRAINT `craft_entrydrafts_creatorId_fk` FOREIGN KEY (`creatorId`) REFERENCES `craft_users` (`id`) ON DELETE CASCADE,
	ADD CONSTRAINT `craft_entrydrafts_entryId_fk` FOREIGN KEY (`entryId`) REFERENCES `craft_entries` (`id`) ON DELETE CASCADE,
	ADD CONSTRAINT `craft_entrydrafts_locale_fk` FOREIGN KEY (`locale`) REFERENCES `craft_locales` (`locale`) ON DELETE CASCADE ON UPDATE CASCADE,
	ADD CONSTRAINT `craft_entrydrafts_sectionId_fk` FOREIGN KEY (`sectionId`) REFERENCES `craft_sections` (`id`) ON DELETE CASCADE;

--
-- Constraints for table `craft_entrytypes`
--
ALTER TABLE `craft_entrytypes`
	ADD CONSTRAINT `craft_entrytypes_fieldLayoutId_fk` FOREIGN KEY (`fieldLayoutId`) REFERENCES `craft_fieldlayouts` (`id`) ON DELETE SET NULL,
	ADD CONSTRAINT `craft_entrytypes_sectionId_fk` FOREIGN KEY (`sectionId`) REFERENCES `craft_sections` (`id`) ON DELETE CASCADE;

--
-- Constraints for table `craft_entryversions`
--
ALTER TABLE `craft_entryversions`
	ADD CONSTRAINT `craft_entryversions_creatorId_fk` FOREIGN KEY (`creatorId`) REFERENCES `craft_users` (`id`) ON DELETE SET NULL,
	ADD CONSTRAINT `craft_entryversions_entryId_fk` FOREIGN KEY (`entryId`) REFERENCES `craft_entries` (`id`) ON DELETE CASCADE,
	ADD CONSTRAINT `craft_entryversions_locale_fk` FOREIGN KEY (`locale`) REFERENCES `craft_locales` (`locale`) ON DELETE CASCADE ON UPDATE CASCADE,
	ADD CONSTRAINT `craft_entryversions_sectionId_fk` FOREIGN KEY (`sectionId`) REFERENCES `craft_sections` (`id`) ON DELETE CASCADE;

--
-- Constraints for table `craft_fieldlayoutfields`
--
ALTER TABLE `craft_fieldlayoutfields`
	ADD CONSTRAINT `craft_fieldlayoutfields_fieldId_fk` FOREIGN KEY (`fieldId`) REFERENCES `craft_fields` (`id`) ON DELETE CASCADE,
	ADD CONSTRAINT `craft_fieldlayoutfields_layoutId_fk` FOREIGN KEY (`layoutId`) REFERENCES `craft_fieldlayouts` (`id`) ON DELETE CASCADE,
	ADD CONSTRAINT `craft_fieldlayoutfields_tabId_fk` FOREIGN KEY (`tabId`) REFERENCES `craft_fieldlayouttabs` (`id`) ON DELETE CASCADE;

--
-- Constraints for table `craft_fieldlayouttabs`
--
ALTER TABLE `craft_fieldlayouttabs`
	ADD CONSTRAINT `craft_fieldlayouttabs_layoutId_fk` FOREIGN KEY (`layoutId`) REFERENCES `craft_fieldlayouts` (`id`) ON DELETE CASCADE;

--
-- Constraints for table `craft_fields`
--
ALTER TABLE `craft_fields`
	ADD CONSTRAINT `craft_fields_groupId_fk` FOREIGN KEY (`groupId`) REFERENCES `craft_fieldgroups` (`id`) ON DELETE CASCADE;

--
-- Constraints for table `craft_globalsets`
--
ALTER TABLE `craft_globalsets`
	ADD CONSTRAINT `craft_globalsets_fieldLayoutId_fk` FOREIGN KEY (`fieldLayoutId`) REFERENCES `craft_fieldlayouts` (`id`) ON DELETE SET NULL,
	ADD CONSTRAINT `craft_globalsets_id_fk` FOREIGN KEY (`id`) REFERENCES `craft_elements` (`id`) ON DELETE CASCADE;

--
-- Constraints for table `craft_matrixblocks`
--
ALTER TABLE `craft_matrixblocks`
	ADD CONSTRAINT `craft_matrixblocks_fieldId_fk` FOREIGN KEY (`fieldId`) REFERENCES `craft_fields` (`id`) ON DELETE CASCADE,
	ADD CONSTRAINT `craft_matrixblocks_id_fk` FOREIGN KEY (`id`) REFERENCES `craft_elements` (`id`) ON DELETE CASCADE,
	ADD CONSTRAINT `craft_matrixblocks_ownerId_fk` FOREIGN KEY (`ownerId`) REFERENCES `craft_elements` (`id`) ON DELETE CASCADE,
	ADD CONSTRAINT `craft_matrixblocks_ownerLocale_fk` FOREIGN KEY (`ownerLocale`) REFERENCES `craft_locales` (`locale`) ON DELETE CASCADE ON UPDATE CASCADE,
	ADD CONSTRAINT `craft_matrixblocks_typeId_fk` FOREIGN KEY (`typeId`) REFERENCES `craft_matrixblocktypes` (`id`) ON DELETE CASCADE;

--
-- Constraints for table `craft_matrixblocktypes`
--
ALTER TABLE `craft_matrixblocktypes`
	ADD CONSTRAINT `craft_matrixblocktypes_fieldId_fk` FOREIGN KEY (`fieldId`) REFERENCES `craft_fields` (`id`) ON DELETE CASCADE,
	ADD CONSTRAINT `craft_matrixblocktypes_fieldLayoutId_fk` FOREIGN KEY (`fieldLayoutId`) REFERENCES `craft_fieldlayouts` (`id`) ON DELETE SET NULL;

--
-- Constraints for table `craft_migrations`
--
ALTER TABLE `craft_migrations`
	ADD CONSTRAINT `craft_migrations_pluginId_fk` FOREIGN KEY (`pluginId`) REFERENCES `craft_plugins` (`id`) ON DELETE CASCADE;

--
-- Constraints for table `craft_relations`
--
ALTER TABLE `craft_relations`
	ADD CONSTRAINT `craft_relations_fieldId_fk` FOREIGN KEY (`fieldId`) REFERENCES `craft_fields` (`id`) ON DELETE CASCADE,
	ADD CONSTRAINT `craft_relations_sourceId_fk` FOREIGN KEY (`sourceId`) REFERENCES `craft_elements` (`id`) ON DELETE CASCADE,
	ADD CONSTRAINT `craft_relations_sourceLocale_fk` FOREIGN KEY (`sourceLocale`) REFERENCES `craft_locales` (`locale`) ON DELETE CASCADE ON UPDATE CASCADE,
	ADD CONSTRAINT `craft_relations_targetId_fk` FOREIGN KEY (`targetId`) REFERENCES `craft_elements` (`id`) ON DELETE CASCADE;

--
-- Constraints for table `craft_routes`
--
ALTER TABLE `craft_routes`
	ADD CONSTRAINT `craft_routes_locale_fk` FOREIGN KEY (`locale`) REFERENCES `craft_locales` (`locale`) ON DELETE CASCADE ON UPDATE CASCADE;

--
-- Constraints for table `craft_sections`
--
ALTER TABLE `craft_sections`
	ADD CONSTRAINT `craft_sections_structureId_fk` FOREIGN KEY (`structureId`) REFERENCES `craft_structures` (`id`) ON DELETE SET NULL;

--
-- Constraints for table `craft_sections_i18n`
--
ALTER TABLE `craft_sections_i18n`
	ADD CONSTRAINT `craft_sections_i18n_locale_fk` FOREIGN KEY (`locale`) REFERENCES `craft_locales` (`locale`) ON DELETE CASCADE ON UPDATE CASCADE,
	ADD CONSTRAINT `craft_sections_i18n_sectionId_fk` FOREIGN KEY (`sectionId`) REFERENCES `craft_sections` (`id`) ON DELETE CASCADE;

--
-- Constraints for table `craft_sessions`
--
ALTER TABLE `craft_sessions`
	ADD CONSTRAINT `craft_sessions_userId_fk` FOREIGN KEY (`userId`) REFERENCES `craft_users` (`id`) ON DELETE CASCADE;

--
-- Constraints for table `craft_shunnedmessages`
--
ALTER TABLE `craft_shunnedmessages`
	ADD CONSTRAINT `craft_shunnedmessages_userId_fk` FOREIGN KEY (`userId`) REFERENCES `craft_users` (`id`) ON DELETE CASCADE;

--
-- Constraints for table `craft_structureelements`
--
ALTER TABLE `craft_structureelements`
	ADD CONSTRAINT `craft_structureelements_elementId_fk` FOREIGN KEY (`elementId`) REFERENCES `craft_elements` (`id`) ON DELETE CASCADE,
	ADD CONSTRAINT `craft_structureelements_structureId_fk` FOREIGN KEY (`structureId`) REFERENCES `craft_structures` (`id`) ON DELETE CASCADE;

--
-- Constraints for table `craft_taggroups`
--
ALTER TABLE `craft_taggroups`
	ADD CONSTRAINT `craft_taggroups_fieldLayoutId_fk` FOREIGN KEY (`fieldLayoutId`) REFERENCES `craft_fieldlayouts` (`id`) ON DELETE SET NULL;

--
-- Constraints for table `craft_tags`
--
ALTER TABLE `craft_tags`
	ADD CONSTRAINT `craft_tags_groupId_fk` FOREIGN KEY (`groupId`) REFERENCES `craft_taggroups` (`id`) ON DELETE CASCADE,
	ADD CONSTRAINT `craft_tags_id_fk` FOREIGN KEY (`id`) REFERENCES `craft_elements` (`id`) ON DELETE CASCADE;

--
-- Constraints for table `craft_templatecachecriteria`
--
ALTER TABLE `craft_templatecachecriteria`
	ADD CONSTRAINT `craft_templatecachecriteria_cacheId_fk` FOREIGN KEY (`cacheId`) REFERENCES `craft_templatecaches` (`id`) ON DELETE CASCADE;

--
-- Constraints for table `craft_templatecacheelements`
--
ALTER TABLE `craft_templatecacheelements`
	ADD CONSTRAINT `craft_templatecacheelements_cacheId_fk` FOREIGN KEY (`cacheId`) REFERENCES `craft_templatecaches` (`id`) ON DELETE CASCADE,
	ADD CONSTRAINT `craft_templatecacheelements_elementId_fk` FOREIGN KEY (`elementId`) REFERENCES `craft_elements` (`id`) ON DELETE CASCADE;

--
-- Constraints for table `craft_templatecaches`
--
ALTER TABLE `craft_templatecaches`
	ADD CONSTRAINT `craft_templatecaches_locale_fk` FOREIGN KEY (`locale`) REFERENCES `craft_locales` (`locale`) ON DELETE CASCADE ON UPDATE CASCADE;

--
-- Constraints for table `craft_usergroups_users`
--
ALTER TABLE `craft_usergroups_users`
	ADD CONSTRAINT `craft_usergroups_users_groupId_fk` FOREIGN KEY (`groupId`) REFERENCES `craft_usergroups` (`id`) ON DELETE CASCADE,
	ADD CONSTRAINT `craft_usergroups_users_userId_fk` FOREIGN KEY (`userId`) REFERENCES `craft_users` (`id`) ON DELETE CASCADE;

--
-- Constraints for table `craft_userpermissions_usergroups`
--
ALTER TABLE `craft_userpermissions_usergroups`
	ADD CONSTRAINT `craft_userpermissions_usergroups_groupId_fk` FOREIGN KEY (`groupId`) REFERENCES `craft_usergroups` (`id`) ON DELETE CASCADE,
	ADD CONSTRAINT `craft_userpermissions_usergroups_permissionId_fk` FOREIGN KEY (`permissionId`) REFERENCES `craft_userpermissions` (`id`) ON DELETE CASCADE;

--
-- Constraints for table `craft_userpermissions_users`
--
ALTER TABLE `craft_userpermissions_users`
	ADD CONSTRAINT `craft_userpermissions_users_permissionId_fk` FOREIGN KEY (`permissionId`) REFERENCES `craft_userpermissions` (`id`) ON DELETE CASCADE,
	ADD CONSTRAINT `craft_userpermissions_users_userId_fk` FOREIGN KEY (`userId`) REFERENCES `craft_users` (`id`) ON DELETE CASCADE;

--
-- Constraints for table `craft_users`
--
ALTER TABLE `craft_users`
	ADD CONSTRAINT `craft_users_id_fk` FOREIGN KEY (`id`) REFERENCES `craft_elements` (`id`) ON DELETE CASCADE,
	ADD CONSTRAINT `craft_users_preferredLocale_fk` FOREIGN KEY (`preferredLocale`) REFERENCES `craft_locales` (`locale`) ON DELETE SET NULL ON UPDATE CASCADE;

--
-- Constraints for table `craft_widgets`
--
ALTER TABLE `craft_widgets`
	ADD CONSTRAINT `craft_widgets_userId_fk` FOREIGN KEY (`userId`) REFERENCES `craft_users` (`id`) ON DELETE CASCADE;

SET FOREIGN_KEY_CHECKS = 1;
