-- Generated by Craft v2.6.2971 on Apr 20, 2017, 4:54:36 AM.

--
-- Disable foreign key checks and autocommit.
--

SET FOREIGN_KEY_CHECKS = 0;
SET SQL_MODE = "NO_AUTO_VALUE_ON_ZERO";
SET AUTOCOMMIT = 0;
SET NAMES utf8;


DROP TABLE IF EXISTS `craft_amnav_navs`;


--
-- Schema for table `craft_amnav_navs`
--
CREATE TABLE `craft_amnav_navs` (
  `id` int(11) NOT NULL AUTO_INCREMENT,
  `name` varchar(255) COLLATE utf8_unicode_ci NOT NULL,
  `handle` varchar(255) COLLATE utf8_unicode_ci NOT NULL,
  `settings` text COLLATE utf8_unicode_ci,
  `dateCreated` datetime NOT NULL,
  `dateUpdated` datetime NOT NULL,
  `uid` char(36) COLLATE utf8_unicode_ci NOT NULL DEFAULT '0',
  PRIMARY KEY (`id`),
  UNIQUE KEY `craft_amnav_navs_handle_unq_idx` (`handle`)
) ENGINE=InnoDB AUTO_INCREMENT=2 DEFAULT CHARSET=utf8 COLLATE=utf8_unicode_ci;

--
-- Data for table `craft_amnav_navs`
--

INSERT INTO `craft_amnav_navs` (`id`, `name`, `handle`, `settings`, `dateCreated`, `dateUpdated`, `uid`) VALUES
 ('1', 'main menu', 'mainMenu', '{\"entrySources\":\"*\",\"maxLevels\":\"\",\"canMoveFromLevel\":\"\",\"canDeleteFromLevel\":\"\"}', '2017-03-02 19:17:12', '2017-03-02 19:17:12', 'c1d82e74-d7af-4424-abd4-b814f4b1b3a9');



DROP TABLE IF EXISTS `craft_amnav_nodes`;


--
-- Schema for table `craft_amnav_nodes`
--
CREATE TABLE `craft_amnav_nodes` (
  `id` int(11) NOT NULL AUTO_INCREMENT,
  `navId` int(10) NOT NULL,
  `parentId` int(10) DEFAULT NULL,
  `order` int(10) DEFAULT '0',
  `name` varchar(255) COLLATE utf8_unicode_ci NOT NULL,
  `url` varchar(255) COLLATE utf8_unicode_ci DEFAULT NULL,
  `listClass` varchar(255) COLLATE utf8_unicode_ci DEFAULT NULL,
  `blank` tinyint(1) unsigned NOT NULL DEFAULT '0',
  `enabled` tinyint(1) unsigned NOT NULL DEFAULT '1',
  `elementId` int(10) DEFAULT NULL,
  `elementType` varchar(255) COLLATE utf8_unicode_ci DEFAULT NULL,
  `locale` char(12) COLLATE utf8_unicode_ci DEFAULT NULL,
  `dateCreated` datetime NOT NULL,
  `dateUpdated` datetime NOT NULL,
  `uid` char(36) COLLATE utf8_unicode_ci NOT NULL DEFAULT '0',
  PRIMARY KEY (`id`),
  KEY `craft_amnav_nodes_elementId_elementType_locale_idx` (`elementId`,`elementType`,`locale`)
) ENGINE=InnoDB AUTO_INCREMENT=18 DEFAULT CHARSET=utf8 COLLATE=utf8_unicode_ci;

--
-- Data for table `craft_amnav_nodes`
--

INSERT INTO `craft_amnav_nodes` (`id`, `navId`, `parentId`, `order`, `name`, `url`, `listClass`, `blank`, `enabled`, `elementId`, `elementType`, `locale`, `dateCreated`, `dateUpdated`, `uid`) VALUES
 ('1', '1', '5', '7', 'The Burr', NULL, NULL, '0', '1', '14', 'Entry', 'en_us', '2017-03-02 19:20:06', '2017-03-23 19:58:38', 'fa460ccd-37ba-4419-9965-81bafc531e6a'),
 ('2', '1', '5', '3', 'Kent Stater', NULL, NULL, '0', '1', '15', 'Entry', 'en_us', '2017-03-02 19:20:14', '2017-03-23 19:58:38', '67cd62c1-d159-4926-bd26-2786cdde33e5'),
 ('3', '1', '5', '0', 'A Magazine', NULL, NULL, '0', '1', '10', 'Entry', 'en_us', '2017-03-02 19:20:19', '2017-03-23 19:58:38', '107c7c38-1f95-4ef7-a743-6aa0cfb65594'),
 ('4', '1', '0', '0', 'About', NULL, NULL, '0', '1', '58', 'Entry', 'en_us', '2017-03-16 18:18:17', '2017-03-23 19:58:38', 'c130a55b-10e2-48e2-92d3-66b1069c6c95'),
 ('5', '1', '0', '1', 'Media Partners', NULL, '', '0', '1', '59', 'Entry', 'en_us', '2017-03-16 18:18:31', '2017-03-23 19:58:38', '90c7ef24-88fc-41d3-b6d7-ddd0aa6fb774'),
 ('6', '1', '0', '2', 'Get Involved', NULL, NULL, '0', '1', '60', 'Entry', 'en_us', '2017-03-16 18:18:57', '2017-03-23 19:58:38', 'c7935a45-5861-4927-886a-1ba0bde5cf39'),
 ('7', '1', '0', '3', 'Advertising', NULL, NULL, '0', '1', '61', 'Entry', 'en_us', '2017-03-16 18:19:10', '2017-03-23 19:58:38', '64a9bb98-5e24-463f-9637-f2d6da4caf32'),
 ('8', '1', '0', '4', 'Contact', NULL, NULL, '0', '1', '62', 'Entry', 'en_us', '2017-03-16 18:19:26', '2017-03-23 19:58:38', '14fe81ae-3165-422d-b533-a78d13f045cf'),
 ('9', '1', '0', '5', 'Support Us', NULL, 'cta-header', '0', '1', '66', 'Entry', 'en_us', '2017-03-23 03:29:13', '2017-03-23 19:58:38', 'b52a5216-6555-4b98-b33c-4535fa702414'),
 ('10', '1', '5', '6', 'Luna Negra', NULL, NULL, '0', '1', '24', 'Entry', 'en_us', '2017-03-23 19:49:34', '2017-04-13 14:54:10', '0417787d-8db9-4893-818b-ab69bf27ad91'),
 ('11', '1', '5', '4', 'KentWired', NULL, NULL, '0', '1', '23', 'Entry', 'en_us', '2017-03-23 19:56:28', '2017-03-23 19:58:38', '4dbcbd99-dd36-4e9d-a784-8c9c50a7cf36'),
 ('12', '1', '5', '1', 'Black Squirrel Radio', NULL, NULL, '0', '1', '19', 'Entry', 'en_us', '2017-03-23 19:56:28', '2017-03-23 19:58:38', 'cafd3a25-5ae4-4560-8ab4-9e61de48aafd'),
 ('13', '1', '5', '8', 'TV2', NULL, NULL, '0', '1', '20', 'Entry', 'en_us', '2017-03-23 19:56:28', '2017-03-23 19:58:38', '7c6a0eef-3831-4cff-8ab1-1ae83e48ac18'),
 ('15', '1', '5', '9', 'Uhuru', NULL, NULL, '0', '1', '22', 'Entry', 'en_us', '2017-03-23 19:56:29', '2017-03-23 19:58:38', '08a0b236-6c95-46a8-809b-ddd64cba3528'),
 ('16', '1', '5', '2', 'Fusion Magazine', NULL, NULL, '0', '1', '21', 'Entry', 'en_us', '2017-03-23 19:56:29', '2017-03-23 19:58:38', '8d9f6ee6-9d4a-4b5c-9676-94a907917123'),
 ('17', '1', '5', '5', 'KSU Independent Films', NULL, NULL, '0', '1', '25', 'Entry', 'en_us', '2017-03-23 19:58:33', '2017-04-13 14:56:32', '231161e6-b485-4d92-b87d-49558a293f45');



DROP TABLE IF EXISTS `craft_assetfiles`;


--
-- Schema for table `craft_assetfiles`
--
CREATE TABLE `craft_assetfiles` (
  `id` int(11) NOT NULL,
  `sourceId` int(11) DEFAULT NULL,
  `folderId` int(11) NOT NULL,
  `filename` varchar(255) COLLATE utf8_unicode_ci NOT NULL,
  `kind` varchar(50) COLLATE utf8_unicode_ci NOT NULL DEFAULT 'unknown',
  `width` int(11) unsigned DEFAULT NULL,
  `height` int(11) unsigned DEFAULT NULL,
  `size` bigint(20) unsigned DEFAULT NULL,
  `dateModified` datetime DEFAULT NULL,
  `dateCreated` datetime NOT NULL,
  `dateUpdated` datetime NOT NULL,
  `uid` char(36) COLLATE utf8_unicode_ci NOT NULL DEFAULT '0',
  PRIMARY KEY (`id`),
  UNIQUE KEY `craft_assetfiles_filename_folderId_unq_idx` (`filename`,`folderId`),
  KEY `craft_assetfiles_sourceId_fk` (`sourceId`),
  KEY `craft_assetfiles_folderId_fk` (`folderId`)
) ENGINE=InnoDB DEFAULT CHARSET=utf8 COLLATE=utf8_unicode_ci;

--
-- Data for table `craft_assetfiles`
--

INSERT INTO `craft_assetfiles` (`id`, `sourceId`, `folderId`, `filename`, `kind`, `width`, `height`, `size`, `dateModified`, `dateCreated`, `dateUpdated`, `uid`) VALUES
 ('35', '2', '2', 'seaside.jpg', 'image', '3775', '2500', '9273143', '2017-03-09 19:36:31', '2017-03-09 19:36:31', '2017-03-09 19:36:31', '0d3386ca-0899-4488-a503-73256ee58225'),
 ('46', '2', '2', 'amag-logo.svg', 'image', '313', '317', '21910', '2017-03-15 23:42:37', '2017-03-15 23:42:37', '2017-03-15 23:42:37', '1aa8ba6f-8fbb-472e-813f-7d2bac3325c4'),
 ('47', '2', '2', 'bsr-logo.svg', 'image', '503', '221', '9353', '2017-03-15 23:42:38', '2017-03-15 23:42:38', '2017-03-15 23:42:38', '3554deb1-cbbe-4e0c-b83f-2e67e5d3dc9e'),
 ('48', '2', '2', 'burr-logo.svg', 'image', '1589', '899', '2858', '2017-03-15 23:42:38', '2017-03-15 23:42:38', '2017-03-15 23:42:38', '1bbd69ee-670e-46b2-8408-bdd8a33cc553'),
 ('49', '2', '2', 'fusion-logo.svg', 'image', '582', '187', '3377', '2017-03-15 23:42:38', '2017-03-15 23:42:38', '2017-03-15 23:42:38', 'e177b93c-fb6e-4360-8c5b-d5d53a6aa2c5'),
 ('50', '2', '2', 'Intel.png', 'image', '197', '140', '7665', '2017-03-15 23:42:38', '2017-03-15 23:42:38', '2017-03-15 23:42:38', '4576d54e-9c05-4c81-b922-9c3e7dff43bc'),
 ('51', '2', '2', 'kentstater-logo.svg', 'image', '586', '151', '8138', '2017-03-15 23:42:39', '2017-03-15 23:42:39', '2017-03-15 23:42:39', 'f7bd5efc-f2f1-451a-8245-c0402ecddbc4'),
 ('52', '2', '2', 'ksuif-logo.svg', 'image', '631', '198', '18277', '2017-03-15 23:42:39', '2017-03-15 23:42:39', '2017-03-15 23:42:39', 'ecd2b1c2-7283-4031-b930-bec404e1ff2a'),
 ('53', '2', '2', 'lunanegra-logo.svg', 'image', '641', '355', '6778', '2017-03-15 23:42:39', '2017-03-15 23:42:39', '2017-03-15 23:42:39', '611d91cf-7b51-40b2-b493-429077e2af88'),
 ('54', '2', '2', 'smsales-logo.svg', 'image', '252', '108', '12003', '2017-03-15 23:42:39', '2017-03-15 23:42:39', '2017-03-15 23:42:39', '2635be6b-63b7-4cd0-917f-92f1ebc9f487'),
 ('55', '2', '2', 'tv2-logo.svg', 'image', '410', '171', '1021', '2017-03-15 23:42:39', '2017-03-15 23:42:39', '2017-03-15 23:42:39', 'a0a29729-871d-43d1-8e99-b781bf94e851'),
 ('56', '2', '2', 'uhuru-logo.svg', 'image', '468', '587', '7511', '2017-03-15 23:42:39', '2017-03-15 23:42:39', '2017-03-15 23:42:39', '6855bf27-1dce-4799-9d81-e83978a9fd54'),
 ('64', '1', '1', 'people-cropped_960.jpg', 'image', '960', '503', '137702', '2017-03-16 18:41:58', '2017-03-16 18:42:00', '2017-03-16 18:42:00', 'a80bf6a3-31ad-46a1-9c6e-20a1f263706f'),
 ('67', '2', '2', 'studentmedia-logo.svg', 'image', '252', '108', '4756', '2017-03-23 03:31:51', '2017-03-23 03:31:51', '2017-03-23 03:31:51', 'a9a591a3-7f09-4fe2-9ba2-f5058dc57011'),
 ('78', '2', '2', 'SM_Logo.svg', 'image', '252', '108', '4756', '2017-04-03 19:35:52', '2017-04-03 19:35:52', '2017-04-03 19:35:52', 'eb8a3707-2be1-4642-9b38-bb09f4c863ae');



DROP TABLE IF EXISTS `craft_assetfolders`;


--
-- Schema for table `craft_assetfolders`
--
CREATE TABLE `craft_assetfolders` (
  `id` int(11) NOT NULL AUTO_INCREMENT,
  `parentId` int(11) DEFAULT NULL,
  `sourceId` int(11) DEFAULT NULL,
  `name` varchar(255) COLLATE utf8_unicode_ci NOT NULL,
  `path` varchar(255) COLLATE utf8_unicode_ci DEFAULT NULL,
  `dateCreated` datetime NOT NULL,
  `dateUpdated` datetime NOT NULL,
  `uid` char(36) COLLATE utf8_unicode_ci NOT NULL DEFAULT '0',
  PRIMARY KEY (`id`),
  UNIQUE KEY `craft_assetfolders_name_parentId_sourceId_unq_idx` (`name`,`parentId`,`sourceId`),
  KEY `craft_assetfolders_parentId_fk` (`parentId`),
  KEY `craft_assetfolders_sourceId_fk` (`sourceId`)
) ENGINE=InnoDB AUTO_INCREMENT=5 DEFAULT CHARSET=utf8 COLLATE=utf8_unicode_ci;

--
-- Data for table `craft_assetfolders`
--

INSERT INTO `craft_assetfolders` (`id`, `parentId`, `sourceId`, `name`, `path`, `dateCreated`, `dateUpdated`, `uid`) VALUES
 ('1', NULL, '1', 'hero image', '', '2017-02-16 21:36:06', '2017-02-16 21:36:06', 'f22f8b8d-448f-4415-9768-9410172cd18c'),
 ('2', NULL, '2', 'Global', '', '2017-02-16 21:36:48', '2017-02-16 21:36:48', 'e80dac9c-4efa-40de-be0e-c09b95b9b557'),
 ('3', NULL, '3', 'Statistics image', '', '2017-03-03 20:25:07', '2017-03-03 20:25:07', 'f5cf90eb-9677-4b83-813a-c5e3a2a7a902'),
 ('4', NULL, '4', 'Video', '', '2017-03-08 15:35:33', '2017-03-08 15:35:33', '70650fb0-94a7-4449-963b-26f28299c4c5');



DROP TABLE IF EXISTS `craft_assetindexdata`;


--
-- Schema for table `craft_assetindexdata`
--
CREATE TABLE `craft_assetindexdata` (
  `id` int(11) NOT NULL AUTO_INCREMENT,
  `sessionId` varchar(36) COLLATE utf8_unicode_ci NOT NULL DEFAULT '',
  `sourceId` int(10) NOT NULL,
  `offset` int(10) NOT NULL,
  `uri` varchar(255) COLLATE utf8_unicode_ci DEFAULT NULL,
  `size` varchar(255) COLLATE utf8_unicode_ci DEFAULT NULL,
  `recordId` int(10) DEFAULT NULL,
  `dateCreated` datetime NOT NULL,
  `dateUpdated` datetime NOT NULL,
  `uid` char(36) COLLATE utf8_unicode_ci NOT NULL DEFAULT '0',
  PRIMARY KEY (`id`),
  UNIQUE KEY `craft_assetindexdata_sessionId_sourceId_offset_unq_idx` (`sessionId`,`sourceId`,`offset`),
  KEY `craft_assetindexdata_sourceId_fk` (`sourceId`)
) ENGINE=InnoDB DEFAULT CHARSET=utf8 COLLATE=utf8_unicode_ci;

DROP TABLE IF EXISTS `craft_assetsources`;


--
-- Schema for table `craft_assetsources`
--
CREATE TABLE `craft_assetsources` (
  `id` int(11) NOT NULL AUTO_INCREMENT,
  `name` varchar(255) COLLATE utf8_unicode_ci NOT NULL,
  `handle` varchar(255) COLLATE utf8_unicode_ci NOT NULL,
  `type` varchar(150) COLLATE utf8_unicode_ci NOT NULL,
  `settings` text COLLATE utf8_unicode_ci,
  `sortOrder` smallint(6) unsigned DEFAULT NULL,
  `fieldLayoutId` int(10) DEFAULT NULL,
  `dateCreated` datetime NOT NULL,
  `dateUpdated` datetime NOT NULL,
  `uid` char(36) COLLATE utf8_unicode_ci NOT NULL DEFAULT '0',
  PRIMARY KEY (`id`),
  UNIQUE KEY `craft_assetsources_name_unq_idx` (`name`),
  UNIQUE KEY `craft_assetsources_handle_unq_idx` (`handle`),
  KEY `craft_assetsources_fieldLayoutId_fk` (`fieldLayoutId`)
) ENGINE=InnoDB AUTO_INCREMENT=5 DEFAULT CHARSET=utf8 COLLATE=utf8_unicode_ci;

--
-- Data for table `craft_assetsources`
--

INSERT INTO `craft_assetsources` (`id`, `name`, `handle`, `type`, `settings`, `sortOrder`, `fieldLayoutId`, `dateCreated`, `dateUpdated`, `uid`) VALUES
 ('1', 'hero image', 'heroImage', 'Local', '{\"path\":\"assets\\/img\\/hero_img\\/\",\"publicURLs\":\"1\",\"url\":\"{baseUrl}\\/assets\\/img\\/hero_img\\/\"}', '1', '13', '2017-02-16 21:36:06', '2017-02-16 22:06:00', '3395b214-0269-4ea9-ae34-ca5dcfc66966'),
 ('2', 'Global', 'global', 'Local', '{\"path\":\"assets\\/img\\/global\\/\",\"publicURLs\":\"1\",\"url\":\"{baseUrl}\\/assets\\/img\\/global\\/\"}', '2', '12', '2017-02-16 21:36:48', '2017-02-16 21:36:48', '616d6936-1f20-4789-8346-a43e3424f70b'),
 ('3', 'Statistics image', 'statisticsImage', 'Local', '{\"path\":\"assets\\/img\\/statistics\\/\",\"publicURLs\":\"1\",\"url\":\"{baseUrl}\\/assets\\/img\\/statistics\\/\"}', '3', '29', '2017-03-03 20:25:07', '2017-03-03 20:25:07', 'f3842023-75f7-4d32-8baf-210c7ff46670'),
 ('4', 'Video', 'video', 'Local', '{\"path\":\"assets\\/img\\/video\\/\",\"publicURLs\":\"1\",\"url\":\"{baseUrl}\\/assets\\/img\\/video\\/\"}', '4', '30', '2017-03-08 15:35:33', '2017-03-08 15:35:33', '08f4e69a-1ab7-4cec-bff8-8476db1dc8de');



DROP TABLE IF EXISTS `craft_assettransformindex`;


--
-- Schema for table `craft_assettransformindex`
--
CREATE TABLE `craft_assettransformindex` (
  `id` int(11) NOT NULL AUTO_INCREMENT,
  `fileId` int(11) NOT NULL,
  `filename` varchar(255) COLLATE utf8_unicode_ci DEFAULT NULL,
  `format` varchar(255) COLLATE utf8_unicode_ci DEFAULT NULL,
  `location` varchar(255) COLLATE utf8_unicode_ci NOT NULL,
  `sourceId` int(11) DEFAULT NULL,
  `fileExists` tinyint(1) DEFAULT NULL,
  `inProgress` tinyint(1) DEFAULT NULL,
  `dateIndexed` datetime DEFAULT NULL,
  `dateCreated` datetime NOT NULL,
  `dateUpdated` datetime NOT NULL,
  `uid` char(36) COLLATE utf8_unicode_ci NOT NULL DEFAULT '0',
  PRIMARY KEY (`id`),
  KEY `craft_assettransformindex_sourceId_fileId_location_idx` (`sourceId`,`fileId`,`location`)
) ENGINE=InnoDB AUTO_INCREMENT=7 DEFAULT CHARSET=utf8 COLLATE=utf8_unicode_ci;

DROP TABLE IF EXISTS `craft_assettransforms`;


--
-- Schema for table `craft_assettransforms`
--
CREATE TABLE `craft_assettransforms` (
  `id` int(11) NOT NULL AUTO_INCREMENT,
  `name` varchar(255) COLLATE utf8_unicode_ci NOT NULL,
  `handle` varchar(255) COLLATE utf8_unicode_ci NOT NULL,
  `mode` enum('stretch','fit','crop') COLLATE utf8_unicode_ci NOT NULL DEFAULT 'crop',
  `position` enum('top-left','top-center','top-right','center-left','center-center','center-right','bottom-left','bottom-center','bottom-right') COLLATE utf8_unicode_ci NOT NULL DEFAULT 'center-center',
  `height` int(10) DEFAULT NULL,
  `width` int(10) DEFAULT NULL,
  `format` varchar(255) COLLATE utf8_unicode_ci DEFAULT NULL,
  `quality` int(10) DEFAULT NULL,
  `dimensionChangeTime` datetime DEFAULT NULL,
  `dateCreated` datetime NOT NULL,
  `dateUpdated` datetime NOT NULL,
  `uid` char(36) COLLATE utf8_unicode_ci NOT NULL DEFAULT '0',
  PRIMARY KEY (`id`),
  UNIQUE KEY `craft_assettransforms_name_unq_idx` (`name`),
  UNIQUE KEY `craft_assettransforms_handle_unq_idx` (`handle`)
) ENGINE=InnoDB AUTO_INCREMENT=2 DEFAULT CHARSET=utf8 COLLATE=utf8_unicode_ci;

--
-- Data for table `craft_assettransforms`
--

INSERT INTO `craft_assettransforms` (`id`, `name`, `handle`, `mode`, `position`, `height`, `width`, `format`, `quality`, `dimensionChangeTime`, `dateCreated`, `dateUpdated`, `uid`) VALUES
 ('1', 'Transform Hero Image', 'hero', 'crop', 'center-center', '1000', '2000', 'jpg', '82', '2017-03-09 19:40:03', '2017-03-09 15:27:19', '2017-03-09 19:40:17', '8ebdf247-3a63-4b33-bcbe-b5364717ca57');



DROP TABLE IF EXISTS `craft_categories`;


--
-- Schema for table `craft_categories`
--
CREATE TABLE `craft_categories` (
  `id` int(11) NOT NULL,
  `groupId` int(11) NOT NULL,
  `dateCreated` datetime NOT NULL,
  `dateUpdated` datetime NOT NULL,
  `uid` char(36) COLLATE utf8_unicode_ci NOT NULL DEFAULT '0',
  PRIMARY KEY (`id`),
  KEY `craft_categories_groupId_fk` (`groupId`)
) ENGINE=InnoDB DEFAULT CHARSET=utf8 COLLATE=utf8_unicode_ci;

--
-- Data for table `craft_categories`
--

INSERT INTO `craft_categories` (`id`, `groupId`, `dateCreated`, `dateUpdated`, `uid`) VALUES
 ('42', '1', '2017-03-12 16:15:37', '2017-03-12 16:15:37', '5bfefb15-e0ff-4aa6-91eb-e7993f5a388b'),
 ('68', '1', '2017-03-23 18:09:01', '2017-03-23 18:09:01', '371d0b01-049e-4baf-80d9-ff1e60fceceb'),
 ('69', '1', '2017-03-23 18:09:09', '2017-03-23 18:09:09', '5c3e9d51-f6db-4fa4-baaf-fb0e5ab1637e'),
 ('70', '1', '2017-03-23 18:09:15', '2017-03-23 18:09:15', '43729e98-3e7f-42d6-83bf-10846aabbf5b');



DROP TABLE IF EXISTS `craft_categorygroups`;


--
-- Schema for table `craft_categorygroups`
--
CREATE TABLE `craft_categorygroups` (
  `id` int(11) NOT NULL AUTO_INCREMENT,
  `structureId` int(11) NOT NULL,
  `fieldLayoutId` int(11) DEFAULT NULL,
  `name` varchar(255) COLLATE utf8_unicode_ci NOT NULL,
  `handle` varchar(255) COLLATE utf8_unicode_ci NOT NULL,
  `hasUrls` tinyint(1) unsigned NOT NULL DEFAULT '1',
  `template` varchar(500) COLLATE utf8_unicode_ci DEFAULT NULL,
  `dateCreated` datetime NOT NULL,
  `dateUpdated` datetime NOT NULL,
  `uid` char(36) COLLATE utf8_unicode_ci NOT NULL DEFAULT '0',
  PRIMARY KEY (`id`),
  UNIQUE KEY `craft_categorygroups_name_unq_idx` (`name`),
  UNIQUE KEY `craft_categorygroups_handle_unq_idx` (`handle`),
  KEY `craft_categorygroups_structureId_fk` (`structureId`),
  KEY `craft_categorygroups_fieldLayoutId_fk` (`fieldLayoutId`)
) ENGINE=InnoDB AUTO_INCREMENT=2 DEFAULT CHARSET=utf8 COLLATE=utf8_unicode_ci;

--
-- Data for table `craft_categorygroups`
--

INSERT INTO `craft_categorygroups` (`id`, `structureId`, `fieldLayoutId`, `name`, `handle`, `hasUrls`, `template`, `dateCreated`, `dateUpdated`, `uid`) VALUES
 ('1', '1', '80', 'Ad Format', 'adFormat', '1', '', '2017-03-12 16:02:21', '2017-03-23 19:52:23', 'c36c6155-0aaf-49b9-aa79-bbaacf8849e6');



DROP TABLE IF EXISTS `craft_categorygroups_i18n`;


--
-- Schema for table `craft_categorygroups_i18n`
--
CREATE TABLE `craft_categorygroups_i18n` (
  `id` int(11) NOT NULL AUTO_INCREMENT,
  `groupId` int(11) NOT NULL,
  `locale` char(12) COLLATE utf8_unicode_ci NOT NULL,
  `urlFormat` text COLLATE utf8_unicode_ci,
  `nestedUrlFormat` text COLLATE utf8_unicode_ci,
  `dateCreated` datetime NOT NULL,
  `dateUpdated` datetime NOT NULL,
  `uid` char(36) COLLATE utf8_unicode_ci NOT NULL DEFAULT '0',
  PRIMARY KEY (`id`),
  UNIQUE KEY `craft_categorygroups_i18n_groupId_locale_unq_idx` (`groupId`,`locale`),
  KEY `craft_categorygroups_i18n_locale_fk` (`locale`)
) ENGINE=InnoDB AUTO_INCREMENT=2 DEFAULT CHARSET=utf8 COLLATE=utf8_unicode_ci;

--
-- Data for table `craft_categorygroups_i18n`
--

INSERT INTO `craft_categorygroups_i18n` (`id`, `groupId`, `locale`, `urlFormat`, `nestedUrlFormat`, `dateCreated`, `dateUpdated`, `uid`) VALUES
 ('1', '1', 'en_us', 'ad-format/{slug}', '{parent.uri}/{slug}', '2017-03-12 16:02:21', '2017-03-12 16:02:21', '2c4838b0-1726-4ae6-bc84-5a03942cf30a');



DROP TABLE IF EXISTS `craft_content`;


--
-- Schema for table `craft_content`
--
CREATE TABLE `craft_content` (
  `id` int(11) NOT NULL AUTO_INCREMENT,
  `elementId` int(11) NOT NULL,
  `locale` char(12) COLLATE utf8_unicode_ci NOT NULL,
  `title` varchar(255) COLLATE utf8_unicode_ci DEFAULT NULL,
  `field_body` text COLLATE utf8_unicode_ci,
  `field_awardsAchievements` text COLLATE utf8_unicode_ci,
  `field_email` text COLLATE utf8_unicode_ci,
  `field_employeeType` varchar(255) COLLATE utf8_unicode_ci DEFAULT NULL,
  `field_firstName` text COLLATE utf8_unicode_ci,
  `field_lastName` text COLLATE utf8_unicode_ci,
  `field_jobTitle` text COLLATE utf8_unicode_ci,
  `field_organization` text COLLATE utf8_unicode_ci,
  `field_phone` text COLLATE utf8_unicode_ci,
  `field_description` text COLLATE utf8_unicode_ci,
  `field_mailingAddress` text COLLATE utf8_unicode_ci,
  `field_mediaPartnerText` text COLLATE utf8_unicode_ci,
  `field_tagline` text COLLATE utf8_unicode_ci,
  `field_time` datetime DEFAULT NULL,
  `field_location` text COLLATE utf8_unicode_ci,
  `field_statistics` varchar(100) COLLATE utf8_unicode_ci DEFAULT NULL,
  `field_video` text COLLATE utf8_unicode_ci,
  `field_shortDescription` text COLLATE utf8_unicode_ci,
  `field_featuredMediaPartner` tinyint(1) unsigned NOT NULL DEFAULT '0',
  `field_quotee` text COLLATE utf8_unicode_ci,
  `field_quote` text COLLATE utf8_unicode_ci,
  `dateCreated` datetime NOT NULL,
  `dateUpdated` datetime NOT NULL,
  `uid` char(36) COLLATE utf8_unicode_ci NOT NULL DEFAULT '0',
  PRIMARY KEY (`id`),
  UNIQUE KEY `craft_content_elementId_locale_unq_idx` (`elementId`,`locale`),
  KEY `craft_content_title_idx` (`title`),
  KEY `craft_content_locale_fk` (`locale`)
) ENGINE=InnoDB AUTO_INCREMENT=73 DEFAULT CHARSET=utf8 COLLATE=utf8_unicode_ci;

--
-- Data for table `craft_content`
--

INSERT INTO `craft_content` (`id`, `elementId`, `locale`, `title`, `field_body`, `field_awardsAchievements`, `field_email`, `field_employeeType`, `field_firstName`, `field_lastName`, `field_jobTitle`, `field_organization`, `field_phone`, `field_description`, `field_mailingAddress`, `field_mediaPartnerText`, `field_tagline`, `field_time`, `field_location`, `field_statistics`, `field_video`, `field_shortDescription`, `field_featuredMediaPartner`, `field_quotee`, `field_quote`, `dateCreated`, `dateUpdated`, `uid`) VALUES
 ('1', '1', 'en_us', NULL, NULL, NULL, NULL, NULL, NULL, NULL, NULL, NULL, NULL, NULL, NULL, NULL, NULL, NULL, NULL, NULL, NULL, NULL, '0', NULL, NULL, '2017-01-12 16:12:58', '2017-01-12 16:12:58', '24776682-9b14-4436-b619-1e1cc56a0686'),
 ('2', '2', 'en_us', 'About Kent Student Media', '<p>Award-winning, nationally recognized and locally focused. Our independent, student-run media partners create content the campus and Kent community seek. Students learn practical skills through the professional learning opportunities available through Kent State Student Media. Advertising with Kent State Student Media is an excellent way to make sure you reach your audience.</p>', NULL, NULL, NULL, NULL, NULL, NULL, NULL, NULL, 'This is our description', NULL, 'Tigger the dog', 'Kent State Student Media is made by students, for students.', NULL, NULL, '', 'https://player.vimeo.com/video/183532877', NULL, '0', NULL, NULL, '2017-01-12 16:12:59', '2017-03-16 20:46:20', 'f78f163d-6654-40b7-9f92-e347dd1a8a48'),
 ('3', '3', 'en_us', 'We just installed Craft!', '<p>Craft is the CMS that’s powering Kentstatestudentmedia.com. It’s beautiful, powerful, flexible, and easy-to-use, and it’s made by Pixel &amp; Tonic. We can’t wait to dive in and see what it’s capable of!</p><!--pagebreak--><p>This is even more captivating content, which you couldn’t see on the News index page because it was entered after a Page Break, and the News index template only likes to show the content on the first page.</p><p>Craft: a nice alternative to Word, if you’re making a website.</p>', NULL, NULL, NULL, NULL, NULL, NULL, NULL, NULL, NULL, NULL, NULL, NULL, NULL, NULL, NULL, NULL, NULL, '0', NULL, NULL, '2017-01-12 16:12:59', '2017-01-12 16:12:59', 'dfa73501-ee0c-49a1-9e07-9d9311da2157'),
 ('5', '5', 'en_us', NULL, NULL, NULL, NULL, '[]', NULL, NULL, NULL, NULL, NULL, NULL, NULL, NULL, NULL, NULL, NULL, NULL, NULL, NULL, '0', NULL, NULL, '2017-02-16 21:06:16', '2017-04-03 19:35:55', '7716c3ac-f175-4791-b627-428240c39bde'),
 ('6', '6', 'en_us', NULL, NULL, NULL, 'bbuckeye@osu.edu', '[]', NULL, NULL, NULL, NULL, '614-292-3021', NULL, '500 Hilltop Drive', NULL, NULL, NULL, NULL, NULL, NULL, NULL, '0', NULL, NULL, '2017-02-16 21:16:37', '2017-03-02 21:07:17', 'd409f537-992f-48ec-85bb-020d0efded32'),
 ('10', '10', 'en_us', 'A Magazine', NULL, NULL, '', '[]', '', '', NULL, NULL, '', 'A Magazine is a visually stunning student-run magazine at Kent State. It is the publication for all things fashion, beauty, accessories and culture on campus and beyond. A focuses on both women\'s and men\'s fashion and has companion website that is updated regularly with extended content and videos, providing students with the latest fashion news. It is distributed at Kent State and the Fashion School’s New York studio.', NULL, NULL, NULL, NULL, NULL, NULL, NULL, 'A Magazine is Kent State’s student-run fashion magazine and is the hub for all things fashion, beauty and culture related.', '1', NULL, NULL, '2017-02-23 21:56:29', '2017-03-16 19:28:02', '6f8e97bf-9f33-417d-ac37-a04cb04c79ba'),
 ('11', '11', 'en_us', '105', NULL, NULL, NULL, '[]', NULL, NULL, NULL, NULL, NULL, 'This is a description of the statistic', NULL, NULL, NULL, NULL, NULL, 'Publications', NULL, NULL, '0', NULL, NULL, '2017-02-24 21:50:46', '2017-03-16 20:44:04', 'b37eef99-19a3-4fa9-9c81-deed5db3e4e2'),
 ('12', '12', 'en_us', '750', NULL, NULL, NULL, '[]', NULL, NULL, NULL, NULL, NULL, 'This is a description of the second statistic', NULL, NULL, NULL, NULL, NULL, 'Students work with student media per semester', NULL, NULL, '0', NULL, NULL, '2017-02-24 21:51:00', '2017-03-16 20:43:37', '7fc4b890-5442-4999-84b0-b9bf626cf39f'),
 ('14', '14', 'en_us', 'The Burr', NULL, NULL, '', '[]', '', '', NULL, NULL, '', 'The Burr is an independent, award-winning student magazine and was Kent State’s first student magazine ever. The magazine features a mix of original reporting, how-to articles, feature articles and personal essays. TheBurr.com is frequently updated with multimedia stories and blogs and has an archive of past issues.', NULL, NULL, NULL, NULL, NULL, NULL, NULL, 'The Burr is Kent State’s first student-produced magazine made for those who have made a home in Kent.', '1', NULL, NULL, '2017-02-27 15:21:05', '2017-03-16 19:26:26', '45cdefa8-367e-4d2d-9733-583b8f9829b4'),
 ('15', '15', 'en_us', 'Kent Stater', NULL, NULL, '', '[]', '', '', NULL, NULL, '', 'The Kent Stater is the award-winning, student-run newspaper at Kent State University. Reaching more than 15,000 people per issue, the Stater keeps the community up-to-date with campus, local and national news, sports and features. The Stater publishes on Monday, Wednesday and Thursday and has a circulation of 6,750 per day. During the summer months, The Kent Stater runs special print issues and also runs the annual Orientation issue to welcome new and returning students.', NULL, NULL, NULL, NULL, NULL, NULL, NULL, 'The Kent Stater is the award-winning, student-run newspaper at Kent State University. ', '1', NULL, NULL, '2017-02-27 15:21:14', '2017-03-16 19:27:28', '7e622988-7d52-4011-872c-1c063f8dcc6e'),
 ('19', '19', 'en_us', 'Black Squirrel Radio', NULL, NULL, '', '[]', '', '', NULL, NULL, '', 'Black Squirrel Radio (BSR) is a student-run radio station that has 10,000 loyal monthly listeners. BSR features a large selection of urban, rock and local music with numerous local bands and entertainers coming for in-studio performances and interviews. BSR is available at www.blacksquirrelradio.com, iTunes radio under College Stations, the TuneIn app and channels 2-4 and 2-6 though on-campus television.', NULL, NULL, NULL, NULL, NULL, NULL, NULL, 'Black Squirrel Radio (BSR) is the student-run radio station on Kent State’s campus and provides innovative media content inspired by the community of Kent, Ohio.', '1', NULL, NULL, '2017-03-02 19:46:01', '2017-03-16 19:11:04', 'b9058ae3-0353-4198-93c6-ca8357c03eb1'),
 ('20', '20', 'en_us', 'TV2', NULL, NULL, '', '[]', '', '', NULL, NULL, '', 'TV2 is the award-winning, student-run television station of Kent State University. TV2 is also Portage County’s only local television station and the best source for local news and original television content. TV2 reaches more than 26,000 homes throughout Portage County on Spectrum (formerly Time Warner Cable) channel 16 and more than 7,500 Kent State students living on-campus on channel 2-2. TV2 is also live streamed on KentWired.com/TV2. With 10 different TV shows, TV2 covers everything from breaking news, local news, weather, sports, entertainment and humor.', NULL, NULL, NULL, NULL, NULL, NULL, NULL, 'TV2 is the award-winning, student-run television station of Kent State that broadcasts to students and the Portage County community.', '1', NULL, NULL, '2017-03-02 19:46:26', '2017-03-23 17:55:20', 'a23b03af-0e18-4a7b-8901-95644568668e'),
 ('21', '21', 'en_us', 'Fusion Magazine', NULL, NULL, '', '[]', '', '', NULL, NULL, '', 'Fusion is Kent State\'s lesbian, gay, bisexual, transgender and queer/questioning student advocacy and entertainment magazine. Fusion strives to promote equality and community in northeast Ohio and beyond through journalism and they have been recognized by the Society of Professional Journalists for excellence. Fusion is the only student magazine focusing on LGBTQ issues in the region.', NULL, NULL, NULL, NULL, NULL, NULL, NULL, 'Fusion is Kent State\'s lesbian, gay, bisexual, transgender and queer/questioning student advocacy and entertainment magazine. ', '1', NULL, NULL, '2017-03-02 19:46:47', '2017-03-16 19:12:44', '7588d518-0261-46ab-a865-1600d104616c'),
 ('22', '22', 'en_us', 'Uhuru', NULL, NULL, '', '[]', '', '', NULL, NULL, '', 'Uhuru is an award-winning magazine that promotes innovation, creativity and culture through the voice of marginalized students. A derivative of Black Unites Students, Uhuru is focused on the unification of the African-American population but serves as a safe haven for others by reflecting all people of color at Kent State. Uhuru is Kent State\'s only minority news outlet and serves as a platform for student creation and expression in art, writing, photography and graphic design while addressing social issues.', NULL, NULL, NULL, NULL, NULL, NULL, NULL, 'Uhuru is the magazine that promotes innovation, creativity and culture through the voice of marginalized students at Kent State.', '1', NULL, NULL, '2017-03-02 19:46:53', '2017-03-16 19:13:21', 'b1238632-d5b9-44ea-a4f5-8584bb4f074e'),
 ('23', '23', 'en_us', 'KentWired', NULL, NULL, '', '[]', '', '', NULL, NULL, '', 'KentWired.com is a news organization hosting content created by the collaborative effort of students working in student media at Kent State University. KentWired is the independent news website for the Kent Stater and TV2 and is the year round news source for everything Kent. KentWired has top news, entertainment, sports, and community and campus news. It also features classifieds and live streams for TV2 and Black Squirrel Radio. ', NULL, NULL, NULL, NULL, NULL, NULL, NULL, 'KentWired.com is a news organization that holds content created by students working in student media at Kent State University. ', '1', NULL, NULL, '2017-03-02 19:48:46', '2017-03-16 20:33:51', 'ecc0b93e-3f1e-4938-9f03-c3892be4e7ac'),
 ('24', '24', 'en_us', 'Luna Negra', NULL, NULL, '', '[]', '', '', NULL, NULL, '', 'Luna Negra is Kent State’s literary student publication and they publish a blend of poetry, prose, photography and illustration. For over 50 years, they have published submissions from current students and community members. Their magazine is published every spring and they produce additional content on LunaNegraMag.com.', NULL, NULL, NULL, NULL, NULL, NULL, NULL, 'Luna Negra is Kent State’s literary student magazine that publishes a blend of poetry, prose, photography and illustration. ', '1', NULL, NULL, '2017-03-02 19:49:24', '2017-04-13 14:54:10', '64fa8053-5481-4595-9f99-d2f2720dbed5'),
 ('25', '25', 'en_us', 'KSU Independent Films', NULL, NULL, 'us@kent.edu', '[]', 'Rob', 'Flash', NULL, NULL, '330-672-6541', 'Kent State University Independent Films (KSUIF) is a student-run production company that teaches, inspires and prepares filmmakers for the real-world industry. KSUIF produces a wide variety of content including webseries, short films, award-winning music videos, documentaries, TV shows and feature films. KSUIF is one of three organizations in the country that allows students to create full-length feature films.', NULL, NULL, NULL, NULL, NULL, NULL, NULL, 'Kent State University Independent Films (KSUIF) is a student-run production company that teaches, inspires and prepares filmmakers for the real-world industry. ', '1', NULL, NULL, '2017-03-02 19:49:47', '2017-04-13 14:56:32', 'd408f63f-0d5c-42e8-84c9-70b90293d6dd'),
 ('27', '27', 'en_us', '10', NULL, NULL, NULL, '[]', NULL, NULL, NULL, NULL, NULL, '', NULL, NULL, NULL, NULL, NULL, 'different media outlets ran by student media', NULL, NULL, '0', NULL, NULL, '2017-03-09 01:59:38', '2017-03-16 20:42:43', 'e58e7579-29b7-48fc-865c-3199878e3a49'),
 ('30', '30', 'en_us', 'Holidays', NULL, NULL, NULL, '[]', NULL, NULL, NULL, '', NULL, '', NULL, NULL, NULL, NULL, '', NULL, NULL, NULL, '0', NULL, NULL, '2017-03-09 02:32:43', '2017-03-09 02:40:51', '880a5556-c3b1-43ca-82b6-fde72079f7c9'),
 ('35', '35', 'en_us', 'Seaside', NULL, NULL, NULL, '[]', NULL, NULL, NULL, NULL, NULL, NULL, NULL, NULL, NULL, NULL, NULL, NULL, NULL, NULL, '0', NULL, NULL, '2017-03-09 19:36:31', '2017-03-09 19:36:31', 'b91056af-5fdf-4010-835a-3742a0f9636b'),
 ('38', '39', 'en_us', 'This is Event #1', NULL, NULL, NULL, '[]', NULL, NULL, NULL, NULL, NULL, 'Hi', NULL, NULL, NULL, '2017-03-17 06:00:00', 'Ideabase ', NULL, NULL, NULL, '0', NULL, NULL, '2017-03-12 16:13:09', '2017-03-12 16:13:09', '9cbfe914-ad02-458f-828b-57530a6828f0'),
 ('40', '41', 'en_us', 'Party Time! ', NULL, NULL, NULL, '[]', NULL, NULL, NULL, NULL, NULL, 'Time to celebrate!! ', NULL, NULL, NULL, '2017-03-31 07:00:00', 'Kent Student Center', NULL, NULL, NULL, '0', NULL, NULL, '2017-03-12 16:14:46', '2017-03-12 16:14:46', 'ee83add2-4040-4909-86dc-d83baf3bb684'),
 ('41', '42', 'en_us', 'Broadcast', NULL, NULL, NULL, '[]', NULL, NULL, NULL, NULL, NULL, NULL, NULL, NULL, NULL, NULL, NULL, NULL, NULL, NULL, '0', NULL, NULL, '2017-03-12 16:15:37', '2017-03-12 16:15:37', 'fd8469a7-e208-403a-af6d-0c8bd9d06e44'),
 ('42', '43', 'en_us', 'Video', NULL, NULL, NULL, '[]', NULL, NULL, NULL, NULL, NULL, NULL, NULL, NULL, NULL, NULL, NULL, NULL, NULL, NULL, '0', NULL, NULL, '2017-03-12 16:16:01', '2017-03-23 17:53:05', '5cd71829-2e22-4b57-a8ac-2609898829f9'),
 ('43', '45', 'en_us', 'Kevin Dilley', '<p>Hi! :D</p>', NULL, 'kdilley@kent.edu', '[\"faculty\"]', 'Kevin ', 'Dilley', 'Big Boss', NULL, '330-672-4603', NULL, NULL, NULL, NULL, NULL, NULL, NULL, NULL, NULL, '0', NULL, NULL, '2017-03-12 16:17:55', '2017-03-12 16:17:55', 'a1f46deb-5b8e-45c2-a2c2-8a7e02d6cc7d'),
 ('44', '46', 'en_us', 'Amag Logo', NULL, NULL, NULL, '[]', NULL, NULL, NULL, NULL, NULL, NULL, NULL, NULL, NULL, NULL, NULL, NULL, NULL, NULL, '0', NULL, NULL, '2017-03-15 23:42:37', '2017-03-15 23:42:37', 'e21b634f-5cd0-484d-af55-1ec59e4685e6'),
 ('45', '47', 'en_us', 'Bsr Logo', NULL, NULL, NULL, '[]', NULL, NULL, NULL, NULL, NULL, NULL, NULL, NULL, NULL, NULL, NULL, NULL, NULL, NULL, '0', NULL, NULL, '2017-03-15 23:42:38', '2017-03-15 23:42:38', '542258f8-a035-4b19-826a-99a4a5e1e45b'),
 ('46', '48', 'en_us', 'Burr Logo', NULL, NULL, NULL, '[]', NULL, NULL, NULL, NULL, NULL, NULL, NULL, NULL, NULL, NULL, NULL, NULL, NULL, NULL, '0', NULL, NULL, '2017-03-15 23:42:38', '2017-03-15 23:42:38', '865b09ff-5dad-4118-8949-5c3064d6731c'),
 ('47', '49', 'en_us', 'Fusion Logo', NULL, NULL, NULL, '[]', NULL, NULL, NULL, NULL, NULL, NULL, NULL, NULL, NULL, NULL, NULL, NULL, NULL, NULL, '0', NULL, NULL, '2017-03-15 23:42:38', '2017-03-15 23:42:38', '2f422c01-0efd-4b0f-82d0-3348f01778fc'),
 ('48', '50', 'en_us', 'Intel', NULL, NULL, NULL, '[]', NULL, NULL, NULL, NULL, NULL, NULL, NULL, NULL, NULL, NULL, NULL, NULL, NULL, NULL, '0', NULL, NULL, '2017-03-15 23:42:38', '2017-03-15 23:42:38', '163625b6-8df8-4167-9067-98abbac8b06d'),
 ('49', '51', 'en_us', 'Kentstater Logo', NULL, NULL, NULL, '[]', NULL, NULL, NULL, NULL, NULL, NULL, NULL, NULL, NULL, NULL, NULL, NULL, NULL, NULL, '0', NULL, NULL, '2017-03-15 23:42:39', '2017-03-15 23:42:39', '1ab01218-967f-469f-9d4c-62b4dd2c7bdb'),
 ('50', '52', 'en_us', 'Ksuif Logo', NULL, NULL, NULL, '[]', NULL, NULL, NULL, NULL, NULL, NULL, NULL, NULL, NULL, NULL, NULL, NULL, NULL, NULL, '0', NULL, NULL, '2017-03-15 23:42:39', '2017-03-15 23:42:39', '42d3362c-a0d1-4a9c-ad22-bb0d7afbc4eb'),
 ('51', '53', 'en_us', 'Lunanegra Logo', NULL, NULL, NULL, '[]', NULL, NULL, NULL, NULL, NULL, NULL, NULL, NULL, NULL, NULL, NULL, NULL, NULL, NULL, '0', NULL, NULL, '2017-03-15 23:42:39', '2017-03-15 23:42:39', '4b74612b-53cc-42bc-b2bd-c0df2d8ef879'),
 ('52', '54', 'en_us', 'Smsales Logo', NULL, NULL, NULL, '[]', NULL, NULL, NULL, NULL, NULL, NULL, NULL, NULL, NULL, NULL, NULL, NULL, NULL, NULL, '0', NULL, NULL, '2017-03-15 23:42:39', '2017-03-15 23:42:39', 'fefa9f03-2685-4de4-a315-7e87e0d4bd13'),
 ('53', '55', 'en_us', 'Tv2 Logo', NULL, NULL, NULL, '[]', NULL, NULL, NULL, NULL, NULL, NULL, NULL, NULL, NULL, NULL, NULL, NULL, NULL, NULL, '0', NULL, NULL, '2017-03-15 23:42:39', '2017-03-15 23:42:39', '29033196-d534-4346-be88-dd66b4384a86'),
 ('54', '56', 'en_us', 'Uhuru Logo', NULL, NULL, NULL, '[]', NULL, NULL, NULL, NULL, NULL, NULL, NULL, NULL, NULL, NULL, NULL, NULL, NULL, NULL, '0', NULL, NULL, '2017-03-15 23:42:39', '2017-03-15 23:42:39', '9e9d19fe-1836-4039-9f8f-8ffc8a814fe1'),
 ('56', '58', 'en_us', 'About', NULL, NULL, NULL, '[]', NULL, NULL, NULL, NULL, NULL, NULL, NULL, NULL, NULL, NULL, NULL, NULL, NULL, NULL, '0', NULL, NULL, '2017-03-16 18:11:56', '2017-03-16 18:11:56', '13261c0b-f807-4755-b432-6dabac5a1e5c'),
 ('57', '59', 'en_us', 'Media Partners Home', NULL, NULL, NULL, '[]', NULL, NULL, NULL, NULL, NULL, NULL, NULL, NULL, NULL, NULL, NULL, NULL, NULL, NULL, '0', NULL, NULL, '2017-03-16 18:12:46', '2017-03-16 18:12:46', '57fa80e5-3b72-4d48-9fbe-73f241d20602'),
 ('58', '60', 'en_us', 'Get Involved', NULL, NULL, NULL, '[]', NULL, NULL, NULL, NULL, NULL, NULL, NULL, NULL, NULL, NULL, NULL, NULL, NULL, NULL, '0', NULL, NULL, '2017-03-16 18:13:51', '2017-03-16 18:13:51', '89e67a7d-4178-48fa-895b-7dd52c79ccb5'),
 ('59', '61', 'en_us', 'Advertising', NULL, NULL, NULL, '[]', NULL, NULL, NULL, NULL, NULL, NULL, NULL, NULL, NULL, NULL, NULL, NULL, NULL, NULL, '0', NULL, NULL, '2017-03-16 18:15:33', '2017-03-16 19:38:13', '667228ba-73ff-4a60-afa9-d2627eea0c08'),
 ('60', '62', 'en_us', 'Contact', NULL, NULL, NULL, '[]', NULL, NULL, NULL, NULL, NULL, NULL, NULL, NULL, NULL, NULL, NULL, NULL, NULL, NULL, '0', NULL, NULL, '2017-03-16 18:15:45', '2017-03-16 18:15:45', '26429fb1-6847-4a0e-8b08-c8f65cd97187'),
 ('62', '64', 'en_us', 'People Cropped 960', NULL, NULL, NULL, '[]', NULL, NULL, NULL, NULL, NULL, NULL, NULL, NULL, NULL, NULL, NULL, NULL, NULL, NULL, '0', NULL, NULL, '2017-03-16 18:42:00', '2017-03-16 18:42:00', '3bb3d9c3-21aa-46b3-87d9-2ac322b13e5e'),
 ('63', '65', 'en_us', 'Testimonial #1', NULL, NULL, NULL, '[]', NULL, NULL, NULL, NULL, NULL, NULL, NULL, NULL, NULL, NULL, NULL, NULL, NULL, NULL, '0', 'Dorothy Ly', 'This is an amazing thing!', '2017-03-21 17:36:38', '2017-03-21 17:36:38', '1198837b-c003-4f31-9e0e-66a81a3a8325'),
 ('64', '66', 'en_us', 'Support Us', NULL, NULL, NULL, '[]', NULL, NULL, NULL, NULL, NULL, NULL, NULL, NULL, NULL, NULL, NULL, NULL, NULL, NULL, '0', NULL, NULL, '2017-03-23 03:28:41', '2017-03-23 03:28:41', '3767169c-b084-4075-8c9e-d345dce00f35'),
 ('65', '67', 'en_us', 'Kent State Student Media', NULL, NULL, NULL, '[]', NULL, NULL, NULL, NULL, NULL, NULL, NULL, NULL, NULL, NULL, NULL, NULL, NULL, NULL, '0', NULL, NULL, '2017-03-23 03:31:51', '2017-03-23 03:32:18', '75290603-5d96-4bf3-af22-a715edcd37bd'),
 ('66', '68', 'en_us', 'Print', NULL, NULL, NULL, '[]', NULL, NULL, NULL, NULL, NULL, NULL, NULL, NULL, NULL, NULL, NULL, NULL, NULL, NULL, '0', NULL, NULL, '2017-03-23 18:09:01', '2017-03-23 18:09:01', 'b7be05cb-50ec-4dd8-9647-2ce60292f1eb'),
 ('67', '69', 'en_us', 'Digital', NULL, NULL, NULL, '[]', NULL, NULL, NULL, NULL, NULL, NULL, NULL, NULL, NULL, NULL, NULL, NULL, NULL, NULL, '0', NULL, NULL, '2017-03-23 18:09:09', '2017-03-23 18:09:09', '61906350-4841-4f6b-b7b9-25921a8c7420'),
 ('68', '70', 'en_us', 'Bundles', NULL, NULL, NULL, '[]', NULL, NULL, NULL, NULL, NULL, NULL, NULL, NULL, NULL, NULL, NULL, NULL, NULL, NULL, '0', NULL, NULL, '2017-03-23 18:09:15', '2017-03-23 18:09:15', 'f4652c00-42dc-464b-8ca2-4fc096241800'),
 ('69', '71', 'en_us', 'Ad #2', NULL, NULL, NULL, '[]', NULL, NULL, NULL, NULL, NULL, NULL, NULL, NULL, NULL, NULL, NULL, NULL, NULL, NULL, '0', NULL, NULL, '2017-03-23 18:10:55', '2017-03-23 18:10:55', 'f24e0795-e67e-414e-a662-9d25532eb764'),
 ('70', '73', 'en_us', 'Daily Kent Stater Ads', NULL, NULL, NULL, '[]', NULL, NULL, NULL, NULL, NULL, NULL, NULL, NULL, NULL, NULL, NULL, NULL, NULL, NULL, '0', NULL, NULL, '2017-03-23 18:20:19', '2017-03-23 18:29:13', '8254d352-deec-4388-94dd-02160a24d23f'),
 ('71', '76', 'en_us', 'Print TV and Radio', NULL, NULL, NULL, '[]', NULL, NULL, NULL, NULL, NULL, NULL, NULL, NULL, NULL, NULL, NULL, NULL, NULL, NULL, '0', NULL, NULL, '2017-03-23 18:32:59', '2017-03-23 18:32:59', 'ab35e1dd-8138-4b2f-95b3-67b4726cfcde'),
 ('72', '78', 'en_us', 'Sm Logo', NULL, NULL, NULL, '[]', NULL, NULL, NULL, NULL, NULL, NULL, NULL, NULL, NULL, NULL, NULL, NULL, NULL, NULL, '0', NULL, NULL, '2017-04-03 19:35:52', '2017-04-03 19:35:52', '8a7b6a1a-4f21-4549-8da7-c1596829b4e7');



DROP TABLE IF EXISTS `craft_deprecationerrors`;


--
-- Schema for table `craft_deprecationerrors`
--
CREATE TABLE `craft_deprecationerrors` (
  `id` int(11) NOT NULL AUTO_INCREMENT,
  `key` varchar(255) COLLATE utf8_unicode_ci NOT NULL,
  `fingerprint` varchar(255) COLLATE utf8_unicode_ci NOT NULL,
  `lastOccurrence` datetime NOT NULL,
  `file` varchar(255) COLLATE utf8_unicode_ci NOT NULL,
  `line` smallint(6) unsigned NOT NULL,
  `class` varchar(255) COLLATE utf8_unicode_ci DEFAULT NULL,
  `method` varchar(255) COLLATE utf8_unicode_ci DEFAULT NULL,
  `template` varchar(255) COLLATE utf8_unicode_ci DEFAULT NULL,
  `templateLine` smallint(6) unsigned DEFAULT NULL,
  `message` varchar(255) COLLATE utf8_unicode_ci DEFAULT NULL,
  `traces` text COLLATE utf8_unicode_ci,
  `dateCreated` datetime NOT NULL,
  `dateUpdated` datetime NOT NULL,
  `uid` char(36) COLLATE utf8_unicode_ci NOT NULL DEFAULT '0',
  PRIMARY KEY (`id`),
  UNIQUE KEY `craft_deprecationerrors_key_fingerprint_unq_idx` (`key`,`fingerprint`)
) ENGINE=InnoDB DEFAULT CHARSET=utf8 COLLATE=utf8_unicode_ci;

DROP TABLE IF EXISTS `craft_elementindexsettings`;


--
-- Schema for table `craft_elementindexsettings`
--
CREATE TABLE `craft_elementindexsettings` (
  `id` int(11) NOT NULL AUTO_INCREMENT,
  `type` varchar(150) COLLATE utf8_unicode_ci NOT NULL,
  `settings` text COLLATE utf8_unicode_ci,
  `dateCreated` datetime NOT NULL,
  `dateUpdated` datetime NOT NULL,
  `uid` char(36) COLLATE utf8_unicode_ci NOT NULL DEFAULT '0',
  PRIMARY KEY (`id`),
  UNIQUE KEY `craft_elementindexsettings_type_unq_idx` (`type`)
) ENGINE=InnoDB DEFAULT CHARSET=utf8 COLLATE=utf8_unicode_ci;

DROP TABLE IF EXISTS `craft_elements`;


--
-- Schema for table `craft_elements`
--
CREATE TABLE `craft_elements` (
  `id` int(11) NOT NULL AUTO_INCREMENT,
  `type` varchar(150) COLLATE utf8_unicode_ci NOT NULL,
  `enabled` tinyint(1) unsigned NOT NULL DEFAULT '1',
  `archived` tinyint(1) unsigned NOT NULL DEFAULT '0',
  `dateCreated` datetime NOT NULL,
  `dateUpdated` datetime NOT NULL,
  `uid` char(36) COLLATE utf8_unicode_ci NOT NULL DEFAULT '0',
  PRIMARY KEY (`id`),
  KEY `craft_elements_type_idx` (`type`),
  KEY `craft_elements_enabled_idx` (`enabled`),
  KEY `craft_elements_archived_dateCreated_idx` (`archived`,`dateCreated`)
) ENGINE=InnoDB AUTO_INCREMENT=79 DEFAULT CHARSET=utf8 COLLATE=utf8_unicode_ci;

--
-- Data for table `craft_elements`
--

INSERT INTO `craft_elements` (`id`, `type`, `enabled`, `archived`, `dateCreated`, `dateUpdated`, `uid`) VALUES
 ('1', 'User', '1', '0', '2017-01-12 16:12:58', '2017-01-12 16:12:58', 'f7e649cc-d708-4064-b045-8d55e4df9cdc'),
 ('2', 'Entry', '1', '0', '2017-01-12 16:12:59', '2017-03-16 20:46:20', 'b591e424-5e7d-4c14-868a-8c75c5beb180'),
 ('3', 'Entry', '1', '0', '2017-01-12 16:12:59', '2017-01-12 16:12:59', 'ab93eba5-c1a5-4afc-8f5b-b4d4b4ebb468'),
 ('5', 'GlobalSet', '1', '0', '2017-02-16 21:06:16', '2017-04-03 19:35:55', '4dabac74-8e39-4693-b877-5551f2ecc684'),
 ('6', 'GlobalSet', '1', '0', '2017-02-16 21:16:37', '2017-03-02 21:07:17', 'e530bcb1-2f24-4887-8131-e44a4acb252c'),
 ('10', 'Entry', '1', '0', '2017-02-23 21:56:29', '2017-03-16 19:28:02', '1ed58f4f-8116-4533-be29-c550f1c97d5e'),
 ('11', 'Entry', '1', '0', '2017-02-24 21:50:46', '2017-03-16 20:44:04', '56fc4a16-a8b9-4c39-872e-1c4734a0a72f'),
 ('12', 'Entry', '1', '0', '2017-02-24 21:51:00', '2017-03-16 20:43:37', '7b24e459-2a90-4c22-9502-11f736bca1ab'),
 ('14', 'Entry', '1', '0', '2017-02-27 15:21:05', '2017-03-16 19:26:26', 'c7202d30-00f8-45f1-b72c-4ef75869c36c'),
 ('15', 'Entry', '1', '0', '2017-02-27 15:21:14', '2017-03-16 19:27:28', 'bda8057d-36a9-4b13-92e9-c41e9cbeb2ab'),
 ('19', 'Entry', '1', '0', '2017-03-02 19:46:01', '2017-03-16 19:11:04', '674fcd92-6525-4ceb-ad52-1568bc109958'),
 ('20', 'Entry', '1', '0', '2017-03-02 19:46:26', '2017-03-23 17:55:20', '580f7cf8-7f7b-4828-adf5-d9f1c651347b'),
 ('21', 'Entry', '1', '0', '2017-03-02 19:46:47', '2017-03-16 19:12:44', '34a945af-4021-4d9e-b737-151f20c89b98'),
 ('22', 'Entry', '1', '0', '2017-03-02 19:46:53', '2017-03-16 19:13:21', '3704eec1-1971-4439-8d8b-2c11c241c33f'),
 ('23', 'Entry', '1', '0', '2017-03-02 19:48:46', '2017-03-16 20:33:51', '988307df-67a0-429e-8325-cd1fde75434c'),
 ('24', 'Entry', '1', '0', '2017-03-02 19:49:24', '2017-04-13 14:54:10', 'fe943bd9-1dbc-49f5-93e4-8521d53b02fc'),
 ('25', 'Entry', '1', '0', '2017-03-02 19:49:47', '2017-04-13 14:56:32', '3f317e76-3366-40bb-ad49-bc526a969167'),
 ('27', 'Entry', '1', '0', '2017-03-09 01:59:38', '2017-03-16 20:42:43', '88b8c960-04a6-40b4-90b6-a134c214d7fe'),
 ('30', 'Entry', '1', '0', '2017-03-09 02:32:43', '2017-03-09 02:40:51', 'ec932821-b563-49c3-84b6-e7fc6797ead3'),
 ('35', 'Asset', '1', '0', '2017-03-09 19:36:31', '2017-03-09 19:36:31', '37698d1c-b77f-48ed-a9db-7d5a704a91cd'),
 ('37', 'MatrixBlock', '1', '0', '2017-03-10 16:00:22', '2017-04-13 14:56:32', '7b05fd89-07ff-4eb1-b25f-e24d8b5fdda7'),
 ('39', 'Entry', '1', '0', '2017-03-12 16:13:09', '2017-03-12 16:13:09', '52909e92-9435-470f-b878-3777eac43d7c'),
 ('41', 'Entry', '1', '0', '2017-03-12 16:14:46', '2017-03-12 16:14:46', 'b7fea5ff-9903-4f54-862f-5e9815ee6b7a'),
 ('42', 'Category', '1', '0', '2017-03-12 16:15:37', '2017-03-12 16:15:37', 'c507f82a-9830-4435-8e1d-52898c91db86'),
 ('43', 'Entry', '1', '0', '2017-03-12 16:16:01', '2017-03-23 17:53:05', '1da1aa1c-ce0a-4260-ad86-e7afb6bd18cc'),
 ('44', 'MatrixBlock', '1', '0', '2017-03-12 16:16:01', '2017-03-23 17:53:05', '602c3baa-a892-419a-a87f-45f5f90d4496'),
 ('45', 'Entry', '1', '0', '2017-03-12 16:17:55', '2017-03-12 16:17:55', '59137a98-ff07-4723-8786-39b36b3edddd'),
 ('46', 'Asset', '1', '0', '2017-03-15 23:42:37', '2017-03-15 23:42:37', 'bf7dc30d-028f-439c-84ac-cdb4f7c69c93'),
 ('47', 'Asset', '1', '0', '2017-03-15 23:42:38', '2017-03-15 23:42:38', 'd7affb2a-7707-4c90-8440-780903e04e96'),
 ('48', 'Asset', '1', '0', '2017-03-15 23:42:38', '2017-03-15 23:42:38', '63edbbff-e18f-484b-8d22-edad3f2ef9c9'),
 ('49', 'Asset', '1', '0', '2017-03-15 23:42:38', '2017-03-15 23:42:38', '6dcfd8ab-776a-485d-9f91-44c5369d51d4'),
 ('50', 'Asset', '1', '0', '2017-03-15 23:42:38', '2017-03-15 23:42:38', '2dc2fcec-193c-4912-883b-7244ebd54858'),
 ('51', 'Asset', '1', '0', '2017-03-15 23:42:39', '2017-03-15 23:42:39', 'b9247bf4-1aae-48dd-9609-3d7b3183392e'),
 ('52', 'Asset', '1', '0', '2017-03-15 23:42:39', '2017-03-15 23:42:39', '2827aa37-d0fa-46b5-bae1-d462827f5bc4'),
 ('53', 'Asset', '1', '0', '2017-03-15 23:42:39', '2017-03-15 23:42:39', '6dff4feb-f3dd-4399-9ea8-18e3e326b808'),
 ('54', 'Asset', '1', '0', '2017-03-15 23:42:39', '2017-03-15 23:42:39', '19401f8b-4c0f-4ec3-908d-870e3dcb93d6'),
 ('55', 'Asset', '1', '0', '2017-03-15 23:42:39', '2017-03-15 23:42:39', 'cae907ec-e48f-4981-a238-57a98d1e47bc'),
 ('56', 'Asset', '1', '0', '2017-03-15 23:42:39', '2017-03-15 23:42:39', 'b4f30f9d-fd60-4d2f-86a7-fb76dc1cef43'),
 ('58', 'Entry', '1', '0', '2017-03-16 18:11:56', '2017-03-16 18:11:56', '8df9aecc-6168-4ad7-9f0e-a7fcfcfdd445'),
 ('59', 'Entry', '1', '0', '2017-03-16 18:12:46', '2017-03-16 18:12:46', '5ee14415-8470-441f-90ad-e37b34ef0615'),
 ('60', 'Entry', '1', '0', '2017-03-16 18:13:51', '2017-03-16 18:13:51', 'd205379d-c3a9-4e38-bd7b-28448ed165d9'),
 ('61', 'Entry', '1', '0', '2017-03-16 18:15:33', '2017-03-16 19:38:13', '5ff306fc-08c9-4850-b168-6a0b73c47c5c'),
 ('62', 'Entry', '1', '0', '2017-03-16 18:15:45', '2017-03-16 18:15:45', '49181e7b-1cb8-439a-95e7-e4d1d8582807'),
 ('64', 'Asset', '1', '0', '2017-03-16 18:42:00', '2017-03-16 18:42:00', '9f190647-6c81-432e-aa5c-4dd976f62027'),
 ('65', 'Entry', '1', '0', '2017-03-21 17:36:38', '2017-03-21 17:36:38', '74216f56-b8ed-436b-8a75-527c8fbfc775'),
 ('66', 'Entry', '1', '0', '2017-03-23 03:28:41', '2017-03-23 03:28:41', '45291d40-ec08-4a5e-8bd5-6ff436e70689'),
 ('67', 'Asset', '1', '0', '2017-03-23 03:31:51', '2017-03-23 03:32:18', 'ab9424a4-bf0c-449d-b972-11833d694a99'),
 ('68', 'Category', '1', '0', '2017-03-23 18:09:01', '2017-03-23 18:09:01', 'e5c98da5-47eb-406e-9a3c-39ac260b4033'),
 ('69', 'Category', '1', '0', '2017-03-23 18:09:09', '2017-03-23 18:09:09', '82bd5931-15b0-4a3a-8987-a7d00cc941eb'),
 ('70', 'Category', '1', '0', '2017-03-23 18:09:15', '2017-03-23 18:09:15', '0e162c11-c90d-4a3d-acc9-a5561c207cd0'),
 ('71', 'Entry', '1', '0', '2017-03-23 18:10:55', '2017-03-23 18:10:55', 'b5327033-3b14-4484-b9cd-1671fb8f2bed'),
 ('72', 'MatrixBlock', '1', '0', '2017-03-23 18:10:55', '2017-03-23 18:10:55', '2e247c14-8fe4-4863-af34-ba08620d85a1'),
 ('73', 'Entry', '1', '0', '2017-03-23 18:20:19', '2017-03-23 18:29:13', '74cf1f09-397d-4b62-9c72-d06b9fc5b73e'),
 ('74', 'MatrixBlock', '1', '0', '2017-03-23 18:21:18', '2017-03-23 18:29:13', '8db63f9b-648e-40e5-abb3-59712ccd5733'),
 ('75', 'MatrixBlock', '1', '0', '2017-03-23 18:27:09', '2017-03-23 18:29:13', '65e385c3-17fe-4b4f-bf9f-1982a7ad55b7'),
 ('76', 'Entry', '1', '0', '2017-03-23 18:32:59', '2017-03-23 18:32:59', '6d08b4c6-e36f-4866-a444-a888f260e7c1'),
 ('77', 'MatrixBlock', '1', '0', '2017-03-23 18:32:59', '2017-03-23 18:32:59', '19c11cb3-11dd-4cb1-b21f-5850303dde1b'),
 ('78', 'Asset', '1', '0', '2017-04-03 19:35:52', '2017-04-03 19:35:52', '876c2831-d904-4be3-aa3a-880512bdf975');



DROP TABLE IF EXISTS `craft_elements_i18n`;


--
-- Schema for table `craft_elements_i18n`
--
CREATE TABLE `craft_elements_i18n` (
  `id` int(11) NOT NULL AUTO_INCREMENT,
  `elementId` int(11) NOT NULL,
  `locale` char(12) COLLATE utf8_unicode_ci NOT NULL,
  `slug` varchar(255) COLLATE utf8_unicode_ci DEFAULT NULL,
  `uri` varchar(255) COLLATE utf8_unicode_ci DEFAULT NULL,
  `enabled` tinyint(1) unsigned NOT NULL DEFAULT '1',
  `dateCreated` datetime NOT NULL,
  `dateUpdated` datetime NOT NULL,
  `uid` char(36) COLLATE utf8_unicode_ci NOT NULL DEFAULT '0',
  PRIMARY KEY (`id`),
  UNIQUE KEY `craft_elements_i18n_elementId_locale_unq_idx` (`elementId`,`locale`),
  UNIQUE KEY `craft_elements_i18n_uri_locale_unq_idx` (`uri`,`locale`),
  KEY `craft_elements_i18n_slug_locale_idx` (`slug`,`locale`),
  KEY `craft_elements_i18n_enabled_idx` (`enabled`),
  KEY `craft_elements_i18n_locale_fk` (`locale`)
) ENGINE=InnoDB AUTO_INCREMENT=79 DEFAULT CHARSET=utf8 COLLATE=utf8_unicode_ci;

--
-- Data for table `craft_elements_i18n`
--

INSERT INTO `craft_elements_i18n` (`id`, `elementId`, `locale`, `slug`, `uri`, `enabled`, `dateCreated`, `dateUpdated`, `uid`) VALUES
 ('1', '1', 'en_us', '', NULL, '1', '2017-01-12 16:12:58', '2017-01-12 16:12:58', '55dfb4e5-38dd-439c-9bf0-818a1c6524ed'),
 ('2', '2', 'en_us', 'homepage', '__home__', '1', '2017-01-12 16:12:59', '2017-03-16 20:46:20', 'efa52522-d95f-46d4-96e4-e89630ac50eb'),
 ('3', '3', 'en_us', 'we-just-installed-craft', 'news/2017/we-just-installed-craft', '1', '2017-01-12 16:12:59', '2017-01-12 16:12:59', 'bafce75b-c074-4fe9-b0dc-e7575a68a0b0'),
 ('5', '5', 'en_us', '', NULL, '1', '2017-02-16 21:06:16', '2017-04-03 19:35:55', '5715c706-6133-47e9-b366-0835801aea5f'),
 ('6', '6', 'en_us', '', NULL, '1', '2017-02-16 21:16:37', '2017-03-02 21:07:17', '1965815c-9703-42b8-8c12-4aa837d21150'),
 ('10', '10', 'en_us', 'a-magazine', 'partners/a-magazine', '1', '2017-02-23 21:56:29', '2017-03-16 19:28:02', '17b5e254-5a7a-47e3-9278-1882615ffa71'),
 ('11', '11', 'en_us', 'this-is-a-fun-statistic', 'statistics/this-is-a-fun-statistic', '1', '2017-02-24 21:50:46', '2017-03-16 20:44:04', '8f0bd7e0-2921-484f-9202-d9f27093eef2'),
 ('12', '12', 'en_us', 'this-is-a-second-statistic', 'statistics/this-is-a-second-statistic', '1', '2017-02-24 21:51:00', '2017-03-16 20:43:37', '867a5538-d660-49f6-a540-c3c690c0ad6f'),
 ('14', '14', 'en_us', 'the-burr', 'partners/the-burr', '1', '2017-02-27 15:21:05', '2017-03-16 19:26:26', 'c046eb3b-48c3-463a-99ad-d7d29690de39'),
 ('15', '15', 'en_us', 'kent-stater', 'partners/kent-stater', '1', '2017-02-27 15:21:14', '2017-03-16 19:27:28', '9fc046ad-6570-4ff7-b4b1-d8ca3e1faba1'),
 ('19', '19', 'en_us', 'black-squirrel-radio', 'partners/black-squirrel-radio', '1', '2017-03-02 19:46:01', '2017-03-16 19:11:04', '7ab14e9f-7423-47c0-97a7-cfe3fab1c5e5'),
 ('20', '20', 'en_us', 'tv2', 'partners/tv2', '1', '2017-03-02 19:46:26', '2017-03-23 17:55:20', '006a9954-333a-4c3b-b4d2-3326368efba3'),
 ('21', '21', 'en_us', 'fusion-magazine', 'partners/fusion-magazine', '1', '2017-03-02 19:46:47', '2017-03-16 19:12:44', 'dde77f32-556a-4d0d-ab82-cc2f23f8e342'),
 ('22', '22', 'en_us', 'uhuru', 'partners/uhuru', '1', '2017-03-02 19:46:53', '2017-03-16 19:13:21', '378de073-70ed-4c40-bcba-13a776592878'),
 ('23', '23', 'en_us', 'kentwired', 'partners/kentwired', '1', '2017-03-02 19:48:46', '2017-03-16 20:33:51', '2f34410a-214c-492b-a778-a45e5c88ff87'),
 ('24', '24', 'en_us', 'luna-negra', 'partners/luna-negra', '1', '2017-03-02 19:49:24', '2017-04-13 14:54:10', 'f196ea92-2b2a-42f5-bc85-bc3d54b5ea93'),
 ('25', '25', 'en_us', 'ksu-independent-films', 'partners/ksu-independent-films', '1', '2017-03-02 19:49:47', '2017-04-13 14:56:32', '41b214a5-1c80-4f8b-a9da-7e3e289f15d2'),
 ('27', '27', 'en_us', 'statistics', 'statistics/statistics', '1', '2017-03-09 01:59:38', '2017-03-16 20:42:43', 'a5d809b1-dc12-4509-a39f-9e35866a9441'),
 ('30', '30', 'en_us', 'easter', 'events/easter', '1', '2017-03-09 02:32:43', '2017-03-09 02:40:51', 'f52afe71-1361-4d30-914d-884b237210c0'),
 ('35', '35', 'en_us', 'seaside', NULL, '1', '2017-03-09 19:36:31', '2017-03-09 19:36:31', '9fef4d53-e3ee-40a7-b6f4-de46c4d9999a'),
 ('37', '37', 'en_us', '', NULL, '1', '2017-03-10 16:00:22', '2017-04-13 14:56:32', '22241473-2c70-4965-a879-dd57f6ffc764'),
 ('39', '39', 'en_us', 'this-is-event-1', 'events/this-is-event-1', '1', '2017-03-12 16:13:09', '2017-03-12 16:13:09', 'ce7a7548-6a26-4129-b143-2d43de539a28'),
 ('41', '41', 'en_us', 'party-time', 'events/party-time', '1', '2017-03-12 16:14:46', '2017-03-12 16:14:46', '4e19633c-fd22-410d-8e95-1791cdefa5bb'),
 ('42', '42', 'en_us', 'broadcast', 'ad-format/broadcast', '1', '2017-03-12 16:15:37', '2017-03-12 16:16:01', 'f7f937a2-0b95-4c5a-bde4-25cfcbec671e'),
 ('43', '43', 'en_us', 'video', 'ad/video', '1', '2017-03-12 16:16:01', '2017-03-23 17:53:05', 'a25a5731-7806-4331-aaa0-a0a97bd0be31'),
 ('44', '44', 'en_us', '', NULL, '1', '2017-03-12 16:16:01', '2017-03-23 17:53:05', '36551f3c-3ac4-417b-99b3-8d807da686ba'),
 ('45', '45', 'en_us', 'kevin-dilley', 'staff/kevin-dilley', '1', '2017-03-12 16:17:55', '2017-03-12 16:17:55', 'b9ef2d85-94ed-4411-ac7a-e3244c0458e0'),
 ('46', '46', 'en_us', 'amag-logo', NULL, '1', '2017-03-15 23:42:37', '2017-03-15 23:42:37', '9bb4897f-7acb-4842-bbe5-ac3114cf6772'),
 ('47', '47', 'en_us', 'bsr-logo', NULL, '1', '2017-03-15 23:42:38', '2017-03-15 23:42:38', '4716edbc-5e6e-495d-9a9d-b3c30c70ff9b'),
 ('48', '48', 'en_us', 'burr-logo', NULL, '1', '2017-03-15 23:42:38', '2017-03-15 23:42:38', '8e42dccd-6e32-498f-a88b-a55534daa5bb'),
 ('49', '49', 'en_us', 'fusion-logo', NULL, '1', '2017-03-15 23:42:38', '2017-03-15 23:42:38', '8ae1e262-0fad-4650-baca-59ea7b3e60c9'),
 ('50', '50', 'en_us', 'intel', NULL, '1', '2017-03-15 23:42:38', '2017-03-15 23:42:38', '357571a5-3622-46f2-ad9e-3c6b907a88ad'),
 ('51', '51', 'en_us', 'kentstater-logo', NULL, '1', '2017-03-15 23:42:39', '2017-03-15 23:42:39', '046d56cc-1280-419d-b910-ba54e87c20c0'),
 ('52', '52', 'en_us', 'ksuif-logo', NULL, '1', '2017-03-15 23:42:39', '2017-03-15 23:42:39', '2781786a-0557-4440-b15d-0c304f676d54'),
 ('53', '53', 'en_us', 'lunanegra-logo', NULL, '1', '2017-03-15 23:42:39', '2017-03-15 23:42:39', '305e7978-04cd-4167-bb1a-c8fc6c117176'),
 ('54', '54', 'en_us', 'smsales-logo', NULL, '1', '2017-03-15 23:42:39', '2017-03-15 23:42:39', '8ce8716e-b744-4131-a355-718d786c6a9a'),
 ('55', '55', 'en_us', 'tv2-logo', NULL, '1', '2017-03-15 23:42:39', '2017-03-15 23:42:39', '747d87bf-4c0b-478c-8312-cd6922a0f94e'),
 ('56', '56', 'en_us', 'uhuru-logo', NULL, '1', '2017-03-15 23:42:39', '2017-03-15 23:42:39', '2ef6fbf8-f9c7-47c0-8c76-77af9ab37836'),
 ('58', '58', 'en_us', 'about', 'about', '1', '2017-03-16 18:11:56', '2017-03-16 18:11:56', 'c24f379d-6b80-4f99-ab47-5c58b716f695'),
 ('59', '59', 'en_us', 'media-partners-home', 'partners', '1', '2017-03-16 18:12:46', '2017-03-16 18:12:46', 'a6b6ab38-a66f-4ba8-8165-bc2cd4908825'),
 ('60', '60', 'en_us', 'get-involved', 'involvement', '1', '2017-03-16 18:13:51', '2017-03-16 18:13:51', 'ff534bdf-8345-4e9e-9603-b51170549743'),
 ('61', '61', 'en_us', 'advertising', 'advertising', '1', '2017-03-16 18:15:33', '2017-03-16 19:38:13', '679c8b72-774a-4a61-b5c7-8131b6f257eb'),
 ('62', '62', 'en_us', 'contact', 'contact', '1', '2017-03-16 18:15:45', '2017-03-16 18:15:45', 'eb0b3597-7a20-41b1-8537-436ab139f861'),
 ('64', '64', 'en_us', 'people-cropped-960', NULL, '1', '2017-03-16 18:42:00', '2017-03-16 18:42:00', '4e2a3462-bf49-4dcb-9a29-cff51008de73'),
 ('65', '65', 'en_us', 'testimonial-1', NULL, '1', '2017-03-21 17:36:38', '2017-03-21 17:36:38', 'dd815e18-0cc0-419f-a61d-57c04b946174'),
 ('66', '66', 'en_us', 'support-us', 'support', '1', '2017-03-23 03:28:41', '2017-03-23 03:28:41', 'bf657e45-8edc-42ec-a926-462a0cca988f'),
 ('67', '67', 'en_us', 'studentmedia-logo', NULL, '1', '2017-03-23 03:31:51', '2017-03-23 03:32:18', '864ff2e9-46a4-41b6-b01a-10223273a29e'),
 ('68', '68', 'en_us', 'print', 'ad-format/print', '1', '2017-03-23 18:09:01', '2017-03-23 18:10:35', 'c6e25d16-4448-4150-9f54-f252401d62ec'),
 ('69', '69', 'en_us', 'digital', 'ad-format/digital', '1', '2017-03-23 18:09:09', '2017-03-23 18:10:35', '31c0e4ad-878b-477d-a164-68e60f6868fc'),
 ('70', '70', 'en_us', 'bundles', 'ad-format/bundles', '1', '2017-03-23 18:09:15', '2017-03-23 18:10:35', '22c23677-9bd0-4a74-aeca-d0c38f4b4dea'),
 ('71', '71', 'en_us', 'ad-2', 'ad/ad-2', '1', '2017-03-23 18:10:55', '2017-03-23 18:10:55', 'f51e6416-2cc7-4121-886c-ff6588d11e69'),
 ('72', '72', 'en_us', '', NULL, '1', '2017-03-23 18:10:55', '2017-03-23 18:10:55', '4271370d-2183-4c3b-8368-ad6f847dd51d'),
 ('73', '73', 'en_us', 'daily-kent-stater-ads', 'ad/daily-kent-stater-ads', '1', '2017-03-23 18:20:19', '2017-03-23 18:29:13', 'cb16c22e-309e-462c-9b0e-8fabcaa0990e'),
 ('74', '74', 'en_us', '', NULL, '1', '2017-03-23 18:21:18', '2017-03-23 18:29:13', '268141ba-62c9-4e22-9633-c7615685f368'),
 ('75', '75', 'en_us', '', NULL, '1', '2017-03-23 18:27:09', '2017-03-23 18:29:13', '63c5215e-11fd-4dfa-b44e-12c8e8cefc5d'),
 ('76', '76', 'en_us', 'print-tv-and-radio', 'ad/print-tv-and-radio', '1', '2017-03-23 18:32:59', '2017-03-23 18:32:59', 'fe7736d4-1b70-44da-b229-afc261b39b86'),
 ('77', '77', 'en_us', '', NULL, '1', '2017-03-23 18:32:59', '2017-03-23 18:32:59', '4becda11-70fe-49b6-9f84-24e3bc390d7b'),
 ('78', '78', 'en_us', 'sm-logo', NULL, '1', '2017-04-03 19:35:52', '2017-04-03 19:35:52', '5d2a31dd-8865-49a0-9d04-83bd10379b2e');



DROP TABLE IF EXISTS `craft_emailmessages`;


--
-- Schema for table `craft_emailmessages`
--
CREATE TABLE `craft_emailmessages` (
  `id` int(11) NOT NULL AUTO_INCREMENT,
  `key` char(150) COLLATE utf8_unicode_ci NOT NULL,
  `locale` char(12) COLLATE utf8_unicode_ci NOT NULL,
  `subject` varchar(1000) COLLATE utf8_unicode_ci NOT NULL,
  `body` text COLLATE utf8_unicode_ci NOT NULL,
  `dateCreated` datetime NOT NULL,
  `dateUpdated` datetime NOT NULL,
  `uid` char(36) COLLATE utf8_unicode_ci NOT NULL DEFAULT '0',
  PRIMARY KEY (`id`),
  UNIQUE KEY `craft_emailmessages_key_locale_unq_idx` (`key`,`locale`),
  KEY `craft_emailmessages_locale_fk` (`locale`)
) ENGINE=InnoDB DEFAULT CHARSET=utf8 COLLATE=utf8_unicode_ci;

DROP TABLE IF EXISTS `craft_entries`;


--
-- Schema for table `craft_entries`
--
CREATE TABLE `craft_entries` (
  `id` int(11) NOT NULL,
  `sectionId` int(11) NOT NULL,
  `typeId` int(11) DEFAULT NULL,
  `authorId` int(11) DEFAULT NULL,
  `postDate` datetime DEFAULT NULL,
  `expiryDate` datetime DEFAULT NULL,
  `dateCreated` datetime NOT NULL,
  `dateUpdated` datetime NOT NULL,
  `uid` char(36) COLLATE utf8_unicode_ci NOT NULL DEFAULT '0',
  PRIMARY KEY (`id`),
  KEY `craft_entries_sectionId_idx` (`sectionId`),
  KEY `craft_entries_typeId_idx` (`typeId`),
  KEY `craft_entries_postDate_idx` (`postDate`),
  KEY `craft_entries_expiryDate_idx` (`expiryDate`),
  KEY `craft_entries_authorId_fk` (`authorId`)
) ENGINE=InnoDB DEFAULT CHARSET=utf8 COLLATE=utf8_unicode_ci;

--
-- Data for table `craft_entries`
--

INSERT INTO `craft_entries` (`id`, `sectionId`, `typeId`, `authorId`, `postDate`, `expiryDate`, `dateCreated`, `dateUpdated`, `uid`) VALUES
 ('2', '1', NULL, NULL, '2017-01-12 16:12:59', NULL, '2017-01-12 16:12:59', '2017-03-16 20:46:20', 'f4565454-7bb3-4ecc-91b8-207b59d5aade'),
 ('3', '2', '2', '1', '2017-01-12 16:12:59', NULL, '2017-01-12 16:12:59', '2017-01-12 16:12:59', 'a6a26c4b-2a27-4dab-9fa0-0dac85b46446'),
 ('10', '4', '4', '1', '2017-02-23 21:56:00', NULL, '2017-02-23 21:56:29', '2017-03-16 19:28:02', '44e4ff40-8838-4055-8c5a-754f25b16ff7'),
 ('11', '5', '5', '1', '2017-02-24 21:50:00', NULL, '2017-02-24 21:50:46', '2017-03-16 20:44:04', '8d9fadf2-b167-469b-b4d7-74b1f34cb8fe'),
 ('12', '5', '5', '1', '2017-02-24 21:51:00', NULL, '2017-02-24 21:51:00', '2017-03-16 20:43:37', '7c56eb50-869f-492a-96ee-e41e5456d01a'),
 ('14', '4', '4', '1', '2017-02-27 15:21:00', NULL, '2017-02-27 15:21:05', '2017-03-16 19:26:26', '3c6e1564-faa8-4cbc-9361-49a89287b9bd'),
 ('15', '4', '4', '1', '2017-02-27 15:21:00', NULL, '2017-02-27 15:21:14', '2017-03-16 19:27:28', '19d716e2-40f6-45d9-a934-d278d9a021ef'),
 ('19', '4', '4', '1', '2017-03-02 19:46:00', NULL, '2017-03-02 19:46:01', '2017-03-16 19:11:04', '955fa00b-658f-4b97-9941-7678aec54224'),
 ('20', '4', '4', '1', '2017-03-02 19:46:00', NULL, '2017-03-02 19:46:26', '2017-03-23 17:55:20', '400cd694-5dc9-4cd2-a6d8-b931b4f1dbe5'),
 ('21', '4', '4', '1', '2017-03-02 19:46:00', NULL, '2017-03-02 19:46:47', '2017-03-16 19:12:44', 'aa54ef4f-33b9-4226-b42a-906e86ca3a54'),
 ('22', '4', '4', '1', '2017-03-02 19:46:00', NULL, '2017-03-02 19:46:53', '2017-03-16 19:13:21', 'e3a3536c-65ba-466e-b589-5191c0db6050'),
 ('23', '4', '4', '1', '2017-03-02 19:48:00', NULL, '2017-03-02 19:48:46', '2017-03-16 20:33:51', '25bd7ff8-b444-4a05-a016-f66ac75a5015'),
 ('24', '4', '4', '1', '2017-03-02 19:49:00', NULL, '2017-03-02 19:49:24', '2017-04-13 14:54:10', 'add48f53-3b81-4d4b-953a-d86c07d94fa0'),
 ('25', '4', '4', '1', '2017-03-02 19:49:00', NULL, '2017-03-02 19:49:47', '2017-04-13 14:56:32', '07ab73f4-6d86-4358-b347-ffb3958a56f0'),
 ('27', '5', '5', '1', '2017-03-09 01:59:00', NULL, '2017-03-09 01:59:38', '2017-03-16 20:42:43', '92c01960-4d9d-4dc1-9bab-88a1bf7017a3'),
 ('30', '6', '6', '1', '2017-03-09 02:32:00', NULL, '2017-03-09 02:32:43', '2017-03-09 02:40:51', '41c5d781-2424-475d-afd5-5f2759690c95'),
 ('39', '6', '6', '1', '2017-03-12 16:13:09', NULL, '2017-03-12 16:13:09', '2017-03-12 16:13:09', '30e3100e-d40b-4f5a-a75e-b8f4a9d92c5e'),
 ('41', '6', '6', '1', '2017-03-12 16:14:46', NULL, '2017-03-12 16:14:46', '2017-03-12 16:14:46', '3c46de11-bc0a-4827-b9b2-882d7e63ccf2'),
 ('43', '7', '7', '1', '2017-03-12 16:16:00', NULL, '2017-03-12 16:16:01', '2017-03-23 17:53:05', '507afdac-7dea-4e3b-b003-1547c177f171'),
 ('45', '8', '8', '1', '2017-03-12 16:17:55', NULL, '2017-03-12 16:17:55', '2017-03-12 16:17:55', 'eb96025f-51cd-4788-8837-88b1ef46abfc'),
 ('58', '9', NULL, NULL, '2017-03-16 18:11:56', NULL, '2017-03-16 18:11:56', '2017-03-16 18:11:56', 'a32d7ce6-5e0b-478f-bec7-a7e340d12614'),
 ('59', '10', NULL, NULL, '2017-03-16 18:12:46', NULL, '2017-03-16 18:12:46', '2017-03-16 18:12:46', 'a988dd90-b76d-4a50-a3fa-b39e85c44bd7'),
 ('60', '11', NULL, NULL, '2017-03-16 18:13:51', NULL, '2017-03-16 18:13:51', '2017-03-16 18:13:51', '2a90f5c7-976e-46e8-a7fa-ef9273dfc9f1'),
 ('61', '12', '12', NULL, '2017-03-16 19:38:13', NULL, '2017-03-16 18:15:33', '2017-03-16 19:38:13', '8fe0021c-ea1f-4748-94be-f455fca01893'),
 ('62', '13', NULL, NULL, '2017-03-16 18:15:45', NULL, '2017-03-16 18:15:45', '2017-03-16 18:15:45', '5cdc5b83-ac5e-48c9-aca9-68ed3f29afd9'),
 ('65', '14', '14', '1', '2017-03-21 17:36:38', NULL, '2017-03-21 17:36:38', '2017-03-21 17:36:38', 'cb4222b5-07ce-4d7f-906c-127a9a4b46dc'),
 ('66', '15', NULL, NULL, '2017-03-23 03:28:41', NULL, '2017-03-23 03:28:41', '2017-03-23 03:28:41', 'c41f0024-2353-4192-9ec8-3ce492ad5628'),
 ('71', '7', '7', '1', '2017-03-23 18:10:00', NULL, '2017-03-23 18:10:55', '2017-03-23 18:10:55', '3f65c53d-6ca6-4288-821c-662b0d05dd78'),
 ('73', '7', '7', '1', '2017-03-23 18:20:00', NULL, '2017-03-23 18:20:19', '2017-03-23 18:29:13', 'ae4f4e21-7d5f-44b0-abe5-e6af61cc2dfd'),
 ('76', '7', '7', '1', '2017-03-23 18:32:59', NULL, '2017-03-23 18:32:59', '2017-03-23 18:32:59', '3addfda3-bf4f-49a7-96ab-ff984a8e4619');



DROP TABLE IF EXISTS `craft_entrydrafts`;


--
-- Schema for table `craft_entrydrafts`
--
CREATE TABLE `craft_entrydrafts` (
  `id` int(11) NOT NULL AUTO_INCREMENT,
  `entryId` int(11) NOT NULL,
  `sectionId` int(11) NOT NULL,
  `creatorId` int(11) NOT NULL,
  `locale` char(12) COLLATE utf8_unicode_ci NOT NULL,
  `name` varchar(255) COLLATE utf8_unicode_ci NOT NULL,
  `notes` tinytext COLLATE utf8_unicode_ci,
  `data` mediumtext COLLATE utf8_unicode_ci NOT NULL,
  `dateCreated` datetime NOT NULL,
  `dateUpdated` datetime NOT NULL,
  `uid` char(36) COLLATE utf8_unicode_ci NOT NULL DEFAULT '0',
  PRIMARY KEY (`id`),
  KEY `craft_entrydrafts_entryId_locale_idx` (`entryId`,`locale`),
  KEY `craft_entrydrafts_sectionId_fk` (`sectionId`),
  KEY `craft_entrydrafts_creatorId_fk` (`creatorId`),
  KEY `craft_entrydrafts_locale_fk` (`locale`)
) ENGINE=InnoDB DEFAULT CHARSET=utf8 COLLATE=utf8_unicode_ci;

DROP TABLE IF EXISTS `craft_entrytypes`;


--
-- Schema for table `craft_entrytypes`
--
CREATE TABLE `craft_entrytypes` (
  `id` int(11) NOT NULL AUTO_INCREMENT,
  `sectionId` int(11) NOT NULL,
  `fieldLayoutId` int(11) DEFAULT NULL,
  `name` varchar(255) COLLATE utf8_unicode_ci NOT NULL,
  `handle` varchar(255) COLLATE utf8_unicode_ci NOT NULL,
  `hasTitleField` tinyint(1) unsigned NOT NULL DEFAULT '1',
  `titleLabel` varchar(255) COLLATE utf8_unicode_ci DEFAULT 'Title',
  `titleFormat` varchar(255) COLLATE utf8_unicode_ci DEFAULT NULL,
  `sortOrder` smallint(6) unsigned DEFAULT NULL,
  `dateCreated` datetime NOT NULL,
  `dateUpdated` datetime NOT NULL,
  `uid` char(36) COLLATE utf8_unicode_ci NOT NULL DEFAULT '0',
  PRIMARY KEY (`id`),
  UNIQUE KEY `craft_entrytypes_name_sectionId_unq_idx` (`name`,`sectionId`),
  UNIQUE KEY `craft_entrytypes_handle_sectionId_unq_idx` (`handle`,`sectionId`),
  KEY `craft_entrytypes_sectionId_fk` (`sectionId`),
  KEY `craft_entrytypes_fieldLayoutId_fk` (`fieldLayoutId`)
) ENGINE=InnoDB AUTO_INCREMENT=16 DEFAULT CHARSET=utf8 COLLATE=utf8_unicode_ci;

--
-- Data for table `craft_entrytypes`
--

INSERT INTO `craft_entrytypes` (`id`, `sectionId`, `fieldLayoutId`, `name`, `handle`, `hasTitleField`, `titleLabel`, `titleFormat`, `sortOrder`, `dateCreated`, `dateUpdated`, `uid`) VALUES
 ('1', '1', '49', 'Homepage', 'homepage', '1', 'Title', NULL, '1', '2017-01-12 16:12:59', '2017-03-09 19:36:02', '2ef3366c-c591-4567-95b0-ef767094c97b'),
 ('2', '2', '5', 'News', 'news', '1', 'Title', NULL, '1', '2017-01-12 16:12:59', '2017-01-12 16:12:59', '405885be-3145-49ec-b56b-0be492c25659'),
 ('4', '4', '75', 'Media Partners', 'mediaPartners', '1', 'Title', NULL, '1', '2017-02-23 21:40:51', '2017-03-23 17:55:02', '1172b808-87ff-4952-9f73-71a79bc22d31'),
 ('5', '5', '61', 'Statistics', 'statistics', '1', 'Title', NULL, '1', '2017-02-24 21:50:00', '2017-03-15 23:47:13', '867b5d4d-3f05-4b18-bfe0-248ed8a7b380'),
 ('6', '6', '59', 'Events', 'events', '1', 'Title', NULL, '1', '2017-03-08 16:24:40', '2017-03-12 16:11:41', '43403449-d2f0-45c6-b4ac-4f3cc8bcfc4f'),
 ('7', '7', '74', 'Ad', 'ad', '1', 'Title', NULL, '1', '2017-03-12 16:08:01', '2017-03-23 17:52:40', 'ab6f6ae7-0d25-49b2-81bb-937d0a3aaef0'),
 ('8', '8', '58', 'Staff', 'staff', '1', 'Title', NULL, '1', '2017-03-12 16:09:15', '2017-03-12 16:10:18', '6c8593d1-b542-4469-b668-15cce0bef8ab'),
 ('9', '9', '63', 'About', 'about', '0', NULL, '{section.name|raw}', '1', '2017-03-16 18:11:56', '2017-03-16 18:11:56', '83ab898f-96d5-4239-bd17-8df200d295c5'),
 ('10', '10', '81', 'Media Partners Home', 'mediaPartnersHome', '1', '', NULL, '1', '2017-03-16 18:12:46', '2017-04-20 04:10:33', 'c932b283-8c4e-49e9-bcc9-86836209ae57'),
 ('11', '11', '65', 'Get Involved', 'getInvolved', '0', NULL, '{section.name|raw}', '1', '2017-03-16 18:13:51', '2017-03-16 18:13:51', '630919e1-842f-4f53-b1dc-913805a08a35'),
 ('12', '12', '66', 'Advertising', 'advertising', '0', NULL, '{section.name|raw}', '1', '2017-03-16 18:15:33', '2017-03-16 18:15:33', '6f29ce86-08d0-4852-a937-223f0288e765'),
 ('13', '13', '67', 'Contact', 'contact', '0', NULL, '{section.name|raw}', '1', '2017-03-16 18:15:45', '2017-03-16 18:15:45', '0c8764fa-49e8-42b9-8c54-890d8d19b670'),
 ('14', '14', '72', 'Testimonials', 'testimonials', '1', 'Title', NULL, '1', '2017-03-21 17:33:15', '2017-03-21 17:34:26', 'ce82acca-bdf2-4152-92ed-7d8dc2cd09d4'),
 ('15', '15', '73', 'Support Us', 'supportUs', '0', NULL, '{section.name|raw}', '1', '2017-03-23 03:28:41', '2017-03-23 03:28:41', '7add1988-0c70-42d9-af24-750735f97059');



DROP TABLE IF EXISTS `craft_entryversions`;


--
-- Schema for table `craft_entryversions`
--
CREATE TABLE `craft_entryversions` (
  `id` int(11) NOT NULL AUTO_INCREMENT,
  `entryId` int(11) NOT NULL,
  `sectionId` int(11) NOT NULL,
  `creatorId` int(11) DEFAULT NULL,
  `locale` char(12) COLLATE utf8_unicode_ci NOT NULL,
  `num` smallint(6) unsigned NOT NULL,
  `notes` tinytext COLLATE utf8_unicode_ci,
  `data` mediumtext COLLATE utf8_unicode_ci NOT NULL,
  `dateCreated` datetime NOT NULL,
  `dateUpdated` datetime NOT NULL,
  `uid` char(36) COLLATE utf8_unicode_ci NOT NULL DEFAULT '0',
  PRIMARY KEY (`id`),
  KEY `craft_entryversions_entryId_locale_idx` (`entryId`,`locale`),
  KEY `craft_entryversions_sectionId_fk` (`sectionId`),
  KEY `craft_entryversions_creatorId_fk` (`creatorId`),
  KEY `craft_entryversions_locale_fk` (`locale`)
) ENGINE=InnoDB AUTO_INCREMENT=139 DEFAULT CHARSET=utf8 COLLATE=utf8_unicode_ci;

--
-- Data for table `craft_entryversions`
--

INSERT INTO `craft_entryversions` (`id`, `entryId`, `sectionId`, `creatorId`, `locale`, `num`, `notes`, `data`, `dateCreated`, `dateUpdated`, `uid`) VALUES
 ('1', '2', '1', '1', 'en_us', '1', NULL, '{\"typeId\":\"1\",\"authorId\":null,\"title\":\"Homepage\",\"slug\":\"homepage\",\"postDate\":1484237579,\"expiryDate\":null,\"enabled\":1,\"parentId\":null,\"fields\":[]}', '2017-01-12 16:12:59', '2017-01-12 16:12:59', 'dc34fecf-f736-4ab5-adeb-19ff77ed9cf2'),
 ('2', '2', '1', '1', 'en_us', '2', NULL, '{\"typeId\":null,\"authorId\":null,\"title\":\"Welcome to Kentstatestudentmedia.com!\",\"slug\":\"homepage\",\"postDate\":1484237579,\"expiryDate\":null,\"enabled\":\"1\",\"parentId\":null,\"fields\":{\"1\":\"<p>It\\u2019s true, this site doesn\\u2019t have a whole lot of content yet, but don\\u2019t worry. Our web developers have just installed the CMS, and they\\u2019re setting things up for the content editors this very moment. Soon Kentstatestudentmedia.com will be an oasis of fresh perspectives, sharp analyses, and astute opinions that will keep you coming back again and again.<\\/p>\"}}', '2017-01-12 16:12:59', '2017-01-12 16:12:59', '0a7f0c7a-c97e-40e3-b8b9-140b0ea42974'),
 ('3', '3', '2', '1', 'en_us', '1', NULL, '{\"typeId\":\"2\",\"authorId\":\"1\",\"title\":\"We just installed Craft!\",\"slug\":\"we-just-installed-craft\",\"postDate\":1484237579,\"expiryDate\":null,\"enabled\":1,\"parentId\":null,\"fields\":[]}', '2017-01-12 16:12:59', '2017-01-12 16:12:59', 'e94f2383-d753-4fbc-84e4-9eac760e8864'),
 ('7', '2', '1', '1', 'en_us', '3', '', '{\"typeId\":null,\"authorId\":null,\"title\":\"Title\",\"slug\":\"homepage\",\"postDate\":1484237579,\"expiryDate\":null,\"enabled\":1,\"parentId\":null,\"fields\":{\"1\":\"<p>It\\u2019s true, this site doesn\\u2019t have a whole lot of content yet, but don\\u2019t worry. Our web developers have just installed the CMS, and they\\u2019re setting things up for the content editors this very moment. Soon Kentstatestudentmedia.com will be an oasis of fresh perspectives, sharp analyses, and astute opinions that will keep you coming back again and again.<\\/p>\",\"16\":[\"7\"],\"17\":\"Tigger the dog\"}}', '2017-02-23 21:19:58', '2017-02-23 21:19:58', '0cddd1f1-aae0-4c39-83d4-6453e0d04cf5'),
 ('8', '10', '4', '1', 'en_us', '1', '', '{\"typeId\":null,\"authorId\":\"1\",\"title\":\"A Magazine\",\"slug\":\"a-magazine\",\"postDate\":1487886989,\"expiryDate\":null,\"enabled\":1,\"parentId\":null,\"fields\":{\"16\":\"\"}}', '2017-02-23 21:56:29', '2017-02-23 21:56:29', 'd0dba58b-3f20-4db8-96c6-26770cd5d65f'),
 ('9', '11', '5', '1', 'en_us', '1', '', '{\"typeId\":null,\"authorId\":\"1\",\"title\":\"This is a fun statistic\",\"slug\":\"this-is-a-fun-statistic\",\"postDate\":1487973046,\"expiryDate\":null,\"enabled\":1,\"parentId\":null,\"fields\":{\"20\":[\"10\"],\"12\":\"This is a description of the statistic\",\"19\":[\"7\"]}}', '2017-02-24 21:50:46', '2017-02-24 21:50:46', '1f5dc5d7-935e-40c8-b14c-a8ac03e3dc22'),
 ('10', '12', '5', '1', 'en_us', '1', '', '{\"typeId\":null,\"authorId\":\"1\",\"title\":\"This is a second statistic\",\"slug\":\"this-is-a-second-statistic\",\"postDate\":1487973060,\"expiryDate\":null,\"enabled\":1,\"parentId\":null,\"fields\":{\"20\":[\"10\"],\"12\":\"This is a description of the second statistic\",\"19\":[\"7\"]}}', '2017-02-24 21:51:00', '2017-02-24 21:51:00', '2cf3545c-bf69-404f-bcd9-6b9981a27893'),
 ('11', '12', '5', '1', 'en_us', '2', '', '{\"typeId\":\"5\",\"authorId\":\"1\",\"title\":\"This is a second statistic\",\"slug\":\"this-is-a-second-statistic\",\"postDate\":1487973060,\"expiryDate\":null,\"enabled\":1,\"parentId\":null,\"fields\":{\"20\":[\"10\"],\"12\":\"This is a description of the second statistic\",\"19\":[\"9\"]}}', '2017-02-24 21:52:32', '2017-02-24 21:52:32', '24cf5d68-70c4-476c-a54c-727eae302965'),
 ('12', '14', '4', '1', 'en_us', '1', '', '{\"typeId\":null,\"authorId\":\"1\",\"title\":\"The Burr\",\"slug\":\"the-burr\",\"postDate\":1488208865,\"expiryDate\":null,\"enabled\":1,\"parentId\":null,\"fields\":{\"19\":\"\",\"14\":\"\"}}', '2017-02-27 15:21:05', '2017-02-27 15:21:05', '150bb256-52ec-4490-a5ff-f489456cb7a3'),
 ('13', '15', '4', '1', 'en_us', '1', '', '{\"typeId\":null,\"authorId\":\"1\",\"title\":\"Kent Stater\",\"slug\":\"kent-stater\",\"postDate\":1488208874,\"expiryDate\":null,\"enabled\":1,\"parentId\":null,\"fields\":{\"19\":\"\",\"14\":\"\"}}', '2017-02-27 15:21:14', '2017-02-27 15:21:14', '2bdbf924-216d-4789-b6bf-f88f99848f45'),
 ('14', '15', '4', '1', 'en_us', '2', '', '{\"typeId\":\"4\",\"authorId\":\"1\",\"title\":\"Kent Stater\",\"slug\":\"kent-stater\",\"postDate\":1488208860,\"expiryDate\":null,\"enabled\":1,\"parentId\":null,\"fields\":{\"19\":[\"18\"],\"14\":[\"16\"]}}', '2017-02-27 15:22:49', '2017-02-27 15:22:49', '173c4ba2-2f0e-4450-a7af-60bd49a24309'),
 ('15', '2', '1', '1', 'en_us', '4', '', '{\"typeId\":null,\"authorId\":null,\"title\":\"Kent State Student Media\",\"slug\":\"homepage\",\"postDate\":1484237579,\"expiryDate\":null,\"enabled\":1,\"parentId\":null,\"fields\":{\"1\":\"<p>It\\u2019s true, this site doesn\\u2019t have a whole lot of content yet, but don\\u2019t worry. Our web developers have just installed the CMS, and they\\u2019re setting things up for the content editors this very moment. Soon Kentstatestudentmedia.com will be an oasis of fresh perspectives, sharp analyses, and astute opinions that will keep you coming back again and again.<\\/p>\",\"16\":\"\",\"17\":\"Tigger the dog\"}}', '2017-03-02 19:23:52', '2017-03-02 19:23:52', 'aa66fb8e-03f8-4258-8a2d-5bb18b0afeb4'),
 ('16', '2', '1', '1', 'en_us', '5', '', '{\"typeId\":null,\"authorId\":null,\"title\":\"Kent State Student Media\",\"slug\":\"homepage\",\"postDate\":1484237579,\"expiryDate\":null,\"enabled\":1,\"parentId\":null,\"fields\":{\"1\":\"<p>It\\u2019s true, this site doesn\\u2019t have a whole lot of content yet, but don\\u2019t worry. Our web developers have just installed the CMS, and they\\u2019re setting things up for the content editors this very moment. Soon Kentstatestudentmedia.com will be an oasis of fresh perspectives, sharp analyses, and astute opinions that will keep you coming back again and again.<\\/p>\",\"11\":\"\",\"12\":\"This is our description\",\"13\":\"\",\"16\":\"\",\"17\":\"Tigger the dog\"}}', '2017-03-02 19:37:35', '2017-03-02 19:37:35', 'b713de47-a79c-4922-86f7-76d05ead8833'),
 ('17', '19', '4', '1', 'en_us', '1', '', '{\"typeId\":null,\"authorId\":\"1\",\"title\":\"Black Squirrel Radio\",\"slug\":\"black-squirrel-radio\",\"postDate\":1488483961,\"expiryDate\":null,\"enabled\":1,\"parentId\":null,\"fields\":{\"20\":\"\",\"19\":\"\",\"14\":\"\"}}', '2017-03-02 19:46:01', '2017-03-02 19:46:01', '354a0f17-264a-465e-9a9b-a66797548880'),
 ('18', '20', '4', '1', 'en_us', '1', '', '{\"typeId\":null,\"authorId\":\"1\",\"title\":\"TV2\",\"slug\":\"tv2\",\"postDate\":1488483986,\"expiryDate\":null,\"enabled\":1,\"parentId\":null,\"fields\":{\"20\":\"\",\"19\":\"\",\"14\":\"\"}}', '2017-03-02 19:46:26', '2017-03-02 19:46:26', '5399d1b1-d880-4a9a-9e6c-e9d668e7fb25'),
 ('19', '21', '4', '1', 'en_us', '1', '', '{\"typeId\":null,\"authorId\":\"1\",\"title\":\"Fusion Magazine\",\"slug\":\"fusion-magazine\",\"postDate\":1488484007,\"expiryDate\":null,\"enabled\":1,\"parentId\":null,\"fields\":{\"20\":\"\",\"19\":\"\",\"14\":\"\"}}', '2017-03-02 19:46:47', '2017-03-02 19:46:47', 'b3651215-ee29-49d2-a8de-659a46b60562'),
 ('20', '22', '4', '1', 'en_us', '1', '', '{\"typeId\":null,\"authorId\":\"1\",\"title\":\"Uhuru\",\"slug\":\"uhuru\",\"postDate\":1488484013,\"expiryDate\":null,\"enabled\":1,\"parentId\":null,\"fields\":{\"20\":\"\",\"19\":\"\",\"14\":\"\"}}', '2017-03-02 19:46:53', '2017-03-02 19:46:53', '36666391-5248-48d6-9870-b4e6b863d233'),
 ('21', '23', '4', '1', 'en_us', '1', '', '{\"typeId\":null,\"authorId\":\"1\",\"title\":\"KentWired\",\"slug\":\"kentwired\",\"postDate\":1488484126,\"expiryDate\":null,\"enabled\":1,\"parentId\":null,\"fields\":{\"20\":\"\",\"19\":\"\",\"14\":\"\"}}', '2017-03-02 19:48:46', '2017-03-02 19:48:46', 'a56379e0-ddd7-448b-9cf7-4d05c86ab563'),
 ('22', '24', '4', '1', 'en_us', '1', '', '{\"typeId\":null,\"authorId\":\"1\",\"title\":\"Luna Negra\",\"slug\":\"luna-negra\",\"postDate\":1488484164,\"expiryDate\":null,\"enabled\":1,\"parentId\":null,\"fields\":{\"20\":\"\",\"19\":\"\",\"14\":\"\"}}', '2017-03-02 19:49:24', '2017-03-02 19:49:24', '6e301869-b48e-475f-bd97-bdabe86bf37a'),
 ('23', '25', '4', '1', 'en_us', '1', '', '{\"typeId\":null,\"authorId\":\"1\",\"title\":\"KSU Independent Films\",\"slug\":\"ksu-independent-films\",\"postDate\":1488484187,\"expiryDate\":null,\"enabled\":1,\"parentId\":null,\"fields\":{\"20\":\"\",\"19\":\"\",\"14\":\"\"}}', '2017-03-02 19:49:47', '2017-03-02 19:49:47', 'cbdbd369-b99b-48c1-bf23-1f66b2691447'),
 ('24', '15', '4', '1', 'en_us', '3', '', '{\"typeId\":\"4\",\"authorId\":\"1\",\"title\":\"Kent Stater\",\"slug\":\"kent-stater\",\"postDate\":1488208860,\"expiryDate\":null,\"enabled\":1,\"parentId\":null,\"fields\":{\"20\":\"\",\"19\":[\"18\"],\"14\":\"\"}}', '2017-03-02 19:50:39', '2017-03-02 19:50:39', 'a4503084-00dd-4303-8885-7eb0fa9aedc0'),
 ('25', '10', '4', '1', 'en_us', '2', '', '{\"typeId\":\"4\",\"authorId\":\"1\",\"title\":\"A Magazine\",\"slug\":\"a-magazine\",\"postDate\":1487886960,\"expiryDate\":null,\"enabled\":1,\"parentId\":null,\"fields\":{\"20\":\"\",\"19\":\"\",\"14\":\"\"}}', '2017-03-02 19:51:16', '2017-03-02 19:51:16', '770d62c7-5e40-4d7d-bc99-50e6da597e29'),
 ('26', '15', '4', '1', 'en_us', '4', '', '{\"typeId\":\"4\",\"authorId\":\"1\",\"title\":\"Kent Stater\",\"slug\":\"kent-stater\",\"postDate\":1488208860,\"expiryDate\":null,\"enabled\":1,\"parentId\":null,\"fields\":{\"20\":\"\",\"19\":\"\",\"14\":\"\"}}', '2017-03-02 19:51:30', '2017-03-02 19:51:30', '2be7e079-fac3-4d4c-8c03-d4aceb1d4090'),
 ('27', '15', '4', '1', 'en_us', '5', '', '{\"typeId\":\"4\",\"authorId\":\"1\",\"title\":\"Kent Stater\",\"slug\":\"kent-stater\",\"postDate\":1488208860,\"expiryDate\":null,\"enabled\":1,\"parentId\":null,\"fields\":{\"20\":\"\",\"19\":[\"18\"],\"14\":\"\"}}', '2017-03-02 19:51:41', '2017-03-02 19:51:41', 'a793197d-1589-4974-bff4-ace562029dc6'),
 ('28', '15', '4', '1', 'en_us', '6', '', '{\"typeId\":\"4\",\"authorId\":\"1\",\"title\":\"Kent Stater\",\"slug\":\"kent-stater\",\"postDate\":1488208860,\"expiryDate\":null,\"enabled\":1,\"parentId\":null,\"fields\":{\"20\":\"\",\"19\":\"\",\"14\":\"\"}}', '2017-03-02 19:52:02', '2017-03-02 19:52:02', '6076386f-a50c-45ce-8972-f34a066ee34a'),
 ('29', '10', '4', '1', 'en_us', '3', '', '{\"typeId\":\"4\",\"authorId\":\"1\",\"title\":\"A Magazine\",\"slug\":\"a-magazine\",\"postDate\":1487886960,\"expiryDate\":null,\"enabled\":1,\"parentId\":null,\"fields\":{\"20\":\"\",\"19\":[\"18\"],\"14\":\"\"}}', '2017-03-02 19:52:11', '2017-03-02 19:52:11', 'fb1200a0-a498-43bb-b2d2-8087ca3b174d'),
 ('30', '10', '4', '1', 'en_us', '4', '', '{\"typeId\":\"4\",\"authorId\":\"1\",\"title\":\"A Magazine\",\"slug\":\"a-magazine\",\"postDate\":1487886960,\"expiryDate\":null,\"enabled\":1,\"parentId\":null,\"fields\":{\"20\":\"\",\"19\":\"\",\"14\":\"\"}}', '2017-03-02 19:52:29', '2017-03-02 19:52:29', 'd090efc4-28e7-4077-a762-1f8498c2bb28'),
 ('31', '10', '4', '1', 'en_us', '5', '', '{\"typeId\":\"4\",\"authorId\":\"1\",\"title\":\"B Magazine\",\"slug\":\"a-magazine\",\"postDate\":1487886960,\"expiryDate\":null,\"enabled\":1,\"parentId\":null,\"fields\":{\"20\":\"\",\"19\":[\"18\"],\"14\":\"\"}}', '2017-03-02 21:06:06', '2017-03-02 21:06:06', 'a374b4b5-f18f-44ba-a312-baa6e26d4f99'),
 ('32', '10', '4', '1', 'en_us', '6', '', '{\"typeId\":\"4\",\"authorId\":\"1\",\"title\":\"A Magazine\",\"slug\":\"a-magazine\",\"postDate\":1487886960,\"expiryDate\":null,\"enabled\":1,\"parentId\":null,\"fields\":{\"20\":\"\",\"19\":\"\",\"14\":\"\"}}', '2017-03-02 21:11:15', '2017-03-02 21:11:15', 'bc1a51ad-54f7-462f-9d34-4eb970a56a9f'),
 ('33', '2', '1', '1', 'en_us', '6', '', '{\"typeId\":null,\"authorId\":null,\"title\":\"Kent State Student Media\",\"slug\":\"homepage\",\"postDate\":1484237579,\"expiryDate\":null,\"enabled\":1,\"parentId\":null,\"fields\":{\"1\":\"<p>It\\u2019s true, this site doesn\\u2019t have a whole lot of content yet, but don\\u2019t worry. Our web developers have just installed the CMS, and they\\u2019re setting things up for the content editors this very moment. Soon Kentstatestudentmedia.com will be an oasis of fresh perspectives, sharp analyses, and astute opinions that will keep you coming back again and again.<\\/p>\",\"11\":\"\",\"12\":\"This is our description\",\"13\":\"\",\"16\":\"\",\"17\":\"Tigger the dog\",\"21\":\"Kent State Student Media is made by students for students.\"}}', '2017-03-02 22:04:30', '2017-03-02 22:04:30', 'd073386b-38d0-4532-a56a-72b236265660'),
 ('34', '2', '1', '1', 'en_us', '7', '', '{\"typeId\":null,\"authorId\":null,\"title\":\"Kent State Student Media\",\"slug\":\"homepage\",\"postDate\":1484237579,\"expiryDate\":null,\"enabled\":1,\"parentId\":null,\"fields\":{\"1\":\"<p>It\\u2019s true, this site doesn\\u2019t have a whole lot of content yet, but don\\u2019t worry. Our web developers have just installed the CMS, and they\\u2019re setting things up for the content editors this very moment. Soon Kentstatestudentmedia.com will be an oasis of fresh perspectives, sharp analyses, and astute opinions that will keep you coming back again and again.<\\/p>\",\"11\":\"\",\"12\":\"This is our description\",\"13\":\"\",\"16\":\"\",\"17\":\"Tigger the dog\",\"21\":\"Kent State Student Media is made by students for students.\"}}', '2017-03-02 22:08:38', '2017-03-02 22:08:38', 'acd7f74a-7829-454e-b526-c7cb479700d1'),
 ('36', '2', '1', '1', 'en_us', '8', '', '{\"typeId\":null,\"authorId\":null,\"title\":\"Kent State Student Media\",\"slug\":\"homepage\",\"postDate\":1484237579,\"expiryDate\":null,\"enabled\":1,\"parentId\":null,\"fields\":{\"1\":\"<p>It\\u2019s true, this site doesn\\u2019t have a whole lot of content yet, but don\\u2019t worry. Our web developers have just installed the CMS, and they\\u2019re setting things up for the content editors this very moment. Soon Kentstatestudentmedia.com will be an oasis of fresh perspectives, sharp analyses, and astute opinions that will keep you coming back again and again.<\\/p>\",\"11\":\"\",\"12\":\"This is our description\",\"13\":\"\",\"16\":\"\",\"17\":\"Tigger the dog\",\"21\":\"Kent State Student Media is made by students for students.\"}}', '2017-03-09 01:33:51', '2017-03-09 01:33:51', '47fdce5a-73bd-48df-8077-eecb39a32b01'),
 ('37', '2', '1', '1', 'en_us', '9', '', '{\"typeId\":null,\"authorId\":null,\"title\":\"Kent State Student Media\",\"slug\":\"homepage\",\"postDate\":1484237579,\"expiryDate\":null,\"enabled\":1,\"parentId\":null,\"fields\":{\"1\":\"<p>It\\u2019s true, this site doesn\\u2019t have a whole lot of content yet, but don\\u2019t worry. Our web developers have just installed the CMS, and they\\u2019re setting things up for the content editors this very moment. Soon Kentstatestudentmedia.com will be an oasis of fresh perspectives, sharp analyses, and astute opinions that will keep you coming back again and again.<\\/p>\",\"11\":\"\",\"12\":\"This is our description\",\"13\":\"\",\"16\":\"\",\"17\":\"Tigger the dog\",\"21\":\"Kent State Student Media is made by students for students.\"}}', '2017-03-09 01:33:52', '2017-03-09 01:33:52', 'd67271ab-129a-4a54-a15c-52de8ce3408f'),
 ('38', '2', '1', '1', 'en_us', '10', '', '{\"typeId\":null,\"authorId\":null,\"title\":\"Kent State Student Media\",\"slug\":\"homepage\",\"postDate\":1484237579,\"expiryDate\":null,\"enabled\":1,\"parentId\":null,\"fields\":{\"1\":\"<p>Kent State Student Media produces six award-winning magazines with subjects including arts and poetry, fashion, minority, and campus issues. The Kent Stater is the premier source for news around campus. Each magazine has a circulation of 4,000+ and the Stater reaches 15,000 individuals. Advertising with Kent State Student Media is an excellent way to make sure you reach the farthest corners of your audience.<\\/p>\",\"11\":\"\",\"12\":\"This is our description\",\"13\":\"\",\"16\":\"\",\"17\":\"Tigger the dog\",\"21\":\"Kent State Student Media is made by students for students.\"}}', '2017-03-09 01:36:17', '2017-03-09 01:36:17', '17d387a4-0452-4711-9923-d3c48d1c6498'),
 ('39', '27', '5', '1', 'en_us', '1', '', '{\"typeId\":null,\"authorId\":\"1\",\"title\":\"Statistics\",\"slug\":\"statistics\",\"postDate\":1489024778,\"expiryDate\":null,\"enabled\":1,\"parentId\":null,\"fields\":{\"20\":\"\",\"12\":\"\",\"19\":\"\"}}', '2017-03-09 01:59:38', '2017-03-09 01:59:38', '1eed3e83-d8a4-4f96-ba0d-a89f7b93a821'),
 ('40', '27', '5', '1', 'en_us', '2', '', '{\"typeId\":\"5\",\"authorId\":\"1\",\"title\":\"10 distinct Media Partners\",\"slug\":\"statistics\",\"postDate\":1489024740,\"expiryDate\":null,\"enabled\":1,\"parentId\":null,\"fields\":{\"20\":\"\",\"12\":\"\",\"19\":\"\"}}', '2017-03-09 02:00:50', '2017-03-09 02:00:50', '774c6bdf-1e5e-4273-9a8e-94e86c341342'),
 ('41', '12', '5', '1', 'en_us', '3', '', '{\"typeId\":\"5\",\"authorId\":\"1\",\"title\":\"750 Students Employed by Student Media Each Year\",\"slug\":\"this-is-a-second-statistic\",\"postDate\":1487973060,\"expiryDate\":null,\"enabled\":1,\"parentId\":null,\"fields\":{\"20\":[\"10\"],\"12\":\"This is a description of the second statistic\",\"19\":\"\"}}', '2017-03-09 02:01:12', '2017-03-09 02:01:12', 'c6eb42dd-4b53-4bc2-a0a8-83079be077f9'),
 ('42', '11', '5', '1', 'en_us', '2', '', '{\"typeId\":\"5\",\"authorId\":\"1\",\"title\":\"80+ years involved with the Kent community\",\"slug\":\"this-is-a-fun-statistic\",\"postDate\":1487973000,\"expiryDate\":null,\"enabled\":1,\"parentId\":null,\"fields\":{\"20\":[\"10\"],\"12\":\"This is a description of the statistic\",\"19\":\"\"}}', '2017-03-09 02:01:45', '2017-03-09 02:01:45', '2866d6e2-701e-4007-b2b9-d5e37a0a46d2'),
 ('46', '30', '6', '1', 'en_us', '1', '', '{\"typeId\":null,\"authorId\":\"1\",\"title\":\"Easter\",\"slug\":\"easter\",\"postDate\":1489026763,\"expiryDate\":null,\"enabled\":1,\"parentId\":null,\"fields\":{\"12\":\"\",\"24\":\"\",\"9\":\"\",\"23\":{\"date\":\"\",\"time\":\"\"}}}', '2017-03-09 02:32:43', '2017-03-09 02:32:43', 'cec1a26f-347a-4618-9394-99b4b5dc252f'),
 ('47', '30', '6', '1', 'en_us', '2', '', '{\"typeId\":\"6\",\"authorId\":\"1\",\"title\":\"Holidays\",\"slug\":\"easter\",\"postDate\":1489026720,\"expiryDate\":null,\"enabled\":1,\"parentId\":null,\"fields\":{\"12\":\"\",\"24\":\"\",\"9\":\"\",\"23\":{\"date\":\"\",\"time\":\"\"}}}', '2017-03-09 02:39:30', '2017-03-09 02:39:30', 'db730f82-5b5c-4352-98dc-c9d63cd26d5f'),
 ('48', '30', '6', '1', 'en_us', '3', '', '{\"typeId\":\"6\",\"authorId\":\"1\",\"title\":\"Easter\",\"slug\":\"easter\",\"postDate\":1489026720,\"expiryDate\":null,\"enabled\":1,\"parentId\":null,\"fields\":{\"12\":\"\",\"24\":\"\",\"9\":\"\",\"23\":{\"date\":\"\",\"time\":\"\"}}}', '2017-03-09 02:39:47', '2017-03-09 02:39:47', '3a7b7d98-232d-4726-b3c4-a558e8239c23'),
 ('49', '30', '6', '1', 'en_us', '4', '', '{\"typeId\":\"6\",\"authorId\":\"1\",\"title\":\"Easter\",\"slug\":\"easter\",\"postDate\":1489026720,\"expiryDate\":null,\"enabled\":1,\"parentId\":null,\"fields\":{\"12\":\"\",\"24\":\"\",\"9\":\"\",\"23\":{\"date\":\"\",\"time\":\"\"}}}', '2017-03-09 02:40:02', '2017-03-09 02:40:02', '1e5be7ec-634b-4393-b60a-ed5d513d39fe'),
 ('50', '30', '6', '1', 'en_us', '5', '', '{\"typeId\":\"6\",\"authorId\":\"1\",\"title\":\"Holidays\",\"slug\":\"easter\",\"postDate\":1489026720,\"expiryDate\":null,\"enabled\":1,\"parentId\":null,\"fields\":{\"12\":\"\",\"24\":\"\",\"9\":\"\",\"23\":{\"date\":\"\",\"time\":\"\"}}}', '2017-03-09 02:40:51', '2017-03-09 02:40:51', 'fc6a041d-024c-4e4d-850e-7b99d6ffce8b'),
 ('51', '10', '4', '1', 'en_us', '7', '', '{\"typeId\":\"4\",\"authorId\":\"1\",\"title\":\"B Magazine\",\"slug\":\"a-magazine\",\"postDate\":1487886960,\"expiryDate\":null,\"enabled\":1,\"parentId\":null,\"fields\":{\"20\":\"\",\"19\":\"\",\"14\":\"\"}}', '2017-03-09 03:28:57', '2017-03-09 03:28:57', 'ea36db62-a54f-46fd-9200-b6ec47524cae'),
 ('52', '10', '4', '1', 'en_us', '8', '', '{\"typeId\":\"4\",\"authorId\":\"1\",\"title\":\"A Magazine\",\"slug\":\"a-magazine\",\"postDate\":1487886960,\"expiryDate\":null,\"enabled\":1,\"parentId\":null,\"fields\":{\"20\":\"\",\"19\":\"\",\"14\":\"\"}}', '2017-03-09 03:29:14', '2017-03-09 03:29:14', '9f5e6f01-07c6-435b-8416-c42fcb80e26c'),
 ('54', '27', '5', '1', 'en_us', '3', '', '{\"typeId\":\"5\",\"authorId\":\"1\",\"title\":\"10 \",\"slug\":\"statistics\",\"postDate\":1489024740,\"expiryDate\":null,\"enabled\":1,\"parentId\":null,\"fields\":{\"12\":\"\",\"25\":\"distinct Media Partners\"}}', '2017-03-09 03:37:00', '2017-03-09 03:37:00', '115adf46-b62a-475b-ac96-0ed0af40d810'),
 ('55', '27', '5', '1', 'en_us', '4', '', '{\"typeId\":\"5\",\"authorId\":\"1\",\"title\":\"10 distinct Media Partners\",\"slug\":\"statistics\",\"postDate\":1489024740,\"expiryDate\":null,\"enabled\":1,\"parentId\":null,\"fields\":{\"12\":\"\",\"25\":\"\"}}', '2017-03-09 03:37:30', '2017-03-09 03:37:30', 'edafdc75-9b89-4b09-a205-ed0286368df1'),
 ('56', '27', '5', '1', 'en_us', '5', '', '{\"typeId\":\"5\",\"authorId\":\"1\",\"title\":\"10 distinct Media Partners\",\"slug\":\"statistics\",\"postDate\":1489024740,\"expiryDate\":null,\"enabled\":1,\"parentId\":null,\"fields\":{\"12\":\"\"}}', '2017-03-09 03:43:18', '2017-03-09 03:43:18', 'e635d7ad-2398-45b9-b7ac-bab7472ba963'),
 ('57', '27', '5', '1', 'en_us', '6', '', '{\"typeId\":\"5\",\"authorId\":\"1\",\"title\":\"10 distinct Media Partners\",\"slug\":\"statistics\",\"postDate\":1489024740,\"expiryDate\":null,\"enabled\":1,\"parentId\":null,\"fields\":{\"12\":\"\"}}', '2017-03-09 03:43:35', '2017-03-09 03:43:35', '3468cd20-8de4-434b-998f-bf8bda0cece7'),
 ('58', '2', '1', '1', 'en_us', '11', '', '{\"typeId\":null,\"authorId\":null,\"title\":\"Kent State Student Media\",\"slug\":\"homepage\",\"postDate\":1484237579,\"expiryDate\":null,\"enabled\":1,\"parentId\":null,\"fields\":{\"1\":\"<p>Kent State Student Media produces six award-winning magazines with subjects including arts and poetry, fashion, minority, and campus issues. The Kent Stater is the premier source for news around campus. Each magazine has a circulation of 4,000+ and the Stater reaches 15,000 individuals. Advertising with Kent State Student Media is an excellent way to make sure you reach the farthest corners of your audience.<\\/p>\",\"11\":\"\",\"12\":\"This is our description\",\"13\":[\"33\"],\"16\":\"\",\"17\":\"Tigger the dog\",\"25\":\"\",\"21\":\"Kent State Student Media is made by students for students.\",\"22\":\"\"}}', '2017-03-09 15:11:11', '2017-03-09 15:11:11', 'f4e90bd8-7978-437d-8394-d6fe9b9520dd'),
 ('59', '2', '1', '1', 'en_us', '12', '', '{\"typeId\":null,\"authorId\":null,\"title\":\"Kent State Student Media\",\"slug\":\"homepage\",\"postDate\":1484237579,\"expiryDate\":null,\"enabled\":1,\"parentId\":null,\"fields\":{\"1\":\"<p>Kent State Student Media produces six award-winning magazines with subjects including arts and poetry, fashion, minority, and campus issues. The Kent Stater is the premier source for news around campus. Each magazine has a circulation of 4,000+ and the Stater reaches 15,000 individuals. Advertising with Kent State Student Media is an excellent way to make sure you reach the farthest corners of your audience.<\\/p>\",\"11\":\"\",\"12\":\"This is our description\",\"13\":[\"33\"],\"16\":\"\",\"17\":\"Tigger the dog\",\"25\":\"\",\"21\":\"Kent State Student Media is made by students for students.\",\"22\":\"\"}}', '2017-03-09 15:30:51', '2017-03-09 15:30:51', 'c39183d7-1ca0-4e48-b6b5-28c88dd580d8'),
 ('60', '2', '1', '1', 'en_us', '13', '', '{\"typeId\":null,\"authorId\":null,\"title\":\"Kent State Student Media\",\"slug\":\"homepage\",\"postDate\":1484237579,\"expiryDate\":null,\"enabled\":1,\"parentId\":null,\"fields\":{\"1\":\"<p>Kent State Student Media produces six award-winning magazines with subjects including arts and poetry, fashion, minority, and campus issues. The Kent Stater is the premier source for news around campus. Each magazine has a circulation of 4,000+ and the Stater reaches 15,000 individuals. Advertising with Kent State Student Media is an excellent way to make sure you reach the farthest corners of your audience.<\\/p>\",\"11\":\"\",\"12\":\"This is our description\",\"13\":[\"33\"],\"16\":\"\",\"17\":\"Tigger the dog\",\"25\":\"\",\"21\":\"Kent State Student Media is made by students for students.\",\"22\":\"\"}}', '2017-03-09 15:32:26', '2017-03-09 15:32:26', 'c2385178-5612-4eb8-be8a-6274cc0ddee3'),
 ('61', '2', '1', '1', 'en_us', '14', '', '{\"typeId\":null,\"authorId\":null,\"title\":\"Kent State Student Media\",\"slug\":\"homepage\",\"postDate\":1484237579,\"expiryDate\":null,\"enabled\":1,\"parentId\":null,\"fields\":{\"1\":\"<p>Kent State Student Media produces six award-winning magazines with subjects including arts and poetry, fashion, minority, and campus issues. The Kent Stater is the premier source for news around campus. Each magazine has a circulation of 4,000+ and the Stater reaches 15,000 individuals. Advertising with Kent State Student Media is an excellent way to make sure you reach the farthest corners of your audience.<\\/p>\",\"11\":\"\",\"12\":\"This is our description\",\"13\":[\"33\"],\"16\":\"\",\"17\":\"Tigger the dog\",\"25\":\"\",\"21\":\"Kent State Student Media is made by students for students.\",\"22\":\"https:\\/\\/player.vimeo.com\\/video\\/183532877\"}}', '2017-03-09 19:31:38', '2017-03-09 19:31:38', 'd365d805-a8d4-49c5-b779-7cd89ec9ff6d'),
 ('62', '2', '1', '1', 'en_us', '15', '', '{\"typeId\":null,\"authorId\":null,\"title\":\"Kent State Student Media\",\"slug\":\"homepage\",\"postDate\":1484237579,\"expiryDate\":null,\"enabled\":1,\"parentId\":null,\"fields\":{\"1\":\"<p>Kent State Student Media produces six award-winning magazines with subjects including arts and poetry, fashion, minority, and campus issues. The Kent Stater is the premier source for news around campus. Each magazine has a circulation of 4,000+ and the Stater reaches 15,000 individuals. Advertising with Kent State Student Media is an excellent way to make sure you reach the farthest corners of your audience.<\\/p>\",\"12\":\"This is our description\",\"13\":[\"35\"],\"16\":\"\",\"17\":\"Tigger the dog\",\"25\":\"\",\"21\":\"Kent State Student Media is made by students for students.\",\"22\":\"https:\\/\\/player.vimeo.com\\/video\\/183532877\"}}', '2017-03-09 19:36:35', '2017-03-09 19:36:35', 'a1d562c9-fadf-4186-9106-3880fbcb4709'),
 ('63', '2', '1', '1', 'en_us', '16', '', '{\"typeId\":null,\"authorId\":null,\"title\":\"Kent State Student Media\",\"slug\":\"homepage\",\"postDate\":1484237579,\"expiryDate\":null,\"enabled\":1,\"parentId\":null,\"fields\":{\"1\":\"<p>Kent State Student Media produces six award-winning magazines with subjects including arts and poetry, fashion, minority, and campus issues. The Kent Stater is the premier source for news around campus. Each magazine has a circulation of 4,000+ and the Stater reaches 15,000 individuals. Advertising with Kent State Student Media is an excellent way to make sure you reach the farthest corners of your audience.<\\/p>\",\"12\":\"This is our description\",\"13\":[\"36\"],\"16\":\"\",\"17\":\"Tigger the dog\",\"25\":\"\",\"21\":\"Kent State Student Media is made by students for students.\",\"22\":\"https:\\/\\/player.vimeo.com\\/video\\/183532877\"}}', '2017-03-09 19:41:09', '2017-03-09 19:41:09', '3c002c3f-9d48-4d36-ba66-e817aa20aa10'),
 ('64', '25', '4', '1', 'en_us', '2', '', '{\"typeId\":\"4\",\"authorId\":\"1\",\"title\":\"KSU Independent Films\",\"slug\":\"ksu-independent-films\",\"postDate\":1488484140,\"expiryDate\":null,\"enabled\":1,\"parentId\":null,\"fields\":{\"20\":\"\",\"12\":\"Our description\",\"4\":\"us@kent.edu\",\"6\":\"Rob\",\"13\":[\"36\"],\"7\":\"Flash\",\"10\":\"333-333-3333\",\"26\":{\"new1\":{\"type\":\"socialMediaBlock\",\"enabled\":\"1\",\"fields\":{\"socialName\":\"twitter\",\"address\":\"http:\\/\\/www.twitter.com\"}}}}}', '2017-03-10 16:00:22', '2017-03-10 16:00:22', 'c9aacbe9-07f0-4c1a-9e9c-99c3a70b3868'),
 ('65', '25', '4', '1', 'en_us', '3', '', '{\"typeId\":\"4\",\"authorId\":\"1\",\"title\":\"KSU Independent Films\",\"slug\":\"ksu-independent-films\",\"postDate\":1488484140,\"expiryDate\":null,\"enabled\":1,\"parentId\":null,\"fields\":{\"12\":\"Our description\",\"4\":\"us@kent.edu\",\"6\":\"Rob\",\"13\":[\"36\"],\"7\":\"Flash\",\"14\":[\"33\"],\"10\":\"333-333-3333\",\"29\":\"a shorter description\",\"26\":{\"37\":{\"type\":\"socialMediaBlock\",\"enabled\":\"1\",\"fields\":{\"socialName\":\"twitter\",\"address\":\"http:\\/\\/www.twitter.com\"}}}}}', '2017-03-10 16:02:43', '2017-03-10 16:02:43', '88ecf243-d044-42fe-88c0-546b9ef384e4'),
 ('66', '39', '6', '1', 'en_us', '1', '', '{\"typeId\":null,\"authorId\":\"1\",\"title\":\"This is Event #1\",\"slug\":\"this-is-event-1\",\"postDate\":1489335189,\"expiryDate\":null,\"enabled\":1,\"parentId\":null,\"fields\":{\"20\":[\"23\",\"20\",\"19\"],\"12\":\"Hi\",\"19\":[\"38\"],\"24\":\"Ideabase \",\"23\":{\"date\":\"3\\/17\\/2017\",\"time\":\"2:00 AM\"}}}', '2017-03-12 16:13:09', '2017-03-12 16:13:09', '62c543e4-f691-4a1b-b7be-6784e97f2a58'),
 ('67', '41', '6', '1', 'en_us', '1', '', '{\"typeId\":null,\"authorId\":\"1\",\"title\":\"Party Time! \",\"slug\":\"party-time\",\"postDate\":1489335286,\"expiryDate\":null,\"enabled\":1,\"parentId\":null,\"fields\":{\"20\":[\"14\",\"15\",\"10\"],\"12\":\"Time to celebrate!! \",\"19\":[\"40\"],\"24\":\"Kent Student Center\",\"23\":{\"date\":\"3\\/31\\/2017\",\"time\":\"3:00 AM\"}}}', '2017-03-12 16:14:46', '2017-03-12 16:14:46', 'c794a3b0-7a14-49fe-b27b-a9ade7e9d7a2'),
 ('68', '43', '7', '1', 'en_us', '1', '', '{\"typeId\":null,\"authorId\":\"1\",\"title\":\"Video\",\"slug\":\"video\",\"postDate\":1489335361,\"expiryDate\":null,\"enabled\":1,\"parentId\":null,\"fields\":{\"31\":[\"42\"],\"32\":{\"new1\":{\"type\":\"adUnit\",\"enabled\":\"1\",\"fields\":{\"timePeriod\":\"week\",\"price\":\"0\",\"size\":\"x17\"}}}}}', '2017-03-12 16:16:01', '2017-03-12 16:16:01', '18812ca4-166b-4de7-bece-02531ca7e3e1'),
 ('69', '45', '8', '1', 'en_us', '1', '', '{\"typeId\":null,\"authorId\":\"1\",\"title\":\"Kevin Dilley\",\"slug\":\"kevin-dilley\",\"postDate\":1489335475,\"expiryDate\":null,\"enabled\":1,\"parentId\":null,\"fields\":{\"20\":[\"24\",\"23\"],\"1\":\"<p>Hi! :D<\\/p>\",\"4\":\"kdilley@kent.edu\",\"5\":[\"faculty\"],\"6\":\"Kevin \",\"19\":\"\",\"8\":\"Big Boss\",\"7\":\"Dilley\",\"10\":\"330-672-4603\"}}', '2017-03-12 16:17:55', '2017-03-12 16:17:55', 'd095155f-1fb7-496e-a4b4-994b99fabc8a'),
 ('70', '24', '4', '1', 'en_us', '2', '', '{\"typeId\":\"4\",\"authorId\":\"1\",\"title\":\"Luna Negra\",\"slug\":\"luna-negra\",\"postDate\":1488484140,\"expiryDate\":null,\"enabled\":1,\"parentId\":null,\"fields\":{\"12\":\"\",\"4\":\"\",\"6\":\"\",\"13\":\"\",\"7\":\"\",\"14\":[\"53\"],\"10\":\"\",\"29\":\"\",\"26\":\"\"}}', '2017-03-15 23:43:24', '2017-03-15 23:43:24', '25e2738a-a4e4-4e83-9d6a-9c4a47b06e93'),
 ('71', '25', '4', '1', 'en_us', '4', '', '{\"typeId\":\"4\",\"authorId\":\"1\",\"title\":\"KSU Independent Films\",\"slug\":\"ksu-independent-films\",\"postDate\":1488484140,\"expiryDate\":null,\"enabled\":1,\"parentId\":null,\"fields\":{\"12\":\"Our description\",\"4\":\"us@kent.edu\",\"6\":\"Rob\",\"13\":[\"36\"],\"7\":\"Flash\",\"14\":[\"52\"],\"10\":\"333-333-3333\",\"29\":\"a shorter description\",\"26\":{\"37\":{\"type\":\"socialMediaBlock\",\"enabled\":\"1\",\"fields\":{\"socialName\":\"twitter\",\"address\":\"http:\\/\\/www.twitter.com\"}}}}}', '2017-03-15 23:43:41', '2017-03-15 23:43:41', '327f3879-9cae-46c8-abdb-5394a72c58d4'),
 ('72', '23', '4', '1', 'en_us', '2', '', '{\"typeId\":\"4\",\"authorId\":\"1\",\"title\":\"KentWired\",\"slug\":\"kentwired\",\"postDate\":1488484080,\"expiryDate\":null,\"enabled\":1,\"parentId\":null,\"fields\":{\"12\":\"\",\"4\":\"\",\"6\":\"\",\"13\":\"\",\"7\":\"\",\"14\":[\"50\"],\"10\":\"\",\"29\":\"\",\"26\":\"\"}}', '2017-03-15 23:44:12', '2017-03-15 23:44:12', 'da24916a-904a-48bd-b067-b0feb6e2fdb7'),
 ('73', '22', '4', '1', 'en_us', '2', '', '{\"typeId\":\"4\",\"authorId\":\"1\",\"title\":\"Uhuru\",\"slug\":\"uhuru\",\"postDate\":1488483960,\"expiryDate\":null,\"enabled\":1,\"parentId\":null,\"fields\":{\"12\":\"\",\"4\":\"\",\"6\":\"\",\"13\":\"\",\"7\":\"\",\"14\":[\"56\"],\"10\":\"\",\"29\":\"\",\"26\":\"\"}}', '2017-03-15 23:44:25', '2017-03-15 23:44:25', '9f9ced54-6e55-4b99-8462-db1f72cd7cfb'),
 ('74', '21', '4', '1', 'en_us', '2', '', '{\"typeId\":\"4\",\"authorId\":\"1\",\"title\":\"Fusion Magazine\",\"slug\":\"fusion-magazine\",\"postDate\":1488483960,\"expiryDate\":null,\"enabled\":1,\"parentId\":null,\"fields\":{\"12\":\"\",\"4\":\"\",\"6\":\"\",\"13\":\"\",\"7\":\"\",\"14\":[\"49\"],\"10\":\"\",\"29\":\"\",\"26\":\"\"}}', '2017-03-15 23:44:38', '2017-03-15 23:44:38', '10fbc5bf-80ca-489a-a9c3-39f051ef8205'),
 ('75', '19', '4', '1', 'en_us', '2', '', '{\"typeId\":\"4\",\"authorId\":\"1\",\"title\":\"Black Squirrel Radio\",\"slug\":\"black-squirrel-radio\",\"postDate\":1488483960,\"expiryDate\":null,\"enabled\":1,\"parentId\":null,\"fields\":{\"12\":\"\",\"4\":\"\",\"6\":\"\",\"13\":\"\",\"7\":\"\",\"14\":[\"47\"],\"10\":\"\",\"29\":\"\",\"26\":\"\"}}', '2017-03-15 23:44:50', '2017-03-15 23:44:50', '9a523b58-7dd2-40f1-95ec-11d0a8fcb385'),
 ('76', '20', '4', '1', 'en_us', '2', '', '{\"typeId\":\"4\",\"authorId\":\"1\",\"title\":\"TV2\",\"slug\":\"tv2\",\"postDate\":1488483960,\"expiryDate\":null,\"enabled\":1,\"parentId\":null,\"fields\":{\"12\":\"\",\"4\":\"\",\"6\":\"\",\"13\":\"\",\"7\":\"\",\"14\":[\"55\"],\"10\":\"\",\"29\":\"\",\"26\":\"\"}}', '2017-03-15 23:45:00', '2017-03-15 23:45:00', 'e9b82975-a5b6-4317-a74e-111a5d7ce5bd'),
 ('77', '24', '4', '1', 'en_us', '3', '', '{\"typeId\":\"4\",\"authorId\":\"1\",\"title\":\"Luna Negra\",\"slug\":\"luna-negra\",\"postDate\":1488484140,\"expiryDate\":null,\"enabled\":1,\"parentId\":null,\"fields\":{\"12\":\"\",\"4\":\"\",\"6\":\"\",\"13\":\"\",\"7\":\"\",\"14\":[\"53\"],\"10\":\"\",\"29\":\"\",\"26\":\"\"}}', '2017-03-15 23:45:06', '2017-03-15 23:45:06', 'bf119eed-b799-4582-a822-b0afad8c1fb2'),
 ('78', '14', '4', '1', 'en_us', '2', '', '{\"typeId\":\"4\",\"authorId\":\"1\",\"title\":\"The Burr\",\"slug\":\"the-burr\",\"postDate\":1488208860,\"expiryDate\":null,\"enabled\":1,\"parentId\":null,\"fields\":{\"12\":\"\",\"4\":\"\",\"6\":\"\",\"13\":\"\",\"7\":\"\",\"14\":[\"48\"],\"10\":\"\",\"29\":\"\",\"26\":\"\"}}', '2017-03-15 23:45:20', '2017-03-15 23:45:20', '67582c22-8bfd-4b0a-98b1-2d081aacb15e'),
 ('79', '15', '4', '1', 'en_us', '7', '', '{\"typeId\":\"4\",\"authorId\":\"1\",\"title\":\"Kent Stater\",\"slug\":\"kent-stater\",\"postDate\":1488208860,\"expiryDate\":null,\"enabled\":1,\"parentId\":null,\"fields\":{\"12\":\"\",\"4\":\"\",\"6\":\"\",\"13\":\"\",\"7\":\"\",\"14\":[\"51\"],\"10\":\"\",\"29\":\"\",\"26\":\"\"}}', '2017-03-15 23:45:33', '2017-03-15 23:45:33', 'c84e69c1-e651-4ceb-9e5c-bb9b75efab47'),
 ('80', '10', '4', '1', 'en_us', '9', '', '{\"typeId\":\"4\",\"authorId\":\"1\",\"title\":\"A Magazine\",\"slug\":\"a-magazine\",\"postDate\":1487886960,\"expiryDate\":null,\"enabled\":1,\"parentId\":null,\"fields\":{\"12\":\"\",\"4\":\"\",\"6\":\"\",\"13\":\"\",\"7\":\"\",\"14\":[\"46\"],\"10\":\"\",\"29\":\"\",\"26\":\"\"}}', '2017-03-15 23:45:42', '2017-03-15 23:45:42', '0ed4d99c-b033-4d4f-bae3-efb2c1a0a13e'),
 ('81', '27', '5', '1', 'en_us', '7', '', '{\"typeId\":\"5\",\"authorId\":\"1\",\"title\":\"10\",\"slug\":\"statistics\",\"postDate\":1489024740,\"expiryDate\":null,\"enabled\":1,\"parentId\":null,\"fields\":{\"25\":\"distinct Media Partners\"}}', '2017-03-15 23:47:33', '2017-03-15 23:47:33', '75b9cd6b-cff3-4b38-9b11-3635c7ba1672'),
 ('82', '27', '5', '1', 'en_us', '8', '', '{\"typeId\":\"5\",\"authorId\":\"1\",\"title\":\"10\",\"slug\":\"statistics\",\"postDate\":1489024740,\"expiryDate\":null,\"enabled\":1,\"parentId\":null,\"fields\":{\"25\":\"distinct Media Partners\"}}', '2017-03-15 23:47:36', '2017-03-15 23:47:36', 'c8472a6c-d86b-46a6-a8cb-117a5ca94699'),
 ('83', '27', '5', '1', 'en_us', '9', '', '{\"typeId\":\"5\",\"authorId\":\"1\",\"title\":\"10\",\"slug\":\"statistics\",\"postDate\":1489024740,\"expiryDate\":null,\"enabled\":1,\"parentId\":null,\"fields\":{\"25\":\"distinct Media Partners\"}}', '2017-03-15 23:47:38', '2017-03-15 23:47:38', '54ed60b9-0360-4931-a88f-59c935cea72a'),
 ('84', '12', '5', '1', 'en_us', '4', '', '{\"typeId\":\"5\",\"authorId\":\"1\",\"title\":\"750\",\"slug\":\"this-is-a-second-statistic\",\"postDate\":1487973060,\"expiryDate\":null,\"enabled\":1,\"parentId\":null,\"fields\":{\"25\":\"Students Employed by Student Media Each Year\"}}', '2017-03-15 23:48:26', '2017-03-15 23:48:26', '8f709f32-6c67-4756-a319-cc1af48de6dc'),
 ('85', '12', '5', '1', 'en_us', '5', '', '{\"typeId\":\"5\",\"authorId\":\"1\",\"title\":\"750\",\"slug\":\"this-is-a-second-statistic\",\"postDate\":1487973060,\"expiryDate\":null,\"enabled\":1,\"parentId\":null,\"fields\":{\"25\":\"Students Employed by Student Media Each Year\"}}', '2017-03-15 23:48:30', '2017-03-15 23:48:30', '6fffb384-fb49-420b-82ac-549ba3f65148'),
 ('86', '11', '5', '1', 'en_us', '3', '', '{\"typeId\":\"5\",\"authorId\":\"1\",\"title\":\"80+\",\"slug\":\"this-is-a-fun-statistic\",\"postDate\":1487973000,\"expiryDate\":null,\"enabled\":1,\"parentId\":null,\"fields\":{\"25\":\"years involved with the Kent community\"}}', '2017-03-15 23:48:42', '2017-03-15 23:48:42', '7080e89c-9a6a-46c6-86f0-4630ab396b50'),
 ('87', '11', '5', '1', 'en_us', '4', '', '{\"typeId\":\"5\",\"authorId\":\"1\",\"title\":\"80+\",\"slug\":\"this-is-a-fun-statistic\",\"postDate\":1487973000,\"expiryDate\":null,\"enabled\":1,\"parentId\":null,\"fields\":{\"25\":\"years involved with the Kent community\"}}', '2017-03-15 23:48:45', '2017-03-15 23:48:45', '21c1e1f2-dfe1-4125-8677-911f45fa95f0'),
 ('88', '24', '4', '1', 'en_us', '4', '', '{\"typeId\":\"4\",\"authorId\":\"1\",\"title\":\"Luna Negra\",\"slug\":\"luna-negra\",\"postDate\":1488484140,\"expiryDate\":null,\"enabled\":1,\"parentId\":null,\"fields\":{\"12\":\"\",\"4\":\"\",\"36\":\"1\",\"6\":\"\",\"13\":\"\",\"7\":\"\",\"14\":[\"53\"],\"10\":\"\",\"29\":\"\",\"26\":\"\"}}', '2017-03-16 18:09:41', '2017-03-16 18:09:41', '9a6dd346-07ed-4dc4-91d9-086133e79a6c'),
 ('89', '25', '4', '1', 'en_us', '5', '', '{\"typeId\":\"4\",\"authorId\":\"1\",\"title\":\"KSU Independent Films\",\"slug\":\"ksu-independent-films\",\"postDate\":1488484140,\"expiryDate\":null,\"enabled\":1,\"parentId\":null,\"fields\":{\"12\":\"Our description\",\"4\":\"us@kent.edu\",\"36\":\"1\",\"6\":\"Rob\",\"13\":[\"36\"],\"7\":\"Flash\",\"14\":[\"52\"],\"10\":\"333-333-3333\",\"29\":\"a shorter description\",\"26\":{\"37\":{\"type\":\"socialMediaBlock\",\"enabled\":\"1\",\"fields\":{\"socialName\":\"twitter\",\"address\":\"http:\\/\\/www.twitter.com\"}}}}}', '2017-03-16 18:09:46', '2017-03-16 18:09:46', '24786e9a-b798-4a4b-b05f-e6e491a7078e'),
 ('90', '23', '4', '1', 'en_us', '3', '', '{\"typeId\":\"4\",\"authorId\":\"1\",\"title\":\"KentWired\",\"slug\":\"kentwired\",\"postDate\":1488484080,\"expiryDate\":null,\"enabled\":1,\"parentId\":null,\"fields\":{\"12\":\"\",\"4\":\"\",\"36\":\"1\",\"6\":\"\",\"13\":\"\",\"7\":\"\",\"14\":[\"50\"],\"10\":\"\",\"29\":\"\",\"26\":\"\"}}', '2017-03-16 18:09:54', '2017-03-16 18:09:54', '266d0253-1cf0-4891-9151-8e2a2ea42455'),
 ('91', '19', '4', '1', 'en_us', '3', '', '{\"typeId\":\"4\",\"authorId\":\"1\",\"title\":\"Black Squirrel Radio\",\"slug\":\"black-squirrel-radio\",\"postDate\":1488483960,\"expiryDate\":null,\"enabled\":1,\"parentId\":null,\"fields\":{\"12\":\"\",\"4\":\"\",\"36\":\"1\",\"6\":\"\",\"13\":\"\",\"7\":\"\",\"14\":[\"47\"],\"10\":\"\",\"29\":\"\",\"26\":\"\"}}', '2017-03-16 18:10:02', '2017-03-16 18:10:02', 'f4a03c7a-ac4a-4109-93e6-76f272471810'),
 ('92', '20', '4', '1', 'en_us', '3', '', '{\"typeId\":\"4\",\"authorId\":\"1\",\"title\":\"TV2\",\"slug\":\"tv2\",\"postDate\":1488483960,\"expiryDate\":null,\"enabled\":1,\"parentId\":null,\"fields\":{\"12\":\"\",\"4\":\"\",\"36\":\"1\",\"6\":\"\",\"13\":\"\",\"7\":\"\",\"14\":[\"55\"],\"10\":\"\",\"29\":\"\",\"26\":\"\"}}', '2017-03-16 18:10:08', '2017-03-16 18:10:08', 'd50966ea-1617-4f60-b5d2-3dec20a0463d'),
 ('93', '21', '4', '1', 'en_us', '3', '', '{\"typeId\":\"4\",\"authorId\":\"1\",\"title\":\"Fusion Magazine\",\"slug\":\"fusion-magazine\",\"postDate\":1488483960,\"expiryDate\":null,\"enabled\":1,\"parentId\":null,\"fields\":{\"12\":\"\",\"4\":\"\",\"36\":\"1\",\"6\":\"\",\"13\":\"\",\"7\":\"\",\"14\":[\"49\"],\"10\":\"\",\"29\":\"\",\"26\":\"\"}}', '2017-03-16 18:10:15', '2017-03-16 18:10:15', 'bfdbd019-a9d4-47e1-b3f7-d4bf95390346'),
 ('94', '22', '4', '1', 'en_us', '3', '', '{\"typeId\":\"4\",\"authorId\":\"1\",\"title\":\"Uhuru\",\"slug\":\"uhuru\",\"postDate\":1488483960,\"expiryDate\":null,\"enabled\":1,\"parentId\":null,\"fields\":{\"12\":\"\",\"4\":\"\",\"36\":\"1\",\"6\":\"\",\"13\":\"\",\"7\":\"\",\"14\":[\"56\"],\"10\":\"\",\"29\":\"\",\"26\":\"\"}}', '2017-03-16 18:10:21', '2017-03-16 18:10:21', 'e228561f-8508-4bb3-9ecc-ecdd94379aff'),
 ('95', '14', '4', '1', 'en_us', '3', '', '{\"typeId\":\"4\",\"authorId\":\"1\",\"title\":\"The Burr\",\"slug\":\"the-burr\",\"postDate\":1488208860,\"expiryDate\":null,\"enabled\":1,\"parentId\":null,\"fields\":{\"12\":\"\",\"4\":\"\",\"36\":\"1\",\"6\":\"\",\"13\":\"\",\"7\":\"\",\"14\":[\"48\"],\"10\":\"\",\"29\":\"\",\"26\":\"\"}}', '2017-03-16 18:10:29', '2017-03-16 18:10:29', '2b15f233-5433-42b2-b957-3544c7609232'),
 ('96', '15', '4', '1', 'en_us', '8', '', '{\"typeId\":\"4\",\"authorId\":\"1\",\"title\":\"Kent Stater\",\"slug\":\"kent-stater\",\"postDate\":1488208860,\"expiryDate\":null,\"enabled\":1,\"parentId\":null,\"fields\":{\"12\":\"\",\"4\":\"\",\"36\":\"1\",\"6\":\"\",\"13\":\"\",\"7\":\"\",\"14\":[\"51\"],\"10\":\"\",\"29\":\"\",\"26\":\"\"}}', '2017-03-16 18:10:39', '2017-03-16 18:10:39', '30ffba04-d8df-4f0a-b7be-47410f23a45b'),
 ('97', '10', '4', '1', 'en_us', '10', '', '{\"typeId\":\"4\",\"authorId\":\"1\",\"title\":\"A Magazine\",\"slug\":\"a-magazine\",\"postDate\":1487886960,\"expiryDate\":null,\"enabled\":1,\"parentId\":null,\"fields\":{\"12\":\"\",\"4\":\"\",\"36\":\"1\",\"6\":\"\",\"13\":\"\",\"7\":\"\",\"14\":[\"46\"],\"10\":\"\",\"29\":\"\",\"26\":\"\"}}', '2017-03-16 18:10:47', '2017-03-16 18:10:47', 'db420513-b1d7-4b82-8178-5791de907228'),
 ('98', '58', '9', '1', 'en_us', '1', NULL, '{\"typeId\":\"9\",\"authorId\":null,\"title\":\"About\",\"slug\":\"about\",\"postDate\":1489687916,\"expiryDate\":null,\"enabled\":1,\"parentId\":null,\"fields\":[]}', '2017-03-16 18:11:56', '2017-03-16 18:11:56', '4262a43a-1f19-43d4-b9be-1b19edb6fc45'),
 ('99', '59', '10', '1', 'en_us', '1', NULL, '{\"typeId\":\"10\",\"authorId\":null,\"title\":\"Media Partners Home\",\"slug\":\"media-partners-home\",\"postDate\":1489687966,\"expiryDate\":null,\"enabled\":1,\"parentId\":null,\"fields\":[]}', '2017-03-16 18:12:46', '2017-03-16 18:12:46', '05ac9c0e-e9c3-4a17-b9dd-eff6c8eb5dda'),
 ('100', '60', '11', '1', 'en_us', '1', NULL, '{\"typeId\":\"11\",\"authorId\":null,\"title\":\"Get Involved\",\"slug\":\"get-involved\",\"postDate\":1489688031,\"expiryDate\":null,\"enabled\":1,\"parentId\":null,\"fields\":[]}', '2017-03-16 18:13:51', '2017-03-16 18:13:51', '6af7d62f-e1cb-4a5e-b9e1-bdb4945c275c'),
 ('101', '61', '12', '1', 'en_us', '1', NULL, '{\"typeId\":\"12\",\"authorId\":null,\"title\":\"Advertising\",\"slug\":\"advertising\",\"postDate\":1489688133,\"expiryDate\":null,\"enabled\":1,\"parentId\":null,\"fields\":[]}', '2017-03-16 18:15:33', '2017-03-16 18:15:33', 'c8e46318-0d18-428d-87e6-f99c396f2411'),
 ('102', '25', '4', '1', 'en_us', '6', '', '{\"typeId\":\"4\",\"authorId\":\"1\",\"title\":\"KSU Independent Films\",\"slug\":\"ksu-independent-films\",\"postDate\":1488484140,\"expiryDate\":null,\"enabled\":1,\"parentId\":null,\"fields\":{\"12\":\"Our description\",\"4\":\"us@kent.edu\",\"36\":\"\",\"6\":\"Rob\",\"13\":[\"36\"],\"7\":\"Flash\",\"14\":[\"52\"],\"10\":\"333-333-3333\",\"29\":\"a shorter description\",\"26\":{\"37\":{\"type\":\"socialMediaBlock\",\"enabled\":\"1\",\"fields\":{\"socialName\":\"twitter\",\"address\":\"http:\\/\\/www.twitter.com\"}}}}}', '2017-03-16 18:15:44', '2017-03-16 18:15:44', 'f1f3615f-ec96-45f2-bc0f-baa93d6ba4ab'),
 ('103', '62', '13', '1', 'en_us', '1', NULL, '{\"typeId\":\"13\",\"authorId\":null,\"title\":\"Contact\",\"slug\":\"contact\",\"postDate\":1489688145,\"expiryDate\":null,\"enabled\":1,\"parentId\":null,\"fields\":[]}', '2017-03-16 18:15:45', '2017-03-16 18:15:45', '9d9856de-3d1f-4426-950c-e4740053438e'),
 ('104', '25', '4', '1', 'en_us', '7', '', '{\"typeId\":\"4\",\"authorId\":\"1\",\"title\":\"KSU Independent Films\",\"slug\":\"ksu-independent-films\",\"postDate\":1488484140,\"expiryDate\":null,\"enabled\":1,\"parentId\":null,\"fields\":{\"12\":\"Our description\",\"4\":\"us@kent.edu\",\"36\":\"\",\"6\":\"Rob\",\"13\":[\"36\"],\"7\":\"Flash\",\"14\":[\"52\"],\"10\":\"333-333-3333\",\"29\":\"a shorter description\",\"26\":{\"37\":{\"type\":\"socialMediaBlock\",\"enabled\":\"1\",\"fields\":{\"socialName\":\"twitter\",\"address\":\"http:\\/\\/www.twitter.com\"}}}}}', '2017-03-16 18:27:07', '2017-03-16 18:27:07', 'b50a9c13-6277-4ff0-b91d-58368396999c'),
 ('105', '25', '4', '1', 'en_us', '8', '', '{\"typeId\":\"4\",\"authorId\":\"1\",\"title\":\"KSU Independent Films\",\"slug\":\"ksu-independent-films\",\"postDate\":1488484140,\"expiryDate\":null,\"enabled\":1,\"parentId\":null,\"fields\":{\"12\":\"Our description\",\"4\":\"us@kent.edu\",\"36\":\"1\",\"6\":\"Rob\",\"13\":[\"36\"],\"7\":\"Flash\",\"14\":[\"52\"],\"10\":\"333-333-3333\",\"29\":\"a shorter description\",\"26\":{\"37\":{\"type\":\"socialMediaBlock\",\"enabled\":\"1\",\"fields\":{\"socialName\":\"twitter\",\"address\":\"http:\\/\\/www.twitter.com\"}}}}}', '2017-03-16 18:28:03', '2017-03-16 18:28:03', '0c88ff9c-4c70-4bc4-bcc3-f8cafa0a0678'),
 ('106', '2', '1', '1', 'en_us', '17', '', '{\"typeId\":null,\"authorId\":null,\"title\":\"Kent State Student Media\",\"slug\":\"homepage\",\"postDate\":1484237579,\"expiryDate\":null,\"enabled\":1,\"parentId\":null,\"fields\":{\"1\":\"<p>Kent State Student Media produces six award-winning magazines with subjects including arts and poetry, fashion, minority, and campus issues. The Kent Stater is the premier source for news around campus. Each magazine has a circulation of 4,000+ and the Stater reaches 15,000 individuals. Advertising with Kent State Student Media is an excellent way to make sure you reach the farthest corners of your audience.<\\/p>\",\"12\":\"This is our description\",\"13\":[\"64\"],\"16\":\"\",\"17\":\"Tigger the dog\",\"25\":\"\",\"21\":\"Kent State Student Media is made by students for students.\",\"22\":\"https:\\/\\/player.vimeo.com\\/video\\/183532877\"}}', '2017-03-16 18:42:19', '2017-03-16 18:42:19', 'ea40ade6-ee7d-467c-a078-48209c1c7b43'),
 ('107', '24', '4', '1', 'en_us', '5', '', '{\"typeId\":\"4\",\"authorId\":\"1\",\"title\":\"Luna Negra\",\"slug\":\"luna-negra\",\"postDate\":1488484140,\"expiryDate\":null,\"enabled\":1,\"parentId\":null,\"fields\":{\"12\":\"Luna Negra is Kent State\\u2019s literary student publication and they publish a blend of poetry, prose, photography and illustration. For over 50 years, they have published submissions from current students and community members. Their magazine is published every spring and they produce additional content on LunaNegraMag.com.\",\"4\":\"\",\"36\":\"1\",\"6\":\"\",\"13\":\"\",\"7\":\"\",\"14\":[\"53\"],\"10\":\"\",\"29\":\"Luna Negra is Kent State\\u2019s literary student magazine that publishes a blend of poetry, prose, photography and illustration. \",\"26\":\"\"}}', '2017-03-16 19:07:53', '2017-03-16 19:07:53', '7b3af154-9385-4791-a8d8-15cf24604f94'),
 ('108', '25', '4', '1', 'en_us', '9', '', '{\"typeId\":\"4\",\"authorId\":\"1\",\"title\":\"KSU Independent Films\",\"slug\":\"ksu-independent-films\",\"postDate\":1488484140,\"expiryDate\":null,\"enabled\":1,\"parentId\":null,\"fields\":{\"12\":\"Kent State University Independent Films (KSUIF) is a student-run production company that teaches, inspires and prepares filmmakers for the real-world industry. KSUIF produces a wide variety of content including webseries, short films, award-winning music videos, documentaries, TV shows and feature films. KSUIF is one of three organizations in the country that allows students to create full-length feature films.\",\"4\":\"us@kent.edu\",\"36\":\"1\",\"6\":\"Rob\",\"13\":\"\",\"7\":\"Flash\",\"14\":[\"52\"],\"10\":\"330-672-6541\",\"29\":\"Kent State University Independent Films (KSUIF) is a student-run production company that teaches, inspires and prepares filmmakers for the real-world industry. \",\"26\":{\"37\":{\"type\":\"socialMediaBlock\",\"enabled\":\"1\",\"fields\":{\"socialName\":\"twitter\",\"address\":\"http:\\/\\/www.twitter.com\"}}}}}', '2017-03-16 19:09:20', '2017-03-16 19:09:20', '0d85878b-2276-43e3-8950-954654e3e671');
INSERT INTO `craft_entryversions` (`id`, `entryId`, `sectionId`, `creatorId`, `locale`, `num`, `notes`, `data`, `dateCreated`, `dateUpdated`, `uid`) VALUES
 ('109', '23', '4', '1', 'en_us', '4', '', '{\"typeId\":\"4\",\"authorId\":\"1\",\"title\":\"KentWired\",\"slug\":\"kentwired\",\"postDate\":1488484080,\"expiryDate\":null,\"enabled\":1,\"parentId\":null,\"fields\":{\"12\":\"KentWired.com is a news organization hosting content created by the collaborative effort of students working in student media at Kent State University. KentWired is the independent news website for the Kent Stater and TV2 and is the year round news source for everything Kent. KentWired has top news, entertainment, sports, and community and campus news. It also features classifieds and live streams for TV2 and Black Squirrel Radio. \",\"4\":\"\",\"36\":\"1\",\"6\":\"\",\"13\":\"\",\"7\":\"\",\"14\":[\"50\"],\"10\":\"\",\"29\":\"KentWired.com is a news organization that holds content created by students working in student media at Kent State University. \",\"26\":\"\"}}', '2017-03-16 19:10:27', '2017-03-16 19:10:27', 'af33b03a-d5da-4684-94ed-2b2a4ce73c2d'),
 ('110', '19', '4', '1', 'en_us', '4', '', '{\"typeId\":\"4\",\"authorId\":\"1\",\"title\":\"Black Squirrel Radio\",\"slug\":\"black-squirrel-radio\",\"postDate\":1488483960,\"expiryDate\":null,\"enabled\":1,\"parentId\":null,\"fields\":{\"12\":\"Black Squirrel Radio (BSR) is a student-run radio station that has 10,000 loyal monthly listeners. BSR features a large selection of urban, rock and local music with numerous local bands and entertainers coming for in-studio performances and interviews. BSR is available at www.blacksquirrelradio.com, iTunes radio under College Stations, the TuneIn app and channels 2-4 and 2-6 though on-campus television.\",\"4\":\"\",\"36\":\"1\",\"6\":\"\",\"13\":\"\",\"7\":\"\",\"14\":[\"47\"],\"10\":\"\",\"29\":\"Black Squirrel Radio (BSR) is the student-run radio station on Kent State\\u2019s campus and provides innovative media content inspired by the community of Kent, Ohio.\",\"26\":\"\"}}', '2017-03-16 19:11:04', '2017-03-16 19:11:04', 'ddf86b9a-4909-46ea-abff-6cf992160d6a'),
 ('111', '20', '4', '1', 'en_us', '4', '', '{\"typeId\":\"4\",\"authorId\":\"1\",\"title\":\"TV2\",\"slug\":\"tv2\",\"postDate\":1488483960,\"expiryDate\":null,\"enabled\":1,\"parentId\":null,\"fields\":{\"12\":\"TV2 is the award-winning, student-run television station of Kent State University. TV2 is also Portage County\\u2019s only local television station and the best source for local news and original television content. TV2 reaches more than 26,000 homes throughout Portage County on Spectrum (formerly Time Warner Cable) channel 16 and more than 7,500 Kent State students living on-campus on channel 2-2. TV2 is also live streamed on KentWired.com\\/TV2. With 10 different TV shows, TV2 covers everything from breaking news, local news, weather, sports, entertainment and humor.\",\"4\":\"\",\"36\":\"1\",\"6\":\"\",\"13\":\"\",\"7\":\"\",\"14\":[\"55\"],\"10\":\"\",\"29\":\"TV2 is the award-winning, student-run television station of Kent State that broadcasts to students and the Portage County community.\",\"26\":\"\"}}', '2017-03-16 19:12:03', '2017-03-16 19:12:03', '8bff0c64-3071-4110-810e-12f09d4f6f79'),
 ('112', '21', '4', '1', 'en_us', '4', '', '{\"typeId\":\"4\",\"authorId\":\"1\",\"title\":\"Fusion Magazine\",\"slug\":\"fusion-magazine\",\"postDate\":1488483960,\"expiryDate\":null,\"enabled\":1,\"parentId\":null,\"fields\":{\"12\":\"Fusion is Kent State\'s lesbian, gay, bisexual, transgender and queer\\/questioning student advocacy and entertainment magazine. Fusion strives to promote equality and community in northeast Ohio and beyond through journalism and they have been recognized by the Society of Professional Journalists for excellence. Fusion is the only student magazine focusing on LGBTQ issues in the region.\",\"4\":\"\",\"36\":\"1\",\"6\":\"\",\"13\":\"\",\"7\":\"\",\"14\":[\"49\"],\"10\":\"\",\"29\":\"Fusion is Kent State\'s lesbian, gay, bisexual, transgender and queer\\/questioning student advocacy and entertainment magazine. \",\"26\":\"\"}}', '2017-03-16 19:12:44', '2017-03-16 19:12:44', 'f2e57817-2700-4977-881f-40642fa354c0'),
 ('113', '22', '4', '1', 'en_us', '4', '', '{\"typeId\":\"4\",\"authorId\":\"1\",\"title\":\"Uhuru\",\"slug\":\"uhuru\",\"postDate\":1488483960,\"expiryDate\":null,\"enabled\":1,\"parentId\":null,\"fields\":{\"12\":\"Uhuru is an award-winning magazine that promotes innovation, creativity and culture through the voice of marginalized students. A derivative of Black Unites Students, Uhuru is focused on the unification of the African-American population but serves as a safe haven for others by reflecting all people of color at Kent State. Uhuru is Kent State\'s only minority news outlet and serves as a platform for student creation and expression in art, writing, photography and graphic design while addressing social issues.\",\"4\":\"\",\"36\":\"1\",\"6\":\"\",\"13\":\"\",\"7\":\"\",\"14\":[\"56\"],\"10\":\"\",\"29\":\"Uhuru is the magazine that promotes innovation, creativity and culture through the voice of marginalized students at Kent State.\",\"26\":\"\"}}', '2017-03-16 19:13:21', '2017-03-16 19:13:21', '5ad59367-4472-4359-a7e3-6a99ab7f9aa7'),
 ('114', '14', '4', '1', 'en_us', '4', '', '{\"typeId\":\"4\",\"authorId\":\"1\",\"title\":\"The Burr\",\"slug\":\"the-burr\",\"postDate\":1488208860,\"expiryDate\":null,\"enabled\":1,\"parentId\":null,\"fields\":{\"12\":\"The Burr is an independent, award-winning student magazine and was Kent State\\u2019s first student magazine ever. The magazine features a mix of original reporting, how-to articles, feature articles and personal essays. TheBurr.com is frequently updated with multimedia stories and blogs and has an archive of past issues.\",\"4\":\"\",\"36\":\"1\",\"6\":\"\",\"13\":\"\",\"7\":\"\",\"14\":[\"48\"],\"10\":\"\",\"29\":\"The Burr is Kent State\\u2019s first student-produced magazine made for those who have made a home in Kent.\",\"26\":\"\"}}', '2017-03-16 19:26:26', '2017-03-16 19:26:26', '9c69b62a-27bf-4425-aee0-fc527699f1b1'),
 ('115', '15', '4', '1', 'en_us', '9', '', '{\"typeId\":\"4\",\"authorId\":\"1\",\"title\":\"Kent Stater\",\"slug\":\"kent-stater\",\"postDate\":1488208860,\"expiryDate\":null,\"enabled\":1,\"parentId\":null,\"fields\":{\"12\":\"The Kent Stater is the award-winning, student-run newspaper at Kent State University. Reaching more than 15,000 people per issue, the Stater keeps the community up-to-date with campus, local and national news, sports and features. The Stater publishes on Monday, Wednesday and Thursday and has a circulation of 6,750 per day. During the summer months, The Kent Stater runs special print issues and also runs the annual Orientation issue to welcome new and returning students.\",\"4\":\"\",\"36\":\"1\",\"6\":\"\",\"13\":\"\",\"7\":\"\",\"14\":[\"51\"],\"10\":\"\",\"29\":\"The Kent Stater is the award-winning, student-run newspaper at Kent State University. \",\"26\":\"\"}}', '2017-03-16 19:27:28', '2017-03-16 19:27:28', '15a9f6bc-ac1e-4ef4-97e7-32911f63087f'),
 ('116', '10', '4', '1', 'en_us', '11', '', '{\"typeId\":\"4\",\"authorId\":\"1\",\"title\":\"A Magazine\",\"slug\":\"a-magazine\",\"postDate\":1487886960,\"expiryDate\":null,\"enabled\":1,\"parentId\":null,\"fields\":{\"12\":\"A Magazine is a visually stunning student-run magazine at Kent State. It is the publication for all things fashion, beauty, accessories and culture on campus and beyond. A focuses on both women\'s and men\'s fashion and has companion website that is updated regularly with extended content and videos, providing students with the latest fashion news. It is distributed at Kent State and the Fashion School\\u2019s New York studio.\",\"4\":\"\",\"36\":\"1\",\"6\":\"\",\"13\":\"\",\"7\":\"\",\"14\":[\"46\"],\"10\":\"\",\"29\":\"A Magazine is Kent State\\u2019s student-run fashion magazine and is the hub for all things fashion, beauty and culture related.\",\"26\":\"\"}}', '2017-03-16 19:28:02', '2017-03-16 19:28:02', '16a4db00-ce53-4f94-b784-79fae900f91c'),
 ('117', '23', '4', '1', 'en_us', '5', '', '{\"typeId\":\"4\",\"authorId\":\"1\",\"title\":\"KentWired\",\"slug\":\"kentwired\",\"postDate\":1488484080,\"expiryDate\":null,\"enabled\":1,\"parentId\":null,\"fields\":{\"12\":\"merpoopybutthole\",\"4\":\"\",\"36\":\"1\",\"6\":\"\",\"13\":\"\",\"7\":\"\",\"14\":[\"50\"],\"10\":\"\",\"29\":\"KentWired.com is a news organization that holds content created by students working in student media at Kent State University. \",\"26\":\"\"}}', '2017-03-16 20:30:58', '2017-03-16 20:30:58', '0cdbff5d-54eb-4282-8e46-33d149eef8b8'),
 ('118', '23', '4', '1', 'en_us', '6', '', '{\"typeId\":\"4\",\"authorId\":\"1\",\"title\":\"KentWired\",\"slug\":\"kentwired\",\"postDate\":1488484080,\"expiryDate\":null,\"enabled\":1,\"parentId\":null,\"fields\":{\"12\":\"KentWired.com is a news organization hosting content created by the collaborative effort of students working in student media at Kent State University. KentWired is the independent news website for the Kent Stater and TV2 and is the year round news source for everything Kent. KentWired has top news, entertainment, sports, and community and campus news. It also features classifieds and live streams for TV2 and Black Squirrel Radio. \",\"4\":\"\",\"36\":\"1\",\"6\":\"\",\"13\":\"\",\"7\":\"\",\"14\":[\"50\"],\"10\":\"\",\"29\":\"KentWired.com is a news organization that holds content created by students working in student media at Kent State University. \",\"26\":\"\"}}', '2017-03-16 20:33:51', '2017-03-16 20:33:51', '24bd2d86-5ba8-408f-9703-88cf7b0a8236'),
 ('119', '2', '1', '1', 'en_us', '18', '', '{\"typeId\":null,\"authorId\":null,\"title\":\"About Kent Student Media\",\"slug\":\"homepage\",\"postDate\":1484237579,\"expiryDate\":null,\"enabled\":1,\"parentId\":null,\"fields\":{\"1\":\"<p>Award-winning, nationally recognized and locally focused. Our independent, student-run media partners create content the campus and Kent community seek. Students learn practical skills through the professional learning opportunities available through Kent State Student Media. Advertising with Kent State Student Media is an excellent way to make sure you reach your audience.<\\/p>\",\"12\":\"This is our description\",\"13\":[\"64\"],\"16\":\"\",\"17\":\"Tigger the dog\",\"25\":\"\",\"21\":\"Kent State Student Media is made by students, for students.\",\"22\":\"https:\\/\\/player.vimeo.com\\/video\\/183532877\"}}', '2017-03-16 20:38:59', '2017-03-16 20:38:59', 'bc5a6e52-09ab-42a3-9534-aa4976ab3181'),
 ('120', '2', '1', '1', 'en_us', '19', '', '{\"typeId\":null,\"authorId\":null,\"title\":\"About Kent Student Media\",\"slug\":\"homepage\",\"postDate\":1484237579,\"expiryDate\":null,\"enabled\":1,\"parentId\":null,\"fields\":{\"1\":\"<p>Award-winning, nationally recognized and locally focused. Our independent, student-run media partners create content the campus and Kent community seek. Students learn practical skills through the professional learning opportunities available through Kent State Student Media. Advertising with Kent State Student Media is an excellent way to make sure you reach your audience.<\\/p>\",\"12\":\"This is our description\",\"13\":[\"64\"],\"16\":\"\",\"17\":\"Tigger the dog\",\"25\":\"\",\"21\":\"Kent State Student Media is made by students, for students.\",\"22\":\"https:\\/\\/player.vimeo.com\\/video\\/183532877\"}}', '2017-03-16 20:41:28', '2017-03-16 20:41:28', '6b72d347-bad5-4769-9014-e56429f6d73f'),
 ('121', '27', '5', '1', 'en_us', '10', '', '{\"typeId\":\"5\",\"authorId\":\"1\",\"title\":\"10\",\"slug\":\"statistics\",\"postDate\":1489024740,\"expiryDate\":null,\"enabled\":1,\"parentId\":null,\"fields\":{\"25\":\"different media outlets ran by student media\"}}', '2017-03-16 20:42:43', '2017-03-16 20:42:43', '7ef462f3-b5c8-4225-8588-ca3f1f9a82ab'),
 ('122', '12', '5', '1', 'en_us', '6', '', '{\"typeId\":\"5\",\"authorId\":\"1\",\"title\":\"750\",\"slug\":\"this-is-a-second-statistic\",\"postDate\":1487973060,\"expiryDate\":null,\"enabled\":1,\"parentId\":null,\"fields\":{\"25\":\"Students work with student media per semester\"}}', '2017-03-16 20:43:37', '2017-03-16 20:43:37', 'be01b841-df9f-4401-adb9-2133b7f82588'),
 ('123', '11', '5', '1', 'en_us', '5', '', '{\"typeId\":\"5\",\"authorId\":\"1\",\"title\":\"105\",\"slug\":\"this-is-a-fun-statistic\",\"postDate\":1487973000,\"expiryDate\":null,\"enabled\":1,\"parentId\":null,\"fields\":{\"25\":\"Publications\"}}', '2017-03-16 20:44:04', '2017-03-16 20:44:04', '4e021b86-caf1-4371-977b-d6cebb8eeba2'),
 ('124', '2', '1', '1', 'en_us', '20', '', '{\"typeId\":null,\"authorId\":null,\"title\":\"About Kent Student Media\",\"slug\":\"homepage\",\"postDate\":1484237579,\"expiryDate\":null,\"enabled\":1,\"parentId\":null,\"fields\":{\"1\":\"<p>Award-winning, nationally recognized and locally focused. Our independent, student-run media partners create content the campus and Kent community seek. Students learn practical skills through the professional learning opportunities available through Kent State Student Media. Advertising with Kent State Student Media is an excellent way to make sure you reach your audience.<\\/p>\",\"12\":\"This is our description\",\"13\":[\"64\"],\"16\":\"\",\"17\":\"Tigger the dog\",\"25\":\"\",\"21\":\"Kent State Student Media is made by students, for students.\",\"22\":\"https:\\/\\/player.vimeo.com\\/video\\/183532877\"}}', '2017-03-16 20:46:20', '2017-03-16 20:46:20', '3fdfc330-a596-487a-b1ce-545587a72037'),
 ('125', '65', '14', '1', 'en_us', '1', '', '{\"typeId\":null,\"authorId\":\"1\",\"title\":\"Testimonial #1\",\"slug\":\"testimonial-1\",\"postDate\":1490117798,\"expiryDate\":null,\"enabled\":1,\"parentId\":null,\"fields\":{\"37\":\"Dorothy Ly\",\"38\":\"This is an amazing thing!\"}}', '2017-03-21 17:36:38', '2017-03-21 17:36:38', '04f295b5-8918-4cee-beed-a319c2370223'),
 ('126', '66', '15', '1', 'en_us', '1', NULL, '{\"typeId\":\"15\",\"authorId\":null,\"title\":\"Support Us\",\"slug\":\"support-us\",\"postDate\":1490239721,\"expiryDate\":null,\"enabled\":1,\"parentId\":null,\"fields\":[]}', '2017-03-23 03:28:41', '2017-03-23 03:28:41', '0a083408-cdd6-4e57-83e9-3b0d86218487'),
 ('127', '43', '7', '1', 'en_us', '2', '', '{\"typeId\":\"7\",\"authorId\":\"1\",\"title\":\"Video\",\"slug\":\"video\",\"postDate\":1489335360,\"expiryDate\":null,\"enabled\":1,\"parentId\":null,\"fields\":{\"31\":[\"42\"],\"32\":{\"44\":{\"type\":\"adUnit\",\"enabled\":\"1\",\"fields\":{\"timePeriod\":\"week\",\"price\":\"0\",\"size\":\"x17\"}}},\"20\":[\"24\"]}}', '2017-03-23 17:53:05', '2017-03-23 17:53:05', '5617cc5c-43f4-45f2-9cfb-288a9a7c221a'),
 ('128', '20', '4', '1', 'en_us', '5', '', '{\"typeId\":\"4\",\"authorId\":\"1\",\"title\":\"TV2\",\"slug\":\"tv2\",\"postDate\":1488483960,\"expiryDate\":null,\"enabled\":1,\"parentId\":null,\"fields\":{\"31\":[\"42\"],\"12\":\"TV2 is the award-winning, student-run television station of Kent State University. TV2 is also Portage County\\u2019s only local television station and the best source for local news and original television content. TV2 reaches more than 26,000 homes throughout Portage County on Spectrum (formerly Time Warner Cable) channel 16 and more than 7,500 Kent State students living on-campus on channel 2-2. TV2 is also live streamed on KentWired.com\\/TV2. With 10 different TV shows, TV2 covers everything from breaking news, local news, weather, sports, entertainment and humor.\",\"36\":\"1\",\"13\":\"\",\"14\":[\"55\"],\"29\":\"TV2 is the award-winning, student-run television station of Kent State that broadcasts to students and the Portage County community.\",\"26\":\"\"}}', '2017-03-23 17:55:20', '2017-03-23 17:55:20', '91c50820-200f-43b4-83f3-959d1aa3c31f'),
 ('129', '71', '7', '1', 'en_us', '1', '', '{\"typeId\":null,\"authorId\":\"1\",\"title\":\"Ad #2\",\"slug\":\"ad-2\",\"postDate\":1490292600,\"expiryDate\":null,\"enabled\":1,\"parentId\":null,\"fields\":{\"31\":[\"68\"],\"32\":{\"new1\":{\"type\":\"adUnit\",\"enabled\":\"1\",\"fields\":{\"timePeriod\":\"week\",\"price\":\"5\",\"size\":\"x17\"}}},\"20\":[\"25\"]}}', '2017-03-23 18:10:55', '2017-03-23 18:10:55', '815ed9b7-3949-4f53-8904-28d790378c20'),
 ('130', '73', '7', '1', 'en_us', '1', '', '{\"typeId\":null,\"authorId\":\"1\",\"title\":\"Daily Kent Stater Ads\",\"slug\":\"daily-kent-stater-ads\",\"postDate\":1490293219,\"expiryDate\":null,\"enabled\":1,\"parentId\":null,\"fields\":{\"31\":\"\",\"32\":\"\",\"20\":\"\"}}', '2017-03-23 18:20:19', '2017-03-23 18:20:19', 'd9769e77-1bb5-4d05-9c79-d37892c4a1b0'),
 ('131', '73', '7', '1', 'en_us', '2', '', '{\"typeId\":\"7\",\"authorId\":\"1\",\"title\":\"Daily Kent Stater Ads\",\"slug\":\"daily-kent-stater-ads\",\"postDate\":1490293200,\"expiryDate\":null,\"enabled\":1,\"parentId\":null,\"fields\":{\"31\":[\"42\"],\"32\":{\"new1\":{\"type\":\"adUnit\",\"enabled\":\"1\",\"fields\":{\"timePeriod\":\"week\",\"price\":\"0\",\"size\":\"x17\"}}},\"20\":[\"15\"]}}', '2017-03-23 18:21:18', '2017-03-23 18:21:18', '7a7a9a3b-8dc2-45fc-b2bb-51e816a14e95'),
 ('132', '73', '7', '1', 'en_us', '3', '', '{\"typeId\":\"7\",\"authorId\":\"1\",\"title\":\"Daily Kent Stater Ads\",\"slug\":\"daily-kent-stater-ads\",\"postDate\":1490293200,\"expiryDate\":null,\"enabled\":1,\"parentId\":null,\"fields\":{\"31\":[\"42\"],\"32\":{\"74\":{\"type\":\"adUnit\",\"enabled\":\"1\",\"fields\":{\"adType\":\"Display Ads\",\"adUnit\":[{\"col3\":\"Full Page\",\"col1\":\"$11.00\",\"col2\":\"11x17\\\"\",\"col4\":\"\"},{\"col3\":\"Quarter Page\",\"col1\":\"$15.00\",\"col2\":\"25x22\",\"col4\":\"\"}]}},\"new1\":{\"type\":\"adUnit\",\"enabled\":\"1\",\"fields\":{\"adType\":\"Inserts & Postits\",\"adUnit\":[{\"col3\":\"Single Page insert\",\"col1\":\"$15\",\"col2\":\"\",\"col4\":\"\"}]}}},\"20\":[\"15\"]}}', '2017-03-23 18:27:09', '2017-03-23 18:27:09', '4eca4e60-21a6-46e7-af65-5959da8afffd'),
 ('133', '73', '7', '1', 'en_us', '4', '', '{\"typeId\":\"7\",\"authorId\":\"1\",\"title\":\"Daily Kent Stater Ads\",\"slug\":\"daily-kent-stater-ads\",\"postDate\":1490293200,\"expiryDate\":null,\"enabled\":1,\"parentId\":null,\"fields\":{\"31\":[\"42\"],\"32\":{\"74\":{\"type\":\"adUnit\",\"enabled\":\"1\",\"fields\":{\"adType\":\"Display Ads\",\"adUnit\":[{\"col3\":\"Full Page\",\"col1\":\"$11.00\",\"col2\":\"11x17\\\"\",\"col4\":\"\"},{\"col3\":\"Quarter Page\",\"col1\":\"$15.00\",\"col2\":\"25x22\",\"col4\":\"\"}]}},\"75\":{\"type\":\"adUnit\",\"enabled\":\"1\",\"fields\":{\"adType\":\"Inserts & Postits\",\"adUnit\":[{\"col3\":\"Single Page insert\",\"col1\":\"$15\",\"col2\":\"\",\"col4\":\"\"}]}}},\"20\":[\"15\"]}}', '2017-03-23 18:28:18', '2017-03-23 18:28:18', '2cffb3c4-7138-4679-8ae6-8fb61632bae2'),
 ('134', '73', '7', '1', 'en_us', '5', '', '{\"typeId\":\"7\",\"authorId\":\"1\",\"title\":\"Daily Kent Stater Ads\",\"slug\":\"daily-kent-stater-ads\",\"postDate\":1490293200,\"expiryDate\":null,\"enabled\":1,\"parentId\":null,\"fields\":{\"31\":[\"42\"],\"32\":{\"74\":{\"type\":\"adUnit\",\"enabled\":\"1\",\"fields\":{\"adType\":\"Display Ads\",\"adUnit\":[{\"col3\":\"Full Page\",\"col1\":\"$11.00\",\"col2\":\"11x17\\\"\",\"col4\":\"\"},{\"col3\":\"Quarter Page\",\"col1\":\"$15.00\",\"col2\":\"25x22\",\"col4\":\"\"}],\"adDescription\":\"Ads smallerr than 1\\/6 ....\"}},\"75\":{\"type\":\"adUnit\",\"enabled\":\"1\",\"fields\":{\"adType\":\"Inserts & Postits\",\"adUnit\":[{\"col3\":\"Single Page insert\",\"col1\":\"$15\",\"col2\":\"\",\"col4\":\"\"}],\"adDescription\":\"\"}}},\"20\":[\"15\"]}}', '2017-03-23 18:29:13', '2017-03-23 18:29:13', '470a8d5b-63ea-4285-b9b4-56988cdc3660'),
 ('135', '76', '7', '1', 'en_us', '1', '', '{\"typeId\":null,\"authorId\":\"1\",\"title\":\"Print TV and Radio\",\"slug\":\"print-tv-and-radio\",\"postDate\":1490293979,\"expiryDate\":null,\"enabled\":1,\"parentId\":null,\"fields\":{\"31\":[\"70\"],\"32\":{\"new1\":{\"type\":\"adBundle\",\"enabled\":\"1\",\"fields\":{\"bundleName\":\"\",\"bundlePrice\":\"\",\"bundleDescription\":\"\"}}},\"20\":[\"23\",\"19\",\"20\"]}}', '2017-03-23 18:32:59', '2017-03-23 18:32:59', 'f2d602b1-8c50-437f-a54e-d78a1bcab792'),
 ('136', '24', '4', '1', 'en_us', '6', '', '{\"typeId\":\"4\",\"authorId\":\"1\",\"title\":\"Luna Negra\",\"slug\":\"luna-negra\",\"postDate\":1488484140,\"expiryDate\":null,\"enabled\":1,\"parentId\":null,\"fields\":{\"31\":\"\",\"12\":\"Luna Negra is Kent State\\u2019s literary student publication and they publish a blend of poetry, prose, photography and illustration. For over 50 years, they have published submissions from current students and community members. Their magazine is published every spring and they produce additional content on LunaNegraMag.com.\",\"36\":\"1\",\"13\":[\"64\"],\"14\":[\"53\"],\"29\":\"Luna Negra is Kent State\\u2019s literary student magazine that publishes a blend of poetry, prose, photography and illustration. \",\"26\":\"\"}}', '2017-04-13 14:54:10', '2017-04-13 14:54:10', '7289fd38-97c2-4fcd-8e19-2a910a6f9e1f'),
 ('137', '25', '4', '1', 'en_us', '10', '', '{\"typeId\":\"4\",\"authorId\":\"1\",\"title\":\"KSU Independent Films\",\"slug\":\"ksu-independent-films\",\"postDate\":1488484140,\"expiryDate\":null,\"enabled\":1,\"parentId\":null,\"fields\":{\"31\":\"\",\"12\":\"Kent State University Independent Films (KSUIF) is a student-run production company that teaches, inspires and prepares filmmakers for the real-world industry. KSUIF produces a wide variety of content including webseries, short films, award-winning music videos, documentaries, TV shows and feature films. KSUIF is one of three organizations in the country that allows students to create full-length feature films.\",\"36\":\"1\",\"13\":[\"35\"],\"14\":[\"52\"],\"29\":\"Kent State University Independent Films (KSUIF) is a student-run production company that teaches, inspires and prepares filmmakers for the real-world industry. \",\"26\":{\"37\":{\"type\":\"socialMediaBlock\",\"enabled\":\"1\",\"fields\":{\"socialName\":\"twitter\",\"address\":\"http:\\/\\/www.twitter.com\"}}}}}', '2017-04-13 14:55:49', '2017-04-13 14:55:49', '0e4740aa-449a-4e8c-88a4-5d6981510363'),
 ('138', '25', '4', '1', 'en_us', '11', '', '{\"typeId\":\"4\",\"authorId\":\"1\",\"title\":\"KSU Independent Films\",\"slug\":\"ksu-independent-films\",\"postDate\":1488484140,\"expiryDate\":null,\"enabled\":1,\"parentId\":null,\"fields\":{\"31\":\"\",\"12\":\"Kent State University Independent Films (KSUIF) is a student-run production company that teaches, inspires and prepares filmmakers for the real-world industry. KSUIF produces a wide variety of content including webseries, short films, award-winning music videos, documentaries, TV shows and feature films. KSUIF is one of three organizations in the country that allows students to create full-length feature films.\",\"36\":\"1\",\"13\":[\"64\"],\"14\":[\"52\"],\"29\":\"Kent State University Independent Films (KSUIF) is a student-run production company that teaches, inspires and prepares filmmakers for the real-world industry. \",\"26\":{\"37\":{\"type\":\"socialMediaBlock\",\"enabled\":\"1\",\"fields\":{\"socialName\":\"twitter\",\"address\":\"http:\\/\\/www.twitter.com\"}}}}}', '2017-04-13 14:56:32', '2017-04-13 14:56:32', '9a6b39b3-cd3e-41a1-99db-aac12582c6c9');



DROP TABLE IF EXISTS `craft_fieldgroups`;


--
-- Schema for table `craft_fieldgroups`
--
CREATE TABLE `craft_fieldgroups` (
  `id` int(11) NOT NULL AUTO_INCREMENT,
  `name` varchar(255) COLLATE utf8_unicode_ci NOT NULL,
  `dateCreated` datetime NOT NULL,
  `dateUpdated` datetime NOT NULL,
  `uid` char(36) COLLATE utf8_unicode_ci NOT NULL DEFAULT '0',
  PRIMARY KEY (`id`),
  UNIQUE KEY `craft_fieldgroups_name_unq_idx` (`name`)
) ENGINE=InnoDB AUTO_INCREMENT=5 DEFAULT CHARSET=utf8 COLLATE=utf8_unicode_ci;

--
-- Data for table `craft_fieldgroups`
--

INSERT INTO `craft_fieldgroups` (`id`, `name`, `dateCreated`, `dateUpdated`, `uid`) VALUES
 ('1', 'Default', '2017-01-12 16:12:59', '2017-01-12 16:12:59', 'ce37fdf8-40e1-4bed-bc4b-c83d59bb79f8'),
 ('2', 'Home Page', '2017-02-16 21:17:39', '2017-02-16 21:17:39', 'eafeb9cc-5f64-4d85-a053-1563780e4a2f'),
 ('3', 'Profile', '2017-02-16 21:22:23', '2017-02-16 21:22:23', 'b1ddd218-1990-47ae-a584-8078ea045400'),
 ('4', 'Media Partners Page', '2017-03-16 20:26:11', '2017-03-16 20:26:11', '8245c3c6-b23e-4588-b78a-7dc3a4e13929');



DROP TABLE IF EXISTS `craft_fieldlayoutfields`;


--
-- Schema for table `craft_fieldlayoutfields`
--
CREATE TABLE `craft_fieldlayoutfields` (
  `id` int(11) NOT NULL AUTO_INCREMENT,
  `layoutId` int(11) NOT NULL,
  `tabId` int(11) NOT NULL,
  `fieldId` int(11) NOT NULL,
  `required` tinyint(1) unsigned NOT NULL DEFAULT '0',
  `sortOrder` smallint(6) unsigned DEFAULT NULL,
  `dateCreated` datetime NOT NULL,
  `dateUpdated` datetime NOT NULL,
  `uid` char(36) COLLATE utf8_unicode_ci NOT NULL DEFAULT '0',
  PRIMARY KEY (`id`),
  UNIQUE KEY `craft_fieldlayoutfields_layoutId_fieldId_unq_idx` (`layoutId`,`fieldId`),
  KEY `craft_fieldlayoutfields_sortOrder_idx` (`sortOrder`),
  KEY `craft_fieldlayoutfields_tabId_fk` (`tabId`),
  KEY `craft_fieldlayoutfields_fieldId_fk` (`fieldId`)
) ENGINE=InnoDB AUTO_INCREMENT=212 DEFAULT CHARSET=utf8 COLLATE=utf8_unicode_ci;

--
-- Data for table `craft_fieldlayoutfields`
--

INSERT INTO `craft_fieldlayoutfields` (`id`, `layoutId`, `tabId`, `fieldId`, `required`, `sortOrder`, `dateCreated`, `dateUpdated`, `uid`) VALUES
 ('2', '5', '2', '1', '1', '1', '2017-01-12 16:12:59', '2017-01-12 16:12:59', '99551f8a-b38e-4ffb-b3b9-dfb2e41829a8'),
 ('3', '5', '2', '2', '0', '2', '2017-01-12 16:12:59', '2017-01-12 16:12:59', 'd340a6c0-51ed-4282-97ea-e13193c6abdd'),
 ('22', '14', '7', '14', '0', '1', '2017-02-16 22:11:56', '2017-02-16 22:11:56', '8707f881-5ea0-4998-8ac4-e9c186a5b8be'),
 ('25', '16', '9', '15', '0', '1', '2017-02-23 20:25:00', '2017-02-23 20:25:00', '106fe69a-7f17-4a9f-ad38-a70b7a5ed529'),
 ('26', '16', '9', '4', '0', '2', '2017-02-23 20:25:00', '2017-02-23 20:25:00', 'c4b9b6b3-4c05-4665-8bf2-2ee99e484d68'),
 ('27', '16', '9', '10', '0', '3', '2017-02-23 20:25:00', '2017-02-23 20:25:00', '0ec4a7ee-3179-4445-89a8-c080f6d87245'),
 ('122', '49', '40', '13', '0', '1', '2017-03-09 19:36:02', '2017-03-09 19:36:02', '908d7809-cd9d-4e84-9bf6-cb6232a69851'),
 ('123', '49', '40', '1', '1', '2', '2017-03-09 19:36:02', '2017-03-09 19:36:02', 'cd5b107d-528e-4890-b503-59ddc851fb7f'),
 ('124', '49', '40', '21', '0', '3', '2017-03-09 19:36:02', '2017-03-09 19:36:02', '390ee91c-abb5-4bf9-8d52-35d1bd29741e'),
 ('125', '49', '40', '12', '0', '4', '2017-03-09 19:36:02', '2017-03-09 19:36:02', '032efce0-a04f-40d6-9b37-18386aa18b65'),
 ('126', '49', '40', '16', '0', '5', '2017-03-09 19:36:02', '2017-03-09 19:36:02', '315fd44b-cb61-4d04-a321-9c6a37ba65ec'),
 ('127', '49', '40', '17', '0', '6', '2017-03-09 19:36:02', '2017-03-09 19:36:02', '22c91882-cf3e-47b5-b67c-3eb5259a209a'),
 ('128', '49', '40', '22', '0', '7', '2017-03-09 19:36:02', '2017-03-09 19:36:02', '62609c19-12b4-402a-b3e4-30c88d4dc00b'),
 ('129', '49', '40', '25', '0', '8', '2017-03-09 19:36:02', '2017-03-09 19:36:02', 'fb2c8f6c-1f67-4d91-9bf2-d8d76fe5b5b8'),
 ('148', '52', '43', '27', '0', '1', '2017-03-10 16:11:00', '2017-03-10 16:11:00', '0407a22d-14c8-4c93-9f84-a2eed0a03795'),
 ('149', '52', '43', '28', '0', '2', '2017-03-10 16:11:00', '2017-03-10 16:11:00', '4a197fd7-5765-4620-ab6c-14601c3119e9'),
 ('155', '58', '46', '19', '0', '1', '2017-03-12 16:10:18', '2017-03-12 16:10:18', '9ebeb920-9139-4d01-a4bb-9431e75f81bc'),
 ('156', '58', '46', '5', '0', '2', '2017-03-12 16:10:18', '2017-03-12 16:10:18', '05e3a3ba-8fd5-49e7-bf3c-58a0b42c4326'),
 ('157', '58', '46', '8', '0', '3', '2017-03-12 16:10:18', '2017-03-12 16:10:18', '36d2ea41-6f6e-4405-b532-519697a5cf10'),
 ('158', '58', '46', '6', '0', '4', '2017-03-12 16:10:18', '2017-03-12 16:10:18', 'b51c97ab-a315-4ce4-ac2c-81b8e1710f2f'),
 ('159', '58', '46', '7', '0', '5', '2017-03-12 16:10:18', '2017-03-12 16:10:18', '5738e985-cbea-414f-acae-d369d986b069'),
 ('160', '58', '46', '4', '0', '6', '2017-03-12 16:10:18', '2017-03-12 16:10:18', '9955b9d4-9a4a-49a3-b43c-af9ee12e4b87'),
 ('161', '58', '46', '10', '0', '7', '2017-03-12 16:10:18', '2017-03-12 16:10:18', '172cf74a-2927-4258-a07b-c2c02e5d0303'),
 ('162', '58', '46', '20', '0', '8', '2017-03-12 16:10:18', '2017-03-12 16:10:18', '23113c28-cffe-4684-9c16-766751faa4ce'),
 ('163', '58', '46', '1', '0', '9', '2017-03-12 16:10:18', '2017-03-12 16:10:18', 'edcfc69d-c6ae-44ac-9bb5-23b83e433456'),
 ('164', '59', '47', '19', '0', '1', '2017-03-12 16:11:41', '2017-03-12 16:11:41', 'e608fd43-9284-48d0-b8a3-88cea96368f8'),
 ('165', '59', '47', '12', '0', '2', '2017-03-12 16:11:41', '2017-03-12 16:11:41', '0dbc1839-3cc6-4b36-a283-465aba273499'),
 ('166', '59', '47', '23', '0', '3', '2017-03-12 16:11:41', '2017-03-12 16:11:41', '66119010-145e-4bf0-8a7d-076790d06151'),
 ('167', '59', '47', '24', '0', '4', '2017-03-12 16:11:41', '2017-03-12 16:11:41', '6a6ce6e8-4e8b-4a4d-8111-c6a31f1820de'),
 ('168', '59', '47', '20', '0', '5', '2017-03-12 16:11:41', '2017-03-12 16:11:41', 'f162163d-f3af-4361-ab58-f335b148ea1f'),
 ('170', '61', '49', '25', '0', '1', '2017-03-15 23:47:13', '2017-03-15 23:47:13', 'a643bc3b-e321-46a3-bf93-03c59af5c3db'),
 ('187', '72', '53', '37', '0', '1', '2017-03-21 17:34:26', '2017-03-21 17:34:26', '44af5966-d4c8-4c66-80f9-5bf3bdfbd5ee'),
 ('188', '72', '53', '38', '0', '2', '2017-03-21 17:34:26', '2017-03-21 17:34:26', 'eb8fe4f3-c6c3-4f8d-a370-c0b9453f2032'),
 ('189', '74', '54', '31', '0', '1', '2017-03-23 17:52:40', '2017-03-23 17:52:40', '65fa8123-3338-4275-a032-15a4116c0690'),
 ('190', '74', '54', '32', '0', '2', '2017-03-23 17:52:40', '2017-03-23 17:52:40', '5c67b812-b4cd-404c-bb50-73708b1e37ec'),
 ('191', '74', '54', '20', '0', '3', '2017-03-23 17:52:40', '2017-03-23 17:52:40', '427e6a48-dfc9-4a1b-abb8-3c36c079535c'),
 ('192', '75', '55', '14', '0', '1', '2017-03-23 17:55:02', '2017-03-23 17:55:02', '84d88459-de37-4c3c-bcbf-d3b6c45ea07c'),
 ('193', '75', '55', '13', '0', '2', '2017-03-23 17:55:02', '2017-03-23 17:55:02', '6f7899f9-1087-4c8c-8dc0-32001bd06fd7'),
 ('194', '75', '55', '12', '0', '3', '2017-03-23 17:55:02', '2017-03-23 17:55:02', 'd41f8639-cff5-4c1d-b9e0-d20c37ffe141'),
 ('195', '75', '55', '29', '0', '4', '2017-03-23 17:55:02', '2017-03-23 17:55:02', '645cbf0b-dda7-4c8b-8abc-0a38e14392c5'),
 ('196', '75', '55', '26', '0', '5', '2017-03-23 17:55:02', '2017-03-23 17:55:02', '7cd9569e-84e2-4b70-bcc2-8701c50faa1c'),
 ('197', '75', '55', '36', '0', '6', '2017-03-23 17:55:02', '2017-03-23 17:55:02', 'd6360b57-dc09-405a-88ff-a956a156a104'),
 ('198', '75', '55', '31', '0', '7', '2017-03-23 17:55:02', '2017-03-23 17:55:02', '175aa321-ea3e-44c2-ba7a-140c91f9d3cf'),
 ('204', '78', '58', '33', '0', '1', '2017-03-23 18:31:37', '2017-03-23 18:31:37', 'b60864d8-146f-4c2f-9723-311ca9ae955a'),
 ('205', '78', '58', '40', '0', '2', '2017-03-23 18:31:37', '2017-03-23 18:31:37', '20d224b9-9c0f-49b8-9e3e-542ba43caf95'),
 ('206', '78', '58', '41', '0', '3', '2017-03-23 18:31:37', '2017-03-23 18:31:37', 'd657bf32-261b-4c01-baf0-2c59fb5ed2a9'),
 ('207', '79', '59', '42', '0', '1', '2017-03-23 18:31:37', '2017-03-23 18:31:37', '153f09d9-6f36-4af4-a358-ebeeef61b168'),
 ('208', '79', '59', '43', '0', '2', '2017-03-23 18:31:37', '2017-03-23 18:31:37', '4a96429e-5c48-43e5-86af-9d8103382902'),
 ('209', '79', '59', '44', '0', '3', '2017-03-23 18:31:37', '2017-03-23 18:31:37', '90266c9d-a476-4bc8-8019-ea968551c167'),
 ('210', '80', '60', '12', '0', '1', '2017-03-23 19:52:23', '2017-03-23 19:52:23', 'ec9ed7df-cc04-4251-a95b-5de7a471c3c9'),
 ('211', '80', '60', '39', '0', '2', '2017-03-23 19:52:23', '2017-03-23 19:52:23', 'b5326097-c24f-4063-9144-679d9207f607');



DROP TABLE IF EXISTS `craft_fieldlayouts`;


--
-- Schema for table `craft_fieldlayouts`
--
CREATE TABLE `craft_fieldlayouts` (
  `id` int(11) NOT NULL AUTO_INCREMENT,
  `type` varchar(150) COLLATE utf8_unicode_ci NOT NULL,
  `dateCreated` datetime NOT NULL,
  `dateUpdated` datetime NOT NULL,
  `uid` char(36) COLLATE utf8_unicode_ci NOT NULL DEFAULT '0',
  PRIMARY KEY (`id`),
  KEY `craft_fieldlayouts_type_idx` (`type`)
) ENGINE=InnoDB AUTO_INCREMENT=82 DEFAULT CHARSET=utf8 COLLATE=utf8_unicode_ci;

--
-- Data for table `craft_fieldlayouts`
--

INSERT INTO `craft_fieldlayouts` (`id`, `type`, `dateCreated`, `dateUpdated`, `uid`) VALUES
 ('1', 'Tag', '2017-01-12 16:12:59', '2017-01-12 16:12:59', 'a29f19e8-aa3f-4f3b-98a1-c20996c11c14'),
 ('5', 'Entry', '2017-01-12 16:12:59', '2017-01-12 16:12:59', 'dded8aa3-cd28-4c3e-8501-f342df8dc41e'),
 ('12', 'Asset', '2017-02-16 21:36:48', '2017-02-16 21:36:48', '137515fa-a5b2-46c2-bc38-9700a29a884c'),
 ('13', 'Asset', '2017-02-16 22:06:00', '2017-02-16 22:06:00', '3d525d7e-d7c0-42fb-8f32-b8b787ee048a'),
 ('14', 'GlobalSet', '2017-02-16 22:11:56', '2017-02-16 22:11:56', 'c6f15195-ce4b-43ed-b1df-53d5e1b58730'),
 ('16', 'GlobalSet', '2017-02-23 20:25:00', '2017-02-23 20:25:00', 'f5a49dac-0e7b-440f-9155-f3e30c1e0064'),
 ('29', 'Asset', '2017-03-03 20:25:07', '2017-03-03 20:25:07', 'eb8c7809-74ef-43e8-971e-2e3f7cb0e7e8'),
 ('30', 'Asset', '2017-03-08 15:35:33', '2017-03-08 15:35:33', '763888a2-fe31-44f5-bdf0-f2e42a6c2cd6'),
 ('49', 'Entry', '2017-03-09 19:36:02', '2017-03-09 19:36:02', 'a0f2a830-7fd4-4685-9d27-dea443864d35'),
 ('52', 'MatrixBlock', '2017-03-10 16:11:00', '2017-03-10 16:11:00', '304fa790-edcf-4095-b90b-64d49d6fb3f8'),
 ('58', 'Entry', '2017-03-12 16:10:18', '2017-03-12 16:10:18', 'e67431ca-4764-4c22-ad38-fcd2c42f2124'),
 ('59', 'Entry', '2017-03-12 16:11:41', '2017-03-12 16:11:41', '2166262d-dcb2-490f-a09e-75b26846a7f9'),
 ('61', 'Entry', '2017-03-15 23:47:13', '2017-03-15 23:47:13', 'ec1d49ac-b020-4162-89c1-0b3ef73a1891'),
 ('63', 'Entry', '2017-03-16 18:11:56', '2017-03-16 18:11:56', 'f66e7e13-ade2-405a-83b5-f904f866bd7d'),
 ('65', 'Entry', '2017-03-16 18:13:51', '2017-03-16 18:13:51', '27cc15dc-1b0f-4dc0-81c5-241cc160af31'),
 ('66', 'Entry', '2017-03-16 18:15:33', '2017-03-16 18:15:33', 'afd37eda-e2db-40bb-8197-cb9295e60607'),
 ('67', 'Entry', '2017-03-16 18:15:45', '2017-03-16 18:15:45', '9fbff537-f037-4be3-bea4-f8245dfde60d'),
 ('72', 'Entry', '2017-03-21 17:34:26', '2017-03-21 17:34:26', 'bd7bfa5b-dfe6-46b0-9860-52a55e24a79d'),
 ('73', 'Entry', '2017-03-23 03:28:41', '2017-03-23 03:28:41', '045e6cee-4d9d-419f-92d7-a4c8120fc90b'),
 ('74', 'Entry', '2017-03-23 17:52:40', '2017-03-23 17:52:40', '00f65638-eb6c-4c8c-823e-34352f92e554'),
 ('75', 'Entry', '2017-03-23 17:55:02', '2017-03-23 17:55:02', '934801cc-8273-4d60-9014-9054586170a3'),
 ('78', 'MatrixBlock', '2017-03-23 18:31:37', '2017-03-23 18:31:37', '174eb8e7-8f81-4511-b45f-660b77a1fe53'),
 ('79', 'MatrixBlock', '2017-03-23 18:31:37', '2017-03-23 18:31:37', '1463ce96-4637-41e7-b9fb-0463068eab6b'),
 ('80', 'Category', '2017-03-23 19:52:23', '2017-03-23 19:52:23', '0cdc5ef0-632c-4063-841c-b3ca88537876'),
 ('81', 'Entry', '2017-04-20 04:10:33', '2017-04-20 04:10:33', '9abba4ce-77e9-49b1-91e1-3eeb2c9167b2');



DROP TABLE IF EXISTS `craft_fieldlayouttabs`;


--
-- Schema for table `craft_fieldlayouttabs`
--
CREATE TABLE `craft_fieldlayouttabs` (
  `id` int(11) NOT NULL AUTO_INCREMENT,
  `layoutId` int(11) NOT NULL,
  `name` varchar(255) COLLATE utf8_unicode_ci NOT NULL,
  `sortOrder` smallint(6) unsigned DEFAULT NULL,
  `dateCreated` datetime NOT NULL,
  `dateUpdated` datetime NOT NULL,
  `uid` char(36) COLLATE utf8_unicode_ci NOT NULL DEFAULT '0',
  PRIMARY KEY (`id`),
  KEY `craft_fieldlayouttabs_sortOrder_idx` (`sortOrder`),
  KEY `craft_fieldlayouttabs_layoutId_fk` (`layoutId`)
) ENGINE=InnoDB AUTO_INCREMENT=61 DEFAULT CHARSET=utf8 COLLATE=utf8_unicode_ci;

--
-- Data for table `craft_fieldlayouttabs`
--

INSERT INTO `craft_fieldlayouttabs` (`id`, `layoutId`, `name`, `sortOrder`, `dateCreated`, `dateUpdated`, `uid`) VALUES
 ('2', '5', 'Content', '1', '2017-01-12 16:12:59', '2017-01-12 16:12:59', 'bb3bbab6-ef21-4f4b-832a-cf982b7e738d'),
 ('7', '14', 'Content', '1', '2017-02-16 22:11:56', '2017-02-16 22:11:56', 'bfcd1034-aba1-4057-bc6f-190ddbbda977'),
 ('9', '16', 'Content', '1', '2017-02-23 20:25:00', '2017-02-23 20:25:00', 'f4ae1d9e-f948-49f9-af50-7b5e5b8c4b05'),
 ('40', '49', 'Content', '1', '2017-03-09 19:36:02', '2017-03-09 19:36:02', '6accf07c-a957-4109-8a9b-0147aa27f03b'),
 ('43', '52', 'Content', '1', '2017-03-10 16:11:00', '2017-03-10 16:11:00', '7f85bbe1-3b47-49e5-b926-474fe7ab24c8'),
 ('46', '58', 'Tab 1', '1', '2017-03-12 16:10:18', '2017-03-12 16:10:18', 'd398bc3a-0267-4a6f-b7e4-5a2779a3c7d0'),
 ('47', '59', 'Tab 1', '1', '2017-03-12 16:11:41', '2017-03-12 16:11:41', 'd08db491-b40f-49b5-b7d8-d9d90ce4e07b'),
 ('49', '61', 'Tab 1', '1', '2017-03-15 23:47:13', '2017-03-15 23:47:13', '2232207c-2d2c-4d41-870e-4d80edf26b58'),
 ('53', '72', 'Tab 1', '1', '2017-03-21 17:34:26', '2017-03-21 17:34:26', '252ab78a-bcde-45c3-9172-f1a5f5f0485d'),
 ('54', '74', 'Tab 1', '1', '2017-03-23 17:52:40', '2017-03-23 17:52:40', '5982abfa-54c2-4552-a0e0-9f5da6f7826f'),
 ('55', '75', 'Tab 1', '1', '2017-03-23 17:55:02', '2017-03-23 17:55:02', 'f2a3a475-9bda-4968-80f1-e51ace8985a2'),
 ('58', '78', 'Content', '1', '2017-03-23 18:31:37', '2017-03-23 18:31:37', 'eadfcf6e-abf1-4e24-8072-b04937fc08b9'),
 ('59', '79', 'Content', '1', '2017-03-23 18:31:37', '2017-03-23 18:31:37', 'b35efa9a-9907-44ea-9bba-86434f07c103'),
 ('60', '80', 'Tab 1', '1', '2017-03-23 19:52:23', '2017-03-23 19:52:23', '2ee64d51-dcb0-444b-a375-f7b6375478c7');



DROP TABLE IF EXISTS `craft_fields`;


--
-- Schema for table `craft_fields`
--
CREATE TABLE `craft_fields` (
  `id` int(11) NOT NULL AUTO_INCREMENT,
  `groupId` int(11) DEFAULT NULL,
  `name` varchar(255) COLLATE utf8_unicode_ci NOT NULL,
  `handle` varchar(58) COLLATE utf8_unicode_ci NOT NULL,
  `context` varchar(255) COLLATE utf8_unicode_ci NOT NULL DEFAULT 'global',
  `instructions` text COLLATE utf8_unicode_ci,
  `translatable` tinyint(1) unsigned NOT NULL DEFAULT '0',
  `type` varchar(150) COLLATE utf8_unicode_ci NOT NULL,
  `settings` text COLLATE utf8_unicode_ci,
  `dateCreated` datetime NOT NULL,
  `dateUpdated` datetime NOT NULL,
  `uid` char(36) COLLATE utf8_unicode_ci NOT NULL DEFAULT '0',
  PRIMARY KEY (`id`),
  UNIQUE KEY `craft_fields_handle_context_unq_idx` (`handle`,`context`),
  KEY `craft_fields_context_idx` (`context`),
  KEY `craft_fields_groupId_fk` (`groupId`)
) ENGINE=InnoDB AUTO_INCREMENT=47 DEFAULT CHARSET=utf8 COLLATE=utf8_unicode_ci;

--
-- Data for table `craft_fields`
--

INSERT INTO `craft_fields` (`id`, `groupId`, `name`, `handle`, `context`, `instructions`, `translatable`, `type`, `settings`, `dateCreated`, `dateUpdated`, `uid`) VALUES
 ('1', '1', 'Body', 'body', 'global', NULL, '1', 'RichText', '{\"configFile\":\"Standard.json\",\"columnType\":\"text\"}', '2017-01-12 16:12:59', '2017-01-12 16:12:59', '1fc04030-9693-4e3d-91b8-2011e6c39ba7'),
 ('2', '1', 'Tags', 'tags', 'global', NULL, '0', 'Tags', '{\"source\":\"taggroup:1\"}', '2017-01-12 16:12:59', '2017-01-12 16:12:59', '6b93c5ee-1af7-4717-bfaa-489a8121154c'),
 ('3', '1', 'Awards/Achievements', 'awardsAchievements', 'global', 'What have you achieved?', '0', 'PlainText', '{\"placeholder\":\"\",\"maxLength\":\"\",\"multiline\":\"\",\"initialRows\":\"4\"}', '2017-02-15 17:12:58', '2017-03-16 20:12:12', '201a4168-f376-46d3-8d0c-3dff36f04e28'),
 ('4', '1', 'Email', 'email', 'global', 'Put your email here', '0', 'PlainText', '{\"placeholder\":\"\",\"maxLength\":\"\",\"multiline\":\"\",\"initialRows\":\"4\"}', '2017-02-15 17:13:14', '2017-02-15 17:13:14', 'a626ee41-4974-457e-8988-75f234f22069'),
 ('5', '3', 'Employee Type', 'employeeType', 'global', '', '0', 'Checkboxes', '{\"options\":[{\"label\":\"Advisor\",\"value\":\"advisor\",\"default\":\"\"},{\"label\":\"Faculty\",\"value\":\"faculty\",\"default\":\"\"},{\"label\":\"Staff\",\"value\":\"staff\",\"default\":\"\"},{\"label\":\"Student\",\"value\":\"student\",\"default\":\"\"}]}', '2017-02-15 17:13:54', '2017-02-16 21:22:38', '0f34848f-f336-4e65-8f3e-79be2fe6623f'),
 ('6', '3', 'First Name', 'firstName', 'global', '', '0', 'PlainText', '{\"placeholder\":\"\",\"maxLength\":\"\",\"multiline\":\"\",\"initialRows\":\"4\"}', '2017-02-15 17:14:03', '2017-02-16 21:22:56', 'a2b06270-bae5-42ab-a6bf-1e5d7a13cd19'),
 ('7', '3', 'Last Name', 'lastName', 'global', '', '0', 'PlainText', '{\"placeholder\":\"\",\"maxLength\":\"\",\"multiline\":\"\",\"initialRows\":\"4\"}', '2017-02-15 17:14:10', '2017-02-16 21:23:09', 'f1a7f5ac-4f7f-4791-b6f5-4327ce00efd5'),
 ('8', '1', 'Job Title', 'jobTitle', 'global', '', '0', 'PlainText', '{\"placeholder\":\"\",\"maxLength\":\"\",\"multiline\":\"\",\"initialRows\":\"4\"}', '2017-02-15 17:14:19', '2017-03-16 20:16:25', '84206e8c-7af9-491a-b985-c873b6c1bc55'),
 ('9', '1', 'Organization', 'organization', 'global', 'Which publication do you work for?', '0', 'PlainText', '{\"placeholder\":\"\",\"maxLength\":\"\",\"multiline\":\"\",\"initialRows\":\"4\"}', '2017-02-15 17:14:34', '2017-02-15 17:14:34', 'ef9a68cd-7e3b-40d0-9f26-824b54b2c845'),
 ('10', '1', 'Phone', 'phone', 'global', '', '0', 'PlainText', '{\"placeholder\":\"\",\"maxLength\":\"\",\"multiline\":\"\",\"initialRows\":\"4\"}', '2017-02-15 17:14:43', '2017-02-15 17:14:43', 'caef629a-a55c-4a27-bdcc-6f484a275922'),
 ('11', '2', 'Call to Actions', 'callToActions', 'global', '', '0', 'Entries', '{\"sources\":\"*\",\"limit\":\"\",\"selectionLabel\":\"\"}', '2017-02-16 21:03:43', '2017-02-16 21:18:02', 'c557ca3e-fa1d-4ff6-8690-fd2e5bc4dcbb'),
 ('12', '2', 'Description', 'description', 'global', '', '0', 'PlainText', '{\"placeholder\":\"\",\"maxLength\":\"\",\"multiline\":\"\",\"initialRows\":\"4\"}', '2017-02-16 21:03:54', '2017-02-16 21:18:18', '3b3586b4-4239-4c07-9f3d-565ccf725be0'),
 ('13', '2', 'Hero Image', 'heroImage', 'global', '', '0', 'Assets', '{\"useSingleFolder\":\"\",\"defaultUploadLocationSubpath\":\"\",\"singleUploadLocationSubpath\":\"\",\"restrictFiles\":\"\",\"limit\":\"\",\"viewMode\":\"list\",\"selectionLabel\":\"\"}', '2017-02-16 21:05:03', '2017-02-16 21:22:04', 'e4b312c8-2fbe-4bea-851f-497948459b93'),
 ('14', '1', 'Logo', 'logo', 'global', '', '0', 'Assets', '{\"useSingleFolder\":\"\",\"sources\":\"*\",\"defaultUploadLocationSource\":\"1\",\"defaultUploadLocationSubpath\":\"\",\"singleUploadLocationSource\":\"1\",\"singleUploadLocationSubpath\":\"\",\"restrictFiles\":\"\",\"limit\":\"1\",\"viewMode\":\"list\",\"selectionLabel\":\"\"}', '2017-02-16 21:06:41', '2017-02-27 15:23:04', '300f6be2-ab8d-486e-8fcd-6fd2c2460675'),
 ('15', '1', 'Mailing Address', 'mailingAddress', 'global', '', '0', 'PlainText', '{\"placeholder\":\"\",\"maxLength\":\"\",\"multiline\":\"\",\"initialRows\":\"4\"}', '2017-02-23 20:24:30', '2017-02-23 20:36:55', '36331247-95dd-466a-aab9-14eca15cfedb'),
 ('16', '1', 'Media Partner Logo', 'mediaPartnerLogo', 'global', 'Add text and image for particular media partner', '0', 'Assets', '{\"useSingleFolder\":\"\",\"sources\":\"*\",\"defaultUploadLocationSource\":\"1\",\"defaultUploadLocationSubpath\":\"\",\"singleUploadLocationSource\":\"1\",\"singleUploadLocationSubpath\":\"\",\"restrictFiles\":\"\",\"limit\":\"\",\"viewMode\":\"list\",\"selectionLabel\":\"\"}', '2017-02-23 20:28:54', '2017-03-16 20:47:32', '3df1b847-2e3f-4300-a392-a203082e5b2f'),
 ('17', '1', 'Media Partner Text', 'mediaPartnerText', 'global', '', '0', 'PlainText', '{\"placeholder\":\"\",\"maxLength\":\"\",\"multiline\":\"\",\"initialRows\":\"4\"}', '2017-02-23 21:18:09', '2017-02-23 21:18:09', '39dcca08-645d-4561-8850-b6a01ceed737'),
 ('19', '1', 'Image', 'image', 'global', 'Insert images here', '0', 'Assets', '{\"useSingleFolder\":\"\",\"sources\":\"*\",\"defaultUploadLocationSource\":\"2\",\"defaultUploadLocationSubpath\":\"\",\"singleUploadLocationSource\":\"1\",\"singleUploadLocationSubpath\":\"\",\"restrictFiles\":\"\",\"limit\":\"1\",\"viewMode\":\"list\",\"selectionLabel\":\"\"}', '2017-02-23 21:44:14', '2017-02-23 21:45:07', 'fc768a27-0824-4e66-941a-41ecc133d4fa'),
 ('20', '4', 'Associated Media Partners', 'associatedMediaPartners', 'global', 'Choose a related Media Partner', '0', 'Entries', '{\"sources\":[\"section:4\"],\"limit\":\"\",\"selectionLabel\":\"\"}', '2017-02-24 21:49:45', '2017-03-16 20:27:10', '3a9e68fb-88a1-42ea-93d8-379646064b21'),
 ('21', '1', 'Tagline', 'tagline', 'global', '', '0', 'PlainText', '{\"placeholder\":\"\",\"maxLength\":\"\",\"multiline\":\"\",\"initialRows\":\"4\"}', '2017-03-02 22:03:15', '2017-03-16 20:39:16', '99f0fbd6-9f6c-47ba-b673-1184c2317745'),
 ('22', '1', 'Video', 'video', 'global', '', '0', 'PlainText', '{\"placeholder\":\"\",\"maxLength\":\"\",\"multiline\":\"\",\"initialRows\":\"4\"}', '2017-03-08 15:37:21', '2017-03-09 15:29:06', '24978965-c6b2-4661-8b24-e581db748fdc'),
 ('23', '1', 'Time', 'time', 'global', '', '0', 'Date', '{\"minuteIncrement\":\"15\",\"showTime\":1,\"showDate\":1}', '2017-03-08 16:27:18', '2017-03-23 20:25:05', 'b43ea32e-6ac7-46f7-8632-ed369c95ca27'),
 ('24', '1', 'Location', 'location', 'global', '', '0', 'PlainText', '{\"placeholder\":\"\",\"maxLength\":\"\",\"multiline\":\"\",\"initialRows\":\"4\"}', '2017-03-08 16:28:06', '2017-03-16 20:25:19', '7ee41b7c-4d72-40f0-be89-7e60d4d71c33'),
 ('25', '1', 'Statistics', 'statistics', 'global', 'Enter Statistics Here', '0', 'PlainText', '{\"placeholder\":\"\",\"maxLength\":\"100\",\"multiline\":\"\",\"initialRows\":\"4\"}', '2017-03-09 01:42:32', '2017-03-15 23:48:05', 'a192673d-2a19-40d3-bae3-db7fb80feeda'),
 ('26', '1', 'Social Media', 'socialMedia', 'global', '', '0', 'Matrix', '{\"maxBlocks\":null}', '2017-03-09 19:13:08', '2017-03-10 16:11:00', '8641d462-a9dd-476f-ad74-1c387dd03cd8'),
 ('27', NULL, 'Social Name', 'socialName', 'matrixBlockType:1', '', '0', 'Dropdown', '{\"options\":[{\"label\":\"Twitter\",\"value\":\"twitter\",\"default\":\"\"},{\"label\":\"Instagram\",\"value\":\"instagram\",\"default\":\"\"},{\"label\":\"Facebook\",\"value\":\"facebook\",\"default\":\"\"},{\"label\":\"\",\"value\":\"\",\"default\":\"\"}]}', '2017-03-09 19:13:08', '2017-03-10 16:11:00', '57fdd97b-0b85-4c1e-afc2-cf816fd61125'),
 ('28', NULL, 'Address', 'address', 'matrixBlockType:1', '', '0', 'PlainText', '{\"placeholder\":\"http:\\/\\/\",\"maxLength\":\"\",\"multiline\":\"\",\"initialRows\":\"4\"}', '2017-03-09 19:13:08', '2017-03-10 16:11:00', '9e57b746-574e-4e66-92d8-6b0c11f8daa8'),
 ('29', '1', 'Short Description', 'shortDescription', 'global', '', '0', 'PlainText', '{\"placeholder\":\"\",\"maxLength\":\"\",\"multiline\":\"\",\"initialRows\":\"4\"}', '2017-03-10 14:45:40', '2017-03-10 14:45:40', '4c4c51a0-54c6-41cd-b68d-41dd0e35fcf7'),
 ('31', '4', 'Ad Format', 'adFormat', 'global', '', '0', 'Categories', '{\"source\":\"group:1\",\"limit\":\"\",\"selectionLabel\":\"\"}', '2017-03-12 16:03:05', '2017-03-16 20:26:30', 'de994e91-069d-46ee-8d9b-f42ccf487b6c'),
 ('32', '4', 'Ad Unit', 'adUnit', 'global', '', '0', 'Matrix', '{\"maxBlocks\":null}', '2017-03-12 16:04:49', '2017-03-23 18:31:37', 'dad2c084-fbfb-4f09-a58a-82c77c62efc7'),
 ('33', NULL, 'Ad Type', 'adType', 'matrixBlockType:2', '', '0', 'PlainText', '{\"placeholder\":\"\",\"maxLength\":\"\",\"multiline\":\"\",\"initialRows\":\"4\"}', '2017-03-12 16:04:49', '2017-03-23 18:31:37', '67ceb03e-abf4-4662-b4a2-4fdd80bdd68d'),
 ('36', '4', 'Featured Media Partner', 'featuredMediaPartner', 'global', '', '0', 'Lightswitch', '{\"default\":\"\"}', '2017-03-16 18:01:16', '2017-03-16 20:33:28', 'a7a38b39-4164-4ae3-afd6-a6e311778663'),
 ('37', '1', 'Author', 'quotee', 'global', '', '0', 'PlainText', '{\"placeholder\":\"\",\"maxLength\":\"\",\"multiline\":\"\",\"initialRows\":\"4\"}', '2017-03-21 17:29:53', '2017-03-23 18:03:34', '4cff5044-f67c-4a57-9eaa-8218f9d202b2'),
 ('38', '1', 'Quote', 'quote', 'global', '', '0', 'PlainText', '{\"placeholder\":\"\",\"maxLength\":\"\",\"multiline\":\"\",\"initialRows\":\"4\"}', '2017-03-21 17:30:44', '2017-03-21 17:30:44', 'e2e7122e-88a1-4094-9250-44668cd0e5e9'),
 ('39', '1', 'Related Testimonial', 'relatedTestimonial', 'global', '', '0', 'Entries', '{\"sources\":\"*\",\"limit\":\"\",\"selectionLabel\":\"\"}', '2017-03-21 17:31:16', '2017-03-21 17:31:16', '89433d32-a146-4f77-b12a-fcafa4acff5d'),
 ('40', NULL, 'Ad Unit', 'adUnit', 'matrixBlockType:2', '', '0', 'Table', '{\"columns\":{\"col3\":{\"heading\":\"Name\",\"handle\":\"name\",\"width\":\"\",\"type\":\"singleline\"},\"col1\":{\"heading\":\"Price\",\"handle\":\"price\",\"width\":\"\",\"type\":\"singleline\"},\"col2\":{\"heading\":\"Size\",\"handle\":\"size\",\"width\":\"\",\"type\":\"singleline\"},\"col4\":{\"heading\":\"\",\"handle\":\"\",\"width\":\"\",\"type\":\"singleline\"}},\"defaults\":{\"row1\":{\"col3\":\"\",\"col1\":\"\",\"col2\":\"\",\"col4\":\"\"}}}', '2017-03-23 18:25:32', '2017-03-23 18:31:37', 'cee54df6-4288-4c3e-a557-a3a898b82a4c'),
 ('41', NULL, 'Ad Description', 'adDescription', 'matrixBlockType:2', '', '0', 'PlainText', '{\"placeholder\":\"\",\"maxLength\":\"\",\"multiline\":\"\",\"initialRows\":\"4\"}', '2017-03-23 18:28:47', '2017-03-23 18:31:37', '7afb3ec9-6d1b-4582-b573-a1aac7432be5'),
 ('42', NULL, 'Bundle Name', 'bundleName', 'matrixBlockType:3', '', '0', 'PlainText', '{\"placeholder\":\"\",\"maxLength\":\"\",\"multiline\":\"\",\"initialRows\":\"4\"}', '2017-03-23 18:31:37', '2017-03-23 18:31:37', 'daa663fd-51e7-4805-a574-4892b6a3913c'),
 ('43', NULL, 'Bundle Price', 'bundlePrice', 'matrixBlockType:3', '', '0', 'PlainText', '{\"placeholder\":\"\",\"maxLength\":\"\",\"multiline\":\"\",\"initialRows\":\"4\"}', '2017-03-23 18:31:37', '2017-03-23 18:31:37', '365c0bca-32d4-4fc3-9dc5-0bb72f26448e'),
 ('44', NULL, 'Bundle Description', 'bundleDescription', 'matrixBlockType:3', '', '0', 'RichText', '{\"configFile\":\"\",\"availableAssetSources\":\"*\",\"availableTransforms\":\"*\",\"cleanupHtml\":\"1\",\"purifyHtml\":\"1\",\"columnType\":\"text\"}', '2017-03-23 18:31:37', '2017-03-23 18:31:37', 'd2d69c45-fb5f-49f1-adda-d3077ce025a8'),
 ('45', '1', 'Small Logo', 'smallLogo', 'global', '', '0', 'Assets', '{\"useSingleFolder\":\"\",\"sources\":\"*\",\"defaultUploadLocationSource\":\"1\",\"defaultUploadLocationSubpath\":\"\",\"singleUploadLocationSource\":\"1\",\"singleUploadLocationSubpath\":\"\",\"restrictFiles\":\"\",\"limit\":\"\",\"viewMode\":\"list\",\"selectionLabel\":\"\"}', '2017-04-13 14:31:53', '2017-04-13 14:31:53', '5ebef868-2832-4973-8d76-a6a0929fc8da'),
 ('46', '1', 'Footer Logo', 'footerLogo', 'global', '', '0', 'Assets', '{\"useSingleFolder\":\"\",\"sources\":\"*\",\"defaultUploadLocationSource\":\"1\",\"defaultUploadLocationSubpath\":\"\",\"singleUploadLocationSource\":\"1\",\"singleUploadLocationSubpath\":\"\",\"restrictFiles\":\"\",\"limit\":\"\",\"viewMode\":\"list\",\"selectionLabel\":\"\"}', '2017-04-13 14:32:11', '2017-04-13 14:32:11', '96a96a25-007e-4ba1-8165-e3b5f23d6a08');



DROP TABLE IF EXISTS `craft_globalsets`;


--
-- Schema for table `craft_globalsets`
--
CREATE TABLE `craft_globalsets` (
  `id` int(11) NOT NULL,
  `name` varchar(255) COLLATE utf8_unicode_ci NOT NULL,
  `handle` varchar(255) COLLATE utf8_unicode_ci NOT NULL,
  `fieldLayoutId` int(10) DEFAULT NULL,
  `dateCreated` datetime NOT NULL,
  `dateUpdated` datetime NOT NULL,
  `uid` char(36) COLLATE utf8_unicode_ci NOT NULL DEFAULT '0',
  PRIMARY KEY (`id`),
  UNIQUE KEY `craft_globalsets_name_unq_idx` (`name`),
  UNIQUE KEY `craft_globalsets_handle_unq_idx` (`handle`),
  KEY `craft_globalsets_fieldLayoutId_fk` (`fieldLayoutId`)
) ENGINE=InnoDB DEFAULT CHARSET=utf8 COLLATE=utf8_unicode_ci;

--
-- Data for table `craft_globalsets`
--

INSERT INTO `craft_globalsets` (`id`, `name`, `handle`, `fieldLayoutId`, `dateCreated`, `dateUpdated`, `uid`) VALUES
 ('5', 'Header', 'header', '14', '2017-02-16 21:06:16', '2017-02-16 22:11:56', 'd26c2242-a751-405f-a9b5-7cbb616df077'),
 ('6', 'Footer', 'footer', '16', '2017-02-16 21:16:37', '2017-02-23 20:25:00', '6a5bc45f-4c88-49e6-9cc6-33f5e39ce3be');



DROP TABLE IF EXISTS `craft_info`;


--
-- Schema for table `craft_info`
--
CREATE TABLE `craft_info` (
  `id` int(11) NOT NULL AUTO_INCREMENT,
  `version` varchar(50) COLLATE utf8_unicode_ci NOT NULL,
  `schemaVersion` varchar(15) COLLATE utf8_unicode_ci NOT NULL,
  `edition` tinyint(1) unsigned NOT NULL DEFAULT '0',
  `siteName` varchar(100) COLLATE utf8_unicode_ci NOT NULL,
  `siteUrl` varchar(255) COLLATE utf8_unicode_ci NOT NULL,
  `timezone` varchar(30) COLLATE utf8_unicode_ci DEFAULT NULL,
  `on` tinyint(1) unsigned NOT NULL DEFAULT '0',
  `maintenance` tinyint(1) unsigned NOT NULL DEFAULT '0',
  `dateCreated` datetime NOT NULL,
  `dateUpdated` datetime NOT NULL,
  `uid` char(36) COLLATE utf8_unicode_ci NOT NULL DEFAULT '0',
  PRIMARY KEY (`id`)
) ENGINE=InnoDB AUTO_INCREMENT=2 DEFAULT CHARSET=utf8 COLLATE=utf8_unicode_ci;

--
-- Data for table `craft_info`
--

INSERT INTO `craft_info` (`id`, `version`, `schemaVersion`, `edition`, `siteName`, `siteUrl`, `timezone`, `on`, `maintenance`, `dateCreated`, `dateUpdated`, `uid`) VALUES
 ('1', '2.6.2971', '2.6.9', '0', 'Kent State Student Media', 'http://kentstatestudentmedia.com', 'America/New_York', '1', '1', '2017-01-12 16:12:57', '2017-04-20 04:54:36', 'ea009519-c3f1-43e4-8018-0bcb656b4314');



DROP TABLE IF EXISTS `craft_locales`;


--
-- Schema for table `craft_locales`
--
CREATE TABLE `craft_locales` (
  `locale` char(12) COLLATE utf8_unicode_ci NOT NULL,
  `sortOrder` smallint(6) unsigned DEFAULT NULL,
  `dateCreated` datetime NOT NULL,
  `dateUpdated` datetime NOT NULL,
  `uid` char(36) COLLATE utf8_unicode_ci NOT NULL DEFAULT '0',
  PRIMARY KEY (`locale`),
  KEY `craft_locales_sortOrder_idx` (`sortOrder`)
) ENGINE=InnoDB DEFAULT CHARSET=utf8 COLLATE=utf8_unicode_ci;

--
-- Data for table `craft_locales`
--

INSERT INTO `craft_locales` (`locale`, `sortOrder`, `dateCreated`, `dateUpdated`, `uid`) VALUES
 ('en_us', '1', '2017-01-12 16:12:57', '2017-01-12 16:12:57', 'dcdd8ad0-2fa8-4ae8-96de-ede12bf939f5');



DROP TABLE IF EXISTS `craft_matrixblocks`;


--
-- Schema for table `craft_matrixblocks`
--
CREATE TABLE `craft_matrixblocks` (
  `id` int(11) NOT NULL,
  `ownerId` int(11) NOT NULL,
  `fieldId` int(11) NOT NULL,
  `typeId` int(11) DEFAULT NULL,
  `sortOrder` smallint(6) unsigned DEFAULT NULL,
  `ownerLocale` char(12) COLLATE utf8_unicode_ci DEFAULT NULL,
  `dateCreated` datetime NOT NULL,
  `dateUpdated` datetime NOT NULL,
  `uid` char(36) COLLATE utf8_unicode_ci NOT NULL DEFAULT '0',
  PRIMARY KEY (`id`),
  KEY `craft_matrixblocks_ownerId_idx` (`ownerId`),
  KEY `craft_matrixblocks_fieldId_idx` (`fieldId`),
  KEY `craft_matrixblocks_typeId_idx` (`typeId`),
  KEY `craft_matrixblocks_sortOrder_idx` (`sortOrder`),
  KEY `craft_matrixblocks_ownerLocale_fk` (`ownerLocale`)
) ENGINE=InnoDB DEFAULT CHARSET=utf8 COLLATE=utf8_unicode_ci;

--
-- Data for table `craft_matrixblocks`
--

INSERT INTO `craft_matrixblocks` (`id`, `ownerId`, `fieldId`, `typeId`, `sortOrder`, `ownerLocale`, `dateCreated`, `dateUpdated`, `uid`) VALUES
 ('37', '25', '26', '1', '1', NULL, '2017-03-10 16:00:22', '2017-04-13 14:56:32', '0fd04950-7860-44f5-b4d7-93ed670c685a'),
 ('44', '43', '32', '2', '1', NULL, '2017-03-12 16:16:01', '2017-03-23 17:53:05', '52a31d70-84af-4d25-8cb4-44b3952e1bdb'),
 ('72', '71', '32', '2', '1', NULL, '2017-03-23 18:10:55', '2017-03-23 18:10:55', 'c71f817e-6df7-461b-bed4-7c22a655fd64'),
 ('74', '73', '32', '2', '1', NULL, '2017-03-23 18:21:18', '2017-03-23 18:29:13', '0e110266-cf9d-44de-a070-52c3d63b34d0'),
 ('75', '73', '32', '2', '2', NULL, '2017-03-23 18:27:09', '2017-03-23 18:29:13', '554324e3-ebd6-4ce8-97e6-a7d3d78f6459'),
 ('77', '76', '32', '3', '1', NULL, '2017-03-23 18:32:59', '2017-03-23 18:32:59', '1d94394a-64e3-4e9c-8784-44382f9bedfb');



DROP TABLE IF EXISTS `craft_matrixblocktypes`;


--
-- Schema for table `craft_matrixblocktypes`
--
CREATE TABLE `craft_matrixblocktypes` (
  `id` int(11) NOT NULL AUTO_INCREMENT,
  `fieldId` int(11) NOT NULL,
  `fieldLayoutId` int(11) DEFAULT NULL,
  `name` varchar(255) COLLATE utf8_unicode_ci NOT NULL,
  `handle` varchar(255) COLLATE utf8_unicode_ci NOT NULL,
  `sortOrder` smallint(6) unsigned DEFAULT NULL,
  `dateCreated` datetime NOT NULL,
  `dateUpdated` datetime NOT NULL,
  `uid` char(36) COLLATE utf8_unicode_ci NOT NULL DEFAULT '0',
  PRIMARY KEY (`id`),
  UNIQUE KEY `craft_matrixblocktypes_name_fieldId_unq_idx` (`name`,`fieldId`),
  UNIQUE KEY `craft_matrixblocktypes_handle_fieldId_unq_idx` (`handle`,`fieldId`),
  KEY `craft_matrixblocktypes_fieldId_fk` (`fieldId`),
  KEY `craft_matrixblocktypes_fieldLayoutId_fk` (`fieldLayoutId`)
) ENGINE=InnoDB AUTO_INCREMENT=4 DEFAULT CHARSET=utf8 COLLATE=utf8_unicode_ci;

--
-- Data for table `craft_matrixblocktypes`
--

INSERT INTO `craft_matrixblocktypes` (`id`, `fieldId`, `fieldLayoutId`, `name`, `handle`, `sortOrder`, `dateCreated`, `dateUpdated`, `uid`) VALUES
 ('1', '26', '52', 'Social Media Block', 'socialMediaBlock', '1', '2017-03-09 19:13:08', '2017-03-10 16:11:00', '0ba0cdbe-30a5-407d-99f9-efde80cef7bf'),
 ('2', '32', '78', 'Ad Unit', 'adUnit', '1', '2017-03-12 16:04:49', '2017-03-23 18:31:37', '96ba4f50-6fc1-407d-b237-f99dcca4826b'),
 ('3', '32', '79', 'Ad Bundle', 'adBundle', '2', '2017-03-23 18:31:37', '2017-03-23 18:31:37', '189f41a5-6a45-4cc8-b4b3-c487c56c0d09');



DROP TABLE IF EXISTS `craft_matrixcontent_adunit`;


--
-- Schema for table `craft_matrixcontent_adunit`
--
CREATE TABLE `craft_matrixcontent_adunit` (
  `id` int(11) NOT NULL AUTO_INCREMENT,
  `elementId` int(11) NOT NULL,
  `locale` char(12) COLLATE utf8_unicode_ci NOT NULL,
  `field_adUnit_adType` text COLLATE utf8_unicode_ci,
  `field_adUnit_adUnit` text COLLATE utf8_unicode_ci,
  `field_adUnit_adDescription` text COLLATE utf8_unicode_ci,
  `field_adBundle_bundleName` text COLLATE utf8_unicode_ci,
  `field_adBundle_bundlePrice` text COLLATE utf8_unicode_ci,
  `field_adBundle_bundleDescription` text COLLATE utf8_unicode_ci,
  `dateCreated` datetime NOT NULL,
  `dateUpdated` datetime NOT NULL,
  `uid` char(36) COLLATE utf8_unicode_ci NOT NULL DEFAULT '0',
  PRIMARY KEY (`id`),
  UNIQUE KEY `craft_matrixcontent_adunit_elementId_locale_unq_idx` (`elementId`,`locale`),
  KEY `craft_matrixcontent_adunit_locale_fk` (`locale`)
) ENGINE=InnoDB AUTO_INCREMENT=6 DEFAULT CHARSET=utf8 COLLATE=utf8_unicode_ci;

--
-- Data for table `craft_matrixcontent_adunit`
--

INSERT INTO `craft_matrixcontent_adunit` (`id`, `elementId`, `locale`, `field_adUnit_adType`, `field_adUnit_adUnit`, `field_adUnit_adDescription`, `field_adBundle_bundleName`, `field_adBundle_bundlePrice`, `field_adBundle_bundleDescription`, `dateCreated`, `dateUpdated`, `uid`) VALUES
 ('1', '44', 'en_us', 'week', NULL, NULL, NULL, NULL, NULL, '2017-03-12 16:16:01', '2017-03-23 17:53:05', '02561009-d880-43e3-b621-6dfea18e8e46'),
 ('2', '72', 'en_us', 'week', NULL, NULL, NULL, NULL, NULL, '2017-03-23 18:10:55', '2017-03-23 18:10:55', '58d90dfb-ed32-43c7-853a-347bbd3bc7a1'),
 ('3', '74', 'en_us', 'Display Ads', '[{\"col3\":\"Full Page\",\"col1\":\"$11.00\",\"col2\":\"11x17\\\"\",\"col4\":\"\"},{\"col3\":\"Quarter Page\",\"col1\":\"$15.00\",\"col2\":\"25x22\",\"col4\":\"\"}]', 'Ads smallerr than 1/6 ....', NULL, NULL, NULL, '2017-03-23 18:21:18', '2017-03-23 18:29:13', 'f9c63df7-512f-43c2-aa11-d61d22d9157c'),
 ('4', '75', 'en_us', 'Inserts & Postits', '[{\"col3\":\"Single Page insert\",\"col1\":\"$15\",\"col2\":\"\",\"col4\":\"\"}]', '', NULL, NULL, NULL, '2017-03-23 18:27:09', '2017-03-23 18:29:13', 'f4345141-5f57-4e5f-904e-8d916a0e4007'),
 ('5', '77', 'en_us', NULL, NULL, NULL, '', '', '', '2017-03-23 18:32:59', '2017-03-23 18:32:59', 'ba0830bc-2dae-40e0-9380-bbd6b7bf362f');



DROP TABLE IF EXISTS `craft_matrixcontent_socialmedia`;


--
-- Schema for table `craft_matrixcontent_socialmedia`
--
CREATE TABLE `craft_matrixcontent_socialmedia` (
  `id` int(11) NOT NULL AUTO_INCREMENT,
  `elementId` int(11) NOT NULL,
  `locale` char(12) COLLATE utf8_unicode_ci NOT NULL,
  `field_socialMediaBlock_socialName` varchar(255) COLLATE utf8_unicode_ci DEFAULT NULL,
  `field_socialMediaBlock_address` text COLLATE utf8_unicode_ci,
  `dateCreated` datetime NOT NULL,
  `dateUpdated` datetime NOT NULL,
  `uid` char(36) COLLATE utf8_unicode_ci NOT NULL DEFAULT '0',
  PRIMARY KEY (`id`),
  UNIQUE KEY `craft_matrixcontent_socialmedia_elementId_locale_unq_idx` (`elementId`,`locale`),
  KEY `craft_matrixcontent_socialmedia_locale_fk` (`locale`)
) ENGINE=InnoDB AUTO_INCREMENT=2 DEFAULT CHARSET=utf8 COLLATE=utf8_unicode_ci;

--
-- Data for table `craft_matrixcontent_socialmedia`
--

INSERT INTO `craft_matrixcontent_socialmedia` (`id`, `elementId`, `locale`, `field_socialMediaBlock_socialName`, `field_socialMediaBlock_address`, `dateCreated`, `dateUpdated`, `uid`) VALUES
 ('1', '37', 'en_us', 'twitter', 'http://www.twitter.com', '2017-03-10 16:00:22', '2017-04-13 14:56:32', 'c521d45e-0f84-4da3-98d0-4e3f0184da98');



DROP TABLE IF EXISTS `craft_migrations`;


--
-- Schema for table `craft_migrations`
--
CREATE TABLE `craft_migrations` (
  `id` int(11) NOT NULL AUTO_INCREMENT,
  `pluginId` int(11) DEFAULT NULL,
  `version` varchar(255) COLLATE utf8_unicode_ci NOT NULL,
  `applyTime` datetime NOT NULL,
  `dateCreated` datetime NOT NULL,
  `dateUpdated` datetime NOT NULL,
  `uid` char(36) COLLATE utf8_unicode_ci NOT NULL DEFAULT '0',
  PRIMARY KEY (`id`),
  UNIQUE KEY `craft_migrations_version_unq_idx` (`version`),
  KEY `craft_migrations_pluginId_fk` (`pluginId`)
) ENGINE=InnoDB AUTO_INCREMENT=68 DEFAULT CHARSET=utf8 COLLATE=utf8_unicode_ci;

--
-- Data for table `craft_migrations`
--

INSERT INTO `craft_migrations` (`id`, `pluginId`, `version`, `applyTime`, `dateCreated`, `dateUpdated`, `uid`) VALUES
 ('1', NULL, 'm000000_000000_base', '2017-01-12 16:12:57', '2017-01-12 16:12:57', '2017-01-12 16:12:57', '91e16ad1-b897-4dbf-ad22-4df5c618ef0e'),
 ('2', NULL, 'm140730_000001_add_filename_and_format_to_transformindex', '2017-01-12 16:12:57', '2017-01-12 16:12:57', '2017-01-12 16:12:57', '3834a676-85d2-40a6-9cb6-714433ebe7f4'),
 ('3', NULL, 'm140815_000001_add_format_to_transforms', '2017-01-12 16:12:57', '2017-01-12 16:12:57', '2017-01-12 16:12:57', '7c0eaa02-1f9e-4f69-83ff-f8fa0c1b2468'),
 ('4', NULL, 'm140822_000001_allow_more_than_128_items_per_field', '2017-01-12 16:12:57', '2017-01-12 16:12:57', '2017-01-12 16:12:57', '107c486f-16dd-4526-ba7a-b1428c0db179'),
 ('5', NULL, 'm140829_000001_single_title_formats', '2017-01-12 16:12:57', '2017-01-12 16:12:57', '2017-01-12 16:12:57', '66b60d56-c6f3-43ef-a855-9fdef575d2d1'),
 ('6', NULL, 'm140831_000001_extended_cache_keys', '2017-01-12 16:12:57', '2017-01-12 16:12:57', '2017-01-12 16:12:57', '454f04d3-0538-4d29-8358-4dd650c0ae15'),
 ('7', NULL, 'm140922_000001_delete_orphaned_matrix_blocks', '2017-01-12 16:12:57', '2017-01-12 16:12:57', '2017-01-12 16:12:57', '825e31da-2b56-470f-91bf-fad64cfea5f7'),
 ('8', NULL, 'm141008_000001_elements_index_tune', '2017-01-12 16:12:57', '2017-01-12 16:12:57', '2017-01-12 16:12:57', '5994e366-52ad-4d43-b898-7d1ccecfab27'),
 ('9', NULL, 'm141009_000001_assets_source_handle', '2017-01-12 16:12:57', '2017-01-12 16:12:57', '2017-01-12 16:12:57', '7039ac1e-b619-4e34-b440-41c6f42c1b7b'),
 ('10', NULL, 'm141024_000001_field_layout_tabs', '2017-01-12 16:12:57', '2017-01-12 16:12:57', '2017-01-12 16:12:57', 'bbf7df93-141c-409d-ace8-4e28a6f7afc4'),
 ('11', NULL, 'm141030_000000_plugin_schema_versions', '2017-01-12 16:12:57', '2017-01-12 16:12:57', '2017-01-12 16:12:57', '360a98a6-033e-4a06-8b19-7b7615ba0641'),
 ('12', NULL, 'm141030_000001_drop_structure_move_permission', '2017-01-12 16:12:57', '2017-01-12 16:12:57', '2017-01-12 16:12:57', '980d157d-0394-4716-9120-4a89c8647e99'),
 ('13', NULL, 'm141103_000001_tag_titles', '2017-01-12 16:12:57', '2017-01-12 16:12:57', '2017-01-12 16:12:57', '6c9d3c79-134d-4dfd-a7a7-3f5ffe7eaf1a'),
 ('14', NULL, 'm141109_000001_user_status_shuffle', '2017-01-12 16:12:57', '2017-01-12 16:12:57', '2017-01-12 16:12:57', '2b19c591-ab1e-4733-b842-37aa37e46ba0'),
 ('15', NULL, 'm141126_000001_user_week_start_day', '2017-01-12 16:12:57', '2017-01-12 16:12:57', '2017-01-12 16:12:57', '57a58b97-4434-4d64-abd7-73bd2b2d606e'),
 ('16', NULL, 'm150210_000001_adjust_user_photo_size', '2017-01-12 16:12:57', '2017-01-12 16:12:57', '2017-01-12 16:12:57', 'cc68c40a-c3fc-4f0a-9ece-3702990b8f31'),
 ('17', NULL, 'm150724_000001_adjust_quality_settings', '2017-01-12 16:12:57', '2017-01-12 16:12:57', '2017-01-12 16:12:57', '848e920d-5137-490a-981f-1a305f28c15d'),
 ('18', NULL, 'm150827_000000_element_index_settings', '2017-01-12 16:12:57', '2017-01-12 16:12:57', '2017-01-12 16:12:57', '191a0e00-ee87-4c97-b088-7c8285a1dcff'),
 ('19', NULL, 'm150918_000001_add_colspan_to_widgets', '2017-01-12 16:12:57', '2017-01-12 16:12:57', '2017-01-12 16:12:57', 'f5ba1e04-dd3e-4ec5-a851-28acfc34dbb7'),
 ('20', NULL, 'm151007_000000_clear_asset_caches', '2017-01-12 16:12:57', '2017-01-12 16:12:57', '2017-01-12 16:12:57', '0f81c12a-8e3a-48ae-9abf-20a4db42893d'),
 ('21', NULL, 'm151109_000000_text_url_formats', '2017-01-12 16:12:57', '2017-01-12 16:12:57', '2017-01-12 16:12:57', 'dec6df46-1104-4c50-9d6b-2a88ffc6788a'),
 ('22', NULL, 'm151110_000000_move_logo', '2017-01-12 16:12:57', '2017-01-12 16:12:57', '2017-01-12 16:12:57', 'c6941b79-5f3f-4ea0-aa69-5d474a8b08d2'),
 ('23', NULL, 'm151117_000000_adjust_image_widthheight', '2017-01-12 16:12:57', '2017-01-12 16:12:57', '2017-01-12 16:12:57', '0da994c1-2abd-479d-92c3-335938bc9c5b'),
 ('24', NULL, 'm151127_000000_clear_license_key_status', '2017-01-12 16:12:57', '2017-01-12 16:12:57', '2017-01-12 16:12:57', '7ca20b44-3cac-49bb-aab9-a566184f9e73'),
 ('25', NULL, 'm151127_000000_plugin_license_keys', '2017-01-12 16:12:57', '2017-01-12 16:12:57', '2017-01-12 16:12:57', 'd7073576-b4e0-4e07-aa86-460811d48cce'),
 ('26', NULL, 'm151130_000000_update_pt_widget_feeds', '2017-01-12 16:12:57', '2017-01-12 16:12:57', '2017-01-12 16:12:57', '740d17da-31e4-4952-9e70-da6a977a6c94'),
 ('27', NULL, 'm160114_000000_asset_sources_public_url_default_true', '2017-01-12 16:12:57', '2017-01-12 16:12:57', '2017-01-12 16:12:57', '19873925-1975-460d-a2e8-7b50b39e1fc7'),
 ('28', NULL, 'm160223_000000_sortorder_to_smallint', '2017-01-12 16:12:57', '2017-01-12 16:12:57', '2017-01-12 16:12:57', '9bbba889-e262-48e7-a6d8-e14652a5e7bb'),
 ('29', NULL, 'm160229_000000_set_default_entry_statuses', '2017-01-12 16:12:57', '2017-01-12 16:12:57', '2017-01-12 16:12:57', 'c99666c1-393e-4255-9d91-9b2c921abeba'),
 ('30', NULL, 'm160304_000000_client_permissions', '2017-01-12 16:12:57', '2017-01-12 16:12:57', '2017-01-12 16:12:57', '6ed630bb-8c6a-4e34-a0cb-bc83c9ec2f5e'),
 ('31', NULL, 'm160322_000000_asset_filesize', '2017-01-12 16:12:57', '2017-01-12 16:12:57', '2017-01-12 16:12:57', '5e3541dd-f0f8-4ece-9abf-ae2312d657e9'),
 ('32', NULL, 'm160503_000000_orphaned_fieldlayouts', '2017-01-12 16:12:57', '2017-01-12 16:12:57', '2017-01-12 16:12:57', '62dcbf12-70ae-4ff8-80d0-e927b234bb41'),
 ('33', NULL, 'm160510_000000_tasksettings', '2017-01-12 16:12:57', '2017-01-12 16:12:57', '2017-01-12 16:12:57', '5972fb71-dcea-491d-9fd5-9d594f2c57ac'),
 ('34', NULL, 'm160829_000000_pending_user_content_cleanup', '2017-01-12 16:12:57', '2017-01-12 16:12:57', '2017-01-12 16:12:57', '1b4c93cd-90f8-4448-8b4a-a1d9b3eabe62'),
 ('35', NULL, 'm160830_000000_asset_index_uri_increase', '2017-01-12 16:12:57', '2017-01-12 16:12:57', '2017-01-12 16:12:57', '7fc7191f-48f6-48fa-a71c-7cc041877160'),
 ('36', NULL, 'm160919_000000_usergroup_handle_title_unique', '2017-01-12 16:12:57', '2017-01-12 16:12:57', '2017-01-12 16:12:57', '8d0dadc0-6f36-4805-8ef6-e809a8533306'),
 ('37', NULL, 'm161108_000000_new_version_format', '2017-01-12 16:12:57', '2017-01-12 16:12:57', '2017-01-12 16:12:57', '2d0cdf47-bc06-4b9a-8891-cbec6cafc9bd'),
 ('38', NULL, 'm161109_000000_index_shuffle', '2017-01-12 16:12:57', '2017-01-12 16:12:57', '2017-01-12 16:12:57', '737c8c4e-41c4-4acb-9560-5097aced7499'),
 ('39', '1', 'm150212_145000_AmNav_renamePagesToNodes', '2017-03-02 19:14:23', '2017-03-02 19:14:23', '2017-03-02 19:14:23', '0fa5b51d-eae3-4f17-8406-cf919e68f9ec'),
 ('40', '1', 'm150217_112800_AmNav_expandPageData', '2017-03-02 19:14:23', '2017-03-02 19:14:23', '2017-03-02 19:14:23', '6fb66ea6-4e24-4f75-954d-6600a2b86306'),
 ('41', '1', 'm150403_093000_AmNav_nodesWithElements', '2017-03-02 19:14:23', '2017-03-02 19:14:23', '2017-03-02 19:14:23', '6919ec6a-35f2-426c-8b52-2b523e236dd6'),
 ('42', '1', 'm150512_105600_AmNav_addOptionalClass', '2017-03-02 19:14:23', '2017-03-02 19:14:23', '2017-03-02 19:14:23', '8afbfd3e-c56f-46e7-bdd1-528874afd1e9'),
 ('43', '3', 'm151225_000000_seomatic_addHumansField', '2017-04-13 14:31:18', '2017-04-13 14:31:18', '2017-04-13 14:31:18', '2ae66f5c-fefe-441b-b603-d9984a41a336'),
 ('44', '3', 'm151226_000000_seomatic_addTwitterFacebookFields', '2017-04-13 14:31:18', '2017-04-13 14:31:18', '2017-04-13 14:31:18', '78f8e047-7f5c-4b4d-9628-6d6e4e5b331a'),
 ('45', '3', 'm160101_000000_seomatic_addRobotsFields', '2017-04-13 14:31:18', '2017-04-13 14:31:18', '2017-04-13 14:31:18', 'a29c167c-f06c-468e-b190-12b3dc9659a5'),
 ('46', '3', 'm160111_000000_seomatic_addTitleFields', '2017-04-13 14:31:18', '2017-04-13 14:31:18', '2017-04-13 14:31:18', '2ead0409-e448-4734-999e-12a1dcada2af'),
 ('47', '3', 'm160122_000000_seomatic_addTypeFields', '2017-04-13 14:31:18', '2017-04-13 14:31:18', '2017-04-13 14:31:18', '4410498b-5a9f-4202-9f3a-d10d0223716f'),
 ('48', '3', 'm160123_000000_seomatic_addOpeningHours', '2017-04-13 14:31:18', '2017-04-13 14:31:18', '2017-04-13 14:31:18', '7de95382-ab4e-4d99-bd68-f5852daa5e7c'),
 ('49', '3', 'm160202_000000_seomatic_addSocialHandles', '2017-04-13 14:31:18', '2017-04-13 14:31:18', '2017-04-13 14:31:18', 'ca36b90e-da2f-499a-822c-50f59af6fe23'),
 ('50', '3', 'm160204_000000_seomatic_addGoogleAnalytics', '2017-04-13 14:31:18', '2017-04-13 14:31:18', '2017-04-13 14:31:18', 'bdac690f-10ad-4db1-9282-a647b7f8dcc7'),
 ('51', '3', 'm160205_000000_seomatic_addResturantMenu', '2017-04-13 14:31:18', '2017-04-13 14:31:18', '2017-04-13 14:31:18', '80ccc30b-6ae0-426b-9eb4-48ec751e418d'),
 ('52', '3', 'm160206_000000_seomatic_addGoogleAnalyticsPlugins', '2017-04-13 14:31:18', '2017-04-13 14:31:18', '2017-04-13 14:31:18', 'a9b926bd-f813-4c44-926b-3c29f6e83ea2'),
 ('53', '3', 'm160206_000000_seomatic_addGoogleAnalyticsSendPageView', '2017-04-13 14:31:18', '2017-04-13 14:31:18', '2017-04-13 14:31:18', 'e52b0b00-dacb-4b8c-b49e-d5f5381ec82a'),
 ('54', '3', 'm160209_000000_seomatic_alterDescriptionsColumns', '2017-04-13 14:31:18', '2017-04-13 14:31:18', '2017-04-13 14:31:18', '029f7aa2-a40f-44f9-b31c-e488fe2a1110'),
 ('55', '3', 'm160209_000001_seomatic_addRobotsTxt', '2017-04-13 14:31:18', '2017-04-13 14:31:18', '2017-04-13 14:31:18', 'e9187884-a09b-449e-8eff-24fa129faf2b'),
 ('56', '3', 'm160227_000000_seomatic_addFacebookAppId', '2017-04-13 14:31:18', '2017-04-13 14:31:18', '2017-04-13 14:31:18', '96fbf6d0-f1d1-4563-84bf-ab98a0c5ad40'),
 ('57', '3', 'm160416_000000_seomatic_addContactPoints', '2017-04-13 14:31:18', '2017-04-13 14:31:18', '2017-04-13 14:31:18', '2c874834-e231-4096-932b-9c8584eee89b'),
 ('58', '3', 'm160509_000000_seomatic_addSiteLinksBing', '2017-04-13 14:31:18', '2017-04-13 14:31:18', '2017-04-13 14:31:18', '9b1b2d5b-9d07-45c5-8447-6d12122cca70'),
 ('59', '3', 'm160707_000000_seomatic_addGoogleTagManager', '2017-04-13 14:31:18', '2017-04-13 14:31:18', '2017-04-13 14:31:18', 'be90e333-93b3-4568-b4a7-22fc597affa3'),
 ('60', '3', 'm160715_000000_seomatic_addSeoImageTransforms', '2017-04-13 14:31:18', '2017-04-13 14:31:18', '2017-04-13 14:31:18', '884d3adc-2842-4c1f-a60f-ded0bc3dcab0'),
 ('61', '3', 'm160723_000000_seomatic_addSeoMainEntityOfPage', '2017-04-13 14:31:18', '2017-04-13 14:31:18', '2017-04-13 14:31:18', '7da26fe8-5808-4e3d-bbfa-7768189d3505'),
 ('62', '3', 'm160724_000000_seomatic_addSeoMainEntityCategory', '2017-04-13 14:31:18', '2017-04-13 14:31:18', '2017-04-13 14:31:18', 'cc275fe8-0e01-4896-9d84-9916d3aef77b'),
 ('63', '3', 'm160811_000000_seomatic_addVimeo', '2017-04-13 14:31:18', '2017-04-13 14:31:18', '2017-04-13 14:31:18', '5eabc1c6-285b-47f6-9248-8192fef3b47a'),
 ('64', '3', 'm160904_000000_seomatic_addTwitterFacebookImages', '2017-04-13 14:31:18', '2017-04-13 14:31:18', '2017-04-13 14:31:18', 'c48cb546-0305-40c6-9215-9f9d52fc377a'),
 ('65', '3', 'm161220_000000_seomatic_addPriceRange', '2017-04-13 14:31:18', '2017-04-13 14:31:18', '2017-04-13 14:31:18', '18fa262a-5b82-49bf-873b-66bbfe5f9226'),
 ('66', '3', 'm170212_000000_seomatic_addGoogleAnalyticsAnonymizeIp', '2017-04-13 14:31:18', '2017-04-13 14:31:18', '2017-04-13 14:31:18', '1bfb8cf6-37e1-48db-8e7d-6cbdace06087'),
 ('67', '3', 'm170212_000000_seomatic_addWikipedia', '2017-04-13 14:31:18', '2017-04-13 14:31:18', '2017-04-13 14:31:18', '28fbe015-b07d-47a9-a88a-51ae3d46adf8');



DROP TABLE IF EXISTS `craft_plugins`;


--
-- Schema for table `craft_plugins`
--
CREATE TABLE `craft_plugins` (
  `id` int(11) NOT NULL AUTO_INCREMENT,
  `class` varchar(150) COLLATE utf8_unicode_ci NOT NULL,
  `version` varchar(15) COLLATE utf8_unicode_ci NOT NULL,
  `schemaVersion` varchar(15) COLLATE utf8_unicode_ci DEFAULT NULL,
  `licenseKey` char(24) COLLATE utf8_unicode_ci DEFAULT NULL,
  `licenseKeyStatus` enum('valid','invalid','mismatched','unknown') COLLATE utf8_unicode_ci NOT NULL DEFAULT 'unknown',
  `enabled` tinyint(1) unsigned NOT NULL DEFAULT '0',
  `settings` text COLLATE utf8_unicode_ci,
  `installDate` datetime NOT NULL,
  `dateCreated` datetime NOT NULL,
  `dateUpdated` datetime NOT NULL,
  `uid` char(36) COLLATE utf8_unicode_ci NOT NULL DEFAULT '0',
  PRIMARY KEY (`id`)
) ENGINE=InnoDB AUTO_INCREMENT=5 DEFAULT CHARSET=utf8 COLLATE=utf8_unicode_ci;

--
-- Data for table `craft_plugins`
--

INSERT INTO `craft_plugins` (`id`, `class`, `version`, `schemaVersion`, `licenseKey`, `licenseKeyStatus`, `enabled`, `settings`, `installDate`, `dateCreated`, `dateUpdated`, `uid`) VALUES
 ('1', 'AmNav', '1.8.0', '1.7.4', NULL, 'unknown', '1', '{\"pluginName\":\"Navigation\",\"canDoActions\":\"\",\"quietErrors\":\"\"}', '2017-03-02 19:14:23', '2017-03-02 19:14:23', '2017-04-20 04:54:35', 'b61c1558-46c8-4ba3-9257-bd763f75be03'),
 ('2', 'Adminbar', '2.1.1', '2.0.0', NULL, 'unknown', '1', NULL, '2017-04-13 14:31:14', '2017-04-13 14:31:14', '2017-04-20 04:54:35', '933006c7-775f-4028-8eb3-bfb94ce3a176'),
 ('3', 'Seomatic', '1.1.46', '1.1.25', NULL, 'unknown', '1', NULL, '2017-04-13 14:31:17', '2017-04-13 14:31:17', '2017-04-20 04:54:35', 'd3bbefb5-e8a4-418f-a6cf-77524e280dc0'),
 ('4', 'CpFieldLinks', '1.2.2', '1.0', NULL, 'unknown', '1', NULL, '2017-04-13 14:54:39', '2017-04-13 14:54:39', '2017-04-20 04:54:35', '430c2901-4c24-433a-b42b-4fcaf8c0fb07');



DROP TABLE IF EXISTS `craft_rackspaceaccess`;


--
-- Schema for table `craft_rackspaceaccess`
--
CREATE TABLE `craft_rackspaceaccess` (
  `id` int(11) NOT NULL AUTO_INCREMENT,
  `connectionKey` varchar(255) COLLATE utf8_unicode_ci NOT NULL,
  `token` varchar(255) COLLATE utf8_unicode_ci NOT NULL,
  `storageUrl` varchar(255) COLLATE utf8_unicode_ci NOT NULL,
  `cdnUrl` varchar(255) COLLATE utf8_unicode_ci NOT NULL,
  `dateCreated` datetime NOT NULL,
  `dateUpdated` datetime NOT NULL,
  `uid` char(36) COLLATE utf8_unicode_ci NOT NULL DEFAULT '0',
  PRIMARY KEY (`id`),
  UNIQUE KEY `craft_rackspaceaccess_connectionKey_unq_idx` (`connectionKey`)
) ENGINE=InnoDB DEFAULT CHARSET=utf8 COLLATE=utf8_unicode_ci;

DROP TABLE IF EXISTS `craft_relations`;


--
-- Schema for table `craft_relations`
--
CREATE TABLE `craft_relations` (
  `id` int(11) NOT NULL AUTO_INCREMENT,
  `fieldId` int(11) NOT NULL,
  `sourceId` int(11) NOT NULL,
  `sourceLocale` char(12) COLLATE utf8_unicode_ci DEFAULT NULL,
  `targetId` int(11) NOT NULL,
  `sortOrder` smallint(6) DEFAULT NULL,
  `dateCreated` datetime NOT NULL,
  `dateUpdated` datetime NOT NULL,
  `uid` char(36) COLLATE utf8_unicode_ci NOT NULL DEFAULT '0',
  PRIMARY KEY (`id`),
  UNIQUE KEY `craft_relations_fieldId_sourceId_sourceLocale_targetId_unq_idx` (`fieldId`,`sourceId`,`sourceLocale`,`targetId`),
  KEY `craft_relations_sourceId_fk` (`sourceId`),
  KEY `craft_relations_sourceLocale_fk` (`sourceLocale`),
  KEY `craft_relations_targetId_fk` (`targetId`)
) ENGINE=InnoDB AUTO_INCREMENT=114 DEFAULT CHARSET=utf8 COLLATE=utf8_unicode_ci;

--
-- Data for table `craft_relations`
--

INSERT INTO `craft_relations` (`id`, `fieldId`, `sourceId`, `sourceLocale`, `targetId`, `sortOrder`, `dateCreated`, `dateUpdated`, `uid`) VALUES
 ('18', '20', '12', NULL, '10', '1', '2017-03-09 02:01:12', '2017-03-09 02:01:12', 'a5cc5f40-dcfe-4197-8707-5e36dac6b531'),
 ('19', '20', '11', NULL, '10', '1', '2017-03-09 02:01:45', '2017-03-09 02:01:45', 'e466ebb1-7f75-4d6e-afda-9b4d7dca349b'),
 ('32', '20', '39', NULL, '23', '1', '2017-03-12 16:13:09', '2017-03-12 16:13:09', '8440bc6a-89d9-4490-9bf5-31f45a126e2d'),
 ('33', '20', '39', NULL, '20', '2', '2017-03-12 16:13:09', '2017-03-12 16:13:09', 'fba041ea-071b-4e5a-abc7-60e6f3bb1e6f'),
 ('34', '20', '39', NULL, '19', '3', '2017-03-12 16:13:09', '2017-03-12 16:13:09', 'dd3b25b7-972b-4abb-9e6e-8e46bc25ab8c'),
 ('36', '20', '41', NULL, '14', '1', '2017-03-12 16:14:46', '2017-03-12 16:14:46', 'cc97ba47-3681-49ae-89c1-2f0dec6a1e1f'),
 ('37', '20', '41', NULL, '15', '2', '2017-03-12 16:14:46', '2017-03-12 16:14:46', '79ab9a23-545e-41a6-82c9-2baa8f8c0662'),
 ('38', '20', '41', NULL, '10', '3', '2017-03-12 16:14:46', '2017-03-12 16:14:46', 'd24bcaaa-859e-4cb4-8c09-3f8e36a6b6f8'),
 ('40', '20', '45', NULL, '24', '1', '2017-03-12 16:17:55', '2017-03-12 16:17:55', '80f66bf1-bb4b-49c9-8285-bf17244e01da'),
 ('41', '20', '45', NULL, '23', '2', '2017-03-12 16:17:55', '2017-03-12 16:17:55', 'c8b326ae-f562-42e3-a68f-d5f888853357'),
 ('76', '14', '19', NULL, '47', '1', '2017-03-16 19:11:04', '2017-03-16 19:11:04', 'ef8db9c7-7890-4c3a-b795-5c5b7dcf9f7c'),
 ('78', '14', '21', NULL, '49', '1', '2017-03-16 19:12:44', '2017-03-16 19:12:44', 'aee3cf4d-6745-45f0-b6db-487612083367'),
 ('79', '14', '22', NULL, '56', '1', '2017-03-16 19:13:21', '2017-03-16 19:13:21', 'e77c65b9-8185-43de-8540-b9f497b2ba8f'),
 ('80', '14', '14', NULL, '48', '1', '2017-03-16 19:26:26', '2017-03-16 19:26:26', 'd5d93b31-d856-4af4-901c-1cbd3045cc59'),
 ('81', '14', '15', NULL, '51', '1', '2017-03-16 19:27:28', '2017-03-16 19:27:28', '3fd9ef58-cf24-4753-a738-b3c6866c183d'),
 ('82', '14', '10', NULL, '46', '1', '2017-03-16 19:28:02', '2017-03-16 19:28:02', '0eab3718-7cfa-4d16-8bdc-a62c039abe65'),
 ('84', '14', '23', NULL, '50', '1', '2017-03-16 20:33:51', '2017-03-16 20:33:51', '1c7f1289-47ea-4f6c-b87d-b5cd6d5b502e'),
 ('87', '13', '2', NULL, '64', '1', '2017-03-16 20:46:20', '2017-03-16 20:46:20', '5192dcdf-6f49-4c4b-a5ca-126fb5f8bb2b'),
 ('89', '31', '43', NULL, '42', '1', '2017-03-23 17:53:05', '2017-03-23 17:53:05', '6b2cca0a-ed9c-458e-81d1-b17c6d6c91a9'),
 ('90', '20', '43', NULL, '24', '1', '2017-03-23 17:53:05', '2017-03-23 17:53:05', '6ff7aa3f-2a1e-424c-9115-b81307d2e9a4'),
 ('91', '14', '20', NULL, '55', '1', '2017-03-23 17:55:20', '2017-03-23 17:55:20', '9c43e9ef-ba8f-429c-9c15-6bed7490fcef'),
 ('92', '31', '20', NULL, '42', '1', '2017-03-23 17:55:20', '2017-03-23 17:55:20', 'c13b1feb-b1a1-40a6-ad59-c139b00e0502'),
 ('93', '31', '71', NULL, '68', '1', '2017-03-23 18:10:55', '2017-03-23 18:10:55', 'f7fc6b9f-d861-4554-8581-178e7fc5c76b'),
 ('94', '20', '71', NULL, '25', '1', '2017-03-23 18:10:55', '2017-03-23 18:10:55', '0f4018ce-33e3-491e-9eda-50cb080a6e52'),
 ('101', '31', '73', NULL, '42', '1', '2017-03-23 18:29:13', '2017-03-23 18:29:13', 'e15e7470-da25-48d5-9380-deb56b5f007d'),
 ('102', '20', '73', NULL, '15', '1', '2017-03-23 18:29:13', '2017-03-23 18:29:13', '6b937ff3-73af-4a96-82ef-a67fb03e9de4'),
 ('103', '31', '76', NULL, '70', '1', '2017-03-23 18:32:59', '2017-03-23 18:32:59', '5e1e72de-03b7-4bca-9aa0-f9f9e10bc540'),
 ('104', '20', '76', NULL, '23', '1', '2017-03-23 18:32:59', '2017-03-23 18:32:59', 'ad5d16bf-f853-4897-b3e7-ad28706ebc1b'),
 ('105', '20', '76', NULL, '19', '2', '2017-03-23 18:32:59', '2017-03-23 18:32:59', '65879380-f961-4bee-b716-32ca5ea05d8a'),
 ('106', '20', '76', NULL, '20', '3', '2017-03-23 18:32:59', '2017-03-23 18:32:59', '97378a6d-00aa-41fb-80de-72a039aa0faa'),
 ('107', '14', '5', NULL, '78', '1', '2017-04-03 19:35:55', '2017-04-03 19:35:55', 'd92fcec6-9fd0-4780-bdf1-178b093b0c56'),
 ('108', '14', '24', NULL, '53', '1', '2017-04-13 14:54:10', '2017-04-13 14:54:10', 'ba2f45ed-17e2-4afc-ab55-b819122722f0'),
 ('109', '13', '24', NULL, '64', '1', '2017-04-13 14:54:10', '2017-04-13 14:54:10', '90bf1bc8-d338-4422-a11f-be368c1a4b71'),
 ('112', '14', '25', NULL, '52', '1', '2017-04-13 14:56:32', '2017-04-13 14:56:32', '90b80cea-e1f2-4773-b307-2c8cddd6b735'),
 ('113', '13', '25', NULL, '64', '1', '2017-04-13 14:56:32', '2017-04-13 14:56:32', 'dbd0bbd5-bc86-43f5-b6dd-fe5663ca119f');



DROP TABLE IF EXISTS `craft_routes`;


--
-- Schema for table `craft_routes`
--
CREATE TABLE `craft_routes` (
  `id` int(11) NOT NULL AUTO_INCREMENT,
  `locale` char(12) COLLATE utf8_unicode_ci DEFAULT NULL,
  `urlParts` varchar(255) COLLATE utf8_unicode_ci NOT NULL,
  `urlPattern` varchar(255) COLLATE utf8_unicode_ci NOT NULL,
  `template` varchar(255) COLLATE utf8_unicode_ci NOT NULL,
  `sortOrder` smallint(6) unsigned DEFAULT NULL,
  `dateCreated` datetime NOT NULL,
  `dateUpdated` datetime NOT NULL,
  `uid` char(36) COLLATE utf8_unicode_ci NOT NULL DEFAULT '0',
  PRIMARY KEY (`id`),
  UNIQUE KEY `craft_routes_urlPattern_unq_idx` (`urlPattern`),
  KEY `craft_routes_locale_idx` (`locale`)
) ENGINE=InnoDB DEFAULT CHARSET=utf8 COLLATE=utf8_unicode_ci;

DROP TABLE IF EXISTS `craft_searchindex`;


--
-- Schema for table `craft_searchindex`
--
CREATE TABLE `craft_searchindex` (
  `elementId` int(11) NOT NULL,
  `attribute` varchar(25) COLLATE utf8_unicode_ci NOT NULL,
  `fieldId` int(11) NOT NULL,
  `locale` char(12) COLLATE utf8_unicode_ci NOT NULL,
  `keywords` text COLLATE utf8_unicode_ci NOT NULL,
  PRIMARY KEY (`elementId`,`attribute`,`fieldId`,`locale`),
  FULLTEXT KEY `craft_searchindex_keywords_idx` (`keywords`)
) ENGINE=MyISAM DEFAULT CHARSET=utf8 COLLATE=utf8_unicode_ci;

--
-- Data for table `craft_searchindex`
--

INSERT INTO `craft_searchindex` (`elementId`, `attribute`, `fieldId`, `locale`, `keywords`) VALUES
 ('1', 'username', '0', 'en_us', ' studentmedia '),
 ('1', 'firstname', '0', 'en_us', ''),
 ('1', 'lastname', '0', 'en_us', ''),
 ('1', 'fullname', '0', 'en_us', ''),
 ('1', 'email', '0', 'en_us', ' challahan ideabasekent com '),
 ('1', 'slug', '0', 'en_us', ''),
 ('2', 'slug', '0', 'en_us', ' homepage '),
 ('2', 'title', '0', 'en_us', ' about kent student media '),
 ('2', 'field', '1', 'en_us', ' award winning nationally recognized and locally focused our independent student run media partners create content the campus and kent community seek students learn practical skills through the professional learning opportunities available through kent state student media advertising with kent state student media is an excellent way to make sure you reach your audience '),
 ('10', 'field', '16', 'en_us', ''),
 ('3', 'field', '1', 'en_us', ' craft is the cms that s powering kentstatestudentmedia com it s beautiful powerful flexible and easy to use and it s made by pixel tonic we can t wait to dive in and see what it s capable of this is even more captivating content which you couldn t see on the news index page because it was entered after a page break and the news index template only likes to show the content on the first page craft a nice alternative to word if you re making a website '),
 ('3', 'field', '2', 'en_us', ''),
 ('3', 'slug', '0', 'en_us', ' we just installed craft '),
 ('3', 'title', '0', 'en_us', ' we just installed craft '),
 ('62', 'slug', '0', 'en_us', ' contact '),
 ('61', 'title', '0', 'en_us', ' advertising '),
 ('60', 'slug', '0', 'en_us', ' get involved '),
 ('60', 'title', '0', 'en_us', ' get involved '),
 ('61', 'slug', '0', 'en_us', ' advertising '),
 ('59', 'title', '0', 'en_us', ' media partners home '),
 ('58', 'title', '0', 'en_us', ' about '),
 ('59', 'slug', '0', 'en_us', ' media partners home '),
 ('58', 'slug', '0', 'en_us', ' about '),
 ('5', 'slug', '0', 'en_us', ''),
 ('6', 'slug', '0', 'en_us', ''),
 ('68', 'slug', '0', 'en_us', ' print '),
 ('68', 'title', '0', 'en_us', ' print '),
 ('20', 'field', '31', 'en_us', ' broadcast '),
 ('43', 'field', '20', 'en_us', ' luna negra '),
 ('6', 'field', '15', 'en_us', ' 500 hilltop drive '),
 ('6', 'field', '10', 'en_us', ' 614 292 3021 '),
 ('5', 'field', '14', 'en_us', ' sm logo '),
 ('6', 'field', '4', 'en_us', ' bbuckeye osu edu '),
 ('27', 'slug', '0', 'en_us', ' statistics '),
 ('27', 'title', '0', 'en_us', ' 10 '),
 ('27', 'field', '20', 'en_us', ''),
 ('27', 'field', '12', 'en_us', ''),
 ('27', 'field', '19', 'en_us', ''),
 ('2', 'field', '16', 'en_us', ''),
 ('2', 'field', '17', 'en_us', ' tigger the dog '),
 ('10', 'slug', '0', 'en_us', ' a magazine '),
 ('10', 'title', '0', 'en_us', ' a magazine '),
 ('11', 'field', '12', 'en_us', ' this is a description of the statistic '),
 ('11', 'field', '19', 'en_us', ''),
 ('11', 'field', '20', 'en_us', ' a magazine '),
 ('11', 'slug', '0', 'en_us', ' this is a fun statistic '),
 ('11', 'title', '0', 'en_us', ' 105 '),
 ('12', 'field', '12', 'en_us', ' this is a description of the second statistic '),
 ('12', 'field', '19', 'en_us', ''),
 ('12', 'field', '20', 'en_us', ' a magazine '),
 ('12', 'slug', '0', 'en_us', ' this is a second statistic '),
 ('12', 'title', '0', 'en_us', ' 750 '),
 ('14', 'field', '14', 'en_us', ' burr logo '),
 ('14', 'field', '19', 'en_us', ''),
 ('14', 'slug', '0', 'en_us', ' the burr '),
 ('14', 'title', '0', 'en_us', ' the burr '),
 ('15', 'field', '14', 'en_us', ' kentstater logo '),
 ('15', 'field', '19', 'en_us', ''),
 ('15', 'slug', '0', 'en_us', ' kent stater '),
 ('15', 'title', '0', 'en_us', ' kent stater '),
 ('24', 'field', '36', 'en_us', ' 1 '),
 ('11', 'field', '25', 'en_us', ' publications '),
 ('12', 'field', '25', 'en_us', ' students work with student media per semester '),
 ('2', 'field', '11', 'en_us', ''),
 ('2', 'field', '12', 'en_us', ' this is our description '),
 ('15', 'field', '20', 'en_us', ''),
 ('2', 'field', '21', 'en_us', ' kent state student media is made by students for students '),
 ('64', 'kind', '0', 'en_us', ' image '),
 ('64', 'slug', '0', 'en_us', ' people cropped 960 '),
 ('64', 'title', '0', 'en_us', ' people cropped 960 '),
 ('2', 'field', '13', 'en_us', ' people cropped 960 '),
 ('19', 'field', '14', 'en_us', ' bsr logo '),
 ('19', 'field', '19', 'en_us', ''),
 ('19', 'field', '20', 'en_us', ''),
 ('19', 'slug', '0', 'en_us', ' black squirrel radio '),
 ('19', 'title', '0', 'en_us', ' black squirrel radio '),
 ('20', 'field', '14', 'en_us', ' tv2 logo '),
 ('20', 'field', '19', 'en_us', ''),
 ('20', 'field', '20', 'en_us', ''),
 ('20', 'slug', '0', 'en_us', ' tv2 '),
 ('20', 'title', '0', 'en_us', ' tv2 '),
 ('21', 'field', '14', 'en_us', ' fusion logo '),
 ('21', 'field', '19', 'en_us', ''),
 ('21', 'field', '20', 'en_us', ''),
 ('21', 'slug', '0', 'en_us', ' fusion magazine '),
 ('21', 'title', '0', 'en_us', ' fusion magazine '),
 ('22', 'field', '14', 'en_us', ' uhuru logo '),
 ('22', 'field', '19', 'en_us', ''),
 ('22', 'field', '20', 'en_us', ''),
 ('22', 'slug', '0', 'en_us', ' uhuru '),
 ('22', 'title', '0', 'en_us', ' uhuru '),
 ('23', 'field', '14', 'en_us', ' intel '),
 ('23', 'field', '19', 'en_us', ''),
 ('23', 'field', '20', 'en_us', ''),
 ('23', 'slug', '0', 'en_us', ' kentwired '),
 ('23', 'title', '0', 'en_us', ' kentwired '),
 ('24', 'field', '14', 'en_us', ' lunanegra logo '),
 ('24', 'field', '19', 'en_us', ''),
 ('24', 'field', '20', 'en_us', ''),
 ('24', 'slug', '0', 'en_us', ' luna negra ');
INSERT INTO `craft_searchindex` (`elementId`, `attribute`, `fieldId`, `locale`, `keywords`) VALUES
 ('24', 'title', '0', 'en_us', ' luna negra '),
 ('25', 'field', '14', 'en_us', ' ksuif logo '),
 ('25', 'field', '19', 'en_us', ''),
 ('25', 'field', '20', 'en_us', ''),
 ('25', 'slug', '0', 'en_us', ' ksu independent films '),
 ('25', 'title', '0', 'en_us', ' ksu independent films '),
 ('10', 'field', '14', 'en_us', ' amag logo '),
 ('10', 'field', '19', 'en_us', ''),
 ('10', 'field', '20', 'en_us', ''),
 ('35', 'filename', '0', 'en_us', ' seaside jpg '),
 ('2', 'field', '25', 'en_us', ''),
 ('2', 'field', '22', 'en_us', ' https player vimeo com video 183532877 '),
 ('46', 'filename', '0', 'en_us', ' amag logo svg '),
 ('46', 'extension', '0', 'en_us', ' svg '),
 ('27', 'field', '25', 'en_us', ' different media outlets ran by student media '),
 ('46', 'kind', '0', 'en_us', ' image '),
 ('46', 'slug', '0', 'en_us', ' amag logo '),
 ('30', 'field', '12', 'en_us', ''),
 ('30', 'field', '23', 'en_us', ''),
 ('30', 'field', '24', 'en_us', ''),
 ('30', 'field', '9', 'en_us', ''),
 ('30', 'slug', '0', 'en_us', ' easter '),
 ('30', 'title', '0', 'en_us', ' holidays '),
 ('35', 'extension', '0', 'en_us', ' jpg '),
 ('35', 'kind', '0', 'en_us', ' image '),
 ('35', 'slug', '0', 'en_us', ' seaside '),
 ('35', 'title', '0', 'en_us', ' seaside '),
 ('25', 'field', '13', 'en_us', ' people cropped 960 '),
 ('25', 'field', '12', 'en_us', ' kent state university independent films ksuif is a student run production company that teaches inspires and prepares filmmakers for the real world industry ksuif produces a wide variety of content including webseries short films award winning music videos documentaries tv shows and feature films ksuif is one of three organizations in the country that allows students to create full length feature films '),
 ('25', 'field', '6', 'en_us', ' rob '),
 ('25', 'field', '7', 'en_us', ' flash '),
 ('25', 'field', '10', 'en_us', ' 330 672 6541 '),
 ('25', 'field', '4', 'en_us', ' us kent edu '),
 ('25', 'field', '26', 'en_us', ' http www twitter com twitter '),
 ('37', 'field', '27', 'en_us', ' twitter '),
 ('37', 'field', '28', 'en_us', ' http www twitter com '),
 ('37', 'slug', '0', 'en_us', ''),
 ('25', 'field', '29', 'en_us', ' kent state university independent films ksuif is a student run production company that teaches inspires and prepares filmmakers for the real world industry '),
 ('10', 'field', '13', 'en_us', ''),
 ('10', 'field', '12', 'en_us', ' a magazine is a visually stunning student run magazine at kent state it is the publication for all things fashion beauty accessories and culture on campus and beyond a focuses on both women s and men s fashion and has companion website that is updated regularly with extended content and videos providing students with the latest fashion news it is distributed at kent state and the fashion school s new york studio '),
 ('10', 'field', '29', 'en_us', ' a magazine is kent state s student run fashion magazine and is the hub for all things fashion beauty and culture related '),
 ('10', 'field', '6', 'en_us', ''),
 ('10', 'field', '7', 'en_us', ''),
 ('10', 'field', '10', 'en_us', ''),
 ('10', 'field', '4', 'en_us', ''),
 ('10', 'field', '26', 'en_us', ''),
 ('14', 'field', '13', 'en_us', ''),
 ('14', 'field', '12', 'en_us', ' the burr is an independent award winning student magazine and was kent state s first student magazine ever the magazine features a mix of original reporting how to articles feature articles and personal essays theburr com is frequently updated with multimedia stories and blogs and has an archive of past issues '),
 ('14', 'field', '29', 'en_us', ' the burr is kent state s first student produced magazine made for those who have made a home in kent '),
 ('14', 'field', '6', 'en_us', ''),
 ('14', 'field', '7', 'en_us', ''),
 ('14', 'field', '10', 'en_us', ''),
 ('14', 'field', '4', 'en_us', ''),
 ('14', 'field', '26', 'en_us', ''),
 ('15', 'field', '13', 'en_us', ''),
 ('15', 'field', '12', 'en_us', ' the kent stater is the award winning student run newspaper at kent state university reaching more than 15 000 people per issue the stater keeps the community up to date with campus local and national news sports and features the stater publishes on monday wednesday and thursday and has a circulation of 6 750 per day during the summer months the kent stater runs special print issues and also runs the annual orientation issue to welcome new and returning students '),
 ('15', 'field', '29', 'en_us', ' the kent stater is the award winning student run newspaper at kent state university '),
 ('15', 'field', '6', 'en_us', ''),
 ('15', 'field', '7', 'en_us', ''),
 ('15', 'field', '10', 'en_us', ''),
 ('15', 'field', '4', 'en_us', ''),
 ('15', 'field', '26', 'en_us', ''),
 ('19', 'field', '13', 'en_us', ''),
 ('19', 'field', '12', 'en_us', ' black squirrel radio bsr is a student run radio station that has 10 000 loyal monthly listeners bsr features a large selection of urban rock and local music with numerous local bands and entertainers coming for in studio performances and interviews bsr is available at www blacksquirrelradio com itunes radio under college stations the tunein app and channels 2 4 and 2 6 though on campus television '),
 ('19', 'field', '29', 'en_us', ' black squirrel radio bsr is the student run radio station on kent state s campus and provides innovative media content inspired by the community of kent ohio '),
 ('19', 'field', '6', 'en_us', ''),
 ('19', 'field', '7', 'en_us', ''),
 ('19', 'field', '10', 'en_us', ''),
 ('19', 'field', '4', 'en_us', ''),
 ('19', 'field', '26', 'en_us', ''),
 ('20', 'field', '13', 'en_us', ''),
 ('20', 'field', '12', 'en_us', ' tv2 is the award winning student run television station of kent state university tv2 is also portage county s only local television station and the best source for local news and original television content tv2 reaches more than 26 000 homes throughout portage county on spectrum formerly time warner cable channel 16 and more than 7 500 kent state students living on campus on channel 2 2 tv2 is also live streamed on kentwired com tv2 with 10 different tv shows tv2 covers everything from breaking news local news weather sports entertainment and humor '),
 ('20', 'field', '29', 'en_us', ' tv2 is the award winning student run television station of kent state that broadcasts to students and the portage county community '),
 ('20', 'field', '6', 'en_us', ''),
 ('20', 'field', '7', 'en_us', ''),
 ('20', 'field', '10', 'en_us', ''),
 ('20', 'field', '4', 'en_us', ''),
 ('20', 'field', '26', 'en_us', ''),
 ('21', 'field', '13', 'en_us', ''),
 ('21', 'field', '12', 'en_us', ' fusion is kent state s lesbian gay bisexual transgender and queer questioning student advocacy and entertainment magazine fusion strives to promote equality and community in northeast ohio and beyond through journalism and they have been recognized by the society of professional journalists for excellence fusion is the only student magazine focusing on lgbtq issues in the region '),
 ('21', 'field', '29', 'en_us', ' fusion is kent state s lesbian gay bisexual transgender and queer questioning student advocacy and entertainment magazine '),
 ('21', 'field', '6', 'en_us', ''),
 ('21', 'field', '7', 'en_us', ''),
 ('21', 'field', '10', 'en_us', ''),
 ('21', 'field', '4', 'en_us', ''),
 ('21', 'field', '26', 'en_us', ''),
 ('22', 'field', '13', 'en_us', ''),
 ('22', 'field', '12', 'en_us', ' uhuru is an award winning magazine that promotes innovation creativity and culture through the voice of marginalized students a derivative of black unites students uhuru is focused on the unification of the african american population but serves as a safe haven for others by reflecting all people of color at kent state uhuru is kent state s only minority news outlet and serves as a platform for student creation and expression in art writing photography and graphic design while addressing social issues '),
 ('22', 'field', '29', 'en_us', ' uhuru is the magazine that promotes innovation creativity and culture through the voice of marginalized students at kent state '),
 ('22', 'field', '6', 'en_us', ''),
 ('22', 'field', '7', 'en_us', ''),
 ('22', 'field', '10', 'en_us', ''),
 ('22', 'field', '4', 'en_us', ''),
 ('22', 'field', '26', 'en_us', ''),
 ('23', 'field', '13', 'en_us', ''),
 ('23', 'field', '12', 'en_us', ' kentwired com is a news organization hosting content created by the collaborative effort of students working in student media at kent state university kentwired is the independent news website for the kent stater and tv2 and is the year round news source for everything kent kentwired has top news entertainment sports and community and campus news it also features classifieds and live streams for tv2 and black squirrel radio '),
 ('23', 'field', '29', 'en_us', ' kentwired com is a news organization that holds content created by students working in student media at kent state university '),
 ('23', 'field', '6', 'en_us', ''),
 ('23', 'field', '7', 'en_us', ''),
 ('23', 'field', '10', 'en_us', '');
INSERT INTO `craft_searchindex` (`elementId`, `attribute`, `fieldId`, `locale`, `keywords`) VALUES
 ('23', 'field', '4', 'en_us', ''),
 ('23', 'field', '26', 'en_us', ''),
 ('24', 'field', '13', 'en_us', ' people cropped 960 '),
 ('24', 'field', '12', 'en_us', ' luna negra is kent state s literary student publication and they publish a blend of poetry prose photography and illustration for over 50 years they have published submissions from current students and community members their magazine is published every spring and they produce additional content on lunanegramag com '),
 ('24', 'field', '29', 'en_us', ' luna negra is kent state s literary student magazine that publishes a blend of poetry prose photography and illustration '),
 ('24', 'field', '6', 'en_us', ''),
 ('24', 'field', '7', 'en_us', ''),
 ('24', 'field', '10', 'en_us', ''),
 ('24', 'field', '4', 'en_us', ''),
 ('24', 'field', '26', 'en_us', ''),
 ('64', 'extension', '0', 'en_us', ' jpg '),
 ('64', 'filename', '0', 'en_us', ' people cropped_960 jpg '),
 ('39', 'field', '19', 'en_us', ' 16836671 10107927123772233 3422687748662962022 o '),
 ('39', 'field', '12', 'en_us', ' hi '),
 ('39', 'field', '23', 'en_us', ' 2017 03 17 '),
 ('39', 'field', '24', 'en_us', ' ideabase '),
 ('39', 'field', '20', 'en_us', ' kentwired tv2 black squirrel radio '),
 ('39', 'slug', '0', 'en_us', ' this is event 1 '),
 ('39', 'title', '0', 'en_us', ' this is event 1 '),
 ('41', 'field', '19', 'en_us', ' img 1942 '),
 ('41', 'field', '12', 'en_us', ' time to celebrate '),
 ('41', 'field', '23', 'en_us', ' 2017 03 31 '),
 ('41', 'field', '24', 'en_us', ' kent student center '),
 ('41', 'field', '20', 'en_us', ' the burr kent stater a magazine '),
 ('41', 'slug', '0', 'en_us', ' party time '),
 ('41', 'title', '0', 'en_us', ' party time '),
 ('42', 'slug', '0', 'en_us', ' broadcast '),
 ('42', 'title', '0', 'en_us', ' broadcast '),
 ('43', 'field', '31', 'en_us', ' broadcast '),
 ('43', 'field', '32', 'en_us', ' 0 x17 week '),
 ('43', 'slug', '0', 'en_us', ' video '),
 ('43', 'title', '0', 'en_us', ' video '),
 ('44', 'field', '33', 'en_us', ' week '),
 ('44', 'field', '34', 'en_us', ' 0 '),
 ('44', 'field', '35', 'en_us', ' x17 '),
 ('44', 'slug', '0', 'en_us', ''),
 ('45', 'field', '19', 'en_us', ''),
 ('45', 'field', '5', 'en_us', ' faculty '),
 ('45', 'field', '8', 'en_us', ' big boss '),
 ('45', 'field', '6', 'en_us', ' kevin '),
 ('45', 'field', '7', 'en_us', ' dilley '),
 ('45', 'field', '4', 'en_us', ' kdilley kent edu '),
 ('45', 'field', '10', 'en_us', ' 330 672 4603 '),
 ('45', 'field', '20', 'en_us', ' luna negra kentwired '),
 ('45', 'field', '1', 'en_us', ' hi d '),
 ('45', 'slug', '0', 'en_us', ' kevin dilley '),
 ('45', 'title', '0', 'en_us', ' kevin dilley '),
 ('46', 'title', '0', 'en_us', ' amag logo '),
 ('47', 'filename', '0', 'en_us', ' bsr logo svg '),
 ('47', 'extension', '0', 'en_us', ' svg '),
 ('47', 'kind', '0', 'en_us', ' image '),
 ('47', 'slug', '0', 'en_us', ' bsr logo '),
 ('47', 'title', '0', 'en_us', ' bsr logo '),
 ('48', 'filename', '0', 'en_us', ' burr logo svg '),
 ('48', 'extension', '0', 'en_us', ' svg '),
 ('48', 'kind', '0', 'en_us', ' image '),
 ('48', 'slug', '0', 'en_us', ' burr logo '),
 ('48', 'title', '0', 'en_us', ' burr logo '),
 ('49', 'filename', '0', 'en_us', ' fusion logo svg '),
 ('49', 'extension', '0', 'en_us', ' svg '),
 ('49', 'kind', '0', 'en_us', ' image '),
 ('49', 'slug', '0', 'en_us', ' fusion logo '),
 ('49', 'title', '0', 'en_us', ' fusion logo '),
 ('50', 'filename', '0', 'en_us', ' intel png '),
 ('50', 'extension', '0', 'en_us', ' png '),
 ('50', 'kind', '0', 'en_us', ' image '),
 ('50', 'slug', '0', 'en_us', ' intel '),
 ('50', 'title', '0', 'en_us', ' intel '),
 ('51', 'filename', '0', 'en_us', ' kentstater logo svg '),
 ('51', 'extension', '0', 'en_us', ' svg '),
 ('51', 'kind', '0', 'en_us', ' image '),
 ('51', 'slug', '0', 'en_us', ' kentstater logo '),
 ('51', 'title', '0', 'en_us', ' kentstater logo '),
 ('52', 'filename', '0', 'en_us', ' ksuif logo svg '),
 ('52', 'extension', '0', 'en_us', ' svg '),
 ('52', 'kind', '0', 'en_us', ' image '),
 ('52', 'slug', '0', 'en_us', ' ksuif logo '),
 ('52', 'title', '0', 'en_us', ' ksuif logo '),
 ('53', 'filename', '0', 'en_us', ' lunanegra logo svg '),
 ('53', 'extension', '0', 'en_us', ' svg '),
 ('53', 'kind', '0', 'en_us', ' image '),
 ('53', 'slug', '0', 'en_us', ' lunanegra logo '),
 ('53', 'title', '0', 'en_us', ' lunanegra logo '),
 ('54', 'filename', '0', 'en_us', ' smsales logo svg '),
 ('54', 'extension', '0', 'en_us', ' svg '),
 ('54', 'kind', '0', 'en_us', ' image '),
 ('54', 'slug', '0', 'en_us', ' smsales logo '),
 ('54', 'title', '0', 'en_us', ' smsales logo '),
 ('55', 'filename', '0', 'en_us', ' tv2 logo svg '),
 ('55', 'extension', '0', 'en_us', ' svg '),
 ('55', 'kind', '0', 'en_us', ' image '),
 ('55', 'slug', '0', 'en_us', ' tv2 logo '),
 ('55', 'title', '0', 'en_us', ' tv2 logo '),
 ('56', 'filename', '0', 'en_us', ' uhuru logo svg '),
 ('56', 'extension', '0', 'en_us', ' svg '),
 ('56', 'kind', '0', 'en_us', ' image '),
 ('56', 'slug', '0', 'en_us', ' uhuru logo '),
 ('56', 'title', '0', 'en_us', ' uhuru logo '),
 ('65', 'field', '37', 'en_us', ' dorothy ly '),
 ('25', 'field', '36', 'en_us', ' 1 ');
INSERT INTO `craft_searchindex` (`elementId`, `attribute`, `fieldId`, `locale`, `keywords`) VALUES
 ('23', 'field', '36', 'en_us', ' 1 '),
 ('19', 'field', '36', 'en_us', ' 1 '),
 ('20', 'field', '36', 'en_us', ' 1 '),
 ('21', 'field', '36', 'en_us', ' 1 '),
 ('22', 'field', '36', 'en_us', ' 1 '),
 ('14', 'field', '36', 'en_us', ' 1 '),
 ('15', 'field', '36', 'en_us', ' 1 '),
 ('10', 'field', '36', 'en_us', ' 1 '),
 ('62', 'title', '0', 'en_us', ' contact '),
 ('65', 'field', '38', 'en_us', ' this is an amazing thing '),
 ('65', 'slug', '0', 'en_us', ' testimonial 1 '),
 ('65', 'title', '0', 'en_us', ' testimonial 1 '),
 ('66', 'slug', '0', 'en_us', ' support us '),
 ('66', 'title', '0', 'en_us', ' support us '),
 ('67', 'filename', '0', 'en_us', ' studentmedia logo svg '),
 ('67', 'extension', '0', 'en_us', ' svg '),
 ('67', 'kind', '0', 'en_us', ' image '),
 ('67', 'slug', '0', 'en_us', ' studentmedia logo '),
 ('67', 'title', '0', 'en_us', ' kent state student media '),
 ('69', 'slug', '0', 'en_us', ' digital '),
 ('69', 'title', '0', 'en_us', ' digital '),
 ('70', 'slug', '0', 'en_us', ' bundles '),
 ('70', 'title', '0', 'en_us', ' bundles '),
 ('71', 'field', '31', 'en_us', ' print '),
 ('71', 'field', '32', 'en_us', ' 5 x17 week '),
 ('71', 'field', '20', 'en_us', ' ksu independent films '),
 ('71', 'slug', '0', 'en_us', ' ad 2 '),
 ('71', 'title', '0', 'en_us', ' ad 2 '),
 ('72', 'field', '33', 'en_us', ' week '),
 ('72', 'field', '34', 'en_us', ' 5 '),
 ('72', 'field', '35', 'en_us', ' x17 '),
 ('72', 'slug', '0', 'en_us', ''),
 ('73', 'field', '31', 'en_us', ' broadcast '),
 ('73', 'field', '32', 'en_us', ' ads smallerr than 1 6 display ads full page $11 00 11x17 full page $11 00 11x17 quarter page $15 00 25x22 quarter page $15 00 25x22 inserts postits single page insert $15 single page insert $15 '),
 ('73', 'field', '20', 'en_us', ' kent stater '),
 ('73', 'slug', '0', 'en_us', ' daily kent stater ads '),
 ('73', 'title', '0', 'en_us', ' daily kent stater ads '),
 ('74', 'field', '33', 'en_us', ' display ads '),
 ('74', 'field', '34', 'en_us', ' 0 '),
 ('74', 'field', '35', 'en_us', ' x17 '),
 ('74', 'slug', '0', 'en_us', ''),
 ('74', 'field', '40', 'en_us', ' full page $11 00 11x17 full page $11 00 11x17 quarter page $15 00 25x22 quarter page $15 00 25x22 '),
 ('75', 'field', '33', 'en_us', ' inserts postits '),
 ('75', 'field', '40', 'en_us', ' single page insert $15 single page insert $15 '),
 ('75', 'slug', '0', 'en_us', ''),
 ('74', 'field', '41', 'en_us', ' ads smallerr than 1 6 '),
 ('75', 'field', '41', 'en_us', ''),
 ('76', 'field', '31', 'en_us', ' bundles '),
 ('76', 'field', '32', 'en_us', ''),
 ('76', 'field', '20', 'en_us', ' kentwired black squirrel radio tv2 '),
 ('76', 'slug', '0', 'en_us', ' print tv and radio '),
 ('76', 'title', '0', 'en_us', ' print tv and radio '),
 ('77', 'field', '42', 'en_us', ''),
 ('77', 'field', '43', 'en_us', ''),
 ('77', 'field', '44', 'en_us', ''),
 ('77', 'slug', '0', 'en_us', ''),
 ('78', 'filename', '0', 'en_us', ' sm_logo svg '),
 ('78', 'extension', '0', 'en_us', ' svg '),
 ('78', 'kind', '0', 'en_us', ' image '),
 ('78', 'slug', '0', 'en_us', ' sm logo '),
 ('78', 'title', '0', 'en_us', ' sm logo '),
 ('24', 'field', '31', 'en_us', ''),
 ('25', 'field', '31', 'en_us', '');



DROP TABLE IF EXISTS `craft_sections`;


--
-- Schema for table `craft_sections`
--
CREATE TABLE `craft_sections` (
  `id` int(11) NOT NULL AUTO_INCREMENT,
  `structureId` int(11) DEFAULT NULL,
  `name` varchar(255) COLLATE utf8_unicode_ci NOT NULL,
  `handle` varchar(255) COLLATE utf8_unicode_ci NOT NULL,
  `type` enum('single','channel','structure') COLLATE utf8_unicode_ci NOT NULL DEFAULT 'channel',
  `hasUrls` tinyint(1) unsigned NOT NULL DEFAULT '1',
  `template` varchar(500) COLLATE utf8_unicode_ci DEFAULT NULL,
  `enableVersioning` tinyint(1) unsigned NOT NULL DEFAULT '0',
  `dateCreated` datetime NOT NULL,
  `dateUpdated` datetime NOT NULL,
  `uid` char(36) COLLATE utf8_unicode_ci NOT NULL DEFAULT '0',
  PRIMARY KEY (`id`),
  UNIQUE KEY `craft_sections_name_unq_idx` (`name`),
  UNIQUE KEY `craft_sections_handle_unq_idx` (`handle`),
  KEY `craft_sections_structureId_fk` (`structureId`)
) ENGINE=InnoDB AUTO_INCREMENT=16 DEFAULT CHARSET=utf8 COLLATE=utf8_unicode_ci;

--
-- Data for table `craft_sections`
--

INSERT INTO `craft_sections` (`id`, `structureId`, `name`, `handle`, `type`, `hasUrls`, `template`, `enableVersioning`, `dateCreated`, `dateUpdated`, `uid`) VALUES
 ('1', NULL, 'Homepage', 'homepage', 'single', '1', 'index', '1', '2017-01-12 16:12:59', '2017-01-12 16:12:59', '319d4367-7a50-465a-b8ba-9f48d25b27cc'),
 ('2', NULL, 'News', 'news', 'channel', '1', 'news/_entry', '1', '2017-01-12 16:12:59', '2017-01-12 16:12:59', '18f38288-9660-46d8-a514-1853770f9587'),
 ('4', NULL, 'Media Partners', 'partners', 'channel', '1', 'partners/_entry', '1', '2017-02-23 21:40:51', '2017-03-10 16:12:49', 'a40190bc-da17-43f7-9ffd-0ca44202543c'),
 ('5', NULL, 'Statistics', 'statistics', 'channel', '1', 'statistics/_entry', '1', '2017-02-24 21:50:00', '2017-02-24 21:50:00', '0b5a64fa-f1fe-4ce0-84b8-50f2e525ccda'),
 ('6', NULL, 'Events', 'events', 'channel', '1', 'events/_entry', '1', '2017-03-08 16:24:40', '2017-03-09 02:29:15', '6a51f2b8-8b33-48ec-82b0-f49f7f3b57e3'),
 ('7', NULL, 'Ad', 'ad', 'channel', '1', 'ad/_entry', '1', '2017-03-12 16:08:01', '2017-03-12 16:08:01', '9e9464d9-bead-4a95-a865-35a1a1987162'),
 ('8', NULL, 'Staff', 'staff', 'channel', '1', 'staff/_entry', '1', '2017-03-12 16:09:15', '2017-03-12 16:09:15', '7e048976-a7b5-4fa9-b606-66224dd3e15c'),
 ('9', NULL, 'About', 'about', 'single', '1', 'about', '1', '2017-03-16 18:11:56', '2017-03-16 18:11:56', '2f09d7db-6ee9-4e98-af06-0d19a3675825'),
 ('10', NULL, 'Media Partners Home', 'mediaPartnersHome', 'single', '1', 'partners', '1', '2017-03-16 18:12:46', '2017-03-16 18:12:46', 'f7179ae8-b6a5-4dbb-8629-58dd487b2de4'),
 ('11', NULL, 'Get Involved', 'getInvolved', 'single', '1', 'involvement', '1', '2017-03-16 18:13:51', '2017-03-16 18:13:51', 'ba02c029-cb83-4b18-8b1d-9339351c0a98'),
 ('12', NULL, 'Advertising', 'advertising', 'single', '1', 'ad/index', '1', '2017-03-16 18:15:33', '2017-03-16 19:38:13', '9d1b0fd1-7dce-40fb-8751-2dde1c5e3600'),
 ('13', NULL, 'Contact', 'contact', 'single', '1', 'contact', '1', '2017-03-16 18:15:45', '2017-03-16 18:15:45', '890aed4c-8705-4609-bf91-f4b22b507593'),
 ('14', NULL, 'Testimonials', 'testimonials', 'channel', '0', NULL, '1', '2017-03-21 17:33:15', '2017-03-21 17:33:15', '72866445-5d7c-4882-95cc-9c4c2d16552e'),
 ('15', NULL, 'Support Us', 'supportUs', 'single', '1', 'support', '1', '2017-03-23 03:28:41', '2017-03-23 03:28:41', '262e8097-e569-45db-a37a-d696beec5368');



DROP TABLE IF EXISTS `craft_sections_i18n`;


--
-- Schema for table `craft_sections_i18n`
--
CREATE TABLE `craft_sections_i18n` (
  `id` int(11) NOT NULL AUTO_INCREMENT,
  `sectionId` int(11) NOT NULL,
  `locale` char(12) COLLATE utf8_unicode_ci NOT NULL,
  `enabledByDefault` tinyint(1) unsigned NOT NULL DEFAULT '1',
  `urlFormat` text COLLATE utf8_unicode_ci,
  `nestedUrlFormat` text COLLATE utf8_unicode_ci,
  `dateCreated` datetime NOT NULL,
  `dateUpdated` datetime NOT NULL,
  `uid` char(36) COLLATE utf8_unicode_ci NOT NULL DEFAULT '0',
  PRIMARY KEY (`id`),
  UNIQUE KEY `craft_sections_i18n_sectionId_locale_unq_idx` (`sectionId`,`locale`),
  KEY `craft_sections_i18n_locale_fk` (`locale`)
) ENGINE=InnoDB AUTO_INCREMENT=16 DEFAULT CHARSET=utf8 COLLATE=utf8_unicode_ci;

--
-- Data for table `craft_sections_i18n`
--

INSERT INTO `craft_sections_i18n` (`id`, `sectionId`, `locale`, `enabledByDefault`, `urlFormat`, `nestedUrlFormat`, `dateCreated`, `dateUpdated`, `uid`) VALUES
 ('1', '1', 'en_us', '1', '__home__', NULL, '2017-01-12 16:12:59', '2017-01-12 16:12:59', 'b34168d3-2228-4a5b-8d90-09bad941aff3'),
 ('2', '2', 'en_us', '1', 'news/{postDate.year}/{slug}', NULL, '2017-01-12 16:12:59', '2017-01-12 16:12:59', '89eda871-7fd5-46a3-815f-1c0782205f0e'),
 ('4', '4', 'en_us', '1', 'partners/{slug}', NULL, '2017-02-23 21:40:51', '2017-02-27 15:18:00', '048239b2-b289-46d0-91a4-7f2756403654'),
 ('5', '5', 'en_us', '1', 'statistics/{slug}', NULL, '2017-02-24 21:50:00', '2017-02-24 21:50:00', '1189c990-4fee-4753-b845-a8ef7a8a8edc'),
 ('6', '6', 'en_us', '1', 'events/{slug}', NULL, '2017-03-08 16:24:40', '2017-03-08 16:24:40', '0ded5992-56af-48ef-a303-cb1f1dd83cca'),
 ('7', '7', 'en_us', '1', 'ad/{slug}', NULL, '2017-03-12 16:08:01', '2017-03-12 16:08:01', 'b2415790-b0d4-45de-a3ce-de0736ef5fc1'),
 ('8', '8', 'en_us', '1', 'staff/{slug}', NULL, '2017-03-12 16:09:15', '2017-03-12 16:09:15', '776106dd-3512-474f-9b66-86ac9f5d1fad'),
 ('9', '9', 'en_us', '1', 'about', NULL, '2017-03-16 18:11:56', '2017-03-16 18:11:56', '07129cdf-3a92-4f6d-bb80-c1fab35385c6'),
 ('10', '10', 'en_us', '1', 'partners', NULL, '2017-03-16 18:12:46', '2017-03-16 18:12:46', '37e03ae4-c635-42d1-a0af-04a144d3b2ee'),
 ('11', '11', 'en_us', '1', 'involvement', NULL, '2017-03-16 18:13:51', '2017-03-16 18:13:51', '05b6dce6-450a-443d-b86b-1470c2579fb9'),
 ('12', '12', 'en_us', '1', 'advertising', NULL, '2017-03-16 18:15:33', '2017-03-16 18:15:33', '229db4be-39e4-4005-9e95-530a1c143856'),
 ('13', '13', 'en_us', '1', 'contact', NULL, '2017-03-16 18:15:45', '2017-03-16 18:15:45', 'f5c51771-d442-4f7f-8ebe-3a07ad31d665'),
 ('14', '14', 'en_us', '1', NULL, NULL, '2017-03-21 17:33:15', '2017-03-21 17:33:15', 'a95bb9df-457e-44ef-b085-a2ef8f07ad3a'),
 ('15', '15', 'en_us', '1', 'support', NULL, '2017-03-23 03:28:41', '2017-03-23 03:28:41', '1bd245b4-a8b5-4900-b7b4-f56d2ea3b715');



DROP TABLE IF EXISTS `craft_seomatic_meta`;


--
-- Schema for table `craft_seomatic_meta`
--
CREATE TABLE `craft_seomatic_meta` (
  `id` int(11) NOT NULL,
  `seoImageId` int(11) DEFAULT NULL,
  `seoTwitterImageId` int(11) DEFAULT NULL,
  `seoFacebookImageId` int(11) DEFAULT NULL,
  `locale` varchar(255) COLLATE utf8_unicode_ci DEFAULT 'en_us',
  `elementId` int(10) DEFAULT '0',
  `metaType` enum('default','template') COLLATE utf8_unicode_ci DEFAULT 'template',
  `metaPath` varchar(255) COLLATE utf8_unicode_ci DEFAULT '',
  `seoMainEntityCategory` varchar(255) COLLATE utf8_unicode_ci DEFAULT '',
  `seoMainEntityOfPage` varchar(255) COLLATE utf8_unicode_ci DEFAULT '',
  `seoTitle` varchar(255) COLLATE utf8_unicode_ci DEFAULT '',
  `seoDescription` varchar(255) COLLATE utf8_unicode_ci DEFAULT '',
  `seoKeywords` varchar(255) COLLATE utf8_unicode_ci DEFAULT '',
  `seoImageTransform` varchar(255) COLLATE utf8_unicode_ci DEFAULT '',
  `seoFacebookImageTransform` varchar(255) COLLATE utf8_unicode_ci DEFAULT '',
  `seoTwitterImageTransform` varchar(255) COLLATE utf8_unicode_ci DEFAULT '',
  `twitterCardType` varchar(255) COLLATE utf8_unicode_ci DEFAULT 'summary',
  `openGraphType` varchar(255) COLLATE utf8_unicode_ci DEFAULT 'website',
  `robots` varchar(255) COLLATE utf8_unicode_ci DEFAULT '',
  `dateCreated` datetime NOT NULL,
  `dateUpdated` datetime NOT NULL,
  `uid` char(36) COLLATE utf8_unicode_ci NOT NULL DEFAULT '0',
  PRIMARY KEY (`id`),
  KEY `craft_seomatic_meta_seoImageId_fk` (`seoImageId`),
  KEY `craft_seomatic_meta_seoTwitterImageId_fk` (`seoTwitterImageId`),
  KEY `craft_seomatic_meta_seoFacebookImageId_fk` (`seoFacebookImageId`)
) ENGINE=InnoDB DEFAULT CHARSET=utf8 COLLATE=utf8_unicode_ci;

DROP TABLE IF EXISTS `craft_seomatic_settings`;


--
-- Schema for table `craft_seomatic_settings`
--
CREATE TABLE `craft_seomatic_settings` (
  `id` int(11) NOT NULL AUTO_INCREMENT,
  `siteSeoImageId` int(11) DEFAULT NULL,
  `siteSeoTwitterImageId` int(11) DEFAULT NULL,
  `siteSeoFacebookImageId` int(11) DEFAULT NULL,
  `genericOwnerImageId` int(11) DEFAULT NULL,
  `genericCreatorImageId` int(11) DEFAULT NULL,
  `locale` varchar(255) COLLATE utf8_unicode_ci DEFAULT '',
  `siteSeoName` varchar(255) COLLATE utf8_unicode_ci DEFAULT '',
  `siteSeoTitle` varchar(255) COLLATE utf8_unicode_ci DEFAULT '',
  `siteSeoTitleSeparator` varchar(10) COLLATE utf8_unicode_ci DEFAULT '|',
  `siteSeoTitlePlacement` enum('before','after','none') COLLATE utf8_unicode_ci DEFAULT 'after',
  `siteSeoDescription` varchar(255) COLLATE utf8_unicode_ci DEFAULT '',
  `siteSeoKeywords` varchar(255) COLLATE utf8_unicode_ci DEFAULT '',
  `siteSeoImageTransform` varchar(100) COLLATE utf8_unicode_ci DEFAULT '',
  `siteSeoFacebookImageTransform` varchar(100) COLLATE utf8_unicode_ci DEFAULT '',
  `siteSeoTwitterImageTransform` varchar(100) COLLATE utf8_unicode_ci DEFAULT '',
  `siteTwitterCardType` varchar(50) COLLATE utf8_unicode_ci DEFAULT '',
  `siteOpenGraphType` varchar(50) COLLATE utf8_unicode_ci DEFAULT '',
  `siteRobots` varchar(50) COLLATE utf8_unicode_ci DEFAULT '',
  `siteRobotsTxt` text COLLATE utf8_unicode_ci,
  `siteLinksSearchTargets` text COLLATE utf8_unicode_ci,
  `siteLinksQueryInput` varchar(50) COLLATE utf8_unicode_ci DEFAULT '',
  `googleSiteVerification` varchar(100) COLLATE utf8_unicode_ci DEFAULT '',
  `bingSiteVerification` varchar(100) COLLATE utf8_unicode_ci DEFAULT '',
  `googleAnalyticsUID` varchar(50) COLLATE utf8_unicode_ci DEFAULT '',
  `googleTagManagerID` varchar(50) COLLATE utf8_unicode_ci DEFAULT '',
  `googleAnalyticsSendPageview` tinyint(1) unsigned NOT NULL DEFAULT '1',
  `googleAnalyticsAdvertising` tinyint(1) unsigned NOT NULL DEFAULT '0',
  `googleAnalyticsEcommerce` tinyint(1) unsigned NOT NULL DEFAULT '0',
  `googleAnalyticsEEcommerce` tinyint(1) unsigned NOT NULL DEFAULT '0',
  `googleAnalyticsLinkAttribution` tinyint(1) unsigned NOT NULL DEFAULT '0',
  `googleAnalyticsLinker` tinyint(1) unsigned NOT NULL DEFAULT '0',
  `googleAnalyticsAnonymizeIp` tinyint(1) unsigned NOT NULL DEFAULT '0',
  `siteOwnerType` varchar(50) COLLATE utf8_unicode_ci DEFAULT '',
  `siteOwnerSubType` varchar(50) COLLATE utf8_unicode_ci DEFAULT '',
  `siteOwnerSpecificType` varchar(50) COLLATE utf8_unicode_ci DEFAULT '',
  `genericOwnerName` varchar(255) COLLATE utf8_unicode_ci DEFAULT '',
  `genericOwnerAlternateName` varchar(255) COLLATE utf8_unicode_ci DEFAULT '',
  `genericOwnerDescription` varchar(1024) COLLATE utf8_unicode_ci DEFAULT '',
  `genericOwnerUrl` varchar(255) COLLATE utf8_unicode_ci DEFAULT '',
  `genericOwnerTelephone` varchar(255) COLLATE utf8_unicode_ci DEFAULT '',
  `genericOwnerEmail` varchar(255) COLLATE utf8_unicode_ci DEFAULT '',
  `genericOwnerStreetAddress` varchar(255) COLLATE utf8_unicode_ci DEFAULT '',
  `genericOwnerAddressLocality` varchar(255) COLLATE utf8_unicode_ci DEFAULT '',
  `genericOwnerAddressRegion` varchar(255) COLLATE utf8_unicode_ci DEFAULT '',
  `genericOwnerPostalCode` varchar(255) COLLATE utf8_unicode_ci DEFAULT '',
  `genericOwnerAddressCountry` varchar(255) COLLATE utf8_unicode_ci DEFAULT '',
  `genericOwnerGeoLatitude` varchar(255) COLLATE utf8_unicode_ci DEFAULT '',
  `genericOwnerGeoLongitude` varchar(255) COLLATE utf8_unicode_ci DEFAULT '',
  `organizationOwnerDuns` varchar(255) COLLATE utf8_unicode_ci DEFAULT '',
  `organizationOwnerFounder` varchar(255) COLLATE utf8_unicode_ci DEFAULT '',
  `organizationOwnerFoundingDate` varchar(255) COLLATE utf8_unicode_ci DEFAULT '',
  `organizationOwnerFoundingLocation` varchar(255) COLLATE utf8_unicode_ci DEFAULT '',
  `organizationOwnerContactPoints` text COLLATE utf8_unicode_ci,
  `localBusinessPriceRange` varchar(10) COLLATE utf8_unicode_ci DEFAULT '$$$',
  `localBusinessOwnerOpeningHours` text COLLATE utf8_unicode_ci,
  `corporationOwnerTickerSymbol` varchar(255) COLLATE utf8_unicode_ci DEFAULT '',
  `restaurantOwnerServesCuisine` varchar(255) COLLATE utf8_unicode_ci DEFAULT '',
  `restaurantOwnerMenuUrl` varchar(255) COLLATE utf8_unicode_ci DEFAULT '',
  `restaurantOwnerReservationsUrl` varchar(255) COLLATE utf8_unicode_ci DEFAULT '',
  `personOwnerGender` varchar(255) COLLATE utf8_unicode_ci DEFAULT '',
  `personOwnerBirthPlace` varchar(255) COLLATE utf8_unicode_ci DEFAULT '',
  `twitterHandle` varchar(50) COLLATE utf8_unicode_ci DEFAULT '',
  `facebookHandle` varchar(50) COLLATE utf8_unicode_ci DEFAULT '',
  `facebookProfileId` varchar(50) COLLATE utf8_unicode_ci DEFAULT '',
  `facebookAppId` varchar(50) COLLATE utf8_unicode_ci DEFAULT '',
  `linkedInHandle` varchar(50) COLLATE utf8_unicode_ci DEFAULT '',
  `googlePlusHandle` varchar(50) COLLATE utf8_unicode_ci DEFAULT '',
  `youtubeHandle` varchar(50) COLLATE utf8_unicode_ci DEFAULT '',
  `youtubeChannelHandle` varchar(50) COLLATE utf8_unicode_ci DEFAULT '',
  `instagramHandle` varchar(50) COLLATE utf8_unicode_ci DEFAULT '',
  `pinterestHandle` varchar(50) COLLATE utf8_unicode_ci DEFAULT '',
  `githubHandle` varchar(50) COLLATE utf8_unicode_ci DEFAULT '',
  `vimeoHandle` varchar(50) COLLATE utf8_unicode_ci DEFAULT '',
  `wikipediaUrl` varchar(100) COLLATE utf8_unicode_ci DEFAULT '',
  `siteCreatorType` varchar(255) COLLATE utf8_unicode_ci DEFAULT '',
  `siteCreatorSubType` varchar(255) COLLATE utf8_unicode_ci DEFAULT '',
  `siteCreatorSpecificType` varchar(255) COLLATE utf8_unicode_ci DEFAULT '',
  `genericCreatorName` varchar(255) COLLATE utf8_unicode_ci DEFAULT '',
  `genericCreatorAlternateName` varchar(255) COLLATE utf8_unicode_ci DEFAULT '',
  `genericCreatorDescription` varchar(1024) COLLATE utf8_unicode_ci DEFAULT '',
  `genericCreatorUrl` varchar(255) COLLATE utf8_unicode_ci DEFAULT '',
  `genericCreatorTelephone` varchar(255) COLLATE utf8_unicode_ci DEFAULT '',
  `genericCreatorEmail` varchar(255) COLLATE utf8_unicode_ci DEFAULT '',
  `genericCreatorStreetAddress` varchar(255) COLLATE utf8_unicode_ci DEFAULT '',
  `genericCreatorAddressLocality` varchar(255) COLLATE utf8_unicode_ci DEFAULT '',
  `genericCreatorAddressRegion` varchar(255) COLLATE utf8_unicode_ci DEFAULT '',
  `genericCreatorPostalCode` varchar(255) COLLATE utf8_unicode_ci DEFAULT '',
  `genericCreatorAddressCountry` varchar(255) COLLATE utf8_unicode_ci DEFAULT '',
  `genericCreatorGeoLatitude` varchar(255) COLLATE utf8_unicode_ci DEFAULT '',
  `genericCreatorGeoLongitude` varchar(255) COLLATE utf8_unicode_ci DEFAULT '',
  `organizationCreatorDuns` varchar(255) COLLATE utf8_unicode_ci DEFAULT '',
  `organizationCreatorFounder` varchar(255) COLLATE utf8_unicode_ci DEFAULT '',
  `organizationCreatorFoundingDate` varchar(255) COLLATE utf8_unicode_ci DEFAULT '',
  `organizationCreatorFoundingLocation` varchar(255) COLLATE utf8_unicode_ci DEFAULT '',
  `organizationCreatorContactPoints` text COLLATE utf8_unicode_ci,
  `localBusinessCreatorOpeningHours` text COLLATE utf8_unicode_ci,
  `corporationCreatorTickerSymbol` varchar(255) COLLATE utf8_unicode_ci DEFAULT '',
  `restaurantCreatorServesCuisine` varchar(255) COLLATE utf8_unicode_ci DEFAULT '',
  `restaurantCreatorMenuUrl` varchar(255) COLLATE utf8_unicode_ci DEFAULT '',
  `restaurantCreatorReservationsUrl` varchar(255) COLLATE utf8_unicode_ci DEFAULT '',
  `personCreatorGender` varchar(255) COLLATE utf8_unicode_ci DEFAULT '',
  `personCreatorBirthPlace` varchar(255) COLLATE utf8_unicode_ci DEFAULT '',
  `genericCreatorHumansTxt` text COLLATE utf8_unicode_ci,
  `dateCreated` datetime NOT NULL,
  `dateUpdated` datetime NOT NULL,
  `uid` char(36) COLLATE utf8_unicode_ci NOT NULL DEFAULT '0',
  PRIMARY KEY (`id`),
  KEY `craft_seomatic_settings_siteSeoImageId_fk` (`siteSeoImageId`),
  KEY `craft_seomatic_settings_siteSeoTwitterImageId_fk` (`siteSeoTwitterImageId`),
  KEY `craft_seomatic_settings_siteSeoFacebookImageId_fk` (`siteSeoFacebookImageId`),
  KEY `craft_seomatic_settings_genericOwnerImageId_fk` (`genericOwnerImageId`),
  KEY `craft_seomatic_settings_genericCreatorImageId_fk` (`genericCreatorImageId`)
) ENGINE=InnoDB AUTO_INCREMENT=2 DEFAULT CHARSET=utf8 COLLATE=utf8_unicode_ci;

--
-- Data for table `craft_seomatic_settings`
--

INSERT INTO `craft_seomatic_settings` (`id`, `siteSeoImageId`, `siteSeoTwitterImageId`, `siteSeoFacebookImageId`, `genericOwnerImageId`, `genericCreatorImageId`, `locale`, `siteSeoName`, `siteSeoTitle`, `siteSeoTitleSeparator`, `siteSeoTitlePlacement`, `siteSeoDescription`, `siteSeoKeywords`, `siteSeoImageTransform`, `siteSeoFacebookImageTransform`, `siteSeoTwitterImageTransform`, `siteTwitterCardType`, `siteOpenGraphType`, `siteRobots`, `siteRobotsTxt`, `siteLinksSearchTargets`, `siteLinksQueryInput`, `googleSiteVerification`, `bingSiteVerification`, `googleAnalyticsUID`, `googleTagManagerID`, `googleAnalyticsSendPageview`, `googleAnalyticsAdvertising`, `googleAnalyticsEcommerce`, `googleAnalyticsEEcommerce`, `googleAnalyticsLinkAttribution`, `googleAnalyticsLinker`, `googleAnalyticsAnonymizeIp`, `siteOwnerType`, `siteOwnerSubType`, `siteOwnerSpecificType`, `genericOwnerName`, `genericOwnerAlternateName`, `genericOwnerDescription`, `genericOwnerUrl`, `genericOwnerTelephone`, `genericOwnerEmail`, `genericOwnerStreetAddress`, `genericOwnerAddressLocality`, `genericOwnerAddressRegion`, `genericOwnerPostalCode`, `genericOwnerAddressCountry`, `genericOwnerGeoLatitude`, `genericOwnerGeoLongitude`, `organizationOwnerDuns`, `organizationOwnerFounder`, `organizationOwnerFoundingDate`, `organizationOwnerFoundingLocation`, `organizationOwnerContactPoints`, `localBusinessPriceRange`, `localBusinessOwnerOpeningHours`, `corporationOwnerTickerSymbol`, `restaurantOwnerServesCuisine`, `restaurantOwnerMenuUrl`, `restaurantOwnerReservationsUrl`, `personOwnerGender`, `personOwnerBirthPlace`, `twitterHandle`, `facebookHandle`, `facebookProfileId`, `facebookAppId`, `linkedInHandle`, `googlePlusHandle`, `youtubeHandle`, `youtubeChannelHandle`, `instagramHandle`, `pinterestHandle`, `githubHandle`, `vimeoHandle`, `wikipediaUrl`, `siteCreatorType`, `siteCreatorSubType`, `siteCreatorSpecificType`, `genericCreatorName`, `genericCreatorAlternateName`, `genericCreatorDescription`, `genericCreatorUrl`, `genericCreatorTelephone`, `genericCreatorEmail`, `genericCreatorStreetAddress`, `genericCreatorAddressLocality`, `genericCreatorAddressRegion`, `genericCreatorPostalCode`, `genericCreatorAddressCountry`, `genericCreatorGeoLatitude`, `genericCreatorGeoLongitude`, `organizationCreatorDuns`, `organizationCreatorFounder`, `organizationCreatorFoundingDate`, `organizationCreatorFoundingLocation`, `organizationCreatorContactPoints`, `localBusinessCreatorOpeningHours`, `corporationCreatorTickerSymbol`, `restaurantCreatorServesCuisine`, `restaurantCreatorMenuUrl`, `restaurantCreatorReservationsUrl`, `personCreatorGender`, `personCreatorBirthPlace`, `genericCreatorHumansTxt`, `dateCreated`, `dateUpdated`, `uid`) VALUES
 ('1', NULL, NULL, NULL, NULL, NULL, 'en_us', 'Kent State Student Media', 'This is the default global title of the site pages.', '|', 'after', 'This is the default global natural language description of the content on the site pages.', 'default,global,comma-separated,keywords', '', '', '', 'summary', 'website', '', '# robots.txt for {{ siteUrl }}\n\nSitemap: {{ siteUrl |trim(\'/\') }}/sitemap.xml\n\n# Don\'t allow web crawlers to index Craft\n\nUser-agent: *\nDisallow: /craft/\n', '', '', '', '', '', '', '1', '0', '0', '0', '0', '0', '0', 'Organization', 'Corporation', '', 'Kent State Student Media', '', '', 'http://studentmedia.web/', '', '', '', '', '', '', '', '', '', '', '', '', '', '', '$$$', '', '', '', '', '', '', '', '', '', '', '', '', '', '', '', '', '', '', '', '', 'Organization', 'Corporation', '', '', '', '', '', '', '', '', '', '', '', '', '', '', '', '', '', '', '', '', '', '', '', '', '', '', '/* TEAM */\n\n{% if seomaticCreator.name is defined and seomaticCreator.name %}\nCreator: {{ seomaticCreator.name }}\n{% endif %}\n{% if seomaticCreator.url is defined and seomaticCreator.url %}\nURL: {{ seomaticCreator.url }}\n{% endif %}\n{% if seomaticCreator.description is defined and seomaticCreator.description %}\nDescription: {{ seomaticCreator.description }}\n{% endif %}\n\n/* THANKS */\n\nPixel & Tonic - https://pixelandtonic.com\n\n/* SITE */\n\nStandards: HTML5, CSS3\nComponents: Craft CMS, Yii, PHP, Javascript, SEOmatic', '2017-04-13 14:31:24', '2017-04-13 14:31:24', '450f0f9d-5579-49e0-a425-9445a7f1910e');



DROP TABLE IF EXISTS `craft_sessions`;


--
-- Schema for table `craft_sessions`
--
CREATE TABLE `craft_sessions` (
  `id` int(11) NOT NULL AUTO_INCREMENT,
  `userId` int(11) NOT NULL,
  `token` char(100) COLLATE utf8_unicode_ci NOT NULL,
  `dateCreated` datetime NOT NULL,
  `dateUpdated` datetime NOT NULL,
  `uid` char(36) COLLATE utf8_unicode_ci NOT NULL DEFAULT '0',
  PRIMARY KEY (`id`),
  KEY `craft_sessions_uid_idx` (`uid`),
  KEY `craft_sessions_token_idx` (`token`),
  KEY `craft_sessions_dateUpdated_idx` (`dateUpdated`),
  KEY `craft_sessions_userId_fk` (`userId`)
) ENGINE=InnoDB AUTO_INCREMENT=3 DEFAULT CHARSET=utf8 COLLATE=utf8_unicode_ci;

DROP TABLE IF EXISTS `craft_shunnedmessages`;


--
-- Schema for table `craft_shunnedmessages`
--
CREATE TABLE `craft_shunnedmessages` (
  `id` int(11) NOT NULL AUTO_INCREMENT,
  `userId` int(11) NOT NULL,
  `message` varchar(255) COLLATE utf8_unicode_ci NOT NULL,
  `expiryDate` datetime DEFAULT NULL,
  `dateCreated` datetime NOT NULL,
  `dateUpdated` datetime NOT NULL,
  `uid` char(36) COLLATE utf8_unicode_ci NOT NULL DEFAULT '0',
  PRIMARY KEY (`id`),
  UNIQUE KEY `craft_shunnedmessages_userId_message_unq_idx` (`userId`,`message`)
) ENGINE=InnoDB DEFAULT CHARSET=utf8 COLLATE=utf8_unicode_ci;

DROP TABLE IF EXISTS `craft_structureelements`;


--
-- Schema for table `craft_structureelements`
--
CREATE TABLE `craft_structureelements` (
  `id` int(11) NOT NULL AUTO_INCREMENT,
  `structureId` int(11) NOT NULL,
  `elementId` int(11) DEFAULT NULL,
  `root` int(11) unsigned DEFAULT NULL,
  `lft` int(11) unsigned NOT NULL,
  `rgt` int(11) unsigned NOT NULL,
  `level` smallint(6) unsigned NOT NULL,
  `dateCreated` datetime NOT NULL,
  `dateUpdated` datetime NOT NULL,
  `uid` char(36) COLLATE utf8_unicode_ci NOT NULL DEFAULT '0',
  PRIMARY KEY (`id`),
  UNIQUE KEY `craft_structureelements_structureId_elementId_unq_idx` (`structureId`,`elementId`),
  KEY `craft_structureelements_root_idx` (`root`),
  KEY `craft_structureelements_lft_idx` (`lft`),
  KEY `craft_structureelements_rgt_idx` (`rgt`),
  KEY `craft_structureelements_level_idx` (`level`),
  KEY `craft_structureelements_elementId_fk` (`elementId`)
) ENGINE=InnoDB AUTO_INCREMENT=6 DEFAULT CHARSET=utf8 COLLATE=utf8_unicode_ci;

--
-- Data for table `craft_structureelements`
--

INSERT INTO `craft_structureelements` (`id`, `structureId`, `elementId`, `root`, `lft`, `rgt`, `level`, `dateCreated`, `dateUpdated`, `uid`) VALUES
 ('1', '1', NULL, '1', '1', '10', '0', '2017-03-12 16:15:37', '2017-03-12 16:15:37', '8ef4e8d8-9a0a-4ff8-9f14-2594130a7743'),
 ('2', '1', '42', '1', '2', '3', '1', '2017-03-12 16:15:37', '2017-03-12 16:15:37', '4514fce0-8d08-45dc-9444-d7d368adec2f'),
 ('3', '1', '68', '1', '4', '5', '1', '2017-03-23 18:09:01', '2017-03-23 18:09:01', '41eaab08-45bc-4f69-9175-dc86a656cf0b'),
 ('4', '1', '69', '1', '6', '7', '1', '2017-03-23 18:09:09', '2017-03-23 18:09:09', '72be9de9-4d16-464e-91c2-8bedd6661d9a'),
 ('5', '1', '70', '1', '8', '9', '1', '2017-03-23 18:09:15', '2017-03-23 18:09:15', 'bee71261-700d-415f-894a-c93a98445280');



DROP TABLE IF EXISTS `craft_structures`;


--
-- Schema for table `craft_structures`
--
CREATE TABLE `craft_structures` (
  `id` int(11) NOT NULL AUTO_INCREMENT,
  `maxLevels` smallint(6) unsigned DEFAULT NULL,
  `dateCreated` datetime NOT NULL,
  `dateUpdated` datetime NOT NULL,
  `uid` char(36) COLLATE utf8_unicode_ci NOT NULL DEFAULT '0',
  PRIMARY KEY (`id`)
) ENGINE=InnoDB AUTO_INCREMENT=2 DEFAULT CHARSET=utf8 COLLATE=utf8_unicode_ci;

--
-- Data for table `craft_structures`
--

INSERT INTO `craft_structures` (`id`, `maxLevels`, `dateCreated`, `dateUpdated`, `uid`) VALUES
 ('1', NULL, '2017-03-12 16:02:21', '2017-03-23 19:52:23', '12631aff-bd49-48a9-ad8f-7dd4c09678eb');



DROP TABLE IF EXISTS `craft_systemsettings`;


--
-- Schema for table `craft_systemsettings`
--
CREATE TABLE `craft_systemsettings` (
  `id` int(11) NOT NULL AUTO_INCREMENT,
  `category` varchar(15) COLLATE utf8_unicode_ci NOT NULL,
  `settings` text COLLATE utf8_unicode_ci,
  `dateCreated` datetime NOT NULL,
  `dateUpdated` datetime NOT NULL,
  `uid` char(36) COLLATE utf8_unicode_ci NOT NULL DEFAULT '0',
  PRIMARY KEY (`id`),
  UNIQUE KEY `craft_systemsettings_category_unq_idx` (`category`)
) ENGINE=InnoDB AUTO_INCREMENT=2 DEFAULT CHARSET=utf8 COLLATE=utf8_unicode_ci;

--
-- Data for table `craft_systemsettings`
--

INSERT INTO `craft_systemsettings` (`id`, `category`, `settings`, `dateCreated`, `dateUpdated`, `uid`) VALUES
 ('1', 'email', '{\"protocol\":\"php\",\"emailAddress\":\"challahan@ideabasekent.com\",\"senderName\":\"Kent State Student Media\"}', '2017-01-12 16:12:59', '2017-01-12 16:12:59', 'bbaaf90a-39dd-4bba-8927-5cabca4ea28b');



DROP TABLE IF EXISTS `craft_taggroups`;


--
-- Schema for table `craft_taggroups`
--
CREATE TABLE `craft_taggroups` (
  `id` int(11) NOT NULL AUTO_INCREMENT,
  `name` varchar(255) COLLATE utf8_unicode_ci NOT NULL,
  `handle` varchar(255) COLLATE utf8_unicode_ci NOT NULL,
  `fieldLayoutId` int(10) DEFAULT NULL,
  `dateCreated` datetime NOT NULL,
  `dateUpdated` datetime NOT NULL,
  `uid` char(36) COLLATE utf8_unicode_ci NOT NULL DEFAULT '0',
  PRIMARY KEY (`id`),
  UNIQUE KEY `craft_taggroups_name_unq_idx` (`name`),
  UNIQUE KEY `craft_taggroups_handle_unq_idx` (`handle`),
  KEY `craft_taggroups_fieldLayoutId_fk` (`fieldLayoutId`)
) ENGINE=InnoDB AUTO_INCREMENT=2 DEFAULT CHARSET=utf8 COLLATE=utf8_unicode_ci;

--
-- Data for table `craft_taggroups`
--

INSERT INTO `craft_taggroups` (`id`, `name`, `handle`, `fieldLayoutId`, `dateCreated`, `dateUpdated`, `uid`) VALUES
 ('1', 'Default', 'default', '1', '2017-01-12 16:12:59', '2017-01-12 16:12:59', '7438c20a-25b6-4a33-9cea-7b39061b9af1');



DROP TABLE IF EXISTS `craft_tags`;


--
-- Schema for table `craft_tags`
--
CREATE TABLE `craft_tags` (
  `id` int(11) NOT NULL,
  `groupId` int(11) NOT NULL,
  `dateCreated` datetime NOT NULL,
  `dateUpdated` datetime NOT NULL,
  `uid` char(36) COLLATE utf8_unicode_ci NOT NULL DEFAULT '0',
  PRIMARY KEY (`id`),
  KEY `craft_tags_groupId_fk` (`groupId`)
) ENGINE=InnoDB DEFAULT CHARSET=utf8 COLLATE=utf8_unicode_ci;

DROP TABLE IF EXISTS `craft_tasks`;


--
-- Schema for table `craft_tasks`
--
CREATE TABLE `craft_tasks` (
  `id` int(11) NOT NULL AUTO_INCREMENT,
  `root` int(11) unsigned DEFAULT NULL,
  `lft` int(11) unsigned NOT NULL,
  `rgt` int(11) unsigned NOT NULL,
  `level` smallint(6) unsigned NOT NULL,
  `currentStep` int(11) unsigned DEFAULT NULL,
  `totalSteps` int(11) unsigned DEFAULT NULL,
  `status` enum('pending','error','running') COLLATE utf8_unicode_ci DEFAULT NULL,
  `type` varchar(150) COLLATE utf8_unicode_ci NOT NULL,
  `description` varchar(255) COLLATE utf8_unicode_ci DEFAULT NULL,
  `settings` mediumtext COLLATE utf8_unicode_ci,
  `dateCreated` datetime NOT NULL,
  `dateUpdated` datetime NOT NULL,
  `uid` char(36) COLLATE utf8_unicode_ci NOT NULL DEFAULT '0',
  PRIMARY KEY (`id`),
  KEY `craft_tasks_root_idx` (`root`),
  KEY `craft_tasks_lft_idx` (`lft`),
  KEY `craft_tasks_rgt_idx` (`rgt`),
  KEY `craft_tasks_level_idx` (`level`)
) ENGINE=InnoDB DEFAULT CHARSET=utf8 COLLATE=utf8_unicode_ci;

DROP TABLE IF EXISTS `craft_templatecachecriteria`;


--
-- Schema for table `craft_templatecachecriteria`
--
CREATE TABLE `craft_templatecachecriteria` (
  `id` int(11) NOT NULL AUTO_INCREMENT,
  `cacheId` int(11) NOT NULL,
  `type` varchar(150) COLLATE utf8_unicode_ci NOT NULL,
  `criteria` text COLLATE utf8_unicode_ci NOT NULL,
  PRIMARY KEY (`id`),
  KEY `craft_templatecachecriteria_cacheId_fk` (`cacheId`),
  KEY `craft_templatecachecriteria_type_idx` (`type`)
) ENGINE=InnoDB DEFAULT CHARSET=utf8 COLLATE=utf8_unicode_ci;

DROP TABLE IF EXISTS `craft_templatecacheelements`;


--
-- Schema for table `craft_templatecacheelements`
--
CREATE TABLE `craft_templatecacheelements` (
  `cacheId` int(11) NOT NULL,
  `elementId` int(11) NOT NULL,
  KEY `craft_templatecacheelements_cacheId_fk` (`cacheId`),
  KEY `craft_templatecacheelements_elementId_fk` (`elementId`)
) ENGINE=InnoDB DEFAULT CHARSET=utf8 COLLATE=utf8_unicode_ci;

DROP TABLE IF EXISTS `craft_templatecaches`;


--
-- Schema for table `craft_templatecaches`
--
CREATE TABLE `craft_templatecaches` (
  `id` int(11) NOT NULL AUTO_INCREMENT,
  `cacheKey` varchar(255) COLLATE utf8_unicode_ci NOT NULL,
  `locale` char(12) COLLATE utf8_unicode_ci NOT NULL,
  `path` varchar(255) COLLATE utf8_unicode_ci DEFAULT NULL,
  `expiryDate` datetime NOT NULL,
  `body` mediumtext COLLATE utf8_unicode_ci NOT NULL,
  PRIMARY KEY (`id`),
  KEY `craft_templatecaches_expiryDate_cacheKey_locale_path_idx` (`expiryDate`,`cacheKey`,`locale`,`path`),
  KEY `craft_templatecaches_locale_fk` (`locale`)
) ENGINE=InnoDB DEFAULT CHARSET=utf8 COLLATE=utf8_unicode_ci;

DROP TABLE IF EXISTS `craft_tokens`;


--
-- Schema for table `craft_tokens`
--
CREATE TABLE `craft_tokens` (
  `id` int(11) NOT NULL AUTO_INCREMENT,
  `token` char(32) COLLATE utf8_unicode_ci NOT NULL,
  `route` text COLLATE utf8_unicode_ci,
  `usageLimit` tinyint(3) unsigned DEFAULT NULL,
  `usageCount` tinyint(3) unsigned DEFAULT NULL,
  `expiryDate` datetime NOT NULL,
  `dateCreated` datetime NOT NULL,
  `dateUpdated` datetime NOT NULL,
  `uid` char(36) COLLATE utf8_unicode_ci NOT NULL DEFAULT '0',
  PRIMARY KEY (`id`),
  UNIQUE KEY `craft_tokens_token_unq_idx` (`token`),
  KEY `craft_tokens_expiryDate_idx` (`expiryDate`)
) ENGINE=InnoDB DEFAULT CHARSET=utf8 COLLATE=utf8_unicode_ci;

DROP TABLE IF EXISTS `craft_usergroups`;


--
-- Schema for table `craft_usergroups`
--
CREATE TABLE `craft_usergroups` (
  `id` int(11) NOT NULL AUTO_INCREMENT,
  `name` varchar(255) COLLATE utf8_unicode_ci NOT NULL,
  `handle` varchar(255) COLLATE utf8_unicode_ci NOT NULL,
  `dateCreated` datetime NOT NULL,
  `dateUpdated` datetime NOT NULL,
  `uid` char(36) COLLATE utf8_unicode_ci NOT NULL DEFAULT '0',
  PRIMARY KEY (`id`),
  UNIQUE KEY `craft_usergroups_name_unq_idx` (`name`),
  UNIQUE KEY `craft_usergroups_handle_unq_idx` (`handle`)
) ENGINE=InnoDB DEFAULT CHARSET=utf8 COLLATE=utf8_unicode_ci;

DROP TABLE IF EXISTS `craft_usergroups_users`;


--
-- Schema for table `craft_usergroups_users`
--
CREATE TABLE `craft_usergroups_users` (
  `id` int(11) NOT NULL AUTO_INCREMENT,
  `groupId` int(11) NOT NULL,
  `userId` int(11) NOT NULL,
  `dateCreated` datetime NOT NULL,
  `dateUpdated` datetime NOT NULL,
  `uid` char(36) COLLATE utf8_unicode_ci NOT NULL DEFAULT '0',
  PRIMARY KEY (`id`),
  UNIQUE KEY `craft_usergroups_users_groupId_userId_unq_idx` (`groupId`,`userId`),
  KEY `craft_usergroups_users_userId_fk` (`userId`)
) ENGINE=InnoDB DEFAULT CHARSET=utf8 COLLATE=utf8_unicode_ci;

DROP TABLE IF EXISTS `craft_userpermissions`;


--
-- Schema for table `craft_userpermissions`
--
CREATE TABLE `craft_userpermissions` (
  `id` int(11) NOT NULL AUTO_INCREMENT,
  `name` varchar(255) COLLATE utf8_unicode_ci NOT NULL,
  `dateCreated` datetime NOT NULL,
  `dateUpdated` datetime NOT NULL,
  `uid` char(36) COLLATE utf8_unicode_ci NOT NULL DEFAULT '0',
  PRIMARY KEY (`id`),
  UNIQUE KEY `craft_userpermissions_name_unq_idx` (`name`)
) ENGINE=InnoDB DEFAULT CHARSET=utf8 COLLATE=utf8_unicode_ci;

DROP TABLE IF EXISTS `craft_userpermissions_usergroups`;


--
-- Schema for table `craft_userpermissions_usergroups`
--
CREATE TABLE `craft_userpermissions_usergroups` (
  `id` int(11) NOT NULL AUTO_INCREMENT,
  `permissionId` int(11) NOT NULL,
  `groupId` int(11) NOT NULL,
  `dateCreated` datetime NOT NULL,
  `dateUpdated` datetime NOT NULL,
  `uid` char(36) COLLATE utf8_unicode_ci NOT NULL DEFAULT '0',
  PRIMARY KEY (`id`),
  UNIQUE KEY `craft_userpermissions_usergroups_permissionId_groupId_unq_idx` (`permissionId`,`groupId`),
  KEY `craft_userpermissions_usergroups_groupId_fk` (`groupId`)
) ENGINE=InnoDB DEFAULT CHARSET=utf8 COLLATE=utf8_unicode_ci;

DROP TABLE IF EXISTS `craft_userpermissions_users`;


--
-- Schema for table `craft_userpermissions_users`
--
CREATE TABLE `craft_userpermissions_users` (
  `id` int(11) NOT NULL AUTO_INCREMENT,
  `permissionId` int(11) NOT NULL,
  `userId` int(11) NOT NULL,
  `dateCreated` datetime NOT NULL,
  `dateUpdated` datetime NOT NULL,
  `uid` char(36) COLLATE utf8_unicode_ci NOT NULL DEFAULT '0',
  PRIMARY KEY (`id`),
  UNIQUE KEY `craft_userpermissions_users_permissionId_userId_unq_idx` (`permissionId`,`userId`),
  KEY `craft_userpermissions_users_userId_fk` (`userId`)
) ENGINE=InnoDB DEFAULT CHARSET=utf8 COLLATE=utf8_unicode_ci;

DROP TABLE IF EXISTS `craft_users`;


--
-- Schema for table `craft_users`
--
CREATE TABLE `craft_users` (
  `id` int(11) NOT NULL,
  `username` varchar(100) COLLATE utf8_unicode_ci NOT NULL,
  `photo` varchar(100) COLLATE utf8_unicode_ci DEFAULT NULL,
  `firstName` varchar(100) COLLATE utf8_unicode_ci DEFAULT NULL,
  `lastName` varchar(100) COLLATE utf8_unicode_ci DEFAULT NULL,
  `email` varchar(255) COLLATE utf8_unicode_ci NOT NULL,
  `password` char(255) COLLATE utf8_unicode_ci DEFAULT NULL,
  `preferredLocale` char(12) COLLATE utf8_unicode_ci DEFAULT NULL,
  `weekStartDay` tinyint(1) unsigned NOT NULL DEFAULT '0',
  `admin` tinyint(1) unsigned NOT NULL DEFAULT '0',
  `client` tinyint(1) unsigned NOT NULL DEFAULT '0',
  `locked` tinyint(1) unsigned NOT NULL DEFAULT '0',
  `suspended` tinyint(1) unsigned NOT NULL DEFAULT '0',
  `pending` tinyint(1) unsigned NOT NULL DEFAULT '0',
  `archived` tinyint(1) unsigned NOT NULL DEFAULT '0',
  `lastLoginDate` datetime DEFAULT NULL,
  `lastLoginAttemptIPAddress` varchar(45) COLLATE utf8_unicode_ci DEFAULT NULL,
  `invalidLoginWindowStart` datetime DEFAULT NULL,
  `invalidLoginCount` tinyint(4) unsigned DEFAULT NULL,
  `lastInvalidLoginDate` datetime DEFAULT NULL,
  `lockoutDate` datetime DEFAULT NULL,
  `verificationCode` char(100) COLLATE utf8_unicode_ci DEFAULT NULL,
  `verificationCodeIssuedDate` datetime DEFAULT NULL,
  `unverifiedEmail` varchar(255) COLLATE utf8_unicode_ci DEFAULT NULL,
  `passwordResetRequired` tinyint(1) unsigned NOT NULL DEFAULT '0',
  `lastPasswordChangeDate` datetime DEFAULT NULL,
  `dateCreated` datetime NOT NULL,
  `dateUpdated` datetime NOT NULL,
  `uid` char(36) COLLATE utf8_unicode_ci NOT NULL DEFAULT '0',
  PRIMARY KEY (`id`),
  UNIQUE KEY `craft_users_username_unq_idx` (`username`),
  UNIQUE KEY `craft_users_email_unq_idx` (`email`),
  KEY `craft_users_verificationCode_idx` (`verificationCode`),
  KEY `craft_users_uid_idx` (`uid`),
  KEY `craft_users_preferredLocale_fk` (`preferredLocale`)
) ENGINE=InnoDB DEFAULT CHARSET=utf8 COLLATE=utf8_unicode_ci;

--
-- Data for table `craft_users`
--

INSERT INTO `craft_users` (`id`, `username`, `photo`, `firstName`, `lastName`, `email`, `password`, `preferredLocale`, `weekStartDay`, `admin`, `client`, `locked`, `suspended`, `pending`, `archived`, `lastLoginDate`, `lastLoginAttemptIPAddress`, `invalidLoginWindowStart`, `invalidLoginCount`, `lastInvalidLoginDate`, `lockoutDate`, `verificationCode`, `verificationCodeIssuedDate`, `unverifiedEmail`, `passwordResetRequired`, `lastPasswordChangeDate`, `dateCreated`, `dateUpdated`, `uid`) VALUES
 ('1', 'studentmedia', NULL, NULL, NULL, 'challahan@ideabasekent.com', '$2y$13$X0tsGa9y3ilIcJitArMNYOfhGRUc4q6FnUPL/adZkptfNbRWTLqH2', NULL, '0', '1', '0', '0', '0', '0', '0', '2017-04-13 16:14:05', '::1', NULL, NULL, '2017-03-09 21:47:43', NULL, NULL, NULL, NULL, '0', '2017-01-12 16:12:58', '2017-01-12 16:12:58', '2017-04-13 16:14:05', 'f58ab9f4-2f8d-4925-97d8-ae38814a640f');



DROP TABLE IF EXISTS `craft_widgets`;


--
-- Schema for table `craft_widgets`
--
CREATE TABLE `craft_widgets` (
  `id` int(11) NOT NULL AUTO_INCREMENT,
  `userId` int(11) NOT NULL,
  `type` varchar(150) COLLATE utf8_unicode_ci NOT NULL,
  `sortOrder` smallint(6) unsigned DEFAULT NULL,
  `colspan` tinyint(4) unsigned DEFAULT NULL,
  `settings` text COLLATE utf8_unicode_ci,
  `enabled` tinyint(1) unsigned NOT NULL DEFAULT '1',
  `dateCreated` datetime NOT NULL,
  `dateUpdated` datetime NOT NULL,
  `uid` char(36) COLLATE utf8_unicode_ci NOT NULL DEFAULT '0',
  PRIMARY KEY (`id`),
  KEY `craft_widgets_userId_fk` (`userId`)
) ENGINE=InnoDB AUTO_INCREMENT=5 DEFAULT CHARSET=utf8 COLLATE=utf8_unicode_ci;

--
-- Data for table `craft_widgets`
--

INSERT INTO `craft_widgets` (`id`, `userId`, `type`, `sortOrder`, `colspan`, `settings`, `enabled`, `dateCreated`, `dateUpdated`, `uid`) VALUES
 ('1', '1', 'RecentEntries', '1', NULL, NULL, '1', '2017-01-12 16:13:00', '2017-01-12 16:13:00', '3ee5d5c2-1972-4a9c-9a2c-294b13ff4d2c'),
 ('2', '1', 'GetHelp', '2', NULL, NULL, '1', '2017-01-12 16:13:00', '2017-01-12 16:13:00', 'f29f1732-5790-4872-a534-d987a5b6ab7f'),
 ('3', '1', 'Updates', '3', NULL, NULL, '1', '2017-01-12 16:13:00', '2017-01-12 16:13:00', '71e25540-8687-492c-b97f-d8cf67dcf597'),
 ('4', '1', 'Feed', '4', NULL, '{\"url\":\"https:\\/\\/craftcms.com\\/news.rss\",\"title\":\"Craft News\"}', '1', '2017-01-12 16:13:00', '2017-01-12 16:13:00', '3ce3670f-b9c1-4d0d-acdf-13fd71dd6785');


--
-- Constraints for tables
--


--
-- Constraints for table `craft_assetfiles`
--
ALTER TABLE `craft_assetfiles`
	ADD CONSTRAINT `craft_assetfiles_folderId_fk` FOREIGN KEY (`folderId`) REFERENCES `craft_assetfolders` (`id`) ON DELETE CASCADE,
	ADD CONSTRAINT `craft_assetfiles_id_fk` FOREIGN KEY (`id`) REFERENCES `craft_elements` (`id`) ON DELETE CASCADE,
	ADD CONSTRAINT `craft_assetfiles_sourceId_fk` FOREIGN KEY (`sourceId`) REFERENCES `craft_assetsources` (`id`) ON DELETE CASCADE;

--
-- Constraints for table `craft_assetfolders`
--
ALTER TABLE `craft_assetfolders`
	ADD CONSTRAINT `craft_assetfolders_parentId_fk` FOREIGN KEY (`parentId`) REFERENCES `craft_assetfolders` (`id`) ON DELETE CASCADE,
	ADD CONSTRAINT `craft_assetfolders_sourceId_fk` FOREIGN KEY (`sourceId`) REFERENCES `craft_assetsources` (`id`) ON DELETE CASCADE;

--
-- Constraints for table `craft_assetindexdata`
--
ALTER TABLE `craft_assetindexdata`
	ADD CONSTRAINT `craft_assetindexdata_sourceId_fk` FOREIGN KEY (`sourceId`) REFERENCES `craft_assetsources` (`id`) ON DELETE CASCADE;

--
-- Constraints for table `craft_assetsources`
--
ALTER TABLE `craft_assetsources`
	ADD CONSTRAINT `craft_assetsources_fieldLayoutId_fk` FOREIGN KEY (`fieldLayoutId`) REFERENCES `craft_fieldlayouts` (`id`) ON DELETE SET NULL;

--
-- Constraints for table `craft_categories`
--
ALTER TABLE `craft_categories`
	ADD CONSTRAINT `craft_categories_groupId_fk` FOREIGN KEY (`groupId`) REFERENCES `craft_categorygroups` (`id`) ON DELETE CASCADE,
	ADD CONSTRAINT `craft_categories_id_fk` FOREIGN KEY (`id`) REFERENCES `craft_elements` (`id`) ON DELETE CASCADE;

--
-- Constraints for table `craft_categorygroups`
--
ALTER TABLE `craft_categorygroups`
	ADD CONSTRAINT `craft_categorygroups_fieldLayoutId_fk` FOREIGN KEY (`fieldLayoutId`) REFERENCES `craft_fieldlayouts` (`id`) ON DELETE SET NULL,
	ADD CONSTRAINT `craft_categorygroups_structureId_fk` FOREIGN KEY (`structureId`) REFERENCES `craft_structures` (`id`) ON DELETE CASCADE;

--
-- Constraints for table `craft_categorygroups_i18n`
--
ALTER TABLE `craft_categorygroups_i18n`
	ADD CONSTRAINT `craft_categorygroups_i18n_groupId_fk` FOREIGN KEY (`groupId`) REFERENCES `craft_categorygroups` (`id`) ON DELETE CASCADE,
	ADD CONSTRAINT `craft_categorygroups_i18n_locale_fk` FOREIGN KEY (`locale`) REFERENCES `craft_locales` (`locale`) ON DELETE CASCADE ON UPDATE CASCADE;

--
-- Constraints for table `craft_content`
--
ALTER TABLE `craft_content`
	ADD CONSTRAINT `craft_content_elementId_fk` FOREIGN KEY (`elementId`) REFERENCES `craft_elements` (`id`) ON DELETE CASCADE,
	ADD CONSTRAINT `craft_content_locale_fk` FOREIGN KEY (`locale`) REFERENCES `craft_locales` (`locale`) ON DELETE CASCADE ON UPDATE CASCADE;

--
-- Constraints for table `craft_elements_i18n`
--
ALTER TABLE `craft_elements_i18n`
	ADD CONSTRAINT `craft_elements_i18n_elementId_fk` FOREIGN KEY (`elementId`) REFERENCES `craft_elements` (`id`) ON DELETE CASCADE,
	ADD CONSTRAINT `craft_elements_i18n_locale_fk` FOREIGN KEY (`locale`) REFERENCES `craft_locales` (`locale`) ON DELETE CASCADE ON UPDATE CASCADE;

--
-- Constraints for table `craft_emailmessages`
--
ALTER TABLE `craft_emailmessages`
	ADD CONSTRAINT `craft_emailmessages_locale_fk` FOREIGN KEY (`locale`) REFERENCES `craft_locales` (`locale`) ON DELETE CASCADE ON UPDATE CASCADE;

--
-- Constraints for table `craft_entries`
--
ALTER TABLE `craft_entries`
	ADD CONSTRAINT `craft_entries_authorId_fk` FOREIGN KEY (`authorId`) REFERENCES `craft_users` (`id`) ON DELETE CASCADE,
	ADD CONSTRAINT `craft_entries_id_fk` FOREIGN KEY (`id`) REFERENCES `craft_elements` (`id`) ON DELETE CASCADE,
	ADD CONSTRAINT `craft_entries_sectionId_fk` FOREIGN KEY (`sectionId`) REFERENCES `craft_sections` (`id`) ON DELETE CASCADE,
	ADD CONSTRAINT `craft_entries_typeId_fk` FOREIGN KEY (`typeId`) REFERENCES `craft_entrytypes` (`id`) ON DELETE CASCADE;

--
-- Constraints for table `craft_entrydrafts`
--
ALTER TABLE `craft_entrydrafts`
	ADD CONSTRAINT `craft_entrydrafts_creatorId_fk` FOREIGN KEY (`creatorId`) REFERENCES `craft_users` (`id`) ON DELETE CASCADE,
	ADD CONSTRAINT `craft_entrydrafts_entryId_fk` FOREIGN KEY (`entryId`) REFERENCES `craft_entries` (`id`) ON DELETE CASCADE,
	ADD CONSTRAINT `craft_entrydrafts_locale_fk` FOREIGN KEY (`locale`) REFERENCES `craft_locales` (`locale`) ON DELETE CASCADE ON UPDATE CASCADE,
	ADD CONSTRAINT `craft_entrydrafts_sectionId_fk` FOREIGN KEY (`sectionId`) REFERENCES `craft_sections` (`id`) ON DELETE CASCADE;

--
-- Constraints for table `craft_entrytypes`
--
ALTER TABLE `craft_entrytypes`
	ADD CONSTRAINT `craft_entrytypes_fieldLayoutId_fk` FOREIGN KEY (`fieldLayoutId`) REFERENCES `craft_fieldlayouts` (`id`) ON DELETE SET NULL,
	ADD CONSTRAINT `craft_entrytypes_sectionId_fk` FOREIGN KEY (`sectionId`) REFERENCES `craft_sections` (`id`) ON DELETE CASCADE;

--
-- Constraints for table `craft_entryversions`
--
ALTER TABLE `craft_entryversions`
	ADD CONSTRAINT `craft_entryversions_creatorId_fk` FOREIGN KEY (`creatorId`) REFERENCES `craft_users` (`id`) ON DELETE SET NULL,
	ADD CONSTRAINT `craft_entryversions_entryId_fk` FOREIGN KEY (`entryId`) REFERENCES `craft_entries` (`id`) ON DELETE CASCADE,
	ADD CONSTRAINT `craft_entryversions_locale_fk` FOREIGN KEY (`locale`) REFERENCES `craft_locales` (`locale`) ON DELETE CASCADE ON UPDATE CASCADE,
	ADD CONSTRAINT `craft_entryversions_sectionId_fk` FOREIGN KEY (`sectionId`) REFERENCES `craft_sections` (`id`) ON DELETE CASCADE;

--
-- Constraints for table `craft_fieldlayoutfields`
--
ALTER TABLE `craft_fieldlayoutfields`
	ADD CONSTRAINT `craft_fieldlayoutfields_fieldId_fk` FOREIGN KEY (`fieldId`) REFERENCES `craft_fields` (`id`) ON DELETE CASCADE,
	ADD CONSTRAINT `craft_fieldlayoutfields_layoutId_fk` FOREIGN KEY (`layoutId`) REFERENCES `craft_fieldlayouts` (`id`) ON DELETE CASCADE,
	ADD CONSTRAINT `craft_fieldlayoutfields_tabId_fk` FOREIGN KEY (`tabId`) REFERENCES `craft_fieldlayouttabs` (`id`) ON DELETE CASCADE;

--
-- Constraints for table `craft_fieldlayouttabs`
--
ALTER TABLE `craft_fieldlayouttabs`
	ADD CONSTRAINT `craft_fieldlayouttabs_layoutId_fk` FOREIGN KEY (`layoutId`) REFERENCES `craft_fieldlayouts` (`id`) ON DELETE CASCADE;

--
-- Constraints for table `craft_fields`
--
ALTER TABLE `craft_fields`
	ADD CONSTRAINT `craft_fields_groupId_fk` FOREIGN KEY (`groupId`) REFERENCES `craft_fieldgroups` (`id`) ON DELETE CASCADE;

--
-- Constraints for table `craft_globalsets`
--
ALTER TABLE `craft_globalsets`
	ADD CONSTRAINT `craft_globalsets_fieldLayoutId_fk` FOREIGN KEY (`fieldLayoutId`) REFERENCES `craft_fieldlayouts` (`id`) ON DELETE SET NULL,
	ADD CONSTRAINT `craft_globalsets_id_fk` FOREIGN KEY (`id`) REFERENCES `craft_elements` (`id`) ON DELETE CASCADE;

--
-- Constraints for table `craft_matrixblocks`
--
ALTER TABLE `craft_matrixblocks`
	ADD CONSTRAINT `craft_matrixblocks_fieldId_fk` FOREIGN KEY (`fieldId`) REFERENCES `craft_fields` (`id`) ON DELETE CASCADE,
	ADD CONSTRAINT `craft_matrixblocks_id_fk` FOREIGN KEY (`id`) REFERENCES `craft_elements` (`id`) ON DELETE CASCADE,
	ADD CONSTRAINT `craft_matrixblocks_ownerId_fk` FOREIGN KEY (`ownerId`) REFERENCES `craft_elements` (`id`) ON DELETE CASCADE,
	ADD CONSTRAINT `craft_matrixblocks_ownerLocale_fk` FOREIGN KEY (`ownerLocale`) REFERENCES `craft_locales` (`locale`) ON DELETE CASCADE ON UPDATE CASCADE,
	ADD CONSTRAINT `craft_matrixblocks_typeId_fk` FOREIGN KEY (`typeId`) REFERENCES `craft_matrixblocktypes` (`id`) ON DELETE CASCADE;

--
-- Constraints for table `craft_matrixblocktypes`
--
ALTER TABLE `craft_matrixblocktypes`
	ADD CONSTRAINT `craft_matrixblocktypes_fieldId_fk` FOREIGN KEY (`fieldId`) REFERENCES `craft_fields` (`id`) ON DELETE CASCADE,
	ADD CONSTRAINT `craft_matrixblocktypes_fieldLayoutId_fk` FOREIGN KEY (`fieldLayoutId`) REFERENCES `craft_fieldlayouts` (`id`) ON DELETE SET NULL;

--
-- Constraints for table `craft_matrixcontent_adunit`
--
ALTER TABLE `craft_matrixcontent_adunit`
	ADD CONSTRAINT `craft_matrixcontent_adunit_elementId_fk` FOREIGN KEY (`elementId`) REFERENCES `craft_elements` (`id`) ON DELETE CASCADE,
	ADD CONSTRAINT `craft_matrixcontent_adunit_locale_fk` FOREIGN KEY (`locale`) REFERENCES `craft_locales` (`locale`) ON DELETE CASCADE ON UPDATE CASCADE;

--
-- Constraints for table `craft_matrixcontent_socialmedia`
--
ALTER TABLE `craft_matrixcontent_socialmedia`
	ADD CONSTRAINT `craft_matrixcontent_socialmedia_elementId_fk` FOREIGN KEY (`elementId`) REFERENCES `craft_elements` (`id`) ON DELETE CASCADE,
	ADD CONSTRAINT `craft_matrixcontent_socialmedia_locale_fk` FOREIGN KEY (`locale`) REFERENCES `craft_locales` (`locale`) ON DELETE CASCADE ON UPDATE CASCADE;

--
-- Constraints for table `craft_migrations`
--
ALTER TABLE `craft_migrations`
	ADD CONSTRAINT `craft_migrations_pluginId_fk` FOREIGN KEY (`pluginId`) REFERENCES `craft_plugins` (`id`) ON DELETE CASCADE;

--
-- Constraints for table `craft_relations`
--
ALTER TABLE `craft_relations`
	ADD CONSTRAINT `craft_relations_fieldId_fk` FOREIGN KEY (`fieldId`) REFERENCES `craft_fields` (`id`) ON DELETE CASCADE,
	ADD CONSTRAINT `craft_relations_sourceId_fk` FOREIGN KEY (`sourceId`) REFERENCES `craft_elements` (`id`) ON DELETE CASCADE,
	ADD CONSTRAINT `craft_relations_sourceLocale_fk` FOREIGN KEY (`sourceLocale`) REFERENCES `craft_locales` (`locale`) ON DELETE CASCADE ON UPDATE CASCADE,
	ADD CONSTRAINT `craft_relations_targetId_fk` FOREIGN KEY (`targetId`) REFERENCES `craft_elements` (`id`) ON DELETE CASCADE;

--
-- Constraints for table `craft_routes`
--
ALTER TABLE `craft_routes`
	ADD CONSTRAINT `craft_routes_locale_fk` FOREIGN KEY (`locale`) REFERENCES `craft_locales` (`locale`) ON DELETE CASCADE ON UPDATE CASCADE;

--
-- Constraints for table `craft_sections`
--
ALTER TABLE `craft_sections`
	ADD CONSTRAINT `craft_sections_structureId_fk` FOREIGN KEY (`structureId`) REFERENCES `craft_structures` (`id`) ON DELETE SET NULL;

--
-- Constraints for table `craft_sections_i18n`
--
ALTER TABLE `craft_sections_i18n`
	ADD CONSTRAINT `craft_sections_i18n_locale_fk` FOREIGN KEY (`locale`) REFERENCES `craft_locales` (`locale`) ON DELETE CASCADE ON UPDATE CASCADE,
	ADD CONSTRAINT `craft_sections_i18n_sectionId_fk` FOREIGN KEY (`sectionId`) REFERENCES `craft_sections` (`id`) ON DELETE CASCADE;

--
-- Constraints for table `craft_seomatic_meta`
--
ALTER TABLE `craft_seomatic_meta`
	ADD CONSTRAINT `craft_seomatic_meta_id_fk` FOREIGN KEY (`id`) REFERENCES `craft_elements` (`id`) ON DELETE CASCADE,
	ADD CONSTRAINT `craft_seomatic_meta_seoFacebookImageId_fk` FOREIGN KEY (`seoFacebookImageId`) REFERENCES `craft_assetfiles` (`id`) ON DELETE SET NULL,
	ADD CONSTRAINT `craft_seomatic_meta_seoImageId_fk` FOREIGN KEY (`seoImageId`) REFERENCES `craft_assetfiles` (`id`) ON DELETE SET NULL,
	ADD CONSTRAINT `craft_seomatic_meta_seoTwitterImageId_fk` FOREIGN KEY (`seoTwitterImageId`) REFERENCES `craft_assetfiles` (`id`) ON DELETE SET NULL;

--
-- Constraints for table `craft_seomatic_settings`
--
ALTER TABLE `craft_seomatic_settings`
	ADD CONSTRAINT `craft_seomatic_settings_genericCreatorImageId_fk` FOREIGN KEY (`genericCreatorImageId`) REFERENCES `craft_assetfiles` (`id`) ON DELETE SET NULL,
	ADD CONSTRAINT `craft_seomatic_settings_genericOwnerImageId_fk` FOREIGN KEY (`genericOwnerImageId`) REFERENCES `craft_assetfiles` (`id`) ON DELETE SET NULL,
	ADD CONSTRAINT `craft_seomatic_settings_siteSeoFacebookImageId_fk` FOREIGN KEY (`siteSeoFacebookImageId`) REFERENCES `craft_assetfiles` (`id`) ON DELETE SET NULL,
	ADD CONSTRAINT `craft_seomatic_settings_siteSeoImageId_fk` FOREIGN KEY (`siteSeoImageId`) REFERENCES `craft_assetfiles` (`id`) ON DELETE SET NULL,
	ADD CONSTRAINT `craft_seomatic_settings_siteSeoTwitterImageId_fk` FOREIGN KEY (`siteSeoTwitterImageId`) REFERENCES `craft_assetfiles` (`id`) ON DELETE SET NULL;

--
-- Constraints for table `craft_sessions`
--
ALTER TABLE `craft_sessions`
	ADD CONSTRAINT `craft_sessions_userId_fk` FOREIGN KEY (`userId`) REFERENCES `craft_users` (`id`) ON DELETE CASCADE;

--
-- Constraints for table `craft_shunnedmessages`
--
ALTER TABLE `craft_shunnedmessages`
	ADD CONSTRAINT `craft_shunnedmessages_userId_fk` FOREIGN KEY (`userId`) REFERENCES `craft_users` (`id`) ON DELETE CASCADE;

--
-- Constraints for table `craft_structureelements`
--
ALTER TABLE `craft_structureelements`
	ADD CONSTRAINT `craft_structureelements_elementId_fk` FOREIGN KEY (`elementId`) REFERENCES `craft_elements` (`id`) ON DELETE CASCADE,
	ADD CONSTRAINT `craft_structureelements_structureId_fk` FOREIGN KEY (`structureId`) REFERENCES `craft_structures` (`id`) ON DELETE CASCADE;

--
-- Constraints for table `craft_taggroups`
--
ALTER TABLE `craft_taggroups`
	ADD CONSTRAINT `craft_taggroups_fieldLayoutId_fk` FOREIGN KEY (`fieldLayoutId`) REFERENCES `craft_fieldlayouts` (`id`) ON DELETE SET NULL;

--
-- Constraints for table `craft_tags`
--
ALTER TABLE `craft_tags`
	ADD CONSTRAINT `craft_tags_groupId_fk` FOREIGN KEY (`groupId`) REFERENCES `craft_taggroups` (`id`) ON DELETE CASCADE,
	ADD CONSTRAINT `craft_tags_id_fk` FOREIGN KEY (`id`) REFERENCES `craft_elements` (`id`) ON DELETE CASCADE;

--
-- Constraints for table `craft_templatecachecriteria`
--
ALTER TABLE `craft_templatecachecriteria`
	ADD CONSTRAINT `craft_templatecachecriteria_cacheId_fk` FOREIGN KEY (`cacheId`) REFERENCES `craft_templatecaches` (`id`) ON DELETE CASCADE;

--
-- Constraints for table `craft_templatecacheelements`
--
ALTER TABLE `craft_templatecacheelements`
	ADD CONSTRAINT `craft_templatecacheelements_cacheId_fk` FOREIGN KEY (`cacheId`) REFERENCES `craft_templatecaches` (`id`) ON DELETE CASCADE,
	ADD CONSTRAINT `craft_templatecacheelements_elementId_fk` FOREIGN KEY (`elementId`) REFERENCES `craft_elements` (`id`) ON DELETE CASCADE;

--
-- Constraints for table `craft_templatecaches`
--
ALTER TABLE `craft_templatecaches`
	ADD CONSTRAINT `craft_templatecaches_locale_fk` FOREIGN KEY (`locale`) REFERENCES `craft_locales` (`locale`) ON DELETE CASCADE ON UPDATE CASCADE;

--
-- Constraints for table `craft_usergroups_users`
--
ALTER TABLE `craft_usergroups_users`
	ADD CONSTRAINT `craft_usergroups_users_groupId_fk` FOREIGN KEY (`groupId`) REFERENCES `craft_usergroups` (`id`) ON DELETE CASCADE,
	ADD CONSTRAINT `craft_usergroups_users_userId_fk` FOREIGN KEY (`userId`) REFERENCES `craft_users` (`id`) ON DELETE CASCADE;

--
-- Constraints for table `craft_userpermissions_usergroups`
--
ALTER TABLE `craft_userpermissions_usergroups`
	ADD CONSTRAINT `craft_userpermissions_usergroups_groupId_fk` FOREIGN KEY (`groupId`) REFERENCES `craft_usergroups` (`id`) ON DELETE CASCADE,
	ADD CONSTRAINT `craft_userpermissions_usergroups_permissionId_fk` FOREIGN KEY (`permissionId`) REFERENCES `craft_userpermissions` (`id`) ON DELETE CASCADE;

--
-- Constraints for table `craft_userpermissions_users`
--
ALTER TABLE `craft_userpermissions_users`
	ADD CONSTRAINT `craft_userpermissions_users_permissionId_fk` FOREIGN KEY (`permissionId`) REFERENCES `craft_userpermissions` (`id`) ON DELETE CASCADE,
	ADD CONSTRAINT `craft_userpermissions_users_userId_fk` FOREIGN KEY (`userId`) REFERENCES `craft_users` (`id`) ON DELETE CASCADE;

--
-- Constraints for table `craft_users`
--
ALTER TABLE `craft_users`
	ADD CONSTRAINT `craft_users_id_fk` FOREIGN KEY (`id`) REFERENCES `craft_elements` (`id`) ON DELETE CASCADE,
	ADD CONSTRAINT `craft_users_preferredLocale_fk` FOREIGN KEY (`preferredLocale`) REFERENCES `craft_locales` (`locale`) ON DELETE SET NULL ON UPDATE CASCADE;

--
-- Constraints for table `craft_widgets`
--
ALTER TABLE `craft_widgets`
	ADD CONSTRAINT `craft_widgets_userId_fk` FOREIGN KEY (`userId`) REFERENCES `craft_users` (`id`) ON DELETE CASCADE;

SET FOREIGN_KEY_CHECKS = 1;
