-- Generated by Craft v2.6.2983 on Jun 28, 2017, 4:19:22 AM.

--
-- Disable foreign key checks and autocommit.
--

SET FOREIGN_KEY_CHECKS = 0;
SET SQL_MODE = "NO_AUTO_VALUE_ON_ZERO";
SET AUTOCOMMIT = 0;
SET NAMES utf8;


DROP TABLE IF EXISTS `craft_amnav_navs`;


--
-- Schema for table `craft_amnav_navs`
--
CREATE TABLE `craft_amnav_navs` (
  `id` int(11) NOT NULL AUTO_INCREMENT,
  `name` varchar(255) COLLATE utf8_unicode_ci NOT NULL,
  `handle` varchar(255) COLLATE utf8_unicode_ci NOT NULL,
  `settings` text COLLATE utf8_unicode_ci,
  `dateCreated` datetime NOT NULL,
  `dateUpdated` datetime NOT NULL,
  `uid` char(36) COLLATE utf8_unicode_ci NOT NULL DEFAULT '0',
  PRIMARY KEY (`id`),
  UNIQUE KEY `craft_amnav_navs_handle_unq_idx` (`handle`)
) ENGINE=InnoDB AUTO_INCREMENT=2 DEFAULT CHARSET=utf8 COLLATE=utf8_unicode_ci;

--
-- Data for table `craft_amnav_navs`
--

INSERT INTO `craft_amnav_navs` (`id`, `name`, `handle`, `settings`, `dateCreated`, `dateUpdated`, `uid`) VALUES
 ('1', 'main menu', 'mainMenu', '{\"entrySources\":\"*\",\"maxLevels\":\"\",\"canMoveFromLevel\":\"\",\"canDeleteFromLevel\":\"\"}', '2017-03-02 19:17:12', '2017-03-02 19:17:12', 'c1d82e74-d7af-4424-abd4-b814f4b1b3a9');



DROP TABLE IF EXISTS `craft_amnav_nodes`;


--
-- Schema for table `craft_amnav_nodes`
--
CREATE TABLE `craft_amnav_nodes` (
  `id` int(11) NOT NULL AUTO_INCREMENT,
  `navId` int(10) NOT NULL,
  `parentId` int(10) DEFAULT NULL,
  `order` int(10) DEFAULT '0',
  `name` varchar(255) COLLATE utf8_unicode_ci NOT NULL,
  `url` varchar(255) COLLATE utf8_unicode_ci DEFAULT NULL,
  `listClass` varchar(255) COLLATE utf8_unicode_ci DEFAULT NULL,
  `blank` tinyint(1) unsigned NOT NULL DEFAULT '0',
  `enabled` tinyint(1) unsigned NOT NULL DEFAULT '1',
  `elementId` int(10) DEFAULT NULL,
  `elementType` varchar(255) COLLATE utf8_unicode_ci DEFAULT NULL,
  `locale` char(12) COLLATE utf8_unicode_ci DEFAULT NULL,
  `dateCreated` datetime NOT NULL,
  `dateUpdated` datetime NOT NULL,
  `uid` char(36) COLLATE utf8_unicode_ci NOT NULL DEFAULT '0',
  PRIMARY KEY (`id`),
  KEY `craft_amnav_nodes_elementId_elementType_locale_idx` (`elementId`,`elementType`,`locale`)
) ENGINE=InnoDB AUTO_INCREMENT=27 DEFAULT CHARSET=utf8 COLLATE=utf8_unicode_ci;

--
-- Data for table `craft_amnav_nodes`
--

INSERT INTO `craft_amnav_nodes` (`id`, `navId`, `parentId`, `order`, `name`, `url`, `listClass`, `blank`, `enabled`, `elementId`, `elementType`, `locale`, `dateCreated`, `dateUpdated`, `uid`) VALUES
 ('1', '1', '5', '6', 'The Burr', NULL, NULL, '0', '1', '14', 'Entry', 'en_us', '2017-03-02 19:20:06', '2017-06-14 20:31:41', 'fa460ccd-37ba-4419-9965-81bafc531e6a'),
 ('2', '1', '5', '10', 'The Kent Stater', NULL, NULL, '0', '1', '15', 'Entry', 'en_us', '2017-03-02 19:20:14', '2017-06-14 20:31:41', '67cd62c1-d159-4926-bd26-2786cdde33e5'),
 ('3', '1', '5', '2', 'A Magazine', NULL, NULL, '0', '1', '10', 'Entry', 'en_us', '2017-03-02 19:20:19', '2017-06-22 20:29:50', '107c7c38-1f95-4ef7-a743-6aa0cfb65594'),
 ('4', '1', '0', '0', 'About', NULL, '', '0', '1', '58', 'Entry', 'en_us', '2017-03-16 18:18:17', '2017-06-15 20:48:34', 'c130a55b-10e2-48e2-92d3-66b1069c6c95'),
 ('5', '1', '0', '1', 'Media Partners', NULL, '', '0', '1', '59', 'Entry', 'en_us', '2017-03-16 18:18:31', '2017-06-14 20:50:48', '90c7ef24-88fc-41d3-b6d7-ddd0aa6fb774'),
 ('6', '1', '0', '3', 'Get Involved', NULL, NULL, '0', '1', '60', 'Entry', 'en_us', '2017-03-16 18:18:57', '2017-06-14 20:31:41', 'c7935a45-5861-4927-886a-1ba0bde5cf39'),
 ('7', '1', '0', '2', 'Advertising', NULL, '', '0', '1', '61', 'Entry', 'en_us', '2017-03-16 18:19:10', '2017-06-21 18:08:28', '64a9bb98-5e24-463f-9637-f2d6da4caf32'),
 ('8', '1', '0', '4', 'Contact', NULL, '', '0', '1', '62', 'Entry', 'en_us', '2017-03-16 18:19:26', '2017-06-14 20:31:41', '14fe81ae-3165-422d-b533-a78d13f045cf'),
 ('10', '1', '5', '1', 'Luna Negra', NULL, NULL, '0', '1', '24', 'Entry', 'en_us', '2017-03-23 19:49:34', '2017-06-14 20:31:41', '0417787d-8db9-4893-818b-ab69bf27ad91'),
 ('12', '1', '5', '4', 'Black Squirrel Radio', NULL, NULL, '0', '1', '19', 'Entry', 'en_us', '2017-03-23 19:56:28', '2017-06-14 20:31:41', 'cafd3a25-5ae4-4560-8ab4-9e61de48aafd'),
 ('13', '1', '5', '5', 'TV2 KSU', NULL, NULL, '0', '1', '20', 'Entry', 'en_us', '2017-03-23 19:56:28', '2017-06-14 20:31:41', '7c6a0eef-3831-4cff-8ab1-1ae83e48ac18'),
 ('15', '1', '5', '7', 'Uhuru', NULL, NULL, '0', '1', '22', 'Entry', 'en_us', '2017-03-23 19:56:29', '2017-06-14 20:31:41', '08a0b236-6c95-46a8-809b-ddd64cba3528'),
 ('16', '1', '5', '8', 'Fusion Magazine', NULL, NULL, '0', '1', '21', 'Entry', 'en_us', '2017-03-23 19:56:29', '2017-06-14 20:31:41', '8d9f6ee6-9d4a-4b5c-9676-94a907917123'),
 ('17', '1', '5', '12', 'KSU Independent Films', NULL, NULL, '0', '1', '25', 'Entry', 'en_us', '2017-03-23 19:58:33', '2017-06-28 02:26:35', '231161e6-b485-4d92-b87d-49558a293f45'),
 ('18', '1', '4', '1', 'SM in the news', NULL, NULL, '0', '1', '160', 'Entry', 'en_us', '2017-04-22 21:42:57', '2017-06-14 21:04:38', '54397872-cf92-46e6-a133-0201b898dc49'),
 ('19', '1', '4', '2', 'Student Media Board', NULL, '', '0', '1', '161', 'Entry', 'en_us', '2017-04-22 21:58:51', '2017-06-14 21:04:27', '3d9626b4-a09f-4698-8572-ec6b06aca35f'),
 ('21', '1', '0', '5', 'Support Us', NULL, 'cta-header', '0', '1', '166', 'Entry', 'en_us', '2017-04-24 18:25:52', '2017-06-14 20:31:41', '9d2acb51-fd7c-441b-ae91-36e62bc9f344'),
 ('22', '1', '4', '0', 'About us', NULL, '', '0', '1', '58', 'Entry', 'en_us', '2017-05-04 14:31:53', '2017-06-15 20:48:34', '5f51f331-ecba-4312-bcb7-5960249e8fb3'),
 ('23', '1', '5', '0', 'Overview', NULL, '', '0', '1', '59', 'Entry', 'en_us', '2017-05-04 14:32:47', '2017-06-14 20:50:48', '36d3559e-5869-47ca-af0a-ffc059c6b2f0'),
 ('24', '1', '5', '3', 'SM Advertising', NULL, NULL, '0', '1', '101', 'Entry', 'en_us', '2017-05-06 23:08:59', '2017-06-28 02:26:44', '465c6448-ce0d-4f44-993a-4e6894ac4f24'),
 ('25', '1', '5', '9', 'Brand: KentWired', NULL, NULL, '0', '1', '23', 'Entry', 'en_us', '2017-06-14 20:17:44', '2017-06-28 02:26:49', '99830bb4-cad5-4213-84f9-c29fd8e0e125'),
 ('26', '1', '5', '11', 'Brand: Transitions', NULL, NULL, '0', '1', '93', 'Entry', 'en_us', '2017-06-14 20:25:58', '2017-06-22 19:44:42', '111f3a7c-dea6-4d11-b83a-52983e8e73e4');



DROP TABLE IF EXISTS `craft_assetfiles`;


--
-- Schema for table `craft_assetfiles`
--
CREATE TABLE `craft_assetfiles` (
  `id` int(11) NOT NULL,
  `sourceId` int(11) DEFAULT NULL,
  `folderId` int(11) NOT NULL,
  `filename` varchar(255) COLLATE utf8_unicode_ci NOT NULL,
  `kind` varchar(50) COLLATE utf8_unicode_ci NOT NULL DEFAULT 'unknown',
  `width` int(11) unsigned DEFAULT NULL,
  `height` int(11) unsigned DEFAULT NULL,
  `size` bigint(20) unsigned DEFAULT NULL,
  `dateModified` datetime DEFAULT NULL,
  `dateCreated` datetime NOT NULL,
  `dateUpdated` datetime NOT NULL,
  `uid` char(36) COLLATE utf8_unicode_ci NOT NULL DEFAULT '0',
  PRIMARY KEY (`id`),
  UNIQUE KEY `craft_assetfiles_filename_folderId_unq_idx` (`filename`,`folderId`),
  KEY `craft_assetfiles_sourceId_fk` (`sourceId`),
  KEY `craft_assetfiles_folderId_fk` (`folderId`)
) ENGINE=InnoDB DEFAULT CHARSET=utf8 COLLATE=utf8_unicode_ci;

--
-- Data for table `craft_assetfiles`
--

INSERT INTO `craft_assetfiles` (`id`, `sourceId`, `folderId`, `filename`, `kind`, `width`, `height`, `size`, `dateModified`, `dateCreated`, `dateUpdated`, `uid`) VALUES
 ('35', '2', '2', 'seaside.jpg', 'image', '3775', '2500', '9273143', '2017-03-09 19:36:31', '2017-03-09 19:36:31', '2017-03-09 19:36:31', '0d3386ca-0899-4488-a503-73256ee58225'),
 ('46', '2', '2', 'amag-logo.svg', 'image', '313', '317', '22115', '2017-06-01 19:40:36', '2017-03-15 23:42:37', '2017-06-01 19:49:44', '1aa8ba6f-8fbb-472e-813f-7d2bac3325c4'),
 ('47', '2', '2', 'bsr-logo.svg', 'image', '503', '221', '9466', '2017-06-01 19:40:36', '2017-03-15 23:42:38', '2017-06-01 19:49:44', '3554deb1-cbbe-4e0c-b83f-2e67e5d3dc9e'),
 ('48', '2', '2', 'burr-logo.svg', 'image', '1589', '899', '2895', '2017-06-01 19:40:36', '2017-03-15 23:42:38', '2017-06-01 19:49:44', '1bbd69ee-670e-46b2-8408-bdd8a33cc553'),
 ('49', '2', '2', 'fusion-logo.svg', 'image', '582', '187', '3427', '2017-06-01 19:40:36', '2017-03-15 23:42:38', '2017-06-01 19:49:45', 'e177b93c-fb6e-4360-8c5b-d5d53a6aa2c5'),
 ('50', '2', '2', 'Intel.png', 'image', '197', '140', '7665', '2017-03-15 23:42:38', '2017-03-15 23:42:38', '2017-03-15 23:42:38', '4576d54e-9c05-4c81-b922-9c3e7dff43bc'),
 ('51', '2', '2', 'kentstater-logo.svg', 'image', '586', '151', '8217', '2017-06-01 19:40:37', '2017-03-15 23:42:39', '2017-06-01 19:49:45', 'f7bd5efc-f2f1-451a-8245-c0402ecddbc4'),
 ('52', '2', '2', 'ksuif-logo.svg', 'image', '631', '198', '18454', '2017-06-01 19:40:37', '2017-03-15 23:42:39', '2017-06-01 19:49:45', 'ecd2b1c2-7283-4031-b930-bec404e1ff2a'),
 ('53', '2', '2', 'lunanegra-logo.svg', 'image', '641', '355', '6845', '2017-06-01 19:40:37', '2017-03-15 23:42:39', '2017-06-01 19:49:45', '611d91cf-7b51-40b2-b493-429077e2af88'),
 ('54', '2', '2', 'smsales-logo.svg', 'image', '252', '108', '12140', '2017-06-01 19:40:37', '2017-03-15 23:42:39', '2017-06-01 19:49:46', '2635be6b-63b7-4cd0-917f-92f1ebc9f487'),
 ('55', '2', '2', 'tv2-logo.svg', 'image', '410', '171', '1035', '2017-06-01 19:40:37', '2017-03-15 23:42:39', '2017-06-01 19:49:47', 'a0a29729-871d-43d1-8e99-b781bf94e851'),
 ('56', '2', '2', 'uhuru-logo.svg', 'image', '468', '587', '7593', '2017-06-01 19:40:37', '2017-03-15 23:42:39', '2017-06-01 19:49:47', '6855bf27-1dce-4799-9d81-e83978a9fd54'),
 ('64', '1', '1', 'people-cropped_960.jpg', 'image', '960', '503', '137576', '2017-06-01 19:40:37', '2017-03-16 18:42:00', '2017-06-01 19:49:56', 'a80bf6a3-31ad-46a1-9c6e-20a1f263706f'),
 ('67', '2', '2', 'studentmedia-logo.svg', 'image', '252', '108', '4756', '2017-03-23 03:31:51', '2017-03-23 03:31:51', '2017-03-23 03:31:51', 'a9a591a3-7f09-4fe2-9ba2-f5058dc57011'),
 ('78', '2', '2', 'SM_Logo.svg', 'image', '252', '108', '4817', '2017-06-01 19:40:36', '2017-04-03 19:35:52', '2017-06-01 19:49:44', 'eb8a3707-2be1-4642-9b38-bb09f4c863ae'),
 ('85', '2', '2', 'SM_Logo_RGB_White.png', 'image', '1050', '449', '34165', '2017-04-10 17:23:27', '2017-04-10 17:23:27', '2017-06-01 19:49:44', '2a637b23-835a-4661-87de-87edd61ab9a4'),
 ('86', '2', '2', 'logo_mark.svg', 'image', '113', '108', '1217', '2017-04-10 18:58:41', '2017-04-10 18:58:41', '2017-06-01 19:49:45', '2e90c2c4-37d4-4860-bdf5-24c9f82cc97f'),
 ('88', '1', '1', 'seaside.jpg', 'image', '2000', '1000', '491674', '2017-06-01 19:40:37', '2017-04-10 19:59:06', '2017-06-01 19:49:56', '07f4fd1e-1d11-4b1c-ac9f-26a81c50cbf5'),
 ('90', '1', '1', 'grid-field-03.png', 'image', '1801', '1800', '9876638', '2017-06-01 19:40:37', '2017-04-10 19:59:15', '2017-06-01 19:49:55', '6c5a28d5-e5f7-475d-a473-3feed0df9256'),
 ('118', '1', '1', 'amag-logo.svg', 'image', '313', '317', '21910', '2017-04-20 17:54:24', '2017-04-20 17:54:24', '2017-06-01 19:49:55', '79cc5c1f-73e0-4560-a460-7265aaf77a22'),
 ('119', '1', '1', 'bsr-logo.svg', 'image', '503', '221', '9353', '2017-04-20 17:54:25', '2017-04-20 17:54:25', '2017-06-01 19:49:55', '71c2537d-ae75-4f51-b3f1-8957176c1d09'),
 ('120', '1', '1', 'burr-logo.svg', 'image', '1589', '899', '2858', '2017-04-20 17:54:25', '2017-04-20 17:54:25', '2017-06-01 19:49:55', 'f483cf4f-24a4-4f42-9c99-8ca0780673eb'),
 ('121', '1', '1', 'fusion-logo.svg', 'image', '582', '187', '3377', '2017-04-20 17:54:25', '2017-04-20 17:54:25', '2017-06-01 19:49:55', '442c9a61-5a73-412e-8fc2-50e5526c138b'),
 ('122', '1', '1', 'Intel.png', 'image', '197', '140', '7665', '2017-04-20 17:54:25', '2017-04-20 17:54:25', '2017-06-01 19:49:51', '4a96bd8e-672f-48e2-a674-d9fe02c10058'),
 ('123', '1', '1', 'kentstater-logo.svg', 'image', '586', '151', '8138', '2017-04-20 17:54:26', '2017-04-20 17:54:26', '2017-06-01 19:49:55', 'ac01d17a-7864-444b-a6a3-3d3a863a9b44'),
 ('124', '1', '1', 'ksuif-logo.svg', 'image', '631', '198', '18277', '2017-04-20 17:54:26', '2017-04-20 17:54:26', '2017-06-01 19:49:56', '7027823c-7d13-4935-8492-fb47494e16f9'),
 ('125', '1', '1', 'lunanegra-logo.svg', 'image', '641', '355', '6778', '2017-04-20 17:54:26', '2017-04-20 17:54:26', '2017-06-01 19:49:56', '5989e079-8f44-4a89-86a9-654f6d0d0052'),
 ('126', '1', '1', 'smsales-logo.svg', 'image', '252', '108', '12003', '2017-04-20 17:54:26', '2017-04-20 17:54:26', '2017-06-01 19:49:56', '397c0430-e8f3-429f-a0d7-b1f592aa3b61'),
 ('127', '1', '1', 'tv2-logo.svg', 'image', '410', '171', '1021', '2017-04-20 17:54:26', '2017-04-20 17:54:26', '2017-06-01 19:49:56', 'c2ee2e3a-e76d-4ffb-a4d6-27b53e346a76'),
 ('128', '1', '1', 'uhuru-logo.svg', 'image', '468', '587', '7511', '2017-04-20 17:54:26', '2017-04-20 17:54:26', '2017-06-01 19:49:56', '1b5cacc3-69bd-49e7-8f06-251d0e752efd'),
 ('169', '5', '5', 'DSCI_MDS_Handout.pdf', 'pdf', NULL, NULL, '77003', '2017-04-27 19:56:55', '2017-04-27 19:56:55', '2017-06-01 19:49:57', '8253a48f-d56a-42d8-b0f2-4f5ecf0bf074'),
 ('170', '1', '1', 'DSC6954.JPG', 'image', '6016', '4016', '12063391', '2017-04-27 21:03:24', '2017-04-27 21:03:25', '2017-06-01 19:49:48', 'a3c98a8e-0226-44ba-bdc2-850714a6ed0f'),
 ('171', '1', '1', 'fake-headshot.jpg', 'image', '467', '467', '61981', '2017-05-04 16:16:48', '2017-05-04 16:16:48', '2017-06-01 19:49:55', '7c941b7b-53be-4816-bb55-50896ebf7e30'),
 ('203', '5', '5', 'JMCMB_SMPC_04_16_15.pdf', 'pdf', NULL, NULL, '66741', '2017-05-04 21:07:50', '2017-05-04 21:07:50', '2017-06-01 19:49:57', 'c20fae46-fe62-4c09-8d2d-2ad261c2b3be'),
 ('204', '5', '5', 'SMB_Guidelines_102015.pdf', 'pdf', NULL, NULL, '76272', '2017-05-10 21:33:23', '2017-05-10 21:33:23', '2017-06-01 19:49:57', 'c2b82fca-a683-4f48-b0e5-1cf8f9b293a9'),
 ('205', '5', '5', 'SMB_budget_040116.pdf', 'pdf', NULL, NULL, '70294', '2017-05-10 21:41:37', '2017-05-10 21:41:37', '2017-06-01 19:49:57', 'be17c9a6-0c15-4b9f-97cf-6378d5c61e51'),
 ('207', '5', '5', 'SMB_full_041516.pdf', 'pdf', NULL, NULL, '98786', '2017-05-10 21:44:05', '2017-05-10 21:44:05', '2017-06-01 19:49:57', 'ca46f6e1-7046-4e4e-9eb1-7ae86b5f4b6a'),
 ('209', '5', '5', 'SMB_full_100915.pdf', 'pdf', NULL, NULL, '93605', '2017-05-10 21:45:47', '2017-05-10 21:45:47', '2017-06-01 19:49:57', 'a48ba769-0c6e-4674-8c8a-8db6d8971f0c'),
 ('211', '5', '5', 'SMB_selection_033016.pdf', 'pdf', NULL, NULL, '20806', '2017-05-10 21:49:56', '2017-05-10 21:49:56', '2017-06-01 19:49:57', 'c23221d4-cd7c-4fdd-955d-062a2ebad25a'),
 ('213', '5', '5', 'SMB_selection_040816.pdf', 'pdf', NULL, NULL, '83875', '2017-05-10 21:51:30', '2017-05-10 21:51:30', '2017-06-01 19:49:57', '076791ee-b644-42da-aade-c2b459cc63ca'),
 ('215', '5', '5', 'SMB_selection_120415.pdf', 'pdf', NULL, NULL, '90294', '2017-05-10 21:53:00', '2017-05-10 21:53:00', '2017-06-01 19:49:57', 'f4d12ab0-9001-43c4-a474-0acf0ca5cda2'),
 ('217', '5', '5', 'SMB_special_012216.pdf', 'pdf', NULL, NULL, '37971', '2017-05-10 21:55:14', '2017-05-10 21:55:14', '2017-06-01 19:49:57', '94b3d7a9-9de7-4848-b43e-fe97ac214100'),
 ('219', '1', '1', 'IMG_0161.jpg', 'image', '4769', '3132', '7311681', '2017-05-10 23:50:41', '2017-05-10 23:50:41', '2017-06-01 19:49:51', 'd8a0fb7e-95df-4d98-9598-c993ab159642'),
 ('220', '1', '1', 'DSC8013-copy.jpg', 'image', '5013', '2896', '5181365', '2017-05-10 23:51:45', '2017-05-10 23:51:45', '2017-06-01 19:49:49', '4a5285e4-93da-49fd-9818-7934e119923d'),
 ('221', '1', '1', 'IMG_0216.jpg', 'image', '5184', '3456', '7737365', '2017-05-10 23:54:50', '2017-05-10 23:54:51', '2017-06-01 19:49:51', '9956e757-172f-4bcd-a7c2-587f88efc555'),
 ('223', '2', '2', 'FB_Cover_Overlay4.jpg', 'image', '828', '315', '167810', '2017-05-11 02:39:49', '2017-05-11 02:39:49', '2017-06-01 19:49:44', '17955e4f-4a2e-4d09-8f42-1f26b66bb8a0'),
 ('224', '1', '1', 'Twitter_Cover_Overlay4.jpg', 'image', '1500', '500', '402406', '2017-05-11 02:40:08', '2017-05-11 02:40:08', '2017-06-01 19:49:55', '5591fb1b-0434-4d90-a6ec-c4e5e83d3270'),
 ('233', '1', '1', 'IMG_0230.jpg', 'image', '5184', '3456', '9060565', '2017-05-11 16:54:32', '2017-05-11 16:54:33', '2017-06-01 19:49:52', '34268272-f4f7-4022-80f8-4bbc159a667d'),
 ('234', '1', '1', 'DSC8042.jpg', 'image', '4949', '3304', '6540332', '2017-05-11 17:19:49', '2017-05-11 17:19:50', '2017-06-01 19:49:50', 'c11cb256-14ee-4ad2-a83b-c602a74334dc'),
 ('236', '2', '2', 'BSR_logo_teal_large-01.svg', 'image', '503', '221', '6318', '2017-05-31 15:16:06', '2017-05-31 15:16:06', '2017-06-01 19:49:43', '7066fa09-6fa6-4eec-92d0-dbafdc20234f'),
 ('238', '1', '1', 'KSUIF_HERO01.jpg', 'image', '2000', '1126', '1857358', '2017-06-14 18:05:41', '2017-06-01 19:10:02', '2017-06-14 18:05:45', 'c31b4cd1-a19a-482b-b2bc-fbf963f4aee4'),
 ('239', '1', '1', 'BSR_HERO.jpg', 'image', '5184', '3456', '11173409', '2017-06-14 17:50:39', '2017-06-01 19:11:20', '2017-06-14 17:50:45', 'e3df492f-d86d-43c6-a893-0cbf9484840d'),
 ('240', '1', '1', 'TV2_HERO01.jpg', 'image', '5029', '3074', '7291578', '2017-06-01 19:11:47', '2017-06-01 19:11:47', '2017-06-01 19:49:54', 'df91d8ea-651a-4d5b-b1d0-5114effb2e5a'),
 ('241', '1', '1', 'FUSION_HERO.jpg', 'image', '5353', '3107', '8220414', '2017-06-14 18:20:28', '2017-06-01 19:12:17', '2017-06-14 18:20:31', '857de506-f7e5-4f70-83df-ad6323f2b6e0'),
 ('242', '1', '1', 'BURR_HERO.jpg', 'image', '2000', '1225', '2249368', '2017-06-14 17:38:17', '2017-06-01 19:12:47', '2017-06-14 17:38:20', '318a125e-f6d2-4af0-9a17-c98b3c3e7d0d'),
 ('243', '1', '1', 'AMAG_HERO.jpg', 'image', '5424', '3519', '12648843', '2017-06-01 19:13:57', '2017-06-01 19:13:57', '2017-06-01 19:49:47', '8a740080-c6ad-4a98-b9ad-c277cf408a8a'),
 ('244', '1', '1', 'STATER_HERO_01.jpg', 'image', '4863', '2988', '11189562', '2017-06-01 19:14:35', '2017-06-01 19:14:35', '2017-06-01 19:49:54', '1f903db8-5fbe-4382-8344-5b0be0bde99b'),
 ('245', '1', '1', 'TV2_HERO_02.jpg', 'image', '4985', '2828', '7474125', '2017-06-01 19:14:45', '2017-06-01 19:14:46', '2017-06-01 19:49:55', '12096163-62e0-4407-ba61-5f913f977efd'),
 ('246', '1', '1', 'MISC_HERO.jpg', 'image', '3264', '1904', '4455139', '2017-06-01 19:15:36', '2017-06-01 19:15:36', '2017-06-01 19:49:53', '6248c143-d5b5-450c-84ec-776cb6c50655'),
 ('247', '1', '1', 'MISC_HERO_03.jpg', 'image', '4532', '2782', '6281115', '2017-06-01 19:25:13', '2017-06-01 19:25:14', '2017-06-01 19:49:54', 'a0881410-cfd6-4332-941f-eb81251771c0'),
 ('248', '1', '1', 'MISC_HERO_02.jpg', 'image', '5058', '2988', '11336858', '2017-06-01 19:25:26', '2017-06-01 19:25:27', '2017-06-01 19:49:53', 'e0e1d01d-8564-4ea8-aad7-d5246920b07e'),
 ('249', '1', '1', 'KSUIF_HERO02.jpg', 'image', '6016', '4016', '12365148', '2017-06-01 19:39:12', '2017-06-01 19:39:13', '2017-06-01 19:49:53', 'fb7309cb-2aa3-4ab2-bcb8-f5189ed97298'),
 ('250', '2', '2', '20140921_140629.jpg', 'image', '2560', '1440', '2232320', '2017-06-01 19:40:36', '2017-06-01 19:49:43', '2017-06-01 19:49:43', '9a323be0-e80a-4499-af58-a387ea11f6e4'),
 ('251', '2', '2', 'camera.jpeg', 'image', '3968', '2645', '5589572', '2017-06-01 19:40:36', '2017-06-01 19:49:44', '2017-06-01 19:49:44', 'a212e2c4-2062-4c18-ac57-7ebe25a8bac8'),
 ('252', '2', '2', 'fusion.jpeg', 'image', '3456', '3456', '4131920', '2017-06-01 19:40:37', '2017-06-01 19:49:45', '2017-06-01 19:49:45', '7a1f2921-22e7-4777-8b10-885d943b0909'),
 ('253', '2', '2', 'mag.jpg', 'image', '4608', '3072', '2488185', '2017-06-01 19:40:37', '2017-06-01 19:49:45', '2017-06-01 19:49:45', 'b6beef50-9dbc-4b08-ba39-8149fc8f89d4'),
 ('254', '2', '2', 'magazine.jpeg', 'image', '5379', '3586', '9351665', '2017-06-01 19:40:37', '2017-06-01 19:49:46', '2017-06-01 19:49:46', 'a7d520ed-1129-401f-9d9b-c080b4172f76'),
 ('255', '2', '2', 'news.jpg', 'image', '5472', '3648', '2233702', '2017-06-01 19:40:37', '2017-06-01 19:49:46', '2017-06-01 19:49:46', '254aaf6d-4746-4fda-bbc0-2cc9de0e5106'),
 ('256', '2', '2', 'sound.jpg', 'image', '3888', '2592', '7831162', '2017-06-01 19:40:37', '2017-06-01 19:49:46', '2017-06-01 19:49:47', '88d266df-22ad-435e-8adc-f3210c24171b'),
 ('257', '2', '2', 'square-stock-img.jpg', 'image', '552', '559', '23247', '2017-06-01 19:40:37', '2017-06-01 19:49:47', '2017-06-01 19:49:47', '335b0283-8e68-4e49-978c-89124e248f0b'),
 ('258', '1', '1', 'eliza-fin.png', 'image', '600', '700', '280600', '2017-06-01 19:40:37', '2017-06-01 19:49:55', '2017-06-01 19:49:55', '731344d9-762b-457a-8b92-d70c7923fd4b'),
 ('259', '1', '1', 'people.jpg', 'image', '5472', '3648', '2233885', '2017-06-01 19:40:37', '2017-06-01 19:49:56', '2017-06-01 19:49:56', '30e97f10-033b-4cb2-a9bc-b97d24209c26'),
 ('260', '1', '1', 'pika-01.png', 'image', '792', '612', '40955', '2017-06-01 19:40:37', '2017-06-01 19:49:56', '2017-06-01 19:49:56', 'c3fe2acb-2dd6-4cda-984a-0586a2c3f562'),
 ('268', '5', '5', 'SM_MediaKit_16-17_Email.pdf', 'pdf', NULL, NULL, '9219999', '2017-06-02 20:26:36', '2017-06-02 20:26:36', '2017-06-02 20:26:36', '9c93c2e1-a5d4-4f68-9363-bfac6776b5ce'),
 ('269', '1', '1', 'Uhuru_HERO.jpg', 'image', '2000', '1000', '1418826', '2017-06-02 20:50:32', '2017-06-02 20:50:32', '2017-06-02 20:50:32', 'c246c881-5913-4c36-a5fe-5ccc04d2c379'),
 ('270', '1', '1', 'Uhuru_HERO_02.jpg', 'image', '2000', '700', '1012220', '2017-06-02 20:52:59', '2017-06-02 20:52:59', '2017-06-02 20:52:59', '02892909-8a3e-4fb1-ace3-3913f10abde0'),
 ('271', '1', '1', 'MISC_HERO05.jpg', 'image', '2000', '1000', '1109146', '2017-06-05 16:54:24', '2017-06-05 16:54:24', '2017-06-05 16:54:24', '470d46c9-a131-45e8-91e9-2e530daa1677'),
 ('272', '1', '1', 'MISC_HERO_04.jpg', 'image', '2000', '1500', '1848509', '2017-06-05 17:39:06', '2017-06-05 17:39:06', '2017-06-05 17:39:06', 'e4dd3421-6265-47e2-9312-ccc3eb8b2c3f'),
 ('290', '1', '1', 'norma_1.JPG', 'image', '4928', '3264', '2122457', '2017-06-13 19:17:02', '2017-06-13 19:17:03', '2017-06-13 19:17:03', '3b6e7f31-b3cb-45ea-b4b5-43b3f10a4eee'),
 ('292', '1', '1', 'Kevinhi.jpg', 'image', '4928', '3264', '5498425', '2017-06-13 19:18:56', '2017-06-13 19:18:57', '2017-06-13 19:18:57', 'a51de50e-c7bc-4006-b5df-1d4125906adf'),
 ('299', '1', '1', 'BSR_HERO_02.jpg', 'image', '5184', '3456', '11126994', '2017-06-14 17:57:54', '2017-06-14 17:57:54', '2017-06-14 17:57:54', '8a5bad49-99cf-4326-b715-3787e0c769eb'),
 ('302', '1', '1', 'FUSION_HERO_02.jpg', 'image', '5353', '3107', '8193072', '2017-06-14 18:27:22', '2017-06-14 18:27:23', '2017-06-14 18:27:23', 'fd731929-9abc-4e2d-b696-c55b86d637c8'),
 ('303', '1', '1', 'AD_HERO.jpg', 'image', '2000', '1000', '1896630', '2017-06-14 18:28:26', '2017-06-14 18:28:26', '2017-06-14 18:28:26', '3b71f84a-1903-4765-8079-cf5c4cc6094c'),
 ('304', '1', '1', 'AD_HERO_02.jpg', 'image', '2000', '1000', '1903963', '2017-06-14 18:43:58', '2017-06-14 18:43:58', '2017-06-14 18:43:58', 'ec19e017-6804-4dbf-b6b6-25b565e6a647'),
 ('307', '1', '1', 'LN_HERO_01.png', 'image', '2000', '1250', '274908', '2017-06-14 19:34:16', '2017-06-14 19:34:16', '2017-06-14 19:34:16', '24d9a53d-9db9-4ea9-8ed7-5ec2b9119227'),
 ('308', '1', '1', 'LN_HERO_02.png', 'image', '2000', '1250', '3827216', '2017-06-14 19:56:52', '2017-06-14 19:56:53', '2017-06-14 19:56:53', '346e2f64-6359-46d7-ae31-9f6372647676'),
 ('309', '1', '1', 'TV2_HERO01_02.jpg', 'image', '4636', '2705', '8635035', '2017-06-14 20:05:50', '2017-06-14 20:05:50', '2017-06-14 20:05:50', '2cab5a6b-0a64-4ccd-981e-2b75b47517d6'),
 ('311', '1', '1', 'burr-staff.jpg', 'image', '1500', '600', '277118', '2017-06-15 20:47:14', '2017-06-15 20:47:14', '2017-06-15 20:47:14', 'a1b74d41-57e7-478d-8a0d-4dc682155bfc');



DROP TABLE IF EXISTS `craft_assetfolders`;


--
-- Schema for table `craft_assetfolders`
--
CREATE TABLE `craft_assetfolders` (
  `id` int(11) NOT NULL AUTO_INCREMENT,
  `parentId` int(11) DEFAULT NULL,
  `sourceId` int(11) DEFAULT NULL,
  `name` varchar(255) COLLATE utf8_unicode_ci NOT NULL,
  `path` varchar(255) COLLATE utf8_unicode_ci DEFAULT NULL,
  `dateCreated` datetime NOT NULL,
  `dateUpdated` datetime NOT NULL,
  `uid` char(36) COLLATE utf8_unicode_ci NOT NULL DEFAULT '0',
  PRIMARY KEY (`id`),
  UNIQUE KEY `craft_assetfolders_name_parentId_sourceId_unq_idx` (`name`,`parentId`,`sourceId`),
  KEY `craft_assetfolders_parentId_fk` (`parentId`),
  KEY `craft_assetfolders_sourceId_fk` (`sourceId`)
) ENGINE=InnoDB AUTO_INCREMENT=6 DEFAULT CHARSET=utf8 COLLATE=utf8_unicode_ci;

--
-- Data for table `craft_assetfolders`
--

INSERT INTO `craft_assetfolders` (`id`, `parentId`, `sourceId`, `name`, `path`, `dateCreated`, `dateUpdated`, `uid`) VALUES
 ('1', NULL, '1', 'Hero Image', '', '2017-02-16 21:36:06', '2017-04-07 15:46:09', 'f22f8b8d-448f-4415-9768-9410172cd18c'),
 ('2', NULL, '2', 'Global', '', '2017-02-16 21:36:48', '2017-02-16 21:36:48', 'e80dac9c-4efa-40de-be0e-c09b95b9b557'),
 ('5', NULL, '5', 'Files', '', '2017-04-27 19:42:19', '2017-04-27 19:42:19', 'd75d79a8-90a8-40a8-b8a2-31ee95d3d568');



DROP TABLE IF EXISTS `craft_assetindexdata`;


--
-- Schema for table `craft_assetindexdata`
--
CREATE TABLE `craft_assetindexdata` (
  `id` int(11) NOT NULL AUTO_INCREMENT,
  `sessionId` varchar(36) COLLATE utf8_unicode_ci NOT NULL DEFAULT '',
  `sourceId` int(10) NOT NULL,
  `offset` int(10) NOT NULL,
  `uri` varchar(255) COLLATE utf8_unicode_ci DEFAULT NULL,
  `size` varchar(255) COLLATE utf8_unicode_ci DEFAULT NULL,
  `recordId` int(10) DEFAULT NULL,
  `dateCreated` datetime NOT NULL,
  `dateUpdated` datetime NOT NULL,
  `uid` char(36) COLLATE utf8_unicode_ci NOT NULL DEFAULT '0',
  PRIMARY KEY (`id`),
  UNIQUE KEY `craft_assetindexdata_sessionId_sourceId_offset_unq_idx` (`sessionId`,`sourceId`,`offset`),
  KEY `craft_assetindexdata_sourceId_fk` (`sourceId`)
) ENGINE=InnoDB DEFAULT CHARSET=utf8 COLLATE=utf8_unicode_ci;

DROP TABLE IF EXISTS `craft_assetsources`;


--
-- Schema for table `craft_assetsources`
--
CREATE TABLE `craft_assetsources` (
  `id` int(11) NOT NULL AUTO_INCREMENT,
  `name` varchar(255) COLLATE utf8_unicode_ci NOT NULL,
  `handle` varchar(255) COLLATE utf8_unicode_ci NOT NULL,
  `type` varchar(150) COLLATE utf8_unicode_ci NOT NULL,
  `settings` text COLLATE utf8_unicode_ci,
  `sortOrder` smallint(6) unsigned DEFAULT NULL,
  `fieldLayoutId` int(10) DEFAULT NULL,
  `dateCreated` datetime NOT NULL,
  `dateUpdated` datetime NOT NULL,
  `uid` char(36) COLLATE utf8_unicode_ci NOT NULL DEFAULT '0',
  PRIMARY KEY (`id`),
  UNIQUE KEY `craft_assetsources_name_unq_idx` (`name`),
  UNIQUE KEY `craft_assetsources_handle_unq_idx` (`handle`),
  KEY `craft_assetsources_fieldLayoutId_fk` (`fieldLayoutId`)
) ENGINE=InnoDB AUTO_INCREMENT=6 DEFAULT CHARSET=utf8 COLLATE=utf8_unicode_ci;

--
-- Data for table `craft_assetsources`
--

INSERT INTO `craft_assetsources` (`id`, `name`, `handle`, `type`, `settings`, `sortOrder`, `fieldLayoutId`, `dateCreated`, `dateUpdated`, `uid`) VALUES
 ('1', 'Hero Image', 'heroImage', 'Local', '{\"path\":\"assets\\/uploads\\/hero\\/\",\"publicURLs\":\"1\",\"url\":\"{baseUrl}\\/assets\\/uploads\\/hero\\/\"}', '1', '86', '2017-02-16 21:36:06', '2017-04-07 15:46:09', '3395b214-0269-4ea9-ae34-ca5dcfc66966'),
 ('2', 'Global', 'global', 'Local', '{\"path\":\"assets\\/uploads\\/global\\/\",\"publicURLs\":\"1\",\"url\":\"{baseUrl}\\/assets\\/uploads\\/global\\/\"}', '2', '85', '2017-02-16 21:36:48', '2017-04-07 15:44:02', '616d6936-1f20-4789-8346-a43e3424f70b'),
 ('5', 'Files', 'files', 'Local', '{\"path\":\"assets\\/uploads\\/files\\/\",\"publicURLs\":\"1\",\"url\":\"{baseUrl}\\/assets\\/uploads\\/files\\/\"}', '3', '123', '2017-04-27 19:42:19', '2017-04-27 19:42:19', 'a3bcc1fc-15c0-4f42-b95f-6d849f100caa');



DROP TABLE IF EXISTS `craft_assettransformindex`;


--
-- Schema for table `craft_assettransformindex`
--
CREATE TABLE `craft_assettransformindex` (
  `id` int(11) NOT NULL AUTO_INCREMENT,
  `fileId` int(11) NOT NULL,
  `filename` varchar(255) COLLATE utf8_unicode_ci DEFAULT NULL,
  `format` varchar(255) COLLATE utf8_unicode_ci DEFAULT NULL,
  `location` varchar(255) COLLATE utf8_unicode_ci NOT NULL,
  `sourceId` int(11) DEFAULT NULL,
  `fileExists` tinyint(1) DEFAULT NULL,
  `inProgress` tinyint(1) DEFAULT NULL,
  `dateIndexed` datetime DEFAULT NULL,
  `dateCreated` datetime NOT NULL,
  `dateUpdated` datetime NOT NULL,
  `uid` char(36) COLLATE utf8_unicode_ci NOT NULL DEFAULT '0',
  PRIMARY KEY (`id`),
  KEY `craft_assettransformindex_sourceId_fileId_location_idx` (`sourceId`,`fileId`,`location`)
) ENGINE=InnoDB AUTO_INCREMENT=65 DEFAULT CHARSET=utf8 COLLATE=utf8_unicode_ci;

DROP TABLE IF EXISTS `craft_assettransforms`;


--
-- Schema for table `craft_assettransforms`
--
CREATE TABLE `craft_assettransforms` (
  `id` int(11) NOT NULL AUTO_INCREMENT,
  `name` varchar(255) COLLATE utf8_unicode_ci NOT NULL,
  `handle` varchar(255) COLLATE utf8_unicode_ci NOT NULL,
  `mode` enum('stretch','fit','crop') COLLATE utf8_unicode_ci NOT NULL DEFAULT 'crop',
  `position` enum('top-left','top-center','top-right','center-left','center-center','center-right','bottom-left','bottom-center','bottom-right') COLLATE utf8_unicode_ci NOT NULL DEFAULT 'center-center',
  `height` int(10) DEFAULT NULL,
  `width` int(10) DEFAULT NULL,
  `format` varchar(255) COLLATE utf8_unicode_ci DEFAULT NULL,
  `quality` int(10) DEFAULT NULL,
  `dimensionChangeTime` datetime DEFAULT NULL,
  `dateCreated` datetime NOT NULL,
  `dateUpdated` datetime NOT NULL,
  `uid` char(36) COLLATE utf8_unicode_ci NOT NULL DEFAULT '0',
  PRIMARY KEY (`id`),
  UNIQUE KEY `craft_assettransforms_name_unq_idx` (`name`),
  UNIQUE KEY `craft_assettransforms_handle_unq_idx` (`handle`)
) ENGINE=InnoDB AUTO_INCREMENT=7 DEFAULT CHARSET=utf8 COLLATE=utf8_unicode_ci;

--
-- Data for table `craft_assettransforms`
--

INSERT INTO `craft_assettransforms` (`id`, `name`, `handle`, `mode`, `position`, `height`, `width`, `format`, `quality`, `dimensionChangeTime`, `dateCreated`, `dateUpdated`, `uid`) VALUES
 ('1', 'Hero Large - Home Page', 'hero', 'crop', 'top-center', '800', '2000', 'jpg', '82', '2017-06-01 19:52:27', '2017-03-09 15:27:19', '2017-06-01 19:52:27', '8ebdf247-3a63-4b33-bcbe-b5364717ca57'),
 ('2', 'Media Partner Icon', 'mediaPartnerIcon', 'crop', 'center-center', '200', '200', 'jpg', '60', '2017-05-11 02:48:33', '2017-05-11 02:48:33', '2017-05-11 02:48:33', '3141c1bc-c673-4c34-aed9-5070d63be1e7'),
 ('3', 'Staff Profile', 'staffProfile', 'crop', 'top-center', '400', '400', 'jpg', '82', '2017-05-28 23:19:14', '2017-05-28 23:19:14', '2017-05-28 23:19:14', 'cbeb887f-f9a3-45ad-b28e-c18ba068a0e4'),
 ('4', 'Hero Image Small', 'heroSmall', 'crop', 'center-center', '1100', '1200', NULL, '82', '2017-06-28 03:52:09', '2017-06-01 15:35:48', '2017-06-28 03:52:09', 'd40ee138-2911-4db0-be85-681af2bfefb8'),
 ('5', 'Hero Short', 'heroShort', 'crop', 'top-center', '600', '2000', NULL, '82', '2017-06-01 19:52:35', '2017-06-01 15:36:40', '2017-06-01 19:52:35', '41218c16-d662-4b3c-bf26-465b46c64fb3'),
 ('6', 'Square News', 'squareNews', 'crop', 'center-center', '400', '400', NULL, NULL, '2017-06-21 18:51:22', '2017-06-21 18:51:22', '2017-06-21 18:51:22', 'f878d689-418c-4556-ada3-45540942f554');



DROP TABLE IF EXISTS `craft_categories`;


--
-- Schema for table `craft_categories`
--
CREATE TABLE `craft_categories` (
  `id` int(11) NOT NULL,
  `groupId` int(11) NOT NULL,
  `dateCreated` datetime NOT NULL,
  `dateUpdated` datetime NOT NULL,
  `uid` char(36) COLLATE utf8_unicode_ci NOT NULL DEFAULT '0',
  PRIMARY KEY (`id`),
  KEY `craft_categories_groupId_fk` (`groupId`)
) ENGINE=InnoDB DEFAULT CHARSET=utf8 COLLATE=utf8_unicode_ci;

--
-- Data for table `craft_categories`
--

INSERT INTO `craft_categories` (`id`, `groupId`, `dateCreated`, `dateUpdated`, `uid`) VALUES
 ('42', '1', '2017-03-12 16:15:37', '2017-04-13 20:38:00', '5bfefb15-e0ff-4aa6-91eb-e7993f5a388b'),
 ('68', '1', '2017-03-23 18:09:01', '2017-03-23 18:09:01', '371d0b01-049e-4baf-80d9-ff1e60fceceb'),
 ('69', '1', '2017-03-23 18:09:09', '2017-04-13 20:05:31', '5c3e9d51-f6db-4fa4-baaf-fb0e5ab1637e'),
 ('70', '1', '2017-03-23 18:09:15', '2017-03-23 18:09:15', '43729e98-3e7f-42d6-83bf-10846aabbf5b');



DROP TABLE IF EXISTS `craft_categorygroups`;


--
-- Schema for table `craft_categorygroups`
--
CREATE TABLE `craft_categorygroups` (
  `id` int(11) NOT NULL AUTO_INCREMENT,
  `structureId` int(11) NOT NULL,
  `fieldLayoutId` int(11) DEFAULT NULL,
  `name` varchar(255) COLLATE utf8_unicode_ci NOT NULL,
  `handle` varchar(255) COLLATE utf8_unicode_ci NOT NULL,
  `hasUrls` tinyint(1) unsigned NOT NULL DEFAULT '1',
  `template` varchar(500) COLLATE utf8_unicode_ci DEFAULT NULL,
  `dateCreated` datetime NOT NULL,
  `dateUpdated` datetime NOT NULL,
  `uid` char(36) COLLATE utf8_unicode_ci NOT NULL DEFAULT '0',
  PRIMARY KEY (`id`),
  UNIQUE KEY `craft_categorygroups_name_unq_idx` (`name`),
  UNIQUE KEY `craft_categorygroups_handle_unq_idx` (`handle`),
  KEY `craft_categorygroups_structureId_fk` (`structureId`),
  KEY `craft_categorygroups_fieldLayoutId_fk` (`fieldLayoutId`)
) ENGINE=InnoDB AUTO_INCREMENT=3 DEFAULT CHARSET=utf8 COLLATE=utf8_unicode_ci;

--
-- Data for table `craft_categorygroups`
--

INSERT INTO `craft_categorygroups` (`id`, `structureId`, `fieldLayoutId`, `name`, `handle`, `hasUrls`, `template`, `dateCreated`, `dateUpdated`, `uid`) VALUES
 ('1', '1', '80', 'Ad Format', 'adFormat', '1', '', '2017-03-12 16:02:21', '2017-03-23 19:52:23', 'c36c6155-0aaf-49b9-aa79-bbaacf8849e6');



DROP TABLE IF EXISTS `craft_categorygroups_i18n`;


--
-- Schema for table `craft_categorygroups_i18n`
--
CREATE TABLE `craft_categorygroups_i18n` (
  `id` int(11) NOT NULL AUTO_INCREMENT,
  `groupId` int(11) NOT NULL,
  `locale` char(12) COLLATE utf8_unicode_ci NOT NULL,
  `urlFormat` text COLLATE utf8_unicode_ci,
  `nestedUrlFormat` text COLLATE utf8_unicode_ci,
  `dateCreated` datetime NOT NULL,
  `dateUpdated` datetime NOT NULL,
  `uid` char(36) COLLATE utf8_unicode_ci NOT NULL DEFAULT '0',
  PRIMARY KEY (`id`),
  UNIQUE KEY `craft_categorygroups_i18n_groupId_locale_unq_idx` (`groupId`,`locale`),
  KEY `craft_categorygroups_i18n_locale_fk` (`locale`)
) ENGINE=InnoDB AUTO_INCREMENT=3 DEFAULT CHARSET=utf8 COLLATE=utf8_unicode_ci;

--
-- Data for table `craft_categorygroups_i18n`
--

INSERT INTO `craft_categorygroups_i18n` (`id`, `groupId`, `locale`, `urlFormat`, `nestedUrlFormat`, `dateCreated`, `dateUpdated`, `uid`) VALUES
 ('1', '1', 'en_us', 'ad-format/{slug}', '{parent.uri}/{slug}', '2017-03-12 16:02:21', '2017-03-12 16:02:21', '2c4838b0-1726-4ae6-bc84-5a03942cf30a');



DROP TABLE IF EXISTS `craft_content`;


--
-- Schema for table `craft_content`
--
CREATE TABLE `craft_content` (
  `id` int(11) NOT NULL AUTO_INCREMENT,
  `elementId` int(11) NOT NULL,
  `locale` char(12) COLLATE utf8_unicode_ci NOT NULL,
  `title` varchar(255) COLLATE utf8_unicode_ci DEFAULT NULL,
  `field_body` text COLLATE utf8_unicode_ci,
  `field_awardsAchievements` text COLLATE utf8_unicode_ci,
  `field_email` text COLLATE utf8_unicode_ci,
  `field_employeeType` varchar(255) COLLATE utf8_unicode_ci DEFAULT NULL,
  `field_firstName` text COLLATE utf8_unicode_ci,
  `field_lastName` text COLLATE utf8_unicode_ci,
  `field_jobTitle` text COLLATE utf8_unicode_ci,
  `field_organization` text COLLATE utf8_unicode_ci,
  `field_phone` text COLLATE utf8_unicode_ci,
  `field_description` text COLLATE utf8_unicode_ci,
  `field_mailingAddress` text COLLATE utf8_unicode_ci,
  `field_mediaPartnerText` text COLLATE utf8_unicode_ci,
  `field_tagline` text COLLATE utf8_unicode_ci,
  `field_time` datetime DEFAULT NULL,
  `field_location` text COLLATE utf8_unicode_ci,
  `field_statistics` varchar(100) COLLATE utf8_unicode_ci DEFAULT NULL,
  `field_video` text COLLATE utf8_unicode_ci,
  `field_shortDescription` text COLLATE utf8_unicode_ci,
  `field_featuredMediaPartner` tinyint(1) unsigned NOT NULL DEFAULT '0',
  `field_quotee` text COLLATE utf8_unicode_ci,
  `field_quote` text COLLATE utf8_unicode_ci,
  `field_supportUs` text COLLATE utf8_unicode_ci,
  `field_date` datetime DEFAULT NULL,
  `field_address` text COLLATE utf8_unicode_ci,
  `field_department` text COLLATE utf8_unicode_ci,
  `field_adBody` text COLLATE utf8_unicode_ci,
  `field_advertisingHeader` text COLLATE utf8_unicode_ci,
  `field_mediaPartnersHeader` text COLLATE utf8_unicode_ci,
  `field_videoCaption` text COLLATE utf8_unicode_ci,
  `field_creativeServicesDescription` text COLLATE utf8_unicode_ci,
  `field_recognitionCaption` text COLLATE utf8_unicode_ci,
  `field_advertisingOrder` text COLLATE utf8_unicode_ci,
  `field_newsSubheader` text COLLATE utf8_unicode_ci,
  `field_aboutStudentMediaSubheader` text COLLATE utf8_unicode_ci,
  `field_webUrl` text COLLATE utf8_unicode_ci,
  `field_taglineLevel2` text COLLATE utf8_unicode_ci,
  `field_taglineLevel3` text COLLATE utf8_unicode_ci,
  `field_mediaPartnerBody` text COLLATE utf8_unicode_ci,
  `dateCreated` datetime NOT NULL,
  `dateUpdated` datetime NOT NULL,
  `uid` char(36) COLLATE utf8_unicode_ci NOT NULL DEFAULT '0',
  PRIMARY KEY (`id`),
  UNIQUE KEY `craft_content_elementId_locale_unq_idx` (`elementId`,`locale`),
  KEY `craft_content_title_idx` (`title`),
  KEY `craft_content_locale_fk` (`locale`)
) ENGINE=InnoDB AUTO_INCREMENT=238 DEFAULT CHARSET=utf8 COLLATE=utf8_unicode_ci;

--
-- Data for table `craft_content`
--

INSERT INTO `craft_content` (`id`, `elementId`, `locale`, `title`, `field_body`, `field_awardsAchievements`, `field_email`, `field_employeeType`, `field_firstName`, `field_lastName`, `field_jobTitle`, `field_organization`, `field_phone`, `field_description`, `field_mailingAddress`, `field_mediaPartnerText`, `field_tagline`, `field_time`, `field_location`, `field_statistics`, `field_video`, `field_shortDescription`, `field_featuredMediaPartner`, `field_quotee`, `field_quote`, `field_supportUs`, `field_date`, `field_address`, `field_department`, `field_adBody`, `field_advertisingHeader`, `field_mediaPartnersHeader`, `field_videoCaption`, `field_creativeServicesDescription`, `field_recognitionCaption`, `field_advertisingOrder`, `field_newsSubheader`, `field_aboutStudentMediaSubheader`, `field_webUrl`, `field_taglineLevel2`, `field_taglineLevel3`, `field_mediaPartnerBody`, `dateCreated`, `dateUpdated`, `uid`) VALUES
 ('1', '1', 'en_us', NULL, NULL, NULL, NULL, NULL, NULL, NULL, NULL, NULL, NULL, NULL, NULL, NULL, NULL, NULL, NULL, NULL, NULL, NULL, '0', NULL, NULL, NULL, NULL, NULL, NULL, NULL, NULL, NULL, NULL, NULL, NULL, NULL, NULL, NULL, NULL, NULL, NULL, NULL, '2017-01-12 16:12:58', '2017-01-12 16:12:58', '24776682-9b14-4436-b619-1e1cc56a0686'),
 ('2', '2', 'en_us', 'Kent State Student Media', '<p>Kent State Student Media makes the connections you need. Whether you are a student searching for an authentic media experience, a community member wanting to share your story, or simply somebody seeking quality news, information and entertainment, we deliver for you across 34 outlets through print, digital and social media.  <br /></p>', NULL, NULL, NULL, NULL, NULL, NULL, NULL, NULL, 'Student Media Connects', NULL, '', 'Ten media partners.', NULL, NULL, '', '210945217', NULL, '0', NULL, NULL, NULL, NULL, NULL, NULL, '<p>We are your direct access to more than 70,000 people. We connect you to our audience through award-winning digital, print, film and broadcast media.</p>', 'Advertise With Us', 'Our Media Partners', 'Take a 90-second tour of Kent State Student Media ', NULL, NULL, NULL, NULL, NULL, NULL, 'Seven hundred students.', 'One mission.', '<p>We have been serving Kent State University and the Kent community for more than 80 years with independent student-produced media. We have the outlets you need to reach the target audience you want.</p>', '2017-01-12 16:12:59', '2017-06-28 04:00:27', 'f78f163d-6654-40b7-9f92-e347dd1a8a48'),
 ('3', '3', 'en_us', 'We just installed Craft!', '<p>Craft is the CMS that’s powering Kentstatestudentmedia.com. It’s beautiful, powerful, flexible, and easy-to-use, and it’s made by Pixel &amp; Tonic. We can’t wait to dive in and see what it’s capable of!</p><!--pagebreak--><p>This is even more captivating content, which you couldn’t see on the News index page because it was entered after a Page Break, and the News index template only likes to show the content on the first page.</p><p>Craft: a nice alternative to Word, if you’re making a website.</p>', NULL, NULL, NULL, NULL, NULL, NULL, NULL, NULL, NULL, NULL, NULL, NULL, NULL, NULL, NULL, NULL, NULL, '0', NULL, NULL, NULL, NULL, NULL, NULL, NULL, NULL, NULL, NULL, NULL, NULL, NULL, NULL, NULL, NULL, NULL, NULL, NULL, '2017-01-12 16:12:59', '2017-01-12 16:12:59', 'dfa73501-ee0c-49a1-9e07-9d9311da2157'),
 ('5', '5', 'en_us', NULL, NULL, NULL, NULL, '[]', NULL, NULL, NULL, NULL, NULL, NULL, NULL, NULL, NULL, NULL, NULL, NULL, NULL, NULL, '0', NULL, NULL, NULL, NULL, NULL, NULL, NULL, NULL, NULL, NULL, NULL, NULL, NULL, NULL, NULL, NULL, NULL, NULL, NULL, '2017-02-16 21:06:16', '2017-04-10 18:58:43', '7716c3ac-f175-4791-b627-428240c39bde'),
 ('6', '6', 'en_us', NULL, NULL, NULL, 'ads@ksustudentmedia.com', '[]', NULL, NULL, NULL, NULL, '330-672-6306', NULL, '500 Hilltop Drive Kent, OH 44240', NULL, NULL, NULL, NULL, NULL, NULL, NULL, '0', NULL, NULL, NULL, NULL, NULL, NULL, NULL, NULL, NULL, NULL, NULL, NULL, NULL, NULL, NULL, NULL, NULL, NULL, NULL, '2017-02-16 21:16:37', '2017-04-20 20:31:50', 'd409f537-992f-48ec-85bb-020d0efded32'),
 ('10', '10', 'en_us', 'A Magazine', '<p>A Magazine is Kent State\'s publication for all things fashion, beauty and culture on campus and beyond. A Magazine focuses on women\'s and men\'s fashion providing its audience with the latest fashion industry news and more in print, online and through social media. It is distributed at Kent State and the Fashion School’s New York studio. A Magazine steps outside just the Kent State campus. From New York City to Florence, Italy and Hong Kong, back to Kent, Ohio, we have students studying and producing content from all over the world<br /></p>', NULL, 'amagksu@gmail.com', '[]', 'Payton', 'Moore', 'Student Leader', NULL, '', 'A Magazine is a visually stunning student-run magazine at Kent State. It is the publication for all things fashion, beauty, accessories and culture on campus and beyond. A focuses on both women\'s and men\'s fashion and has companion website that is updated regularly with extended content and videos, providing students with the latest fashion news. It is distributed at Kent State and the Fashion School’s New York studio.', NULL, NULL, 'Fashion. Beauty. Culture. ', NULL, NULL, NULL, NULL, 'A Magazine is Kent State’s student-run fashion magazine and is the hub for all things fashion, beauty and culture related.', '1', NULL, NULL, NULL, NULL, NULL, '', NULL, NULL, NULL, NULL, NULL, NULL, NULL, NULL, NULL, '', NULL, NULL, NULL, '2017-02-23 21:56:29', '2017-06-22 20:29:50', '6f8e97bf-9f33-417d-ac37-a04cb04c79ba'),
 ('11', '11', 'en_us', '85+', NULL, NULL, NULL, '[]', NULL, NULL, NULL, NULL, NULL, 'This is a description of the statistic', NULL, NULL, NULL, NULL, NULL, 'years involved within the Kent community', NULL, NULL, '0', NULL, NULL, NULL, NULL, NULL, NULL, NULL, NULL, NULL, NULL, NULL, NULL, NULL, NULL, NULL, NULL, NULL, NULL, NULL, '2017-02-24 21:50:46', '2017-04-13 19:39:10', 'b37eef99-19a3-4fa9-9c81-deed5db3e4e2'),
 ('12', '12', 'en_us', '34', NULL, NULL, NULL, '[]', NULL, NULL, NULL, NULL, NULL, 'This is a description of the second statistic', NULL, NULL, NULL, NULL, NULL, 'content outlets that are regularly updated', NULL, NULL, '0', NULL, NULL, NULL, NULL, NULL, NULL, NULL, NULL, NULL, NULL, NULL, NULL, NULL, NULL, NULL, NULL, NULL, NULL, NULL, '2017-02-24 21:51:00', '2017-05-11 15:52:21', '7fc4b890-5442-4999-84b0-b9bf626cf39f'),
 ('14', '14', 'en_us', 'The Burr', '<p>The Burr Magazine is Kent State University’s first student magazine, made by the students for the students. The Burr publishes a semesterly magazine that explores big issues and burning ideas, as well as fascinating people and the consuming preoccupations of its college audience. Each issue contains a compelling mix of how-to articles, original reporting and personal essays. TheBurr.com features Web and multimedia stories, as well as blogs on lifestyle issues, including relationships, fashion and entertainment. </p>\n<p><br /></p>\n<p><br /></p>\n<p><br /></p>', NULL, 'theburrmagazine@gmail.com', '[]', 'Sammi', 'Ickes', 'Student Leader', NULL, '330-672-2947', 'The Burr is an independent, award-winning student magazine and was Kent State’s first student magazine ever. The magazine features a mix of original reporting, how-to articles, feature articles and personal essays. TheBurr.com is frequently updated with multimedia stories and blogs and has an archive of past issues.', NULL, NULL, 'Providing award-winning student journalism since 1986', NULL, NULL, NULL, NULL, 'Exploring big issues, burning ideas, fascinating people and preoccupations of its audience', '1', NULL, NULL, NULL, NULL, NULL, '', NULL, NULL, NULL, NULL, NULL, NULL, NULL, NULL, NULL, NULL, NULL, NULL, NULL, '2017-02-27 15:21:05', '2017-06-14 17:38:32', '45cdefa8-367e-4d2d-9733-583b8f9829b4'),
 ('15', '15', 'en_us', 'The Kent Stater', '<p>The Kent Stater is an award-winning student-run newspaper. Reaching more than 9,500 people per issue, the Stater keeps the community up-to-date with campus, local and national news, sports and features. The Stater publishes on Monday and Thursday and has a circulation of 6,000 per day. During the summer months, The Kent Stater runs special print issues and a special start of the school year issue. The Kent Stater publishes online with media partner, TV2 KSU, at KentWired.com.</p>', NULL, 'kentwired@gmail.com', '[]', 'Jimmy', 'Miller', 'Student Leader', NULL, '330-672-2586', 'The Kent Stater is the award-winning, student-run newspaper at Kent State University. Reaching more than 15,000 people per issue, the Stater keeps the community up-to-date with campus, local and national news, sports and features. The Stater publishes on Monday, Wednesday and Thursday and has a circulation of 6,750 per day. During the summer months, The Kent Stater runs special print issues and also runs the annual Orientation issue to welcome new and returning students.', NULL, NULL, 'The Independent Student Newspaper of Kent State University', NULL, NULL, NULL, NULL, 'The independent news team covering KSU and the Kent community ', '1', NULL, NULL, NULL, NULL, NULL, '', NULL, NULL, NULL, NULL, NULL, NULL, NULL, NULL, NULL, NULL, NULL, NULL, NULL, '2017-02-27 15:21:14', '2017-06-07 20:20:20', '7e622988-7d52-4011-872c-1c063f8dcc6e'),
 ('19', '19', 'en_us', 'Black Squirrel Radio', '<p>Black Squirrel Radio is a student-run radio station committed to providing innovative media content inspired by the community of Kent, Ohio, dedicated to professionalism, integrity, creativity and diversity. With 56 different student-hosted shows airing from 10 a.m. to 2 a.m. everyday, we are committed to providing professional industry experience while continuing to be a platform for experimental programming. Through alternative media content, we aim to grow our audience by becoming the destination for students and alumni to remember what was and experience what is college life in Kent, Ohio.</p>', NULL, 'general email address goes here', '[]', 'Layne', 'Gerbig', 'Student Leader', NULL, '330-xxx-xxxx', 'Black Squirrel Radio (BSR) is a student-run radio station that has 10,000 loyal monthly listeners. BSR features a large selection of urban, rock and local music with numerous local bands and entertainers coming for in-studio performances and interviews. BSR is available at www.blacksquirrelradio.com, iTunes radio under College Stations, the TuneIn app and channels 2-4 and 2-6 though on-campus television.', NULL, NULL, 'Kent State\'s Student-Run Radio Station', NULL, NULL, NULL, NULL, 'BSR is Kent State’s student-run radio station providing unique and innovative media content online.', '1', NULL, NULL, NULL, NULL, NULL, '', NULL, NULL, NULL, NULL, NULL, NULL, NULL, NULL, NULL, NULL, NULL, NULL, NULL, '2017-03-02 19:46:01', '2017-06-14 17:58:08', 'b9058ae3-0353-4198-93c6-ca8357c03eb1'),
 ('20', '20', 'en_us', 'TV2', '<p>TV2 is Kent State\'s award-winning television station that strives to be Truly Portage County. From local news and sports to entertainment buzz and important social issues surrounding the region, TV2 covers the Kent State and Portage County area like no other television station can, while educating and preparing students for the future. TV2 is found online with media partner The Kent Stater at kentwired.com, reaches more than 26,000 homes on Spectrum Cable channel 16 and more than 7500 KSU students on campus television station 2-2. </p>', NULL, 'lkober@kent.edu', '[]', 'Leisel', 'Kober', 'Student Leader', NULL, '330-672-2584', 'TV2 is the award-winning, student-run television station of Kent State University. TV2 is also Portage County’s only local television station and the best source for local news and original television content. TV2 reaches more than 26,000 homes throughout Portage County on Spectrum (formerly Time Warner Cable) channel 16 and more than 7,500 Kent State students living on-campus on channel 2-2. TV2 is also live streamed on KentWired.com/TV2. With 10 different TV shows, TV2 covers everything from breaking news, local news, weather, sports, entertainment and humor.', NULL, NULL, 'Truly Portage County ', NULL, NULL, NULL, NULL, 'Award-winning television that strives to be \"Truly Portage County\" with news, sports and entertainment programming', '1', NULL, NULL, NULL, NULL, NULL, '', NULL, NULL, NULL, NULL, NULL, NULL, NULL, NULL, NULL, NULL, NULL, NULL, NULL, '2017-03-02 19:46:26', '2017-06-14 20:05:57', 'a23b03af-0e18-4a7b-8901-95644568668e'),
 ('21', '21', 'en_us', 'Fusion Magazine', '<p>Fusion is Kent State University\'s LGBTQ magazine. We publish news, entertainment, opinions and interviews for and about the LGBTQ community. Each spring, we release a print issue and we regularly update our website (<a href=\"http://www.thatgaymagazine.com\">www.thatgaymagazine.com</a>) and social media channels year-round. </p>\n<p>Our mission is to promote equality, education and community through journalism. When Fusion was founded, in 2003, marriage equality was not yet legal anywhere in the United States and laws against consensual sex between gay men were overturned that year. LGBTQ rights have significantly advanced since trans women, drag queens and street kids fought back against police violence in 1959. But the community, particularly trans people and people of color, still face substantial adversity. Journalism and storytelling helps humanize the community and its struggle. By publicizing their perspectives and experiences, Fusion helps demonstrate why LGBTQ people need an equal place in society.</p>', NULL, 'meckhous@kent.edu', '[]', 'MJ', 'Eckhouse', 'Student Leader', NULL, '', 'Fusion is Kent State\'s lesbian, gay, bisexual, transgender and queer/questioning student advocacy and entertainment magazine. Fusion strives to promote equality and community in northeast Ohio and beyond through journalism and they have been recognized by the Society of Professional Journalists for excellence. Fusion is the only student magazine focusing on LGBTQ issues in the region.', NULL, NULL, 'That Gay Magazine', NULL, NULL, NULL, NULL, 'Promoting LGBTQ equality and community, through journalism, in northeast Ohio and beyond.', '1', NULL, NULL, NULL, NULL, NULL, '', NULL, NULL, NULL, NULL, NULL, NULL, NULL, NULL, NULL, NULL, NULL, NULL, NULL, '2017-03-02 19:46:47', '2017-06-14 18:27:33', '7588d518-0261-46ab-a865-1600d104616c'),
 ('22', '22', 'en_us', 'Uhuru', '<p>Uhuru is an award-winning magazine that aims to promote innovation, creativity, and culture through the voice of marginalized students on the Kent State University campus. Having a history of pan-African teachings and values, Uhuru magazine focuses on the plight of all students around the globe.\n  </p>\n<p>Uhuru, which is Kiswahili for ‘freedom,’ serves as a platform for student creation and expression in art, writing, photography and graphic design, while discussing racial, social and/or political ignorance.\n      </p>', NULL, 'uhurumag1@gmail.com', '[]', 'Sierra', 'Allen', 'Student Leader', NULL, '', 'Uhuru is an award-winning magazine that promotes innovation, creativity and culture through the voice of marginalized students. A derivative of Black Unites Students, Uhuru is focused on the unification of the African-American population but serves as a safe haven for others by reflecting all people of color at Kent State. Uhuru is Kent State\'s only minority news outlet and serves as a platform for student creation and expression in art, writing, photography and graphic design while addressing social issues.', NULL, NULL, 'Voice of the People ', NULL, NULL, NULL, NULL, 'Providing voice for marginalized students at Kent State', '1', NULL, NULL, NULL, NULL, NULL, '', NULL, NULL, NULL, NULL, NULL, NULL, NULL, NULL, NULL, NULL, NULL, NULL, NULL, '2017-03-02 19:46:53', '2017-06-07 20:13:56', 'b1238632-d5b9-44ea-a4f5-8584bb4f074e'),
 ('23', '23', 'en_us', 'KentWired', '<p>KentWired.com is shared website for Student Media partners, The Kent Stater and TV2 KSU. The site features top news, entertainment, community and campus news, sports and video. KentWired is the place to turn to for everything Kent and Portage County. The site also features classifieds, TV2 newscasts and entertainment shows and a live stream to TV2. KentWired is a key source for news during the summer. With 40,000 unique visitors per month, KentWired is a top news source in Kent and Portage County. </p>', NULL, 'kentwired@gmail.com', '[]', '', '', '', NULL, '330-672-2586', 'KentWired.com is a news organization hosting content created by the collaborative effort of students working in student media at Kent State University. KentWired is the independent news website for the Kent Stater and TV2 and is the year round news source for everything Kent. KentWired has top news, entertainment, sports, and community and campus news. It also features classifieds and live streams for TV2 and Black Squirrel Radio. ', NULL, NULL, '', NULL, NULL, NULL, NULL, 'The online outlet for Student Media partners, The Kent Stater and TV2, and the best breaking news source in Kent and Portage County', '0', NULL, NULL, NULL, NULL, NULL, '', NULL, NULL, NULL, NULL, NULL, NULL, NULL, NULL, NULL, '', NULL, NULL, NULL, '2017-03-02 19:48:46', '2017-06-28 02:26:49', 'ecc0b93e-3f1e-4938-9f03-c3892be4e7ac'),
 ('24', '24', 'en_us', 'Luna Negra', '<p>Luna Negra, though sometimes under different names, has been around since 1956. It began under the English department, where it found its footing within the campus’s cultural atmosphere. Since then, the publication has been a staple of the university, witnessing the path Kent State has taken through the decades. We have published works describing the culture of collegiate 1950s, the Kent State shootings, and 9/11; the literary pieces published by Luna Negra, written by the students themselves, have chronicled every major cultural and historical event of America. Since its inception, and still to today, Luna Negra is run by students and filled with student content. We strive to foster creative activity across campus and seek to be the keeper and encourager of the student body’s creative spirit.</p>', NULL, 'lunanegramag@gmail.com', '[]', 'Sam', 'Hersh', 'Student Leader', NULL, '', 'Luna Negra is Kent State’s literary student publication and they publish a blend of poetry, prose, photography and illustration. For over 50 years, they have published submissions from current students and community members. Their magazine is published every spring and they produce additional content on LunaNegraMag.com.', NULL, NULL, 'Kent State\'s Literary and Arts Journal', NULL, NULL, NULL, NULL, 'Kent State’s literary and arts journal publishing a blend of poetry, prose, photography and illustration', '1', NULL, NULL, NULL, NULL, NULL, '', NULL, NULL, NULL, NULL, NULL, NULL, NULL, NULL, NULL, NULL, NULL, NULL, NULL, '2017-03-02 19:49:24', '2017-06-14 20:10:38', '64fa8053-5481-4595-9f99-d2f2720dbed5'),
 ('25', '25', 'en_us', 'KSU Independent Films', '<p>Kent State University Independent Films (KSUIF) is an organization fueled by students’ passion for film. In 2008, professors Traci E. Williams and David Smeltzer collaborated to create this wonderful program, which is designed to give students real-world film experience. Today, nearly 500 people are currently involved in the organization.</p>', NULL, 'kentstatefilms@gmail.com', '[]', 'Erica', 'Collins', 'Student Leader', NULL, '330-672-8198', 'Kent State University Independent Films (KSUIF) is a student-run production company that teaches, inspires and prepares filmmakers for the real-world industry. KSUIF produces a wide variety of content including webseries, short films, award-winning music videos, documentaries, TV shows and feature films. KSUIF is one of three organizations in the country that allows students to create full-length feature films.', NULL, NULL, 'Making movies and more ', NULL, NULL, NULL, NULL, 'KSUIF is a production company that teaches, inspires and prepares filmmakers for the real-world industry ', '1', NULL, NULL, NULL, NULL, NULL, '', NULL, NULL, NULL, NULL, NULL, NULL, NULL, NULL, NULL, '', NULL, NULL, NULL, '2017-03-02 19:49:47', '2017-06-28 02:26:35', 'd408f63f-0d5c-42e8-84c9-70b90293d6dd'),
 ('27', '27', 'en_us', '70K+', NULL, NULL, NULL, '[]', NULL, NULL, NULL, NULL, NULL, '', NULL, NULL, NULL, NULL, NULL, 'people see our media partners\' final products', NULL, NULL, '0', NULL, NULL, NULL, NULL, NULL, NULL, NULL, NULL, NULL, NULL, NULL, NULL, NULL, NULL, NULL, NULL, NULL, NULL, NULL, '2017-03-09 01:59:38', '2017-05-11 16:07:36', 'e58e7579-29b7-48fc-865c-3199878e3a49'),
 ('35', '35', 'en_us', 'Seaside', NULL, NULL, NULL, '[]', NULL, NULL, NULL, NULL, NULL, NULL, NULL, NULL, NULL, NULL, NULL, NULL, NULL, NULL, '0', NULL, NULL, NULL, NULL, NULL, NULL, NULL, NULL, NULL, NULL, NULL, NULL, NULL, NULL, NULL, NULL, NULL, NULL, NULL, '2017-03-09 19:36:31', '2017-03-09 19:36:31', 'b91056af-5fdf-4010-835a-3742a0f9636b'),
 ('41', '42', 'en_us', 'Broadcast & Film', NULL, NULL, NULL, '[]', NULL, NULL, NULL, NULL, NULL, '', NULL, NULL, NULL, NULL, NULL, NULL, NULL, NULL, '0', NULL, NULL, NULL, NULL, NULL, NULL, NULL, NULL, NULL, NULL, NULL, NULL, NULL, NULL, NULL, NULL, NULL, NULL, NULL, '2017-03-12 16:15:37', '2017-04-13 20:38:00', 'fd8469a7-e208-403a-af6d-0c8bd9d06e44'),
 ('43', '45', 'en_us', 'Kevin Dilley', '<p>Kevin serves Student Media by providing management of our business and advising operations. He also works with student leaders, the board, faculty and other key partners to set a strategic direction for Student Media and mentors and advises student leaders.  </p>\n<p><strong>Words to Live By:</strong></p>\n<p>If you want to go fast, go alone. If you want to go far, go together.  ~ origin unknown.</p>\n<p><strong>Personal:</strong></p>\n<p>I’ve traveled to Siberia, Malaysia, Mexico and 46 of 50 states in the U.S. I love going places and meeting new people, but I always yearn to return home. For me, that’s in Hudson with my two children, mi media naranja (si, hablo español), and Pancho, my very best friend because, well he’s a dog and I’m a man. I hold degrees in journalism and visual communication from the University of Missouri and Ohio University. I’ve worked as a reporter, writer, photojournalist, editor, designer, web designer, project manager, consultant, professor and adviser. I love what I do because I’m constantly inspired by my students who bring ideas, enthusiasm, opportunity and optimism to this place every day.</p>\n<p><strong>I can help you with:</strong></p>\n<ul><li><p>General questions</p></li><li><p>Strategic planning</p></li><li><p>Idea development</p></li><li><p>Budgets</p></li></ul>', NULL, 'kdilley@kent.edu', '[\"director\",\"nonVoting\",\"officeStaff\"]', 'Kevin ', 'Dilley', 'Director of Student Media', NULL, '330-672-4603', NULL, NULL, NULL, NULL, NULL, NULL, NULL, NULL, NULL, '0', NULL, NULL, NULL, NULL, NULL, NULL, NULL, NULL, NULL, NULL, NULL, NULL, NULL, NULL, NULL, NULL, NULL, NULL, NULL, '2017-03-12 16:17:55', '2017-06-13 19:19:02', 'a1f46deb-5b8e-45c2-a2c2-8a7e02d6cc7d'),
 ('44', '46', 'en_us', 'Amag Logo', NULL, NULL, NULL, '[]', NULL, NULL, NULL, NULL, NULL, NULL, NULL, NULL, NULL, NULL, NULL, NULL, NULL, NULL, '0', NULL, NULL, NULL, NULL, NULL, NULL, NULL, NULL, NULL, NULL, NULL, NULL, NULL, NULL, NULL, NULL, NULL, NULL, NULL, '2017-03-15 23:42:37', '2017-06-01 19:49:44', 'e21b634f-5cd0-484d-af55-1ec59e4685e6'),
 ('45', '47', 'en_us', 'Bsr Logo', NULL, NULL, NULL, '[]', NULL, NULL, NULL, NULL, NULL, NULL, NULL, NULL, NULL, NULL, NULL, NULL, NULL, NULL, '0', NULL, NULL, NULL, NULL, NULL, NULL, NULL, NULL, NULL, NULL, NULL, NULL, NULL, NULL, NULL, NULL, NULL, NULL, NULL, '2017-03-15 23:42:38', '2017-06-01 19:49:44', '542258f8-a035-4b19-826a-99a4a5e1e45b'),
 ('46', '48', 'en_us', 'Burr Logo', NULL, NULL, NULL, '[]', NULL, NULL, NULL, NULL, NULL, NULL, NULL, NULL, NULL, NULL, NULL, NULL, NULL, NULL, '0', NULL, NULL, NULL, NULL, NULL, NULL, NULL, NULL, NULL, NULL, NULL, NULL, NULL, NULL, NULL, NULL, NULL, NULL, NULL, '2017-03-15 23:42:38', '2017-06-01 19:49:44', '865b09ff-5dad-4118-8949-5c3064d6731c'),
 ('47', '49', 'en_us', 'Fusion Logo', NULL, NULL, NULL, '[]', NULL, NULL, NULL, NULL, NULL, NULL, NULL, NULL, NULL, NULL, NULL, NULL, NULL, NULL, '0', NULL, NULL, NULL, NULL, NULL, NULL, NULL, NULL, NULL, NULL, NULL, NULL, NULL, NULL, NULL, NULL, NULL, NULL, NULL, '2017-03-15 23:42:38', '2017-06-01 19:49:45', '2f422c01-0efd-4b0f-82d0-3348f01778fc'),
 ('48', '50', 'en_us', 'Intel', NULL, NULL, NULL, '[]', NULL, NULL, NULL, NULL, NULL, NULL, NULL, NULL, NULL, NULL, NULL, NULL, NULL, NULL, '0', NULL, NULL, NULL, NULL, NULL, NULL, NULL, NULL, NULL, NULL, NULL, NULL, NULL, NULL, NULL, NULL, NULL, NULL, NULL, '2017-03-15 23:42:38', '2017-03-15 23:42:38', '163625b6-8df8-4167-9067-98abbac8b06d'),
 ('49', '51', 'en_us', 'Kentstater Logo', NULL, NULL, NULL, '[]', NULL, NULL, NULL, NULL, NULL, NULL, NULL, NULL, NULL, NULL, NULL, NULL, NULL, NULL, '0', NULL, NULL, NULL, NULL, NULL, NULL, NULL, NULL, NULL, NULL, NULL, NULL, NULL, NULL, NULL, NULL, NULL, NULL, NULL, '2017-03-15 23:42:39', '2017-06-01 19:49:45', '1ab01218-967f-469f-9d4c-62b4dd2c7bdb'),
 ('50', '52', 'en_us', 'Ksuif Logo', NULL, NULL, NULL, '[]', NULL, NULL, NULL, NULL, NULL, NULL, NULL, NULL, NULL, NULL, NULL, NULL, NULL, NULL, '0', NULL, NULL, NULL, NULL, NULL, NULL, NULL, NULL, NULL, NULL, NULL, NULL, NULL, NULL, NULL, NULL, NULL, NULL, NULL, '2017-03-15 23:42:39', '2017-06-01 19:49:45', '42d3362c-a0d1-4a9c-ad22-bb0d7afbc4eb'),
 ('51', '53', 'en_us', 'Lunanegra Logo', NULL, NULL, NULL, '[]', NULL, NULL, NULL, NULL, NULL, NULL, NULL, NULL, NULL, NULL, NULL, NULL, NULL, NULL, '0', NULL, NULL, NULL, NULL, NULL, NULL, NULL, NULL, NULL, NULL, NULL, NULL, NULL, NULL, NULL, NULL, NULL, NULL, NULL, '2017-03-15 23:42:39', '2017-06-01 19:49:45', '4b74612b-53cc-42bc-b2bd-c0df2d8ef879'),
 ('52', '54', 'en_us', 'Smsales Logo', NULL, NULL, NULL, '[]', NULL, NULL, NULL, NULL, NULL, NULL, NULL, NULL, NULL, NULL, NULL, NULL, NULL, NULL, '0', NULL, NULL, NULL, NULL, NULL, NULL, NULL, NULL, NULL, NULL, NULL, NULL, NULL, NULL, NULL, NULL, NULL, NULL, NULL, '2017-03-15 23:42:39', '2017-06-01 19:49:46', 'fefa9f03-2685-4de4-a315-7e87e0d4bd13'),
 ('53', '55', 'en_us', 'Tv2 Logo', NULL, NULL, NULL, '[]', NULL, NULL, NULL, NULL, NULL, NULL, NULL, NULL, NULL, NULL, NULL, NULL, NULL, NULL, '0', NULL, NULL, NULL, NULL, NULL, NULL, NULL, NULL, NULL, NULL, NULL, NULL, NULL, NULL, NULL, NULL, NULL, NULL, NULL, '2017-03-15 23:42:39', '2017-06-01 19:49:47', '29033196-d534-4346-be88-dd66b4384a86'),
 ('54', '56', 'en_us', 'Uhuru Logo', NULL, NULL, NULL, '[]', NULL, NULL, NULL, NULL, NULL, NULL, NULL, NULL, NULL, NULL, NULL, NULL, NULL, NULL, '0', NULL, NULL, NULL, NULL, NULL, NULL, NULL, NULL, NULL, NULL, NULL, NULL, NULL, NULL, NULL, NULL, NULL, NULL, NULL, '2017-03-15 23:42:39', '2017-06-01 19:49:47', '9e9d19fe-1836-4039-9f8f-8ffc8a814fe1'),
 ('56', '58', 'en_us', 'About us', '<p>For more than 90 years, students at Kent State University have been finding ways to tell stories and disseminate vital and compelling information.\n  </p>\n<p>Even before formal journalism education classes had been established, students were chasing leads and documenting the events shaping our history, sharing their work in the Normal High School News and The Chestnut Burr in 1914, The Kentonian in 1915 and eventually the first issue of The Kent Stater on July 29, 1926.</p>\n<p>We now are more than 700 students working with 10 distinct and independent Student Media partners who create unique content distributed across 34 different outlets on multiple platforms. Our students are supported in their efforts by a strong fabric of faculty advisers, professional staff, university support and, of course, financial support from the students of Kent State University. </p>\n<p>And while the methods have varied since those early publications, our core philosophy has remained constant: empower students to create valued sources and encourage excellence.\n  </p>\n<p>Won’t you join us and continue the story?</p>\n<hr /><p><strong>Our mission-driven leadership begins here:</strong><strong><em><br /></em></strong></p>\n<p><strong>STUDENT MEDIA EMPOWERS STUDENTS</strong> through practical, collaborative and professional learning opportunities within an independent, student-led and multi-platform media framework.<br /></p>\n<p><strong>OUR STUDENTS CREATE </strong>valued sources of journalism, information, entertainment and advertising and develop meaningful connections with our core audiences.<br /></p>\n<p><strong>WE ENCOURAGE EXCELLENCE</strong>, leadership and accountability as students become innovative, ethical and skilled media producers within a diverse and global society. <br /></p>', NULL, NULL, '[]', NULL, NULL, NULL, NULL, NULL, NULL, NULL, NULL, 'Through the combined effort of students and faculty, our mission is to provide a professional learning foundation for all.', NULL, NULL, NULL, NULL, NULL, '0', NULL, NULL, '<p>We like to think big. And sometimes our budget can\'t keep up. Your generous gift helps our students build on their big ideas. Your gift can be directed at a specific media partner or go directly to support Student Media in general.  <br /></p>', NULL, NULL, NULL, '<p>Advertise with us!</p>', NULL, NULL, NULL, NULL, 'Members of the fall 2016 Burr staff pose for a picture. The Burr was recognized as the best student magazine in the country by the Society of Professional Journalists.', NULL, NULL, NULL, NULL, NULL, NULL, NULL, '2017-03-16 18:11:56', '2017-06-15 20:48:34', '13261c0b-f807-4755-b432-6dabac5a1e5c'),
 ('57', '59', 'en_us', 'Media Partners', '<p>Ten distinct media partners make up the engine that drives Kent State Student Media forward. Each partner is a unique and independent student organization. They have opted to join together for mutual benefit under the banner of Student Media. At the top of each group is the selected editor, general manager or president who each \"have sole authority to determine content for the media they lead and in turn take full responsibility for the content decisions made.\" They work with their faculty advisers, and others, to provide professional, high quality content for their audiences. Learn about each media partner below. </p>', NULL, NULL, '[]', NULL, NULL, NULL, NULL, NULL, NULL, NULL, NULL, 'The engine of Student Media', NULL, NULL, NULL, NULL, NULL, '0', NULL, NULL, NULL, NULL, NULL, NULL, NULL, NULL, NULL, NULL, NULL, NULL, NULL, NULL, NULL, NULL, NULL, NULL, NULL, '2017-03-16 18:12:46', '2017-06-14 20:50:48', '57fa80e5-3b72-4d48-9fbe-73f241d20602'),
 ('58', '60', 'en_us', 'Get Involved', '<p>Student Media is open to any students, staff or faculty at Kent State. Start as early as your freshman year and get involved in any of dozens of positions across our 10 Student Media partners. Gain important experience that will set you apart from your fellow students. Come share your voice and gain practical experience to help launch your career. To get started, check out current openings below or contact Kevin Dilley, director of Student Media, at kdilley@kent.edu.</p>', NULL, NULL, '[]', NULL, NULL, NULL, NULL, NULL, 'Student Media is open to any students, staff or faculty. Get started as early as your freshman year in any of dozens of positions across our 10 media partners.  Student Media gives you the experience you need to set you apart. Utilize the chance to share your voice and gain practical experience to help launch your career.', NULL, NULL, 'Start your freshman year. Stay until you graduate. ', NULL, NULL, NULL, NULL, NULL, '0', NULL, NULL, NULL, NULL, NULL, NULL, NULL, NULL, NULL, NULL, NULL, NULL, NULL, NULL, NULL, NULL, NULL, NULL, NULL, '2017-03-16 18:13:51', '2017-06-07 19:15:55', '89e67a7d-4178-48fa-895b-7dd52c79ccb5'),
 ('59', '61', 'en_us', 'Advertise with Student Media', '<p>We are your direct access to more than 70,000 people. We connect you to our audience through award-winning digital, print, film and broadcast media.</p>\n<p>We have been serving Kent State University and the Kent community for more than 80 years with independent student-produced media. We have the outlets you need to reach the target audience you want.</p>\n<p>We look forward to partnering with you and look forward to your success.</p>', NULL, NULL, '[]', NULL, NULL, NULL, NULL, NULL, NULL, NULL, NULL, 'It starts with you. ', NULL, NULL, NULL, NULL, NULL, '0', NULL, NULL, NULL, NULL, NULL, NULL, NULL, NULL, NULL, NULL, '<p>Whatever your business needs, Kent State Student Media has the creative service to attain your goal. We offer video and audio production, design services, photography, DJ services, writing and marketing services. We manage projects and budgets of all sizes. Kent State Student Media provides high quality work at a competitive price. Contact our office today to find out how we can help you excel in your field.  \n  </p>', NULL, '', NULL, NULL, NULL, NULL, NULL, NULL, '2017-03-16 18:15:33', '2017-06-21 18:08:10', '667228ba-73ff-4a60-afa9-d2627eea0c08'),
 ('60', '62', 'en_us', 'Contact Student Media', '<p>We\'d love to hear from you, whether it\'s about getting involved with Student Media, reaching out about individual partners and their content, or for advertising opportunities. </p>\n<ul><li>For advertising contact us at <a href=\"mailto:ads@ksustudentmedia.com\">ads@ksustudentmedia.com</a>, 330-672-6306, or drop by our office during business hours, Monday through Friday 8 a.m to 5 p.m. in 205 Franklin Hall on the Kent State University Kent campus. </li><li>For general Student Media questions, reach out to Director of Student Media, Kevin Dilley, at <a href=\"mailto:kdilley@kent.edu\">kdilley@kent.edu</a>  or 330-672-0887. You\'ll also find him in 205 Franklin Hall. </li></ul>', NULL, NULL, '[]', NULL, NULL, NULL, NULL, '330-672-6306', 'Feel free to contact us! Shoot us an e-mail at ads@ksustudentmedia.com, call us at 330-672-6306 or drop by our office during business hours.', NULL, NULL, 'How can we help?', NULL, NULL, NULL, NULL, NULL, '0', NULL, NULL, NULL, NULL, '205 Franklin Hall, Hilltop Drive Kent, Ohio 44240', NULL, NULL, NULL, NULL, NULL, NULL, NULL, NULL, NULL, NULL, NULL, NULL, NULL, NULL, '2017-03-16 18:15:45', '2017-06-13 19:31:04', '26429fb1-6847-4a0e-8b08-c8f65cd97187'),
 ('62', '64', 'en_us', 'People Cropped 960', NULL, NULL, NULL, '[]', NULL, NULL, NULL, NULL, NULL, NULL, NULL, NULL, NULL, NULL, NULL, NULL, NULL, NULL, '0', NULL, NULL, NULL, NULL, NULL, NULL, NULL, NULL, NULL, NULL, NULL, NULL, NULL, NULL, NULL, NULL, NULL, NULL, NULL, '2017-03-16 18:42:00', '2017-06-01 19:49:56', '3bb3d9c3-21aa-46b3-87d9-2ac322b13e5e'),
 ('63', '65', 'en_us', 'Testimonial #1', NULL, NULL, NULL, '[]', NULL, NULL, NULL, NULL, NULL, NULL, NULL, NULL, NULL, NULL, NULL, NULL, NULL, NULL, '0', 'Dorothy Ly', 'This is an amazing thing!', NULL, NULL, NULL, NULL, NULL, NULL, NULL, NULL, NULL, NULL, NULL, NULL, NULL, NULL, NULL, NULL, NULL, '2017-03-21 17:36:38', '2017-03-21 17:36:38', '1198837b-c003-4f31-9e0e-66a81a3a8325'),
 ('65', '67', 'en_us', 'Kent State Student Media', NULL, NULL, NULL, '[]', NULL, NULL, NULL, NULL, NULL, NULL, NULL, NULL, NULL, NULL, NULL, NULL, NULL, NULL, '0', NULL, NULL, NULL, NULL, NULL, NULL, NULL, NULL, NULL, NULL, NULL, NULL, NULL, NULL, NULL, NULL, NULL, NULL, NULL, '2017-03-23 03:31:51', '2017-03-23 03:32:18', '75290603-5d96-4bf3-af22-a715edcd37bd'),
 ('66', '68', 'en_us', 'Print', NULL, NULL, NULL, '[]', NULL, NULL, NULL, NULL, NULL, NULL, NULL, NULL, NULL, NULL, NULL, NULL, NULL, NULL, '0', NULL, NULL, NULL, NULL, NULL, NULL, NULL, NULL, NULL, NULL, NULL, NULL, NULL, NULL, NULL, NULL, NULL, NULL, NULL, '2017-03-23 18:09:01', '2017-03-23 18:09:01', 'b7be05cb-50ec-4dd8-9647-2ce60292f1eb'),
 ('67', '69', 'en_us', 'Online', NULL, NULL, NULL, '[]', NULL, NULL, NULL, NULL, NULL, '', NULL, NULL, NULL, NULL, NULL, NULL, NULL, NULL, '0', NULL, NULL, NULL, NULL, NULL, NULL, NULL, NULL, NULL, NULL, NULL, NULL, NULL, NULL, NULL, NULL, NULL, NULL, NULL, '2017-03-23 18:09:09', '2017-04-13 20:05:31', '61906350-4841-4f6b-b7b9-25921a8c7420'),
 ('68', '70', 'en_us', 'Bundles', NULL, NULL, NULL, '[]', NULL, NULL, NULL, NULL, NULL, NULL, NULL, NULL, NULL, NULL, NULL, NULL, NULL, NULL, '0', NULL, NULL, NULL, NULL, NULL, NULL, NULL, NULL, NULL, NULL, NULL, NULL, NULL, NULL, NULL, NULL, NULL, NULL, NULL, '2017-03-23 18:09:15', '2017-03-23 18:09:15', 'f4652c00-42dc-464b-8ca2-4fc096241800'),
 ('69', '71', 'en_us', 'KentWired Website', NULL, NULL, NULL, '[]', NULL, NULL, NULL, NULL, NULL, NULL, NULL, NULL, NULL, NULL, NULL, NULL, NULL, NULL, '0', NULL, NULL, NULL, NULL, NULL, NULL, NULL, NULL, NULL, NULL, NULL, NULL, NULL, NULL, NULL, NULL, NULL, NULL, NULL, '2017-03-23 18:10:55', '2017-05-31 20:16:24', 'f24e0795-e67e-414e-a662-9d25532eb764'),
 ('70', '73', 'en_us', 'The Kent Stater', NULL, NULL, NULL, '[]', NULL, NULL, NULL, NULL, NULL, NULL, NULL, NULL, NULL, NULL, NULL, NULL, NULL, NULL, '0', NULL, NULL, NULL, NULL, NULL, NULL, NULL, NULL, NULL, NULL, NULL, NULL, NULL, NULL, NULL, NULL, NULL, NULL, NULL, '2017-03-23 18:20:19', '2017-05-31 20:16:24', '8254d352-deec-4388-94dd-02160a24d23f'),
 ('72', '78', 'en_us', 'Sm Logo', NULL, NULL, NULL, '[]', NULL, NULL, NULL, NULL, NULL, NULL, NULL, NULL, NULL, NULL, NULL, NULL, NULL, NULL, '0', NULL, NULL, NULL, NULL, NULL, NULL, NULL, NULL, NULL, NULL, NULL, NULL, NULL, NULL, NULL, NULL, NULL, NULL, NULL, '2017-04-03 19:35:52', '2017-06-01 19:49:44', '8a7b6a1a-4f21-4549-8da7-c1596829b4e7'),
 ('74', '81', 'en_us', 'A Magazine, The Burr, Fusion, Luna Negra and Uhuru', NULL, NULL, NULL, '[]', NULL, NULL, NULL, NULL, NULL, NULL, NULL, NULL, NULL, NULL, NULL, NULL, NULL, NULL, '0', NULL, NULL, NULL, NULL, NULL, NULL, NULL, NULL, NULL, NULL, NULL, NULL, NULL, NULL, NULL, NULL, NULL, NULL, NULL, '2017-04-06 19:24:00', '2017-05-31 20:16:24', 'c8ba2a5c-a12d-4f0e-8f10-6734acb045dd'),
 ('77', '85', 'en_us', 'Sm Logo Rgb White', NULL, NULL, NULL, '[]', NULL, NULL, NULL, NULL, NULL, NULL, NULL, NULL, NULL, NULL, NULL, NULL, NULL, NULL, '0', NULL, NULL, NULL, NULL, NULL, NULL, NULL, NULL, NULL, NULL, NULL, NULL, NULL, NULL, NULL, NULL, NULL, NULL, NULL, '2017-04-10 17:23:27', '2017-06-01 19:49:44', 'b6f56125-b7c7-41f8-970d-f8855b4602f2'),
 ('78', '86', 'en_us', 'Logo Mark', NULL, NULL, NULL, '[]', NULL, NULL, NULL, NULL, NULL, NULL, NULL, NULL, NULL, NULL, NULL, NULL, NULL, NULL, '0', NULL, NULL, NULL, NULL, NULL, NULL, NULL, NULL, NULL, NULL, NULL, NULL, NULL, NULL, NULL, NULL, NULL, NULL, NULL, '2017-04-10 18:58:41', '2017-06-01 19:49:45', '3557ed30-d83e-4778-b939-008757561587'),
 ('80', '88', 'en_us', 'Seaside', NULL, NULL, NULL, '[]', NULL, NULL, NULL, NULL, NULL, NULL, NULL, NULL, NULL, NULL, NULL, NULL, NULL, NULL, '0', NULL, NULL, NULL, NULL, NULL, NULL, NULL, NULL, NULL, NULL, NULL, NULL, NULL, NULL, NULL, NULL, NULL, NULL, NULL, '2017-04-10 19:59:06', '2017-06-01 19:49:56', '021d2c80-d897-4fe4-a2d2-485dc72d355c'),
 ('82', '90', 'en_us', 'Grid Field 03', NULL, NULL, NULL, '[]', NULL, NULL, NULL, NULL, NULL, NULL, NULL, NULL, NULL, NULL, NULL, NULL, NULL, NULL, '0', NULL, NULL, NULL, NULL, NULL, NULL, NULL, NULL, NULL, NULL, NULL, NULL, NULL, NULL, NULL, NULL, NULL, NULL, NULL, '2017-04-10 19:59:15', '2017-06-01 19:49:55', 'b7c7d7c5-9dae-4a33-8207-aa972149d6ff'),
 ('83', '91', 'en_us', 'KentWired Sponsored Tweets', NULL, NULL, NULL, '[]', NULL, NULL, NULL, NULL, NULL, NULL, NULL, NULL, NULL, NULL, NULL, NULL, NULL, NULL, '0', NULL, NULL, NULL, NULL, NULL, NULL, NULL, NULL, NULL, NULL, NULL, NULL, NULL, NULL, NULL, NULL, NULL, NULL, NULL, '2017-04-13 20:24:07', '2017-05-31 20:16:24', 'cc7b54c9-7f5c-41a2-a158-26e36bddbcdc'),
 ('84', '93', 'en_us', 'Transitions', '<p>Transitions magazine is a go-to guide about area restaurants, shopping, banks, ATMs, hotels, transportation and other tips to make the first year at Kent State successful. It is endorsed by Destination Kent State and is given to students and their parents/guardians during the freshman orientation program.</p>', NULL, '', '[]', '', '', '', NULL, '', '', NULL, NULL, '', NULL, NULL, NULL, NULL, 'Transitions magazine is the new student\'s go-to guide for everything Kent', '0', NULL, NULL, NULL, NULL, NULL, '', NULL, NULL, NULL, NULL, NULL, NULL, NULL, NULL, NULL, '', NULL, NULL, NULL, '2017-04-13 20:34:15', '2017-06-22 19:44:42', 'fd47bd5b-c2d2-47ce-9a2d-fab849cda125'),
 ('85', '94', 'en_us', 'Transitions', NULL, NULL, NULL, '[]', NULL, NULL, NULL, NULL, NULL, NULL, NULL, NULL, NULL, NULL, NULL, NULL, NULL, NULL, '0', NULL, NULL, NULL, NULL, NULL, NULL, NULL, NULL, NULL, NULL, NULL, NULL, NULL, NULL, NULL, NULL, NULL, NULL, NULL, '2017-04-13 20:34:19', '2017-05-31 20:16:24', '4f0b2797-1ee5-4cb2-946d-d4b3de5a5947'),
 ('86', '95', 'en_us', 'TV2', NULL, NULL, NULL, '[]', NULL, NULL, NULL, NULL, NULL, NULL, NULL, NULL, NULL, NULL, NULL, NULL, NULL, NULL, '0', NULL, NULL, NULL, NULL, NULL, NULL, NULL, NULL, NULL, NULL, NULL, NULL, NULL, NULL, NULL, NULL, NULL, NULL, NULL, '2017-04-13 20:36:11', '2017-05-31 20:16:24', '11a8c670-960b-49e4-a449-0bcb18b731e0'),
 ('87', '96', 'en_us', 'Creative Services', NULL, NULL, NULL, '[]', NULL, NULL, NULL, NULL, NULL, NULL, NULL, NULL, NULL, NULL, NULL, NULL, NULL, NULL, '0', NULL, NULL, NULL, NULL, NULL, NULL, NULL, NULL, NULL, NULL, NULL, NULL, NULL, NULL, NULL, NULL, NULL, NULL, NULL, '2017-04-13 20:37:01', '2017-05-31 20:16:24', '54da203a-3037-4cb7-8136-4c8f35fc754e'),
 ('88', '99', 'en_us', 'Black Squirrel Radio', NULL, NULL, NULL, '[]', NULL, NULL, NULL, NULL, NULL, NULL, NULL, NULL, NULL, NULL, NULL, NULL, NULL, NULL, '0', NULL, NULL, NULL, NULL, NULL, NULL, NULL, NULL, NULL, NULL, NULL, NULL, NULL, NULL, NULL, NULL, NULL, NULL, NULL, '2017-04-13 20:37:21', '2017-05-31 20:18:40', '593c1799-9ef7-433b-a79b-f696f38f4258'),
 ('89', '100', 'en_us', 'KSU Independent Films', NULL, NULL, NULL, '[]', NULL, NULL, NULL, NULL, NULL, NULL, NULL, NULL, NULL, NULL, NULL, NULL, NULL, NULL, '0', NULL, NULL, NULL, NULL, NULL, NULL, NULL, NULL, NULL, NULL, NULL, NULL, NULL, NULL, NULL, NULL, NULL, NULL, NULL, '2017-04-13 20:38:02', '2017-05-31 20:16:24', '80fe0d8d-8f59-4bd2-9b0f-40ab5ef4c2ec'),
 ('90', '101', 'en_us', 'Student Media Advertising', '<p>Our Student Media Advertising and Marketing team can help your campus department or local business reach the audience you are seeking. Our staff of account executives will work hand-in-hand to ensure your message is delivered effectively, efficiently and within your budget. Kent State Student Media has 10 different media partners and more than 30 outlets to reach your target market. We provide advertising, promotional item design and ordering, design services, video and audio production, and mobile DJ services. Contact our team today to get started. </p>', NULL, 'ads@ksustudentmedia.com', '[]', 'Clara', 'Sulivan', 'Student Leader', NULL, '330-672-6303', '', NULL, NULL, 'A multi-service, multim-platform solution', NULL, NULL, NULL, NULL, 'An innovative, energetic team connecting our clients to our media partners and signature brands such as KentWired, KentCribs and Transitions', '1', NULL, NULL, NULL, NULL, NULL, 'Ad Sales', NULL, NULL, NULL, NULL, NULL, NULL, NULL, NULL, NULL, '', NULL, NULL, NULL, '2017-04-13 20:42:03', '2017-06-28 02:26:44', 'f9e2dd93-a2bc-405b-981a-df7db23a90c7'),
 ('91', '102', 'en_us', 'KentCribs', NULL, NULL, NULL, '[]', NULL, NULL, NULL, NULL, NULL, NULL, NULL, NULL, NULL, NULL, NULL, NULL, NULL, NULL, '0', NULL, NULL, NULL, NULL, NULL, NULL, NULL, NULL, NULL, NULL, NULL, NULL, NULL, NULL, NULL, NULL, NULL, NULL, NULL, '2017-04-13 20:42:13', '2017-05-31 20:16:24', '3b623b2b-ff60-4dbd-b933-5063776e488a'),
 ('92', '103', 'en_us', 'Advertising Bundles', NULL, NULL, NULL, '[]', NULL, NULL, NULL, NULL, NULL, NULL, NULL, NULL, NULL, NULL, NULL, NULL, NULL, NULL, '0', NULL, NULL, NULL, NULL, NULL, NULL, NULL, NULL, NULL, NULL, NULL, NULL, NULL, NULL, NULL, NULL, NULL, NULL, NULL, '2017-04-13 20:45:00', '2017-05-31 20:16:24', 'e2fd7d23-7e02-4a87-b3f5-e16ee7b2f441'),
 ('96', '116', 'en_us', 'Back to School Blastoff', NULL, NULL, NULL, '[]', NULL, NULL, NULL, NULL, NULL, 'Come find out about Kent State Student Media and the 10 media partners that make up Student Media. We\'ll be at Kent State\'s annual Blastoff event. ', NULL, NULL, NULL, '2017-08-27 04:00:00', 'Risman Plaza from 6 to 8 p.m. ', NULL, NULL, NULL, '0', NULL, NULL, NULL, NULL, NULL, NULL, NULL, NULL, NULL, NULL, NULL, NULL, NULL, NULL, NULL, NULL, NULL, NULL, NULL, '2017-04-20 17:51:08', '2017-06-05 20:55:53', '6a05aa6d-5f22-4e9a-b1bc-f08a9aa63f89'),
 ('97', '117', 'en_us', 'Newsroom Training Week', NULL, NULL, NULL, '[]', NULL, NULL, NULL, NULL, NULL, 'Week worth of training opportunities for staff, editors and producers involved with The Kent Stater and TV2. ', NULL, NULL, NULL, '2017-08-21 04:00:00', 'Franklin Hall, various locations. ', NULL, NULL, NULL, '0', NULL, NULL, NULL, NULL, NULL, NULL, NULL, NULL, NULL, NULL, NULL, NULL, NULL, NULL, NULL, NULL, NULL, NULL, NULL, '2017-04-20 17:51:30', '2017-06-05 20:52:42', '046ed019-54aa-4e51-bb49-9d3dc60fd14b'),
 ('98', '118', 'en_us', 'Amag Logo', NULL, NULL, NULL, '[]', NULL, NULL, NULL, NULL, NULL, NULL, NULL, NULL, NULL, NULL, NULL, NULL, NULL, NULL, '0', NULL, NULL, NULL, NULL, NULL, NULL, NULL, NULL, NULL, NULL, NULL, NULL, NULL, NULL, NULL, NULL, NULL, NULL, NULL, '2017-04-20 17:54:24', '2017-06-01 19:49:55', '4e8f8c67-af11-48ee-8dc5-0f93353e1337'),
 ('99', '119', 'en_us', 'Bsr Logo', NULL, NULL, NULL, '[]', NULL, NULL, NULL, NULL, NULL, NULL, NULL, NULL, NULL, NULL, NULL, NULL, NULL, NULL, '0', NULL, NULL, NULL, NULL, NULL, NULL, NULL, NULL, NULL, NULL, NULL, NULL, NULL, NULL, NULL, NULL, NULL, NULL, NULL, '2017-04-20 17:54:25', '2017-06-01 19:49:55', 'c2a28936-fbb6-4fa9-ba02-f8d42c15744a'),
 ('100', '120', 'en_us', 'Burr Logo', NULL, NULL, NULL, '[]', NULL, NULL, NULL, NULL, NULL, NULL, NULL, NULL, NULL, NULL, NULL, NULL, NULL, NULL, '0', NULL, NULL, NULL, NULL, NULL, NULL, NULL, NULL, NULL, NULL, NULL, NULL, NULL, NULL, NULL, NULL, NULL, NULL, NULL, '2017-04-20 17:54:25', '2017-06-01 19:49:55', '0a60b10a-0880-4a15-b6a4-7184ec9bcc29'),
 ('101', '121', 'en_us', 'Fusion Logo', NULL, NULL, NULL, '[]', NULL, NULL, NULL, NULL, NULL, NULL, NULL, NULL, NULL, NULL, NULL, NULL, NULL, NULL, '0', NULL, NULL, NULL, NULL, NULL, NULL, NULL, NULL, NULL, NULL, NULL, NULL, NULL, NULL, NULL, NULL, NULL, NULL, NULL, '2017-04-20 17:54:25', '2017-06-01 19:49:55', '99490ab7-e4af-47ac-be4a-7735f621b136'),
 ('102', '122', 'en_us', 'Intel', NULL, NULL, NULL, '[]', NULL, NULL, NULL, NULL, NULL, NULL, NULL, NULL, NULL, NULL, NULL, NULL, NULL, NULL, '0', NULL, NULL, NULL, NULL, NULL, NULL, NULL, NULL, NULL, NULL, NULL, NULL, NULL, NULL, NULL, NULL, NULL, NULL, NULL, '2017-04-20 17:54:25', '2017-06-01 19:49:51', 'd728b2f6-5359-4277-b102-717e6b452f4d'),
 ('103', '123', 'en_us', 'Kentstater Logo', NULL, NULL, NULL, '[]', NULL, NULL, NULL, NULL, NULL, NULL, NULL, NULL, NULL, NULL, NULL, NULL, NULL, NULL, '0', NULL, NULL, NULL, NULL, NULL, NULL, NULL, NULL, NULL, NULL, NULL, NULL, NULL, NULL, NULL, NULL, NULL, NULL, NULL, '2017-04-20 17:54:26', '2017-06-01 19:49:55', '45cabf3f-0dac-4006-af2d-9fe025adaf3d'),
 ('104', '124', 'en_us', 'Ksuif Logo', NULL, NULL, NULL, '[]', NULL, NULL, NULL, NULL, NULL, NULL, NULL, NULL, NULL, NULL, NULL, NULL, NULL, NULL, '0', NULL, NULL, NULL, NULL, NULL, NULL, NULL, NULL, NULL, NULL, NULL, NULL, NULL, NULL, NULL, NULL, NULL, NULL, NULL, '2017-04-20 17:54:26', '2017-06-01 19:49:56', '25e062fb-cb7d-4180-94c9-5035c6b07d5f'),
 ('105', '125', 'en_us', 'Lunanegra Logo', NULL, NULL, NULL, '[]', NULL, NULL, NULL, NULL, NULL, NULL, NULL, NULL, NULL, NULL, NULL, NULL, NULL, NULL, '0', NULL, NULL, NULL, NULL, NULL, NULL, NULL, NULL, NULL, NULL, NULL, NULL, NULL, NULL, NULL, NULL, NULL, NULL, NULL, '2017-04-20 17:54:26', '2017-06-01 19:49:56', '25781ae4-b56f-4945-af71-fcf815a7d568'),
 ('106', '126', 'en_us', 'Smsales Logo', NULL, NULL, NULL, '[]', NULL, NULL, NULL, NULL, NULL, NULL, NULL, NULL, NULL, NULL, NULL, NULL, NULL, NULL, '0', NULL, NULL, NULL, NULL, NULL, NULL, NULL, NULL, NULL, NULL, NULL, NULL, NULL, NULL, NULL, NULL, NULL, NULL, NULL, '2017-04-20 17:54:26', '2017-06-01 19:49:56', 'ccbb28fa-1ac7-4db8-ae1d-60045cd960b4'),
 ('107', '127', 'en_us', 'Tv2 Logo', NULL, NULL, NULL, '[]', NULL, NULL, NULL, NULL, NULL, NULL, NULL, NULL, NULL, NULL, NULL, NULL, NULL, NULL, '0', NULL, NULL, NULL, NULL, NULL, NULL, NULL, NULL, NULL, NULL, NULL, NULL, NULL, NULL, NULL, NULL, NULL, NULL, NULL, '2017-04-20 17:54:26', '2017-06-01 19:49:56', 'cb987375-e79f-4cfc-9d05-cc4c7db06ec7'),
 ('108', '128', 'en_us', 'Uhuru Logo', NULL, NULL, NULL, '[]', NULL, NULL, NULL, NULL, NULL, NULL, NULL, NULL, NULL, NULL, NULL, NULL, NULL, NULL, '0', NULL, NULL, NULL, NULL, NULL, NULL, NULL, NULL, NULL, NULL, NULL, NULL, NULL, NULL, NULL, NULL, NULL, NULL, NULL, '2017-04-20 17:54:26', '2017-06-01 19:49:56', '28bd39a3-b87b-4c92-bc5d-7b57ebc83f84'),
 ('109', '160', 'en_us', 'News', NULL, NULL, NULL, '[]', NULL, NULL, NULL, NULL, NULL, 'Learn more about Student Media news. ', NULL, NULL, NULL, NULL, NULL, NULL, NULL, NULL, '0', NULL, NULL, NULL, NULL, NULL, NULL, NULL, NULL, NULL, NULL, NULL, NULL, NULL, NULL, NULL, NULL, NULL, NULL, NULL, '2017-04-22 21:35:28', '2017-06-05 20:44:14', '640a865b-b850-4d0d-8718-36d19af73fb3'),
 ('110', '161', 'en_us', 'Student Media Board ', '<p>The Student Media Board is a standing University committee. The members of the committee serve \"as the institutional publisher or de facto licensee and acts in all matters pertaining to those media that are written or broadcast primarily by students and financed primarily by university-sanctioned student fees.\"  The SMB reports to the vice president for student affairs and the dean of the College of Communication and Information.</p>\n<p>The SMB is primarily responsible for selecting student leaders, approving annual budgets and hearing any grievances that cannot be otherwise resolved. The SMB does not dictate or determine editorial content for Student Media partners and gives responsibility for day-to-day editorial operations to the selected student leaders. The SMB gives day-to-day business operation responsibility to the director of Student Media. </p>\n<p>The board is made up of students, staff and faculty across the university, as well as media professionals outside of KSU. Voting members include faculty members appointed by the faculty senate, faculty members appointed by the school of journalism and mass communication faculty advisory committee, the JMC director, the CSI director, USG appointees, a graduate senate appointee, JMC undergraduate students, a JMC graduate student and a media professional. All student leaders, student media advisors and the director of student media serve as non-voting members. </p>\n<p>Check out the guidelines, members and meeting minutes below.<br /></p>', NULL, NULL, '[]', NULL, NULL, NULL, NULL, NULL, NULL, NULL, NULL, 'We\'ll go farther together ', NULL, NULL, NULL, NULL, NULL, '0', NULL, NULL, NULL, NULL, NULL, NULL, NULL, NULL, NULL, NULL, NULL, NULL, NULL, NULL, NULL, NULL, NULL, NULL, NULL, '2017-04-22 21:50:41', '2017-06-05 21:15:38', '4ab20dbb-c122-4519-826a-77a8f89c25d6'),
 ('113', '164', 'en_us', NULL, NULL, NULL, NULL, '[]', NULL, NULL, NULL, NULL, NULL, NULL, NULL, NULL, NULL, NULL, NULL, NULL, NULL, NULL, '0', NULL, NULL, NULL, NULL, NULL, NULL, NULL, NULL, NULL, NULL, NULL, NULL, NULL, NULL, NULL, NULL, NULL, NULL, NULL, '2017-04-24 13:36:19', '2017-04-24 13:40:12', '41e02416-36c9-4f6d-90aa-59fee6d4f2ce'),
 ('114', '165', 'en_us', 'Lorie Bednar', '<p>Lorie Bednar joined Kent State’s School of Journalism and Mass Communication in 2015 as an administrative clerk in the Kent State Student Media office. She now shares her time between both offices. (Other information you want to add)</p>\n<p><b>Words to Live By:</b></p>\n<p>Be Where Your Feet Are – Anonymous</p>\n<p><b>Personal</b>:</p>\n<p>Lorie is a graduate of Kent State University and loves everything about her Alma mater. If you don’t find her on campus, chances are you may run into her downtown and throughout Kent, where she lives and enjoys spending time with her husband and three kids. Two of her greatest achievements are winning an Associated Press award for enterprise writing and being the illustrator of a book jacket.</p>\n<p><b>I can help you with:</b></p>\n<ul><li><p>KEYS!</p></li><li><p>Staff lists</p></li><li><p>Job offers</p></li><li><p>Travel</p></li><li>General questions</li></ul>', NULL, '', '[\"officeStaff\"]', 'Lorie', 'Bednar', 'Administrative Clerk', NULL, '330-672-3290', NULL, NULL, NULL, NULL, NULL, NULL, NULL, NULL, NULL, '0', NULL, NULL, NULL, NULL, NULL, NULL, NULL, NULL, NULL, NULL, NULL, NULL, NULL, NULL, NULL, NULL, NULL, NULL, NULL, '2017-04-24 17:37:01', '2017-04-24 17:37:01', '5e0b009f-baba-4aef-b7db-adf004400e1c'),
 ('115', '166', 'en_us', 'Support Us', '<p>We like to think big. And sometimes our budget can\'t keep up. Your generous gift helps our students build on their big ideas. Your gift can be directed at a specific media partner or go directly to support Student Media in general.  Past support has helped us send students to cover election night 2016 in New York City, send other students to California to cover the NCAA basketball tournament, and has helped other students produce full-length feature films. No gift is too small. We\'ll put 100% of your donation to work immediately. </p>', NULL, NULL, '[]', NULL, NULL, NULL, NULL, NULL, NULL, NULL, NULL, '', NULL, NULL, NULL, NULL, NULL, '0', NULL, NULL, NULL, NULL, NULL, NULL, NULL, NULL, NULL, NULL, NULL, NULL, NULL, NULL, NULL, NULL, NULL, NULL, NULL, '2017-04-24 17:57:47', '2017-06-13 18:26:02', '3f83ff12-8d53-4e79-a85f-e15d4731d040'),
 ('116', '167', 'en_us', 'Thor Wasbotton', '<p>Hi</p>', NULL, 'twasbot@kent.edu', '[\"voting\"]', 'Thor', 'Wasbotton', 'Director of Journalism and Mass Communications', NULL, '330-931-2911', NULL, NULL, NULL, NULL, NULL, NULL, NULL, NULL, NULL, '0', NULL, NULL, NULL, NULL, NULL, NULL, NULL, NULL, NULL, NULL, NULL, NULL, NULL, NULL, NULL, NULL, NULL, NULL, NULL, '2017-04-25 01:55:57', '2017-05-31 18:32:43', '3bd07fbc-cc38-4ebf-b38d-198e3d3ba70b'),
 ('117', '168', 'en_us', 'April 16, 2015 JMCMB/SMPC Meeting Minutes', NULL, NULL, NULL, '[]', NULL, NULL, NULL, NULL, NULL, NULL, NULL, NULL, NULL, NULL, NULL, NULL, NULL, NULL, '0', NULL, NULL, NULL, '2015-04-16 04:00:00', NULL, NULL, NULL, NULL, NULL, NULL, NULL, NULL, NULL, NULL, NULL, NULL, NULL, NULL, NULL, '2017-04-27 19:47:13', '2017-05-10 21:45:01', '02f9e9d9-d0b3-46bb-b952-f706fc1f9138'),
 ('118', '169', 'en_us', 'Dsci Mds Handout', NULL, NULL, NULL, '[]', NULL, NULL, NULL, NULL, NULL, NULL, NULL, NULL, NULL, NULL, NULL, NULL, NULL, NULL, '0', NULL, NULL, NULL, NULL, NULL, NULL, NULL, NULL, NULL, NULL, NULL, NULL, NULL, NULL, NULL, NULL, NULL, NULL, NULL, '2017-04-27 19:56:55', '2017-06-01 19:49:57', 'c2d3918a-4472-4df5-a5ea-28b798353555'),
 ('119', '170', 'en_us', 'Student Media engages in a lively discussion', NULL, NULL, NULL, '[]', NULL, NULL, NULL, NULL, NULL, NULL, NULL, NULL, NULL, NULL, NULL, NULL, NULL, NULL, '0', NULL, NULL, NULL, NULL, NULL, NULL, NULL, NULL, NULL, NULL, NULL, NULL, NULL, NULL, NULL, NULL, NULL, NULL, NULL, '2017-04-27 21:03:25', '2017-06-01 19:49:48', '1bffa4fa-4586-4ea9-9eb4-7c8fb9bf064e'),
 ('120', '171', 'en_us', 'Fake Headshot', NULL, NULL, NULL, '[]', NULL, NULL, NULL, NULL, NULL, NULL, NULL, NULL, NULL, NULL, NULL, NULL, NULL, NULL, '0', NULL, NULL, NULL, NULL, NULL, NULL, NULL, NULL, NULL, NULL, NULL, NULL, NULL, NULL, NULL, NULL, NULL, NULL, NULL, '2017-05-04 16:16:48', '2017-06-01 19:49:55', '5c07cb84-77d4-4b53-9672-fb84ca5f223f'),
 ('121', '172', 'en_us', 'Kristan Dolan', '', NULL, 'kdolan3@kent.edu', '[\"voting\"]', 'Kristan', 'Dolan', 'Director of Center for Student Involvement ', NULL, '330-672-2480', NULL, NULL, NULL, NULL, NULL, NULL, NULL, NULL, NULL, '0', NULL, NULL, NULL, NULL, NULL, NULL, NULL, NULL, NULL, NULL, NULL, NULL, NULL, NULL, NULL, NULL, NULL, NULL, NULL, '2017-05-04 20:13:55', '2017-05-04 20:13:55', '435a12da-64bf-44c8-911b-894c0326e4cf'),
 ('122', '173', 'en_us', 'Mark Goodman', '', NULL, 'mgoodm10@kent.edu', '[\"voting\"]', 'Mark', 'Goodman', 'JMC Faculty', NULL, '330-672-6239', NULL, NULL, NULL, NULL, NULL, NULL, NULL, NULL, NULL, '0', NULL, NULL, NULL, NULL, NULL, NULL, NULL, NULL, NULL, NULL, NULL, NULL, NULL, NULL, NULL, NULL, NULL, NULL, NULL, '2017-05-04 20:19:40', '2017-05-04 20:19:40', 'd3c8697c-1755-4925-8d4a-4b68dc3895b2'),
 ('123', '174', 'en_us', 'Eugene Shelton', '', NULL, 'eshelto1@kent.edu', '[\"voting\"]', 'Eugene', 'Shelton', 'JMC Faculty', NULL, '330-672-8298', NULL, NULL, NULL, NULL, NULL, NULL, NULL, NULL, NULL, '0', NULL, NULL, NULL, NULL, NULL, NULL, NULL, NULL, NULL, NULL, NULL, NULL, NULL, NULL, NULL, NULL, NULL, NULL, NULL, '2017-05-04 20:21:40', '2017-05-04 20:21:40', '4ea04884-c3a4-4433-8a52-47a625225a42'),
 ('124', '175', 'en_us', 'Carol Robinson', '', NULL, 'clrobins@kent.edu', '[\"voting\"]', 'Carol', 'Robinson', 'Faculty Senate Appointee', NULL, '330-675-8907', NULL, NULL, NULL, NULL, NULL, NULL, NULL, NULL, NULL, '0', NULL, NULL, NULL, NULL, NULL, NULL, NULL, NULL, NULL, NULL, NULL, NULL, NULL, NULL, NULL, NULL, NULL, NULL, NULL, '2017-05-04 20:25:05', '2017-05-04 20:25:05', 'f5327ebe-89a7-4786-9a71-9e81a56cbb65'),
 ('125', '176', 'en_us', 'Karl Idsvoog', '', NULL, 'kidsvoog@kent.edu', '[\"voting\"]', 'Karl', 'Idsvoog', 'Faculty Senate Appointee', NULL, '330-672-8301', NULL, NULL, NULL, NULL, NULL, NULL, NULL, NULL, NULL, '0', NULL, NULL, NULL, NULL, NULL, NULL, NULL, NULL, NULL, NULL, NULL, NULL, NULL, NULL, NULL, NULL, NULL, NULL, NULL, '2017-05-04 20:30:32', '2017-05-04 20:30:32', '88f58ee3-db6e-467e-b729-04dd4b7ae6b2'),
 ('127', '178', 'en_us', 'Kristen Traynor', '', NULL, '', '', 'Kristen ', 'Traynor', 'Graduate Student Senate Appointee', NULL, '', NULL, NULL, NULL, NULL, NULL, NULL, NULL, NULL, NULL, '0', NULL, NULL, NULL, NULL, NULL, NULL, NULL, NULL, NULL, NULL, NULL, NULL, NULL, NULL, NULL, NULL, NULL, NULL, NULL, '2017-05-04 20:34:15', '2017-05-04 20:34:15', 'bfd39baf-72ff-447a-9d2f-4a450244a7e8'),
 ('129', '180', 'en_us', 'Lusi Cai', '', NULL, '', '[\"voting\"]', 'Lusi ', 'Cai', 'JMC Graduate Student', NULL, '', NULL, NULL, NULL, NULL, NULL, NULL, NULL, NULL, NULL, '0', NULL, NULL, NULL, NULL, NULL, NULL, NULL, NULL, NULL, NULL, NULL, NULL, NULL, NULL, NULL, NULL, NULL, NULL, NULL, '2017-05-04 20:35:29', '2017-05-04 20:35:29', '8a6cb9b0-0d4d-4528-976d-6755a58295fb'),
 ('130', '181', 'en_us', 'Mark Turner', '', NULL, '', '[\"voting\"]', 'Mark', 'Turner', 'Media Professional', NULL, '', NULL, NULL, NULL, NULL, NULL, NULL, NULL, NULL, NULL, '0', NULL, NULL, NULL, NULL, NULL, NULL, NULL, NULL, NULL, NULL, NULL, NULL, NULL, NULL, NULL, NULL, NULL, NULL, NULL, '2017-05-04 20:36:07', '2017-05-04 20:36:07', 'a96d66a6-784d-43ee-93b5-06f26cab1f9c'),
 ('134', '185', 'en_us', 'Amanda Rabinowitz', '', NULL, '', '[\"nonVoting\"]', 'Amanda', 'Rabinowitz', 'Black Squirrel Radio Adviser', NULL, '', NULL, NULL, NULL, NULL, NULL, NULL, NULL, NULL, NULL, '0', NULL, NULL, NULL, NULL, NULL, NULL, NULL, NULL, NULL, NULL, NULL, NULL, NULL, NULL, NULL, NULL, NULL, NULL, NULL, '2017-05-04 20:39:52', '2017-05-04 20:39:52', '574ad224-9a6a-4ad9-9207-31ae4a86dbf5'),
 ('136', '187', 'en_us', 'M.J. Eckhouse', '', NULL, 'meckhous@kent.edu', '[\"nonVoting\",\"studentMediaLeader\"]', 'M.J.', 'Eckhouse', 'Fusion Editor', NULL, '', NULL, NULL, NULL, NULL, NULL, NULL, NULL, NULL, NULL, '0', NULL, NULL, NULL, NULL, NULL, NULL, NULL, NULL, NULL, NULL, NULL, NULL, NULL, NULL, NULL, NULL, NULL, NULL, NULL, '2017-05-04 20:41:27', '2017-06-05 21:08:10', 'd3b25a15-8cfc-4d80-83ee-2171196beac4'),
 ('137', '188', 'en_us', 'Bruce Zake', '', NULL, '', '[\"nonVoting\"]', 'Bruce', 'Zake', 'Fusion Adviser', NULL, '', NULL, NULL, NULL, NULL, NULL, NULL, NULL, NULL, NULL, '0', NULL, NULL, NULL, NULL, NULL, NULL, NULL, NULL, NULL, NULL, NULL, NULL, NULL, NULL, NULL, NULL, NULL, NULL, NULL, '2017-05-04 20:43:38', '2017-05-04 20:43:38', 'fec19afd-7e4e-4e38-83f4-42fc63a2a48f'),
 ('139', '190', 'en_us', 'Sue Zake', '', NULL, '', '[\"nonVoting\"]', 'Sue', 'Zake', 'Student Media Newsroom Adviser (Kent Stater, TV2, Kentwired)', NULL, '', NULL, NULL, NULL, NULL, NULL, NULL, NULL, NULL, NULL, '0', NULL, NULL, NULL, NULL, NULL, NULL, NULL, NULL, NULL, NULL, NULL, NULL, NULL, NULL, NULL, NULL, NULL, NULL, NULL, '2017-05-04 20:44:58', '2017-05-04 20:44:58', '17908037-d148-4fc2-92db-8e9f6b23f57a'),
 ('145', '196', 'en_us', 'Kim Winebrenner', '', NULL, '', '[\"nonVoting\"]', 'Kim', 'Winebrenner', 'Luna Negra Adviser', NULL, '', NULL, NULL, NULL, NULL, NULL, NULL, NULL, NULL, NULL, '0', NULL, NULL, NULL, NULL, NULL, NULL, NULL, NULL, NULL, NULL, NULL, NULL, NULL, NULL, NULL, NULL, NULL, NULL, NULL, '2017-05-04 20:52:14', '2017-06-05 21:18:26', '03ac43ce-9bbd-4f21-826b-846435d6aeb7'),
 ('146', '197', 'en_us', 'Anna Huntsman', '', NULL, 'ahuntsm1@kent.edu', '[\"nonVoting\",\"studentMediaLeader\"]', 'Anna ', 'Hunstman', 'TV2 General Manager', NULL, '', NULL, NULL, NULL, NULL, NULL, NULL, NULL, NULL, NULL, '0', NULL, NULL, NULL, NULL, NULL, NULL, NULL, NULL, NULL, NULL, NULL, NULL, NULL, NULL, NULL, NULL, NULL, NULL, NULL, '2017-05-04 20:54:53', '2017-06-05 21:03:41', '0f7b292a-0539-41af-bd2b-ac5202a07a1d'),
 ('148', '199', 'en_us', 'Sierra Allen', '', NULL, 'sallen38@kent.edu', '[\"nonVoting\",\"studentMediaLeader\"]', 'Sierra', 'Allen', 'Uhuru Editor', NULL, '', NULL, NULL, NULL, NULL, NULL, NULL, NULL, NULL, NULL, '0', NULL, NULL, NULL, NULL, NULL, NULL, NULL, NULL, NULL, NULL, NULL, NULL, NULL, NULL, NULL, NULL, NULL, NULL, NULL, '2017-05-04 20:58:52', '2017-05-04 20:58:52', 'b94d5f8c-1fd5-4b3e-8d1b-ce6e83128db9'),
 ('150', '201', 'en_us', 'Clara Sullivan', '', NULL, 'csulli21@kent.edu', '[\"nonVoting\",\"studentMediaLeader\"]', 'Clara', 'Sullivan', 'Student Media Advertising & Marketing Manager', NULL, '', NULL, NULL, NULL, NULL, NULL, NULL, NULL, NULL, NULL, '0', NULL, NULL, NULL, NULL, NULL, NULL, NULL, NULL, NULL, NULL, NULL, NULL, NULL, NULL, NULL, NULL, NULL, NULL, NULL, '2017-05-04 21:02:28', '2017-05-04 21:02:28', '17d1c208-3333-495f-822c-419e45b141e8');
INSERT INTO `craft_content` (`id`, `elementId`, `locale`, `title`, `field_body`, `field_awardsAchievements`, `field_email`, `field_employeeType`, `field_firstName`, `field_lastName`, `field_jobTitle`, `field_organization`, `field_phone`, `field_description`, `field_mailingAddress`, `field_mediaPartnerText`, `field_tagline`, `field_time`, `field_location`, `field_statistics`, `field_video`, `field_shortDescription`, `field_featuredMediaPartner`, `field_quotee`, `field_quote`, `field_supportUs`, `field_date`, `field_address`, `field_department`, `field_adBody`, `field_advertisingHeader`, `field_mediaPartnersHeader`, `field_videoCaption`, `field_creativeServicesDescription`, `field_recognitionCaption`, `field_advertisingOrder`, `field_newsSubheader`, `field_aboutStudentMediaSubheader`, `field_webUrl`, `field_taglineLevel2`, `field_taglineLevel3`, `field_mediaPartnerBody`, `dateCreated`, `dateUpdated`, `uid`) VALUES
 ('151', '202', 'en_us', 'Tami Cindea Bongiorni', '', NULL, 'tbongior@kent.edu', '[\"nonVoting\",\"officeStaff\"]', 'Tami', 'Cindea Bongiorni', 'Student Media Advertising & Marketing Manager', NULL, '', NULL, NULL, NULL, NULL, NULL, NULL, NULL, NULL, NULL, '0', NULL, NULL, NULL, NULL, NULL, NULL, NULL, NULL, NULL, NULL, NULL, NULL, NULL, NULL, NULL, NULL, NULL, NULL, NULL, '2017-05-04 21:03:08', '2017-06-02 19:29:13', '20c78565-26ef-4051-a240-273b649c1765'),
 ('152', '203', 'en_us', 'Jmcmb Smpc 04 16 15', NULL, NULL, NULL, '[]', NULL, NULL, NULL, NULL, NULL, NULL, NULL, NULL, NULL, NULL, NULL, NULL, NULL, NULL, '0', NULL, NULL, NULL, NULL, NULL, NULL, NULL, NULL, NULL, NULL, NULL, NULL, NULL, NULL, NULL, NULL, NULL, NULL, NULL, '2017-05-04 21:07:50', '2017-06-01 19:49:57', '59b7dc40-b808-4ee2-a20a-42ff4607c70d'),
 ('153', '204', 'en_us', 'Smb Guidelines 102015', NULL, NULL, NULL, '[]', NULL, NULL, NULL, NULL, NULL, NULL, NULL, NULL, NULL, NULL, NULL, NULL, NULL, NULL, '0', NULL, NULL, NULL, NULL, NULL, NULL, NULL, NULL, NULL, NULL, NULL, NULL, NULL, NULL, NULL, NULL, NULL, NULL, NULL, '2017-05-10 21:33:23', '2017-06-01 19:49:57', '0568823e-eae6-4fd0-82a4-49276bcddcf0'),
 ('154', '205', 'en_us', 'Smb Budget 040116', NULL, NULL, NULL, '[]', NULL, NULL, NULL, NULL, NULL, NULL, NULL, NULL, NULL, NULL, NULL, NULL, NULL, NULL, '0', NULL, NULL, NULL, NULL, NULL, NULL, NULL, NULL, NULL, NULL, NULL, NULL, NULL, NULL, NULL, NULL, NULL, NULL, NULL, '2017-05-10 21:41:37', '2017-06-01 19:49:57', '5fbc2072-e206-46f0-8a08-8f26eab6ed73'),
 ('155', '206', 'en_us', 'April 1, 2016 Budget Meeting Minutes', NULL, NULL, NULL, '[]', NULL, NULL, NULL, NULL, NULL, NULL, NULL, NULL, NULL, NULL, NULL, NULL, NULL, NULL, '0', NULL, NULL, NULL, '2016-04-01 04:00:00', NULL, NULL, NULL, NULL, NULL, NULL, NULL, NULL, NULL, NULL, NULL, NULL, NULL, NULL, NULL, '2017-05-10 21:42:55', '2017-05-10 21:42:55', '8161114d-19a5-4920-86ad-e190c9e32892'),
 ('156', '207', 'en_us', 'Smb Full 041516', NULL, NULL, NULL, '[]', NULL, NULL, NULL, NULL, NULL, NULL, NULL, NULL, NULL, NULL, NULL, NULL, NULL, NULL, '0', NULL, NULL, NULL, NULL, NULL, NULL, NULL, NULL, NULL, NULL, NULL, NULL, NULL, NULL, NULL, NULL, NULL, NULL, NULL, '2017-05-10 21:44:05', '2017-06-01 19:49:57', '211c8c5b-af1c-46c6-ac15-785a7250ee69'),
 ('157', '208', 'en_us', 'April 15, 2016 SMB Meeting Minutes', NULL, NULL, NULL, '[]', NULL, NULL, NULL, NULL, NULL, NULL, NULL, NULL, NULL, NULL, NULL, NULL, NULL, NULL, '0', NULL, NULL, NULL, '2016-04-15 04:00:00', NULL, NULL, NULL, NULL, NULL, NULL, NULL, NULL, NULL, NULL, NULL, NULL, NULL, NULL, NULL, '2017-05-10 21:44:34', '2017-05-10 21:45:30', 'bacd6f50-eb6c-4333-91c7-92f49446e9a9'),
 ('158', '209', 'en_us', 'Smb Full 100915', NULL, NULL, NULL, '[]', NULL, NULL, NULL, NULL, NULL, NULL, NULL, NULL, NULL, NULL, NULL, NULL, NULL, NULL, '0', NULL, NULL, NULL, NULL, NULL, NULL, NULL, NULL, NULL, NULL, NULL, NULL, NULL, NULL, NULL, NULL, NULL, NULL, NULL, '2017-05-10 21:45:47', '2017-06-01 19:49:57', '178c525a-515e-44a9-970e-e78af3c99198'),
 ('159', '210', 'en_us', 'October 9, 2015 SMB Meeting Minutes', NULL, NULL, NULL, '[]', NULL, NULL, NULL, NULL, NULL, NULL, NULL, NULL, NULL, NULL, NULL, NULL, NULL, NULL, '0', NULL, NULL, NULL, '2015-10-09 04:00:00', NULL, NULL, NULL, NULL, NULL, NULL, NULL, NULL, NULL, NULL, NULL, NULL, NULL, NULL, NULL, '2017-05-10 21:46:44', '2017-05-10 21:46:44', '03738429-6f7f-44ce-9730-63732a787e06'),
 ('160', '211', 'en_us', 'Smb Selection 033016', NULL, NULL, NULL, '[]', NULL, NULL, NULL, NULL, NULL, NULL, NULL, NULL, NULL, NULL, NULL, NULL, NULL, NULL, '0', NULL, NULL, NULL, NULL, NULL, NULL, NULL, NULL, NULL, NULL, NULL, NULL, NULL, NULL, NULL, NULL, NULL, NULL, NULL, '2017-05-10 21:49:56', '2017-06-01 19:49:57', 'b82cd32e-1412-4978-9d3a-4d7622c5fa09'),
 ('161', '212', 'en_us', 'April 6, 2016 SMB Selection Meeting Minutes', NULL, NULL, NULL, '[]', NULL, NULL, NULL, NULL, NULL, NULL, NULL, NULL, NULL, NULL, NULL, NULL, NULL, NULL, '0', NULL, NULL, NULL, '2016-04-06 04:00:00', NULL, NULL, NULL, NULL, NULL, NULL, NULL, NULL, NULL, NULL, NULL, NULL, NULL, NULL, NULL, '2017-05-10 21:51:09', '2017-05-10 21:51:09', '2aca4ba2-1796-4d9b-9925-40a8fae0ca72'),
 ('162', '213', 'en_us', 'Smb Selection 040816', NULL, NULL, NULL, '[]', NULL, NULL, NULL, NULL, NULL, NULL, NULL, NULL, NULL, NULL, NULL, NULL, NULL, NULL, '0', NULL, NULL, NULL, NULL, NULL, NULL, NULL, NULL, NULL, NULL, NULL, NULL, NULL, NULL, NULL, NULL, NULL, NULL, NULL, '2017-05-10 21:51:30', '2017-06-01 19:49:57', '6842ff05-84aa-4159-a7cd-d36782a78452'),
 ('163', '214', 'en_us', 'April 8, 2016 SMB Selection Meeting Minutes', NULL, NULL, NULL, '[]', NULL, NULL, NULL, NULL, NULL, NULL, NULL, NULL, NULL, NULL, NULL, NULL, NULL, NULL, '0', NULL, NULL, NULL, '2016-04-08 04:00:00', NULL, NULL, NULL, NULL, NULL, NULL, NULL, NULL, NULL, NULL, NULL, NULL, NULL, NULL, NULL, '2017-05-10 21:51:57', '2017-05-10 21:51:57', '6e6b7fe9-6bb3-4c24-944a-895f8011c554'),
 ('164', '215', 'en_us', 'Smb Selection 120415', NULL, NULL, NULL, '[]', NULL, NULL, NULL, NULL, NULL, NULL, NULL, NULL, NULL, NULL, NULL, NULL, NULL, NULL, '0', NULL, NULL, NULL, NULL, NULL, NULL, NULL, NULL, NULL, NULL, NULL, NULL, NULL, NULL, NULL, NULL, NULL, NULL, NULL, '2017-05-10 21:53:00', '2017-06-01 19:49:57', '65e861bf-df3d-4a9c-8fa9-63904bf685c1'),
 ('165', '216', 'en_us', 'December 4, 2015 SMB Selection Meeting Minutes', NULL, NULL, NULL, '[]', NULL, NULL, NULL, NULL, NULL, NULL, NULL, NULL, NULL, NULL, NULL, NULL, NULL, NULL, '0', NULL, NULL, NULL, '2015-12-04 05:00:00', NULL, NULL, NULL, NULL, NULL, NULL, NULL, NULL, NULL, NULL, NULL, NULL, NULL, NULL, NULL, '2017-05-10 21:53:27', '2017-05-10 21:53:27', '84d00860-b342-4a63-a1dd-a77caa541bf5'),
 ('166', '217', 'en_us', 'Smb Special 012216', NULL, NULL, NULL, '[]', NULL, NULL, NULL, NULL, NULL, NULL, NULL, NULL, NULL, NULL, NULL, NULL, NULL, NULL, '0', NULL, NULL, NULL, NULL, NULL, NULL, NULL, NULL, NULL, NULL, NULL, NULL, NULL, NULL, NULL, NULL, NULL, NULL, NULL, '2017-05-10 21:55:14', '2017-06-01 19:49:57', 'a9fb353e-05a4-43e1-a38a-73d9228cfeda'),
 ('167', '218', 'en_us', 'January 22, 2016 Special Meeting Minutes', NULL, NULL, NULL, '[]', NULL, NULL, NULL, NULL, NULL, NULL, NULL, NULL, NULL, NULL, NULL, NULL, NULL, NULL, '0', NULL, NULL, NULL, '2016-01-22 05:00:00', NULL, NULL, NULL, NULL, NULL, NULL, NULL, NULL, NULL, NULL, NULL, NULL, NULL, NULL, NULL, '2017-05-10 21:55:39', '2017-05-10 21:55:39', 'f575a70a-72ec-441a-8337-bc79439e7c6e'),
 ('168', '219', 'en_us', 'Radio Station Photo', NULL, NULL, NULL, '[]', NULL, NULL, NULL, NULL, NULL, NULL, NULL, NULL, NULL, NULL, NULL, NULL, NULL, NULL, '0', NULL, NULL, NULL, NULL, NULL, NULL, NULL, NULL, NULL, NULL, NULL, NULL, NULL, NULL, NULL, NULL, NULL, NULL, NULL, '2017-05-10 23:50:41', '2017-06-01 19:49:51', 'f119c4c8-54b7-4219-a3f3-ad0478899091'),
 ('169', '220', 'en_us', 'Dsc8013 Copy', NULL, NULL, NULL, '[]', NULL, NULL, NULL, NULL, NULL, NULL, NULL, NULL, NULL, NULL, NULL, NULL, NULL, NULL, '0', NULL, NULL, NULL, NULL, NULL, NULL, NULL, NULL, NULL, NULL, NULL, NULL, NULL, NULL, NULL, NULL, NULL, NULL, NULL, '2017-05-10 23:51:45', '2017-06-01 19:49:49', 'b94fa97a-4a7d-4844-987f-944439c426f2'),
 ('170', '221', 'en_us', 'Img 0216', NULL, NULL, NULL, '[]', NULL, NULL, NULL, NULL, NULL, NULL, NULL, NULL, NULL, NULL, NULL, NULL, NULL, NULL, '0', NULL, NULL, NULL, NULL, NULL, NULL, NULL, NULL, NULL, NULL, NULL, NULL, NULL, NULL, NULL, NULL, NULL, NULL, NULL, '2017-05-10 23:54:51', '2017-06-01 19:49:51', 'a403fcfe-39ed-47b3-a535-1a45d1c83ce2'),
 ('171', '223', 'en_us', 'Fb Cover Overlay4', NULL, NULL, NULL, '[]', NULL, NULL, NULL, NULL, NULL, NULL, NULL, NULL, NULL, NULL, NULL, NULL, NULL, NULL, '0', NULL, NULL, NULL, NULL, NULL, NULL, NULL, NULL, NULL, NULL, NULL, NULL, NULL, NULL, NULL, NULL, NULL, NULL, NULL, '2017-05-11 02:39:49', '2017-06-01 19:49:44', 'bf72024e-da26-4b80-968b-7310186a9eae'),
 ('172', '224', 'en_us', 'Twitter Cover Overlay4', NULL, NULL, NULL, '[]', NULL, NULL, NULL, NULL, NULL, NULL, NULL, NULL, NULL, NULL, NULL, NULL, NULL, NULL, '0', NULL, NULL, NULL, NULL, NULL, NULL, NULL, NULL, NULL, NULL, NULL, NULL, NULL, NULL, NULL, NULL, NULL, NULL, NULL, '2017-05-11 02:40:08', '2017-06-01 19:49:55', '73654440-adc8-4a8a-9c04-14d453c47ce0'),
 ('173', '233', 'en_us', 'Img 0230', NULL, NULL, NULL, '[]', NULL, NULL, NULL, NULL, NULL, NULL, NULL, NULL, NULL, NULL, NULL, NULL, NULL, NULL, '0', NULL, NULL, NULL, NULL, NULL, NULL, NULL, NULL, NULL, NULL, NULL, NULL, NULL, NULL, NULL, NULL, NULL, NULL, NULL, '2017-05-11 16:54:33', '2017-06-01 19:49:52', 'd1f51358-6f6f-4da3-9ec3-712dcebba335'),
 ('174', '234', 'en_us', 'Dsc8042', NULL, NULL, NULL, '[]', NULL, NULL, NULL, NULL, NULL, NULL, NULL, NULL, NULL, NULL, NULL, NULL, NULL, NULL, '0', NULL, NULL, NULL, NULL, NULL, NULL, NULL, NULL, NULL, NULL, NULL, NULL, NULL, NULL, NULL, NULL, NULL, NULL, NULL, '2017-05-11 17:19:50', '2017-06-01 19:49:50', '174419af-0a85-408b-9c5c-9b659254ed93'),
 ('175', '235', 'en_us', NULL, NULL, NULL, NULL, '[]', NULL, NULL, NULL, NULL, NULL, NULL, NULL, NULL, NULL, NULL, NULL, NULL, NULL, NULL, '0', NULL, NULL, NULL, NULL, NULL, NULL, NULL, NULL, NULL, NULL, NULL, NULL, NULL, NULL, NULL, NULL, NULL, NULL, NULL, '2017-05-19 18:26:25', '2017-05-19 18:26:25', 'ab861a7d-7157-45b1-9755-a1682f7479da'),
 ('176', '236', 'en_us', 'Bsr Logo Teal Large 01', NULL, NULL, NULL, '[]', NULL, NULL, NULL, NULL, NULL, NULL, NULL, NULL, NULL, NULL, NULL, NULL, NULL, NULL, '0', NULL, NULL, NULL, NULL, NULL, NULL, NULL, NULL, NULL, NULL, NULL, NULL, NULL, NULL, NULL, NULL, NULL, NULL, NULL, '2017-05-31 15:16:06', '2017-06-01 19:49:43', 'e60fa058-bddf-4c0b-a20c-7592545c9933'),
 ('177', '238', 'en_us', 'Ksuif Hero01', NULL, NULL, NULL, '[]', NULL, NULL, NULL, NULL, NULL, NULL, NULL, NULL, NULL, NULL, NULL, NULL, NULL, NULL, '0', NULL, NULL, NULL, NULL, NULL, NULL, NULL, NULL, NULL, NULL, NULL, NULL, NULL, NULL, NULL, NULL, NULL, NULL, NULL, '2017-06-01 19:10:02', '2017-06-14 18:05:45', '5d90a9ee-c812-4f67-8b55-0153ec45995d'),
 ('178', '239', 'en_us', 'Bsr Hero', NULL, NULL, NULL, '[]', NULL, NULL, NULL, NULL, NULL, NULL, NULL, NULL, NULL, NULL, NULL, NULL, NULL, NULL, '0', NULL, NULL, NULL, NULL, NULL, NULL, NULL, NULL, NULL, NULL, NULL, NULL, NULL, NULL, NULL, NULL, NULL, NULL, NULL, '2017-06-01 19:11:20', '2017-06-14 17:50:45', 'c93b80ab-a172-4e8d-8dc3-93b61a054042'),
 ('179', '240', 'en_us', 'Tv2 Hero01', NULL, NULL, NULL, '[]', NULL, NULL, NULL, NULL, NULL, NULL, NULL, NULL, NULL, NULL, NULL, NULL, NULL, NULL, '0', NULL, NULL, NULL, NULL, NULL, NULL, NULL, NULL, NULL, NULL, NULL, NULL, NULL, NULL, NULL, NULL, NULL, NULL, NULL, '2017-06-01 19:11:47', '2017-06-01 19:49:54', 'e6042b49-0b43-4553-9434-dbdbfee16f97'),
 ('180', '241', 'en_us', 'Fusion Hero', NULL, NULL, NULL, '[]', NULL, NULL, NULL, NULL, NULL, NULL, NULL, NULL, NULL, NULL, NULL, NULL, NULL, NULL, '0', NULL, NULL, NULL, NULL, NULL, NULL, NULL, NULL, NULL, NULL, NULL, NULL, NULL, NULL, NULL, NULL, NULL, NULL, NULL, '2017-06-01 19:12:17', '2017-06-14 18:20:31', 'b7b24444-4366-4235-b368-20e9db8da888'),
 ('181', '242', 'en_us', 'Burr Hero', NULL, NULL, NULL, '[]', NULL, NULL, NULL, NULL, NULL, NULL, NULL, NULL, NULL, NULL, NULL, NULL, NULL, NULL, '0', NULL, NULL, NULL, NULL, NULL, NULL, NULL, NULL, NULL, NULL, NULL, NULL, NULL, NULL, NULL, NULL, NULL, NULL, NULL, '2017-06-01 19:12:47', '2017-06-14 17:38:20', '789ed9d0-aaae-4eb9-958b-97631debd54e'),
 ('182', '243', 'en_us', 'Amag Hero', NULL, NULL, NULL, '[]', NULL, NULL, NULL, NULL, NULL, NULL, NULL, NULL, NULL, NULL, NULL, NULL, NULL, NULL, '0', NULL, NULL, NULL, NULL, NULL, NULL, NULL, NULL, NULL, NULL, NULL, NULL, NULL, NULL, NULL, NULL, NULL, NULL, NULL, '2017-06-01 19:13:57', '2017-06-01 19:49:47', '8b0a891d-f8f4-4c54-9d86-7bb2c6d4e9f5'),
 ('183', '244', 'en_us', 'Stater Hero 01', NULL, NULL, NULL, '[]', NULL, NULL, NULL, NULL, NULL, NULL, NULL, NULL, NULL, NULL, NULL, NULL, NULL, NULL, '0', NULL, NULL, NULL, NULL, NULL, NULL, NULL, NULL, NULL, NULL, NULL, NULL, NULL, NULL, NULL, NULL, NULL, NULL, NULL, '2017-06-01 19:14:35', '2017-06-01 19:49:54', '6f3f67f4-473f-4ad4-9974-a5b70e6772eb'),
 ('184', '245', 'en_us', 'Tv2 Hero 02', NULL, NULL, NULL, '[]', NULL, NULL, NULL, NULL, NULL, NULL, NULL, NULL, NULL, NULL, NULL, NULL, NULL, NULL, '0', NULL, NULL, NULL, NULL, NULL, NULL, NULL, NULL, NULL, NULL, NULL, NULL, NULL, NULL, NULL, NULL, NULL, NULL, NULL, '2017-06-01 19:14:46', '2017-06-01 19:49:55', 'ebb46494-2447-412b-a9c6-d993b03062db'),
 ('185', '246', 'en_us', 'Misc Hero', NULL, NULL, NULL, '[]', NULL, NULL, NULL, NULL, NULL, NULL, NULL, NULL, NULL, NULL, NULL, NULL, NULL, NULL, '0', NULL, NULL, NULL, NULL, NULL, NULL, NULL, NULL, NULL, NULL, NULL, NULL, NULL, NULL, NULL, NULL, NULL, NULL, NULL, '2017-06-01 19:15:36', '2017-06-01 19:49:53', 'de328241-7b09-4f61-8c62-c470767a3fd2'),
 ('186', '247', 'en_us', 'Misc Hero 03', NULL, NULL, NULL, '[]', NULL, NULL, NULL, NULL, NULL, NULL, NULL, NULL, NULL, NULL, NULL, NULL, NULL, NULL, '0', NULL, NULL, NULL, NULL, NULL, NULL, NULL, NULL, NULL, NULL, NULL, NULL, NULL, NULL, NULL, NULL, NULL, NULL, NULL, '2017-06-01 19:25:14', '2017-06-01 19:49:54', 'cebedd74-2087-40f8-9ab0-2ac7f2d83a58'),
 ('187', '248', 'en_us', 'Misc Hero 02', NULL, NULL, NULL, '[]', NULL, NULL, NULL, NULL, NULL, NULL, NULL, NULL, NULL, NULL, NULL, NULL, NULL, NULL, '0', NULL, NULL, NULL, NULL, NULL, NULL, NULL, NULL, NULL, NULL, NULL, NULL, NULL, NULL, NULL, NULL, NULL, NULL, NULL, '2017-06-01 19:25:27', '2017-06-01 19:49:53', '830bbbcf-c68e-473c-a9bd-142313d740a3'),
 ('188', '249', 'en_us', 'Ksuif Hero02', NULL, NULL, NULL, '[]', NULL, NULL, NULL, NULL, NULL, NULL, NULL, NULL, NULL, NULL, NULL, NULL, NULL, NULL, '0', NULL, NULL, NULL, NULL, NULL, NULL, NULL, NULL, NULL, NULL, NULL, NULL, NULL, NULL, NULL, NULL, NULL, NULL, NULL, '2017-06-01 19:39:13', '2017-06-01 19:49:53', '9642b7ce-d8aa-4766-bd99-d8c08b5319be'),
 ('189', '250', 'en_us', '20140921 140629', NULL, NULL, NULL, '[]', NULL, NULL, NULL, NULL, NULL, NULL, NULL, NULL, NULL, NULL, NULL, NULL, NULL, NULL, '0', NULL, NULL, NULL, NULL, NULL, NULL, NULL, NULL, NULL, NULL, NULL, NULL, NULL, NULL, NULL, NULL, NULL, NULL, NULL, '2017-06-01 19:49:43', '2017-06-01 19:49:43', 'f62175c2-e3df-42eb-b80d-b732be919225'),
 ('190', '251', 'en_us', 'Camera', NULL, NULL, NULL, '[]', NULL, NULL, NULL, NULL, NULL, NULL, NULL, NULL, NULL, NULL, NULL, NULL, NULL, NULL, '0', NULL, NULL, NULL, NULL, NULL, NULL, NULL, NULL, NULL, NULL, NULL, NULL, NULL, NULL, NULL, NULL, NULL, NULL, NULL, '2017-06-01 19:49:44', '2017-06-01 19:49:44', 'd42aecf5-b2f8-411d-add2-5e9c9b6285c4'),
 ('191', '252', 'en_us', 'Fusion', NULL, NULL, NULL, '[]', NULL, NULL, NULL, NULL, NULL, NULL, NULL, NULL, NULL, NULL, NULL, NULL, NULL, NULL, '0', NULL, NULL, NULL, NULL, NULL, NULL, NULL, NULL, NULL, NULL, NULL, NULL, NULL, NULL, NULL, NULL, NULL, NULL, NULL, '2017-06-01 19:49:44', '2017-06-01 19:49:45', '011b6471-5a2d-4ef1-bbf1-ef88479947e8'),
 ('192', '253', 'en_us', 'Mag', NULL, NULL, NULL, '[]', NULL, NULL, NULL, NULL, NULL, NULL, NULL, NULL, NULL, NULL, NULL, NULL, NULL, NULL, '0', NULL, NULL, NULL, NULL, NULL, NULL, NULL, NULL, NULL, NULL, NULL, NULL, NULL, NULL, NULL, NULL, NULL, NULL, NULL, '2017-06-01 19:49:45', '2017-06-01 19:49:45', 'c0053b18-4928-42c6-8349-50960a4303fe'),
 ('193', '254', 'en_us', 'Magazine', NULL, NULL, NULL, '[]', NULL, NULL, NULL, NULL, NULL, NULL, NULL, NULL, NULL, NULL, NULL, NULL, NULL, NULL, '0', NULL, NULL, NULL, NULL, NULL, NULL, NULL, NULL, NULL, NULL, NULL, NULL, NULL, NULL, NULL, NULL, NULL, NULL, NULL, '2017-06-01 19:49:46', '2017-06-01 19:49:46', 'd1d1cbdb-0b1a-4c60-add4-83a457d757ce'),
 ('194', '255', 'en_us', 'News', NULL, NULL, NULL, '[]', NULL, NULL, NULL, NULL, NULL, NULL, NULL, NULL, NULL, NULL, NULL, NULL, NULL, NULL, '0', NULL, NULL, NULL, NULL, NULL, NULL, NULL, NULL, NULL, NULL, NULL, NULL, NULL, NULL, NULL, NULL, NULL, NULL, NULL, '2017-06-01 19:49:46', '2017-06-01 19:49:46', '9dc28b10-e679-41fc-9ac4-c51cd72d708f'),
 ('195', '256', 'en_us', 'Sound', NULL, NULL, NULL, '[]', NULL, NULL, NULL, NULL, NULL, NULL, NULL, NULL, NULL, NULL, NULL, NULL, NULL, NULL, '0', NULL, NULL, NULL, NULL, NULL, NULL, NULL, NULL, NULL, NULL, NULL, NULL, NULL, NULL, NULL, NULL, NULL, NULL, NULL, '2017-06-01 19:49:46', '2017-06-01 19:49:47', '0d6810ce-8f1f-48b8-9322-af2f1f116ff7'),
 ('196', '257', 'en_us', 'Square Stock Img', NULL, NULL, NULL, '[]', NULL, NULL, NULL, NULL, NULL, NULL, NULL, NULL, NULL, NULL, NULL, NULL, NULL, NULL, '0', NULL, NULL, NULL, NULL, NULL, NULL, NULL, NULL, NULL, NULL, NULL, NULL, NULL, NULL, NULL, NULL, NULL, NULL, NULL, '2017-06-01 19:49:47', '2017-06-01 19:49:47', '7b056790-a175-4dc1-b5bd-e201bf5477ad'),
 ('197', '258', 'en_us', 'Eliza Fin', NULL, NULL, NULL, '[]', NULL, NULL, NULL, NULL, NULL, NULL, NULL, NULL, NULL, NULL, NULL, NULL, NULL, NULL, '0', NULL, NULL, NULL, NULL, NULL, NULL, NULL, NULL, NULL, NULL, NULL, NULL, NULL, NULL, NULL, NULL, NULL, NULL, NULL, '2017-06-01 19:49:55', '2017-06-01 19:49:55', 'f98adf9c-a8bf-4fea-8bba-64d1a0b839c6'),
 ('198', '259', 'en_us', 'People', NULL, NULL, NULL, '[]', NULL, NULL, NULL, NULL, NULL, NULL, NULL, NULL, NULL, NULL, NULL, NULL, NULL, NULL, '0', NULL, NULL, NULL, NULL, NULL, NULL, NULL, NULL, NULL, NULL, NULL, NULL, NULL, NULL, NULL, NULL, NULL, NULL, NULL, '2017-06-01 19:49:56', '2017-06-01 19:49:56', 'dcbda611-6a7e-4a8e-8188-5c9a3a30b151'),
 ('199', '260', 'en_us', 'Pika 01', NULL, NULL, NULL, '[]', NULL, NULL, NULL, NULL, NULL, NULL, NULL, NULL, NULL, NULL, NULL, NULL, NULL, NULL, '0', NULL, NULL, NULL, NULL, NULL, NULL, NULL, NULL, NULL, NULL, NULL, NULL, NULL, NULL, NULL, NULL, NULL, NULL, NULL, '2017-06-01 19:49:56', '2017-06-01 19:49:56', '7740eb81-bccb-4726-938c-f868a21e4908'),
 ('200', '266', 'en_us', NULL, NULL, NULL, NULL, '[]', NULL, NULL, NULL, NULL, NULL, NULL, NULL, NULL, NULL, NULL, NULL, NULL, NULL, NULL, '0', NULL, NULL, NULL, NULL, NULL, NULL, NULL, NULL, NULL, NULL, NULL, NULL, NULL, NULL, NULL, NULL, NULL, NULL, NULL, '2017-06-02 19:19:57', '2017-06-02 19:26:19', '37ce25ae-0792-43c4-af97-9fd1c43615d9'),
 ('201', '267', 'en_us', NULL, NULL, NULL, NULL, '[]', NULL, NULL, NULL, NULL, NULL, NULL, NULL, NULL, NULL, NULL, NULL, NULL, NULL, NULL, '0', NULL, NULL, NULL, NULL, NULL, NULL, NULL, NULL, NULL, NULL, NULL, NULL, NULL, NULL, NULL, NULL, NULL, NULL, NULL, '2017-06-02 19:21:16', '2017-06-02 19:26:48', '3499a2d2-ce60-4b44-9e10-9e2a12197dae'),
 ('202', '268', 'en_us', 'Sm Media Kit 16 17 Email', NULL, NULL, NULL, '[]', NULL, NULL, NULL, NULL, NULL, NULL, NULL, NULL, NULL, NULL, NULL, NULL, NULL, NULL, '0', NULL, NULL, NULL, NULL, NULL, NULL, NULL, NULL, NULL, NULL, NULL, NULL, NULL, NULL, NULL, NULL, NULL, NULL, NULL, '2017-06-02 20:26:36', '2017-06-02 20:26:36', '1e9c1fd5-4169-4f6c-9f81-d55e5f760b3c'),
 ('203', '269', 'en_us', 'Uhuru Hero', NULL, NULL, NULL, '[]', NULL, NULL, NULL, NULL, NULL, NULL, NULL, NULL, NULL, NULL, NULL, NULL, NULL, NULL, '0', NULL, NULL, NULL, NULL, NULL, NULL, NULL, NULL, NULL, NULL, NULL, NULL, NULL, NULL, NULL, NULL, NULL, NULL, NULL, '2017-06-02 20:50:32', '2017-06-02 20:50:32', 'cbd43969-57fd-4a97-ae11-62c1c8802424'),
 ('204', '270', 'en_us', 'Uhuru Hero 02', NULL, NULL, NULL, '[]', NULL, NULL, NULL, NULL, NULL, NULL, NULL, NULL, NULL, NULL, NULL, NULL, NULL, NULL, '0', NULL, NULL, NULL, NULL, NULL, NULL, NULL, NULL, NULL, NULL, NULL, NULL, NULL, NULL, NULL, NULL, NULL, NULL, NULL, '2017-06-02 20:52:59', '2017-06-02 20:52:59', '59d79ac6-fec4-489a-98ab-57b0b576745e'),
 ('205', '271', 'en_us', 'Misc Hero05', NULL, NULL, NULL, '[]', NULL, NULL, NULL, NULL, NULL, NULL, NULL, NULL, NULL, NULL, NULL, NULL, NULL, NULL, '0', NULL, NULL, NULL, NULL, NULL, NULL, NULL, NULL, NULL, NULL, NULL, NULL, NULL, NULL, NULL, NULL, NULL, NULL, NULL, '2017-06-05 16:54:24', '2017-06-05 16:54:24', 'ce0e6c97-625a-40db-8da5-41723e9ef299'),
 ('206', '272', 'en_us', 'Misc Hero 04', NULL, NULL, NULL, '[]', NULL, NULL, NULL, NULL, NULL, NULL, NULL, NULL, NULL, NULL, NULL, NULL, NULL, NULL, '0', NULL, NULL, NULL, NULL, NULL, NULL, NULL, NULL, NULL, NULL, NULL, NULL, NULL, NULL, NULL, NULL, NULL, NULL, NULL, '2017-06-05 17:39:06', '2017-06-05 17:39:06', '6285a3b7-6d33-4929-87b7-c1ca31956121'),
 ('207', '273', 'en_us', 'Lydia Taylor', '', NULL, 'ltaylo49@kent.edu', '[\"nonVoting\",\"studentMediaLeader\"]', 'Lydia', 'Taylor', 'Editor', NULL, '', NULL, NULL, NULL, NULL, NULL, NULL, NULL, NULL, NULL, '0', NULL, NULL, NULL, NULL, NULL, NULL, NULL, NULL, NULL, NULL, NULL, NULL, NULL, NULL, NULL, NULL, NULL, NULL, NULL, '2017-06-05 21:00:28', '2017-06-05 21:03:46', '1f155166-f58e-47c7-9f56-f9e0a72e6c9e'),
 ('208', '274', 'en_us', 'Benjamin VanHoose', '', NULL, 'bvanhoos@kent.edu', '[\"nonVoting\",\"studentMediaLeader\"]', 'Benjamin', 'VanHoose', 'Burr Editor', NULL, '', NULL, NULL, NULL, NULL, NULL, NULL, NULL, NULL, NULL, '0', NULL, NULL, NULL, NULL, NULL, NULL, NULL, NULL, NULL, NULL, NULL, NULL, NULL, NULL, NULL, NULL, NULL, NULL, NULL, '2017-06-05 21:04:34', '2017-06-05 21:05:38', '57dfffa2-3c9e-4f5f-ac01-6d6d70a5710c'),
 ('209', '275', 'en_us', 'Kendall Becker', '', NULL, 'kbecke15@kent.edu', '[\"nonVoting\",\"studentMediaLeader\"]', 'Kendall ', 'Becker', 'A Magazine Editor', NULL, '', NULL, NULL, NULL, NULL, NULL, NULL, NULL, NULL, NULL, '0', NULL, NULL, NULL, NULL, NULL, NULL, NULL, NULL, NULL, NULL, NULL, NULL, NULL, NULL, NULL, NULL, NULL, NULL, NULL, '2017-06-05 21:05:26', '2017-06-05 21:05:26', '3f467eb3-8923-401b-97ca-fec34d2d424e'),
 ('210', '276', 'en_us', 'Carrie George', '', NULL, 'cgeorg21@kent.edu', '[\"nonVoting\",\"studentMediaLeader\"]', 'Carrie', 'George', 'Luna Negra Editor', NULL, '', NULL, NULL, NULL, NULL, NULL, NULL, NULL, NULL, NULL, '0', NULL, NULL, NULL, NULL, NULL, NULL, NULL, NULL, NULL, NULL, NULL, NULL, NULL, NULL, NULL, NULL, NULL, NULL, NULL, '2017-06-05 21:06:57', '2017-06-05 21:06:57', '9fb1a7be-a29f-4dac-9576-4b6289845b8e'),
 ('211', '277', 'en_us', 'Brooke Forrest', '', NULL, 'bforres3@kent.edu', '[\"nonVoting\",\"studentMediaLeader\"]', 'Brooke', 'Forrest ', 'Black Squirrel Radio General Manager', NULL, '', NULL, NULL, NULL, NULL, NULL, NULL, NULL, NULL, NULL, '0', NULL, NULL, NULL, NULL, NULL, NULL, NULL, NULL, NULL, NULL, NULL, NULL, NULL, NULL, NULL, NULL, NULL, NULL, NULL, '2017-06-05 21:07:45', '2017-06-05 21:07:45', 'dd2ef09f-0e36-4464-81be-ccebf657c7c7'),
 ('212', '278', 'en_us', 'Ile-Ife Okantah', '', NULL, 'iokantah@kent.edu', '[\"nonVoting\",\"studentMediaLeader\"]', 'Ile-Ife ', 'Okantah', 'Co-Editor Uhuru ', NULL, '', NULL, NULL, NULL, NULL, NULL, NULL, NULL, NULL, NULL, '0', NULL, NULL, NULL, NULL, NULL, NULL, NULL, NULL, NULL, NULL, NULL, NULL, NULL, NULL, NULL, NULL, NULL, NULL, NULL, '2017-06-05 21:09:26', '2017-06-05 21:09:26', 'd1de70c3-2976-4985-bce9-36a21b3debde'),
 ('213', '279', 'en_us', 'Alyssa Standen', '', NULL, 'astanden@kent.edu', '[\"nonVoting\",\"studentMediaLeader\"]', 'Alyssa', 'Standen', 'President KSU Independent Films', NULL, '', NULL, NULL, NULL, NULL, NULL, NULL, NULL, NULL, NULL, '0', NULL, NULL, NULL, NULL, NULL, NULL, NULL, NULL, NULL, NULL, NULL, NULL, NULL, NULL, NULL, NULL, NULL, NULL, NULL, '2017-06-05 21:10:00', '2017-06-05 21:10:11', '3aee2c2b-cdc0-46db-bc41-51a8b32e678e'),
 ('214', '280', 'en_us', 'Jacquie Marino', '', NULL, 'jmarino7@kent.edu', '[\"nonVoting\"]', 'Jacquie ', 'Marino', 'Adviser - A Magazine & The Burr', NULL, '', NULL, NULL, NULL, NULL, NULL, NULL, NULL, NULL, NULL, '0', NULL, NULL, NULL, NULL, NULL, NULL, NULL, NULL, NULL, NULL, NULL, NULL, NULL, NULL, NULL, NULL, NULL, NULL, NULL, '2017-06-05 21:17:15', '2017-06-05 21:17:15', '08b3e937-b246-4cda-9b7a-131d6061d808'),
 ('215', '281', 'en_us', 'Shannon Christen-Syed', '', NULL, 'schriste@kent.edu', '[\"nonVoting\"]', 'Shannon', 'Christen-Syed', 'Adviser - Uhuru', NULL, '', NULL, NULL, NULL, NULL, NULL, NULL, NULL, NULL, NULL, '0', NULL, NULL, NULL, NULL, NULL, NULL, NULL, NULL, NULL, NULL, NULL, NULL, NULL, NULL, NULL, NULL, NULL, NULL, NULL, '2017-06-05 21:18:13', '2017-06-05 21:18:13', '4532de39-8599-4197-a3f4-07671ca5ee82'),
 ('216', '290', 'en_us', 'Norma 1', NULL, NULL, NULL, '[]', NULL, NULL, NULL, NULL, NULL, NULL, NULL, NULL, NULL, NULL, NULL, NULL, NULL, NULL, '0', NULL, NULL, NULL, NULL, NULL, NULL, NULL, NULL, NULL, NULL, NULL, NULL, NULL, NULL, NULL, NULL, NULL, NULL, NULL, '2017-06-13 19:17:03', '2017-06-13 19:17:03', '9bcd538d-5bf8-48dc-963b-e79ee0b86f1e'),
 ('217', '291', 'en_us', 'Norma Young', '<p>Bio goes here. </p>', NULL, 'nyoung1@kent.edu', '[\"officeStaff\"]', 'Norma', 'Young', 'Business Manager', NULL, '', NULL, NULL, NULL, NULL, NULL, NULL, NULL, NULL, NULL, '0', NULL, NULL, NULL, NULL, NULL, NULL, NULL, NULL, NULL, NULL, NULL, NULL, NULL, NULL, NULL, NULL, NULL, NULL, NULL, '2017-06-13 19:17:52', '2017-06-13 19:17:52', '2448bd75-2f32-4cdc-9694-24300b92c1bb'),
 ('218', '292', 'en_us', 'Kevinhi', NULL, NULL, NULL, '[]', NULL, NULL, NULL, NULL, NULL, NULL, NULL, NULL, NULL, NULL, NULL, NULL, NULL, NULL, '0', NULL, NULL, NULL, NULL, NULL, NULL, NULL, NULL, NULL, NULL, NULL, NULL, NULL, NULL, NULL, NULL, NULL, NULL, NULL, '2017-06-13 19:18:57', '2017-06-13 19:18:57', '62e4c2ac-2c14-4a50-819a-6359e277668b'),
 ('220', '294', 'en_us', NULL, NULL, NULL, NULL, '[]', NULL, NULL, NULL, NULL, NULL, NULL, NULL, NULL, NULL, NULL, NULL, NULL, NULL, NULL, '0', NULL, NULL, NULL, NULL, NULL, NULL, NULL, NULL, NULL, NULL, NULL, NULL, NULL, NULL, NULL, NULL, NULL, NULL, NULL, '2017-06-13 21:00:23', '2017-06-13 21:01:04', 'f1224eb3-8a6e-4e82-90ad-c227e2c26923'),
 ('225', '299', 'en_us', 'Bsr Hero 02', NULL, NULL, NULL, '[]', NULL, NULL, NULL, NULL, NULL, NULL, NULL, NULL, NULL, NULL, NULL, NULL, NULL, NULL, '0', NULL, NULL, NULL, NULL, NULL, NULL, NULL, NULL, NULL, NULL, NULL, NULL, NULL, NULL, NULL, NULL, NULL, NULL, NULL, '2017-06-14 17:57:54', '2017-06-14 17:57:54', '0dd477aa-fb02-492f-bd8d-64679e298173'),
 ('228', '302', 'en_us', 'Fusion Hero 02', NULL, NULL, NULL, '[]', NULL, NULL, NULL, NULL, NULL, NULL, NULL, NULL, NULL, NULL, NULL, NULL, NULL, NULL, '0', NULL, NULL, NULL, NULL, NULL, NULL, NULL, NULL, NULL, NULL, NULL, NULL, NULL, NULL, NULL, NULL, NULL, NULL, NULL, '2017-06-14 18:27:23', '2017-06-14 18:27:23', '7ee9af37-7a14-4d24-9edd-7168c76ddc28'),
 ('229', '303', 'en_us', 'Ad Hero', NULL, NULL, NULL, '[]', NULL, NULL, NULL, NULL, NULL, NULL, NULL, NULL, NULL, NULL, NULL, NULL, NULL, NULL, '0', NULL, NULL, NULL, NULL, NULL, NULL, NULL, NULL, NULL, NULL, NULL, NULL, NULL, NULL, NULL, NULL, NULL, NULL, NULL, '2017-06-14 18:28:26', '2017-06-14 18:28:26', '7d1a98b4-a6ad-43f7-b06c-12b7d34c0094'),
 ('230', '304', 'en_us', 'Ad Hero 02', NULL, NULL, NULL, '[]', NULL, NULL, NULL, NULL, NULL, NULL, NULL, NULL, NULL, NULL, NULL, NULL, NULL, NULL, '0', NULL, NULL, NULL, NULL, NULL, NULL, NULL, NULL, NULL, NULL, NULL, NULL, NULL, NULL, NULL, NULL, NULL, NULL, NULL, '2017-06-14 18:43:58', '2017-06-14 18:43:58', '3daeb5d8-dcb7-4980-a9a1-3c355f4f612c'),
 ('231', '305', 'en_us', 'Recognition Landing Page', NULL, NULL, NULL, '[]', NULL, NULL, NULL, NULL, NULL, NULL, NULL, NULL, NULL, NULL, NULL, NULL, NULL, NULL, '0', NULL, NULL, NULL, NULL, NULL, NULL, NULL, NULL, NULL, NULL, NULL, NULL, NULL, NULL, NULL, NULL, NULL, NULL, NULL, '2017-06-14 18:56:46', '2017-06-14 18:56:46', 'dc91c4ad-af34-41dc-9655-12672610d899'),
 ('233', '307', 'en_us', 'Ln Hero 01', NULL, NULL, NULL, '[]', NULL, NULL, NULL, NULL, NULL, NULL, NULL, NULL, NULL, NULL, NULL, NULL, NULL, NULL, '0', NULL, NULL, NULL, NULL, NULL, NULL, NULL, NULL, NULL, NULL, NULL, NULL, NULL, NULL, NULL, NULL, NULL, NULL, NULL, '2017-06-14 19:34:16', '2017-06-14 19:34:16', '42c7e928-d021-4395-b481-b4bd807aff15'),
 ('234', '308', 'en_us', 'Ln Hero 02', NULL, NULL, NULL, '[]', NULL, NULL, NULL, NULL, NULL, NULL, NULL, NULL, NULL, NULL, NULL, NULL, NULL, NULL, '0', NULL, NULL, NULL, NULL, NULL, NULL, NULL, NULL, NULL, NULL, NULL, NULL, NULL, NULL, NULL, NULL, NULL, NULL, NULL, '2017-06-14 19:56:53', '2017-06-14 19:56:53', '111f8e40-2e8d-4b4e-bd63-9360790ed8f8'),
 ('235', '309', 'en_us', 'Tv2 Hero01 02', NULL, NULL, NULL, '[]', NULL, NULL, NULL, NULL, NULL, NULL, NULL, NULL, NULL, NULL, NULL, NULL, NULL, NULL, '0', NULL, NULL, NULL, NULL, NULL, NULL, NULL, NULL, NULL, NULL, NULL, NULL, NULL, NULL, NULL, NULL, NULL, NULL, NULL, '2017-06-14 20:05:50', '2017-06-14 20:05:50', '1f085c45-da4f-4d86-a07f-eb522d71e777'),
 ('236', '310', 'en_us', 'The Burr earns national accolades, named \'Best Student Magazine\'', '<p><em>The Burr Magazine</em>, Kent State’s general interest student magazine, was named the best student magazine in the nation by the Society of Professional Journalists (SPJ). Kent State also earned national finalist status in two categories in SPJ’s annual national Mark of Excellence Awards competition.<br /></p>\n<p>In each category, SPJ chooses one winner and up to two national finalists from student journalists’ submissions from across the United States.</p>\n<h3>NATIONAL WINNER, BEST MAGAZINE</h3>\n<p>The Fall 2016 issue of <em>The Burr Magazine </em>was named the national winner and best student magazine in the nation. Alumna <strong>Neville Hardman, ’16</strong>, served as editor of the submitted issue, which celebrated nostalgia and the retro revival of television, film, fashion and culture.</p>\n<p>“The idea was to create a product that reflected on trends and pop culture without losing the integrity of the magazine,” Hardman said. “… I\'m floored to have been the editor of a magazine that received this honor. Nostalgia is something everyone can relate to, and I\'m glad the judges enjoyed this issue as much as we enjoyed putting it together.” </p>\n<p>Some of the magazine’s features included a profile on a straight edge student, a visual spread about vintage fashion and a story about anxiety issues related to social media. <a href=\"http://theburr.com/archives/?documentId=161212222537-df062dcb9361051047cca66dd3d3a063&amp;issuutitle=The%20Burr%20Magazine%20Fall%202016#issuupress\">Read the issue in <em>The Burr’s</em> archives</a>.</p>\n<h3>NATIONAL FINALIST, GENERAL NEWS PHOTOGRAPHY</h3>\n<p><strong>Clint Datchuk, ’17,</strong> was named a national finalist in the General News Photography category (large school), for his submission “Day 4 of Cleveland RNC.” Datchuk followed the 2016 presidential campaign from beginning to end, covering local campaign stops, the Republican National Convention in Cleveland (where he shot the national finalist-recognized photo) and the Donald Trump election night headquarters in New York City. Earlier this year, his photography on the campaign trail earned him top honors in College Photographer of the Year’s general news category.</p>\n<p>Of the experience, he said, “My experience at Kent State allowed me to see (the 2016 election) from beginning to end and document history as it happened.”</p>\n<h3>NATIONAL FINALIST, BREAKING NEWS REPORTING</h3>\n<p>The KentWired staff was recognized as a national finalist in the Breaking News Reporting category for its coverage of <a href=\"http://www.kentwired.com/latest_updates/article_e83a399e-cf53-11e5-b8cf-7300a5fbb5b6.html\">the Kesterson lawsuit</a>.   </p>\n<p>Throughout 2016, the staff followed the civil lawsuit filed by senior health studies major Lauren Kesterson, a former Kent State softball player, alleging she was raped by the son of former softball coach Karen Linder and that the university did not comply with Title IX reporting procedures.</p>\n<p>The following alumni from the School of Journalism and Mass Communication (JMC), contributed to the initial reporting while they were students: <strong>Ian Flickinger, ’16</strong>, <strong>Stephen Means, ’16</strong>,<strong>Jimmy Miller, ’17</strong>, and <strong>Emily Mills, ’16</strong>.</p>\n<p>In April, <a href=\"https://www.kent.edu/jmc/news/jmc-takes-seven-first-place-regional-honors-spj\">Kent State earned 14 regional honors from SPJ</a>, including regional first place honors in general news photography, photo illustration, sports photography, best student magazine, non-fiction magazine article, breaking news reporting and best affiliated web site. Each first-place regional honor was then eligible for a national Mark of Excellence award. </p>', NULL, NULL, '[]', NULL, NULL, NULL, NULL, NULL, NULL, NULL, NULL, NULL, NULL, NULL, NULL, NULL, NULL, '0', NULL, NULL, NULL, NULL, NULL, NULL, NULL, NULL, NULL, NULL, NULL, NULL, NULL, NULL, NULL, NULL, NULL, NULL, NULL, '2017-06-14 21:01:26', '2017-06-14 21:03:44', 'aed7ddc7-f1c5-4830-b13b-bfb4e2ba12fd'),
 ('237', '311', 'en_us', 'Burr Staff', NULL, NULL, NULL, '[]', NULL, NULL, NULL, NULL, NULL, NULL, NULL, NULL, NULL, NULL, NULL, NULL, NULL, NULL, '0', NULL, NULL, NULL, NULL, NULL, NULL, NULL, NULL, NULL, NULL, NULL, NULL, NULL, NULL, NULL, NULL, NULL, NULL, NULL, '2017-06-15 20:47:14', '2017-06-15 20:47:14', '5105a0de-4a36-4d26-87c5-187ea4f020b6');



DROP TABLE IF EXISTS `craft_cpnav_layouts`;


--
-- Schema for table `craft_cpnav_layouts`
--
CREATE TABLE `craft_cpnav_layouts` (
  `id` int(11) NOT NULL AUTO_INCREMENT,
  `name` varchar(255) COLLATE utf8_unicode_ci DEFAULT NULL,
  `isDefault` tinyint(1) unsigned NOT NULL DEFAULT '0',
  `permissions` text COLLATE utf8_unicode_ci,
  `dateCreated` datetime NOT NULL,
  `dateUpdated` datetime NOT NULL,
  `uid` char(36) COLLATE utf8_unicode_ci NOT NULL DEFAULT '0',
  PRIMARY KEY (`id`)
) ENGINE=InnoDB AUTO_INCREMENT=2 DEFAULT CHARSET=utf8 COLLATE=utf8_unicode_ci;

--
-- Data for table `craft_cpnav_layouts`
--

INSERT INTO `craft_cpnav_layouts` (`id`, `name`, `isDefault`, `permissions`, `dateCreated`, `dateUpdated`, `uid`) VALUES
 ('1', 'Default', '1', NULL, '2017-04-10 18:39:31', '2017-04-10 18:39:31', '113704b6-2e3c-4b86-b370-686f845dd8c3');



DROP TABLE IF EXISTS `craft_cpnav_navs`;


--
-- Schema for table `craft_cpnav_navs`
--
CREATE TABLE `craft_cpnav_navs` (
  `id` int(11) NOT NULL AUTO_INCREMENT,
  `layoutId` int(11) DEFAULT NULL,
  `handle` varchar(255) COLLATE utf8_unicode_ci DEFAULT NULL,
  `prevLabel` varchar(255) COLLATE utf8_unicode_ci DEFAULT NULL,
  `currLabel` varchar(255) COLLATE utf8_unicode_ci DEFAULT NULL,
  `enabled` tinyint(1) unsigned NOT NULL DEFAULT '1',
  `order` int(10) DEFAULT '0',
  `prevUrl` varchar(255) COLLATE utf8_unicode_ci DEFAULT NULL,
  `url` varchar(255) COLLATE utf8_unicode_ci DEFAULT NULL,
  `icon` varchar(255) COLLATE utf8_unicode_ci DEFAULT NULL,
  `customIcon` varchar(255) COLLATE utf8_unicode_ci DEFAULT NULL,
  `manualNav` tinyint(1) unsigned NOT NULL DEFAULT '0',
  `newWindow` tinyint(1) unsigned NOT NULL DEFAULT '0',
  `dateCreated` datetime NOT NULL,
  `dateUpdated` datetime NOT NULL,
  `uid` char(36) COLLATE utf8_unicode_ci NOT NULL DEFAULT '0',
  PRIMARY KEY (`id`),
  KEY `craft_cpnav_navs_layoutId_fk` (`layoutId`)
) ENGINE=InnoDB AUTO_INCREMENT=38 DEFAULT CHARSET=utf8 COLLATE=utf8_unicode_ci;

--
-- Data for table `craft_cpnav_navs`
--

INSERT INTO `craft_cpnav_navs` (`id`, `layoutId`, `handle`, `prevLabel`, `currLabel`, `enabled`, `order`, `prevUrl`, `url`, `icon`, `customIcon`, `manualNav`, `newWindow`, `dateCreated`, `dateUpdated`, `uid`) VALUES
 ('1', '1', 'dashboard', 'Dashboard', 'Dashboard', '1', '1', 'dashboard', 'dashboard', 'gauge', NULL, '0', '0', '2017-04-10 18:39:31', '2017-04-24 13:54:20', '63938891-4a9d-496b-aad2-20edb20c0847'),
 ('2', '1', 'entries', 'Entries', 'Entries', '1', '2', 'entries', 'entries', 'section', NULL, '0', '0', '2017-04-10 18:39:31', '2017-04-24 13:54:20', '148ec080-094d-45b1-9aab-42df1dd4d004'),
 ('3', '1', 'globals', 'Globals', 'Globals', '1', '3', 'globals/footer', 'globals/footer', 'globe', NULL, '0', '0', '2017-04-10 18:39:31', '2017-04-24 13:54:20', '015f4085-7702-4b4b-9863-cae0787a1b06'),
 ('4', '1', 'categories', 'Categories', 'Categories', '1', '4', 'categories', 'categories', 'categories', NULL, '0', '0', '2017-04-10 18:39:31', '2017-04-24 13:54:20', '18bb10c1-0ae1-4fad-a6cb-a062d3176430'),
 ('5', '1', 'assets', 'Assets', 'Assets', '1', '5', 'assets', 'assets', 'assets', NULL, '0', '0', '2017-04-10 18:39:31', '2017-04-24 13:54:20', '6d775750-1f63-44ec-a571-be94e3ef32b4'),
 ('6', '1', 'amnav', 'Navigation', 'Navigation', '1', '6', 'amnav', 'amnav', 'iconSvg-amnav', NULL, '0', '0', '2017-04-10 18:39:31', '2017-04-24 13:54:20', '30e034c5-b56f-478a-9993-ac0ed980a795'),
 ('8', '1', 'seomatic', 'SEOmatic', 'Search Optimization', '1', '8', 'seomatic', 'seomatic', 'iconSvg-seomatic', '', '0', '0', '2017-04-10 18:46:46', '2017-04-24 13:54:32', '9e6a318b-ba26-4fda-bb5f-6e6eff0399e4'),
 ('9', '1', 'users', 'Users', 'Users', '1', '7', 'users', 'users', 'users', NULL, '0', '0', '2017-04-24 13:33:40', '2017-04-24 13:54:20', '4904f662-db7a-4ccc-933e-fb0ef99fd395'),
 ('37', '1', 'settings', 'Settings', 'Settings', '1', '8', 'settings', 'settings', 'settings', NULL, '0', '0', '2017-06-20 14:49:14', '2017-06-20 14:49:14', '1b4f8b99-9a98-4e11-935b-46e930a9299d');



DROP TABLE IF EXISTS `craft_deprecationerrors`;


--
-- Schema for table `craft_deprecationerrors`
--
CREATE TABLE `craft_deprecationerrors` (
  `id` int(11) NOT NULL AUTO_INCREMENT,
  `key` varchar(255) COLLATE utf8_unicode_ci NOT NULL,
  `fingerprint` varchar(255) COLLATE utf8_unicode_ci NOT NULL,
  `lastOccurrence` datetime NOT NULL,
  `file` varchar(255) COLLATE utf8_unicode_ci NOT NULL,
  `line` smallint(6) unsigned NOT NULL,
  `class` varchar(255) COLLATE utf8_unicode_ci DEFAULT NULL,
  `method` varchar(255) COLLATE utf8_unicode_ci DEFAULT NULL,
  `template` varchar(255) COLLATE utf8_unicode_ci DEFAULT NULL,
  `templateLine` smallint(6) unsigned DEFAULT NULL,
  `message` varchar(255) COLLATE utf8_unicode_ci DEFAULT NULL,
  `traces` text COLLATE utf8_unicode_ci,
  `dateCreated` datetime NOT NULL,
  `dateUpdated` datetime NOT NULL,
  `uid` char(36) COLLATE utf8_unicode_ci NOT NULL DEFAULT '0',
  PRIMARY KEY (`id`),
  UNIQUE KEY `craft_deprecationerrors_key_fingerprint_unq_idx` (`key`,`fingerprint`)
) ENGINE=InnoDB DEFAULT CHARSET=utf8 COLLATE=utf8_unicode_ci;

DROP TABLE IF EXISTS `craft_elementindexsettings`;


--
-- Schema for table `craft_elementindexsettings`
--
CREATE TABLE `craft_elementindexsettings` (
  `id` int(11) NOT NULL AUTO_INCREMENT,
  `type` varchar(150) COLLATE utf8_unicode_ci NOT NULL,
  `settings` text COLLATE utf8_unicode_ci,
  `dateCreated` datetime NOT NULL,
  `dateUpdated` datetime NOT NULL,
  `uid` char(36) COLLATE utf8_unicode_ci NOT NULL DEFAULT '0',
  PRIMARY KEY (`id`),
  UNIQUE KEY `craft_elementindexsettings_type_unq_idx` (`type`)
) ENGINE=InnoDB AUTO_INCREMENT=2 DEFAULT CHARSET=utf8 COLLATE=utf8_unicode_ci;

--
-- Data for table `craft_elementindexsettings`
--

INSERT INTO `craft_elementindexsettings` (`id`, `type`, `settings`, `dateCreated`, `dateUpdated`, `uid`) VALUES
 ('1', 'Entry', '{\"sources\":{\"section:4\":{\"tableAttributes\":{\"1\":\"postDate\",\"2\":\"expiryDate\",\"3\":\"author\",\"4\":\"link\",\"5\":\"field:36\"}}}}', '2017-05-31 20:21:28', '2017-05-31 20:21:28', '14c04463-bd9e-4521-99c3-b53aad8fec82');



DROP TABLE IF EXISTS `craft_elements`;


--
-- Schema for table `craft_elements`
--
CREATE TABLE `craft_elements` (
  `id` int(11) NOT NULL AUTO_INCREMENT,
  `type` varchar(150) COLLATE utf8_unicode_ci NOT NULL,
  `enabled` tinyint(1) unsigned NOT NULL DEFAULT '1',
  `archived` tinyint(1) unsigned NOT NULL DEFAULT '0',
  `dateCreated` datetime NOT NULL,
  `dateUpdated` datetime NOT NULL,
  `uid` char(36) COLLATE utf8_unicode_ci NOT NULL DEFAULT '0',
  PRIMARY KEY (`id`),
  KEY `craft_elements_type_idx` (`type`),
  KEY `craft_elements_enabled_idx` (`enabled`),
  KEY `craft_elements_archived_dateCreated_idx` (`archived`,`dateCreated`)
) ENGINE=InnoDB AUTO_INCREMENT=312 DEFAULT CHARSET=utf8 COLLATE=utf8_unicode_ci;

--
-- Data for table `craft_elements`
--

INSERT INTO `craft_elements` (`id`, `type`, `enabled`, `archived`, `dateCreated`, `dateUpdated`, `uid`) VALUES
 ('1', 'User', '1', '0', '2017-01-12 16:12:58', '2017-01-12 16:12:58', 'f7e649cc-d708-4064-b045-8d55e4df9cdc'),
 ('2', 'Entry', '1', '0', '2017-01-12 16:12:59', '2017-06-28 04:00:27', 'b591e424-5e7d-4c14-868a-8c75c5beb180'),
 ('3', 'Entry', '1', '0', '2017-01-12 16:12:59', '2017-01-12 16:12:59', 'ab93eba5-c1a5-4afc-8f5b-b4d4b4ebb468'),
 ('5', 'GlobalSet', '1', '0', '2017-02-16 21:06:16', '2017-04-10 18:58:43', '4dabac74-8e39-4693-b877-5551f2ecc684'),
 ('6', 'GlobalSet', '1', '0', '2017-02-16 21:16:37', '2017-04-20 20:31:50', 'e530bcb1-2f24-4887-8131-e44a4acb252c'),
 ('10', 'Entry', '1', '0', '2017-02-23 21:56:29', '2017-06-22 20:29:50', '1ed58f4f-8116-4533-be29-c550f1c97d5e'),
 ('11', 'Entry', '1', '0', '2017-02-24 21:50:46', '2017-04-13 19:39:10', '56fc4a16-a8b9-4c39-872e-1c4734a0a72f'),
 ('12', 'Entry', '1', '0', '2017-02-24 21:51:00', '2017-05-11 15:52:21', '7b24e459-2a90-4c22-9502-11f736bca1ab'),
 ('14', 'Entry', '1', '0', '2017-02-27 15:21:05', '2017-06-14 17:38:32', 'c7202d30-00f8-45f1-b72c-4ef75869c36c'),
 ('15', 'Entry', '1', '0', '2017-02-27 15:21:14', '2017-06-07 20:20:20', 'bda8057d-36a9-4b13-92e9-c41e9cbeb2ab'),
 ('19', 'Entry', '1', '0', '2017-03-02 19:46:01', '2017-06-14 17:58:08', '674fcd92-6525-4ceb-ad52-1568bc109958'),
 ('20', 'Entry', '1', '0', '2017-03-02 19:46:26', '2017-06-14 20:05:57', '580f7cf8-7f7b-4828-adf5-d9f1c651347b'),
 ('21', 'Entry', '1', '0', '2017-03-02 19:46:47', '2017-06-14 18:27:33', '34a945af-4021-4d9e-b737-151f20c89b98'),
 ('22', 'Entry', '1', '0', '2017-03-02 19:46:53', '2017-06-07 20:13:56', '3704eec1-1971-4439-8d8b-2c11c241c33f'),
 ('23', 'Entry', '1', '0', '2017-03-02 19:48:46', '2017-06-28 02:26:49', '988307df-67a0-429e-8325-cd1fde75434c'),
 ('24', 'Entry', '1', '0', '2017-03-02 19:49:24', '2017-06-14 20:10:38', 'fe943bd9-1dbc-49f5-93e4-8521d53b02fc'),
 ('25', 'Entry', '1', '0', '2017-03-02 19:49:47', '2017-06-28 02:26:35', '3f317e76-3366-40bb-ad49-bc526a969167'),
 ('27', 'Entry', '1', '0', '2017-03-09 01:59:38', '2017-05-11 16:07:36', '88b8c960-04a6-40b4-90b6-a134c214d7fe'),
 ('35', 'Asset', '1', '0', '2017-03-09 19:36:31', '2017-03-09 19:36:31', '37698d1c-b77f-48ed-a9db-7d5a704a91cd'),
 ('37', 'MatrixBlock', '1', '0', '2017-03-10 16:00:22', '2017-06-28 02:26:35', '7b05fd89-07ff-4eb1-b25f-e24d8b5fdda7'),
 ('42', 'Category', '1', '0', '2017-03-12 16:15:37', '2017-04-13 20:38:00', 'c507f82a-9830-4435-8e1d-52898c91db86'),
 ('45', 'Entry', '1', '0', '2017-03-12 16:17:55', '2017-06-13 19:19:02', '59137a98-ff07-4723-8786-39b36b3edddd'),
 ('46', 'Asset', '1', '0', '2017-03-15 23:42:37', '2017-06-01 19:49:44', 'bf7dc30d-028f-439c-84ac-cdb4f7c69c93'),
 ('47', 'Asset', '1', '0', '2017-03-15 23:42:38', '2017-06-01 19:49:44', 'd7affb2a-7707-4c90-8440-780903e04e96'),
 ('48', 'Asset', '1', '0', '2017-03-15 23:42:38', '2017-06-01 19:49:44', '63edbbff-e18f-484b-8d22-edad3f2ef9c9'),
 ('49', 'Asset', '1', '0', '2017-03-15 23:42:38', '2017-06-01 19:49:45', '6dcfd8ab-776a-485d-9f91-44c5369d51d4'),
 ('50', 'Asset', '1', '0', '2017-03-15 23:42:38', '2017-03-15 23:42:38', '2dc2fcec-193c-4912-883b-7244ebd54858'),
 ('51', 'Asset', '1', '0', '2017-03-15 23:42:39', '2017-06-01 19:49:45', 'b9247bf4-1aae-48dd-9609-3d7b3183392e'),
 ('52', 'Asset', '1', '0', '2017-03-15 23:42:39', '2017-06-01 19:49:45', '2827aa37-d0fa-46b5-bae1-d462827f5bc4'),
 ('53', 'Asset', '1', '0', '2017-03-15 23:42:39', '2017-06-01 19:49:45', '6dff4feb-f3dd-4399-9ea8-18e3e326b808'),
 ('54', 'Asset', '1', '0', '2017-03-15 23:42:39', '2017-06-01 19:49:46', '19401f8b-4c0f-4ec3-908d-870e3dcb93d6'),
 ('55', 'Asset', '1', '0', '2017-03-15 23:42:39', '2017-06-01 19:49:47', 'cae907ec-e48f-4981-a238-57a98d1e47bc'),
 ('56', 'Asset', '1', '0', '2017-03-15 23:42:39', '2017-06-01 19:49:47', 'b4f30f9d-fd60-4d2f-86a7-fb76dc1cef43'),
 ('58', 'Entry', '1', '0', '2017-03-16 18:11:56', '2017-06-15 20:48:34', '8df9aecc-6168-4ad7-9f0e-a7fcfcfdd445'),
 ('59', 'Entry', '1', '0', '2017-03-16 18:12:46', '2017-06-14 20:50:48', '5ee14415-8470-441f-90ad-e37b34ef0615'),
 ('60', 'Entry', '1', '0', '2017-03-16 18:13:51', '2017-06-07 19:15:55', 'd205379d-c3a9-4e38-bd7b-28448ed165d9'),
 ('61', 'Entry', '1', '0', '2017-03-16 18:15:33', '2017-06-21 18:08:10', '5ff306fc-08c9-4850-b168-6a0b73c47c5c'),
 ('62', 'Entry', '1', '0', '2017-03-16 18:15:45', '2017-06-13 19:31:04', '49181e7b-1cb8-439a-95e7-e4d1d8582807'),
 ('64', 'Asset', '1', '0', '2017-03-16 18:42:00', '2017-06-01 19:49:56', '9f190647-6c81-432e-aa5c-4dd976f62027'),
 ('65', 'Entry', '1', '0', '2017-03-21 17:36:38', '2017-03-21 17:36:38', '74216f56-b8ed-436b-8a75-527c8fbfc775'),
 ('67', 'Asset', '1', '0', '2017-03-23 03:31:51', '2017-03-23 03:32:18', 'ab9424a4-bf0c-449d-b972-11833d694a99'),
 ('68', 'Category', '1', '0', '2017-03-23 18:09:01', '2017-03-23 18:09:01', 'e5c98da5-47eb-406e-9a3c-39ac260b4033'),
 ('69', 'Category', '1', '0', '2017-03-23 18:09:09', '2017-04-13 20:05:31', '82bd5931-15b0-4a3a-8987-a7d00cc941eb'),
 ('70', 'Category', '1', '0', '2017-03-23 18:09:15', '2017-03-23 18:09:15', '0e162c11-c90d-4a3d-acc9-a5561c207cd0'),
 ('71', 'Entry', '1', '0', '2017-03-23 18:10:55', '2017-05-31 20:16:24', 'b5327033-3b14-4484-b9cd-1671fb8f2bed'),
 ('72', 'MatrixBlock', '1', '0', '2017-03-23 18:10:55', '2017-04-15 20:54:45', '2e247c14-8fe4-4863-af34-ba08620d85a1'),
 ('73', 'Entry', '1', '0', '2017-03-23 18:20:19', '2017-05-31 20:16:24', '74cf1f09-397d-4b62-9c72-d06b9fc5b73e'),
 ('74', 'MatrixBlock', '1', '0', '2017-03-23 18:21:18', '2017-04-14 22:37:18', '8db63f9b-648e-40e5-abb3-59712ccd5733'),
 ('75', 'MatrixBlock', '1', '0', '2017-03-23 18:27:09', '2017-04-14 22:37:18', '65e385c3-17fe-4b4f-bf9f-1982a7ad55b7'),
 ('78', 'Asset', '1', '0', '2017-04-03 19:35:52', '2017-06-01 19:49:44', '876c2831-d904-4be3-aa3a-880512bdf975'),
 ('81', 'Entry', '1', '0', '2017-04-06 19:24:00', '2017-05-31 20:16:24', 'e76cd795-fb72-4765-86d5-bcd540b6072e'),
 ('82', 'MatrixBlock', '1', '0', '2017-04-06 19:25:39', '2017-04-13 20:33:50', 'aa8150d2-42b8-4983-8025-7c338d800220'),
 ('85', 'Asset', '1', '0', '2017-04-10 17:23:27', '2017-06-01 19:49:44', '38ac964e-b1ca-42fe-b533-a4e5252365ac'),
 ('86', 'Asset', '1', '0', '2017-04-10 18:58:41', '2017-06-01 19:49:45', '222ea787-d092-437b-b5f9-50e338aada46'),
 ('88', 'Asset', '1', '0', '2017-04-10 19:59:06', '2017-06-01 19:49:56', '44b8dafd-e56a-4e4b-b19b-3e624d77053e'),
 ('90', 'Asset', '1', '0', '2017-04-10 19:59:15', '2017-06-01 19:49:55', 'be359d05-ca63-4fd2-b2dc-090be5746614'),
 ('91', 'Entry', '1', '0', '2017-04-13 20:24:07', '2017-05-31 20:16:24', '36c04e29-c958-4dc1-beb3-e82c37979921'),
 ('92', 'MatrixBlock', '1', '0', '2017-04-13 20:31:54', '2017-04-14 22:28:27', '15bc4b16-c023-48c4-af9d-2e5a45919875'),
 ('93', 'Entry', '1', '0', '2017-04-13 20:34:15', '2017-06-22 19:44:42', 'a45a9b88-da1f-4c1d-86ca-9f9759148e9e'),
 ('94', 'Entry', '1', '0', '2017-04-13 20:34:19', '2017-05-31 20:16:24', 'f57e0cfd-b309-4ec0-8a60-e9fe811616a0'),
 ('95', 'Entry', '1', '0', '2017-04-13 20:36:11', '2017-05-31 20:16:24', '4332844a-dda9-48f6-bac0-685265379538'),
 ('96', 'Entry', '1', '0', '2017-04-13 20:37:01', '2017-05-31 20:16:24', '86814061-4c18-4017-ae8d-277ea24b314a'),
 ('97', 'MatrixBlock', '1', '0', '2017-04-13 20:37:01', '2017-04-13 20:37:01', '25e07fd6-97fd-4edb-af76-90d88c25eb2b'),
 ('98', 'MatrixBlock', '1', '0', '2017-04-13 20:37:01', '2017-04-13 20:37:01', '5e5088b5-0828-4438-9af6-772ff6dd4224'),
 ('99', 'Entry', '1', '0', '2017-04-13 20:37:21', '2017-05-31 20:18:40', '2f8a4bba-4c53-405c-8483-c416131bca28'),
 ('100', 'Entry', '1', '0', '2017-04-13 20:38:02', '2017-05-31 20:16:24', '7afd3435-27d9-457b-a30b-1242d5245103'),
 ('101', 'Entry', '1', '0', '2017-04-13 20:42:03', '2017-06-28 02:26:44', '2bc0ac58-7393-4919-9ea3-4ff5527d6f40'),
 ('102', 'Entry', '1', '0', '2017-04-13 20:42:13', '2017-05-31 20:16:24', 'a4047882-919a-4f63-a9ab-f7e711c7ea33'),
 ('103', 'Entry', '1', '0', '2017-04-13 20:45:00', '2017-05-31 20:16:24', '8d64369c-90b2-4173-82d1-12a1d32abda4'),
 ('104', 'MatrixBlock', '1', '0', '2017-04-13 20:45:00', '2017-04-14 21:46:25', '7f15ea62-062c-4da6-9a57-c95fcf943558'),
 ('105', 'MatrixBlock', '1', '0', '2017-04-14 21:45:58', '2017-04-14 21:46:25', '7eddef4f-c02e-4ab6-8082-ee18ff2c539a'),
 ('106', 'MatrixBlock', '1', '0', '2017-04-14 21:45:58', '2017-04-14 21:46:25', '0990c3e2-1bfa-4a70-82de-75bccbdaa4aa'),
 ('107', 'MatrixBlock', '1', '0', '2017-04-14 21:45:58', '2017-04-14 21:46:25', 'ef843093-df3c-4200-9fde-b0e49db57cee'),
 ('108', 'MatrixBlock', '1', '0', '2017-04-14 21:45:58', '2017-04-14 21:46:25', 'e9009c57-17db-4595-b24c-b044a4e1f24a'),
 ('109', 'MatrixBlock', '1', '0', '2017-04-14 21:45:58', '2017-04-14 21:46:25', 'bc3c603b-e3e1-4136-81d7-0f760f046636'),
 ('110', 'MatrixBlock', '1', '0', '2017-04-14 21:49:58', '2017-04-14 21:50:44', 'cea03ece-f417-4880-85d9-e8ab5159c5e2'),
 ('111', 'MatrixBlock', '1', '0', '2017-04-14 21:58:18', '2017-04-15 20:54:45', '3caf5388-dad4-4911-8d1b-78c7143b6690'),
 ('112', 'MatrixBlock', '1', '0', '2017-04-14 22:37:18', '2017-04-14 22:37:18', 'd35c48bf-dde0-472f-9762-7bd80fa7688b'),
 ('116', 'Entry', '1', '0', '2017-04-20 17:51:08', '2017-06-05 20:55:53', '7062455b-e68f-40df-b46a-178c1e6c17de'),
 ('117', 'Entry', '1', '0', '2017-04-20 17:51:30', '2017-06-05 20:52:42', '52a92966-f5e4-426e-9db5-c2a7fe6152ab'),
 ('118', 'Asset', '1', '0', '2017-04-20 17:54:24', '2017-06-01 19:49:55', '87dd0fa0-9c5f-4244-b0c2-850158ffeada'),
 ('119', 'Asset', '1', '0', '2017-04-20 17:54:25', '2017-06-01 19:49:55', '0f453ab7-ad80-4a0b-8c31-23e3aa2a492a'),
 ('120', 'Asset', '1', '0', '2017-04-20 17:54:25', '2017-06-01 19:49:55', '1cba5fb2-a2e8-48d0-90f0-6a34e76dea8c'),
 ('121', 'Asset', '1', '0', '2017-04-20 17:54:25', '2017-06-01 19:49:55', '2f0e8be2-1fd4-42ce-b138-fc9bf3930ee6'),
 ('122', 'Asset', '1', '0', '2017-04-20 17:54:25', '2017-06-01 19:49:51', 'ce67f0e9-aea6-40ae-9f7f-6a7c5af8be35'),
 ('123', 'Asset', '1', '0', '2017-04-20 17:54:26', '2017-06-01 19:49:55', 'cbf745a8-1854-4e96-8e36-d9d77cbc0a30'),
 ('124', 'Asset', '1', '0', '2017-04-20 17:54:26', '2017-06-01 19:49:56', 'ff9d49e0-126c-4b05-9e68-e03f0778dc2f'),
 ('125', 'Asset', '1', '0', '2017-04-20 17:54:26', '2017-06-01 19:49:56', '76ae3273-acae-42bf-be9a-eaa3cf316463'),
 ('126', 'Asset', '1', '0', '2017-04-20 17:54:26', '2017-06-01 19:49:56', 'dc7bf87c-2997-4f2b-9e06-9a7bf7ee2725'),
 ('127', 'Asset', '1', '0', '2017-04-20 17:54:26', '2017-06-01 19:49:56', 'eb4b708e-4795-4026-90aa-d25fc41e445b'),
 ('128', 'Asset', '1', '0', '2017-04-20 17:54:26', '2017-06-01 19:49:56', 'aacd8212-61bd-4cb3-8aac-b7cdea0f9b94'),
 ('129', 'MatrixBlock', '1', '0', '2017-04-20 19:32:21', '2017-06-14 20:10:38', 'fafe7b4a-84fc-4952-acc3-0cee76521ce2'),
 ('130', 'MatrixBlock', '1', '0', '2017-04-20 19:32:21', '2017-06-14 20:10:38', 'cc7d76bb-cfb0-43c8-9b61-6871990b4ae3'),
 ('131', 'MatrixBlock', '1', '0', '2017-04-20 19:32:21', '2017-06-14 20:10:38', 'ca0b6ab7-2a11-4eb1-993e-0c40600dafea'),
 ('132', 'MatrixBlock', '1', '0', '2017-04-20 19:32:42', '2017-06-14 20:10:38', '4cfd1e34-2567-4ba4-a713-6b1cd425cc61'),
 ('133', 'MatrixBlock', '1', '0', '2017-04-20 19:35:15', '2017-06-07 20:13:56', '99b6049e-614f-4f08-9f51-52fd49b0b3b9'),
 ('134', 'MatrixBlock', '1', '0', '2017-04-20 19:35:15', '2017-06-07 20:13:56', '0dc52312-e046-455f-b121-ab77dc7b5aa4'),
 ('135', 'MatrixBlock', '1', '0', '2017-04-20 19:35:15', '2017-06-07 20:13:56', '9a9a79f7-65b4-49ed-b16b-8a2f86ac7ff8'),
 ('136', 'MatrixBlock', '1', '0', '2017-04-20 19:35:15', '2017-06-07 20:13:56', '4ff6e86c-4d0d-455b-9585-4202c7e68a92'),
 ('137', 'MatrixBlock', '1', '0', '2017-04-20 19:36:29', '2017-06-14 18:27:33', '70e560fa-2a23-4e0f-801b-ff62b2abdcdf');
INSERT INTO `craft_elements` (`id`, `type`, `enabled`, `archived`, `dateCreated`, `dateUpdated`, `uid`) VALUES
 ('138', 'MatrixBlock', '1', '0', '2017-04-20 19:36:29', '2017-06-14 18:27:33', 'c4ad6a29-4061-44a0-8522-780239be3a93'),
 ('139', 'MatrixBlock', '1', '0', '2017-04-20 19:36:29', '2017-06-14 18:27:33', '6dce6ec5-0fac-4320-b5d9-99256e250ddb'),
 ('140', 'MatrixBlock', '1', '0', '2017-04-20 19:37:56', '2017-06-22 20:29:50', '524fee8f-eb8c-444c-b51d-9888cc91791f'),
 ('141', 'MatrixBlock', '1', '0', '2017-04-20 19:37:56', '2017-06-22 20:29:50', '9c0523aa-89b7-4240-9519-cc11c54bd110'),
 ('142', 'MatrixBlock', '1', '0', '2017-04-20 19:37:56', '2017-06-22 20:29:50', '9732b9dc-3a71-40e1-8978-b390ee02b853'),
 ('143', 'MatrixBlock', '1', '0', '2017-04-20 19:37:56', '2017-06-22 20:29:50', '0e294426-4aad-43c0-a58c-ab569759692a'),
 ('145', 'MatrixBlock', '1', '0', '2017-04-20 19:40:18', '2017-06-14 17:38:33', 'ffeb8a0b-b217-4fe1-9141-30a5b9582803'),
 ('146', 'MatrixBlock', '1', '0', '2017-04-20 19:40:18', '2017-06-14 17:38:33', '27f1e794-4bed-48b5-ba2c-e1f407735350'),
 ('147', 'MatrixBlock', '1', '0', '2017-04-20 19:40:18', '2017-06-14 17:38:33', '88ba806e-2e56-4b73-8835-0c25d296c8bf'),
 ('148', 'MatrixBlock', '1', '0', '2017-04-20 19:40:18', '2017-06-14 17:38:33', '2623397a-ca1e-48ab-b459-4eaacd9c65c3'),
 ('149', 'MatrixBlock', '1', '0', '2017-04-20 19:41:17', '2017-06-28 02:26:49', 'f0f922fe-89cf-4a85-be15-0bfef91763d2'),
 ('150', 'MatrixBlock', '1', '0', '2017-04-20 19:41:17', '2017-06-28 02:26:49', 'b5c7ae78-0025-4559-a4f3-ace51097cb00'),
 ('151', 'MatrixBlock', '1', '0', '2017-04-20 19:42:23', '2017-06-28 02:26:49', '4a5c4fa1-1e1b-422e-8d48-7c22c2eaae8e'),
 ('152', 'MatrixBlock', '1', '0', '2017-04-20 19:42:23', '2017-06-28 02:26:49', '20dffad0-0170-4a1e-aada-77c1e6acc8a1'),
 ('153', 'MatrixBlock', '1', '0', '2017-04-20 19:43:14', '2017-06-14 20:05:57', 'd60f6532-392f-4d5a-810d-52b9a9fa223e'),
 ('154', 'MatrixBlock', '1', '0', '2017-04-20 19:43:14', '2017-06-14 20:05:57', 'ae6feffb-d4eb-4329-8b2a-2cd48c537027'),
 ('155', 'MatrixBlock', '1', '0', '2017-04-20 19:43:14', '2017-06-14 20:05:57', 'c6c8dd34-ecf0-4af4-ad15-162c57870e34'),
 ('156', 'MatrixBlock', '1', '0', '2017-04-20 19:44:16', '2017-06-14 17:58:08', '1dc7cbf7-634a-4699-8f49-c336ebd519f6'),
 ('157', 'MatrixBlock', '1', '0', '2017-04-20 19:44:16', '2017-06-14 17:58:08', '4f71c0e0-4387-4d54-9ed2-3e24be68ea18'),
 ('158', 'MatrixBlock', '1', '0', '2017-04-20 19:44:16', '2017-06-14 17:58:08', '766382ca-d556-435e-8f9b-ad230b1943fe'),
 ('159', 'MatrixBlock', '1', '0', '2017-04-20 19:44:16', '2017-06-14 17:58:08', 'eb9720bc-e95f-400f-9114-6f76f235856f'),
 ('160', 'Entry', '1', '0', '2017-04-22 21:35:28', '2017-06-05 20:44:14', 'd1642165-40f4-4ff8-afbb-a64b32167a51'),
 ('161', 'Entry', '1', '0', '2017-04-22 21:50:41', '2017-06-05 21:15:38', '55b1919e-15cd-4f70-9e5d-8cf86096f786'),
 ('164', 'User', '1', '0', '2017-04-24 13:36:19', '2017-04-24 13:40:12', 'd3345c9f-d70a-4029-9c25-b05e021feac1'),
 ('165', 'Entry', '1', '0', '2017-04-24 17:37:01', '2017-04-24 17:37:01', 'b3c11f09-deb6-4633-85e6-16376b9acd1b'),
 ('166', 'Entry', '1', '0', '2017-04-24 17:57:47', '2017-06-13 18:26:02', '963d2444-8162-4091-9fb6-421d69dbd457'),
 ('167', 'Entry', '1', '0', '2017-04-25 01:55:57', '2017-05-31 18:32:43', 'a69c3285-a928-45fc-bb12-e0a5e2fff017'),
 ('168', 'Entry', '1', '0', '2017-04-27 19:47:13', '2017-05-10 21:45:01', '32ae4454-85a8-492e-8c77-6665410b83a3'),
 ('169', 'Asset', '1', '0', '2017-04-27 19:56:55', '2017-06-01 19:49:57', '30f6f64d-d051-435c-b269-b87deb5bf348'),
 ('170', 'Asset', '1', '0', '2017-04-27 21:03:25', '2017-06-01 19:49:48', '29e1ce1f-798e-41ee-98bd-3c6dc69c9d38'),
 ('171', 'Asset', '1', '0', '2017-05-04 16:16:48', '2017-06-01 19:49:55', 'a597a76e-ee92-4001-af26-64af6444772f'),
 ('172', 'Entry', '1', '0', '2017-05-04 20:13:55', '2017-05-04 20:13:55', '0a4732d0-7185-4aea-8b2d-eafd46104103'),
 ('173', 'Entry', '1', '0', '2017-05-04 20:19:40', '2017-05-04 20:19:40', '639e2664-cb51-48a2-b12d-b48f0cbd873f'),
 ('174', 'Entry', '1', '0', '2017-05-04 20:21:40', '2017-05-04 20:21:40', 'ab32aadd-3ac4-49f4-8d41-75b7101fc5f4'),
 ('175', 'Entry', '1', '0', '2017-05-04 20:25:05', '2017-05-04 20:25:05', 'd2f0cad0-7f7b-4e90-b210-9aa398a9695d'),
 ('176', 'Entry', '1', '0', '2017-05-04 20:30:32', '2017-05-04 20:30:32', 'a50eea1f-452c-4b62-a3ee-22b5d0e316aa'),
 ('178', 'Entry', '1', '0', '2017-05-04 20:34:15', '2017-05-04 20:34:15', '7ceba17b-cbaa-4cc0-8158-bb2b15080708'),
 ('180', 'Entry', '1', '0', '2017-05-04 20:35:29', '2017-05-04 20:35:29', '51e39869-b0b2-48a0-9951-5ed314ed4c93'),
 ('181', 'Entry', '1', '0', '2017-05-04 20:36:07', '2017-05-04 20:36:07', 'cb957219-bc00-48fa-abc1-ecbcaa2b4218'),
 ('185', 'Entry', '1', '0', '2017-05-04 20:39:52', '2017-05-04 20:39:52', '1af071f9-cb6a-4d3f-91ee-01c3a2f851c9'),
 ('187', 'Entry', '1', '0', '2017-05-04 20:41:27', '2017-06-05 21:08:10', '6e01c5d0-06c7-40c7-b963-89e1ecb70a1e'),
 ('188', 'Entry', '1', '0', '2017-05-04 20:43:38', '2017-05-04 20:43:38', 'd666d077-98de-4c5e-a7ea-81579ad42025'),
 ('190', 'Entry', '1', '0', '2017-05-04 20:44:58', '2017-05-04 20:44:58', '3a769205-9966-4e55-a5b3-d12b07e08c99'),
 ('196', 'Entry', '1', '0', '2017-05-04 20:52:14', '2017-06-05 21:18:26', '6e1b574e-78b0-4b49-81dd-96d38224a29b'),
 ('197', 'Entry', '1', '0', '2017-05-04 20:54:53', '2017-06-05 21:03:41', 'bbf3ee44-efe1-4c63-80a9-4eaa6a690df1'),
 ('199', 'Entry', '1', '0', '2017-05-04 20:58:52', '2017-05-04 20:58:52', '98b5893d-6373-4bb5-82a9-9f92ea605e4e'),
 ('201', 'Entry', '1', '0', '2017-05-04 21:02:28', '2017-05-04 21:02:28', '5e3092ff-5fdf-4d72-a88b-a15f9948dcae'),
 ('202', 'Entry', '1', '0', '2017-05-04 21:03:08', '2017-06-02 19:29:13', '96f76faf-8665-495b-beb6-e1f7247fdbf0'),
 ('203', 'Asset', '1', '0', '2017-05-04 21:07:50', '2017-06-01 19:49:57', 'c03623be-8478-4a9c-ab51-57ead147097e'),
 ('204', 'Asset', '1', '0', '2017-05-10 21:33:23', '2017-06-01 19:49:57', 'f3f11a56-3f3e-48ae-a560-60436d5c47c2'),
 ('205', 'Asset', '1', '0', '2017-05-10 21:41:37', '2017-06-01 19:49:57', 'cae10754-5083-421c-a766-eb2b1e816ac6'),
 ('206', 'Entry', '1', '0', '2017-05-10 21:42:55', '2017-05-10 21:42:55', '1ae67436-55a3-450a-b820-c67e93f8cb6d'),
 ('207', 'Asset', '1', '0', '2017-05-10 21:44:05', '2017-06-01 19:49:57', 'd3356cb1-e962-4533-8471-71fab53dcc4e'),
 ('208', 'Entry', '1', '0', '2017-05-10 21:44:34', '2017-05-10 21:45:30', '499e2b5c-740f-43bb-beae-ebd497987767'),
 ('209', 'Asset', '1', '0', '2017-05-10 21:45:47', '2017-06-01 19:49:57', '42d697c8-5b65-4651-bc27-d27f6d1cbea3'),
 ('210', 'Entry', '1', '0', '2017-05-10 21:46:44', '2017-05-10 21:46:44', 'db40c798-b7ba-4f3b-af87-19d6d81f6568'),
 ('211', 'Asset', '1', '0', '2017-05-10 21:49:56', '2017-06-01 19:49:57', 'ee489fb9-0dfe-44c3-bc5c-b99f381ea1ad'),
 ('212', 'Entry', '1', '0', '2017-05-10 21:51:09', '2017-05-10 21:51:09', '02c0d469-4118-405e-ad10-f3c297a9f47f'),
 ('213', 'Asset', '1', '0', '2017-05-10 21:51:30', '2017-06-01 19:49:57', 'f0df5f32-788a-415a-9695-1f07a0e9f3a4'),
 ('214', 'Entry', '1', '0', '2017-05-10 21:51:57', '2017-05-10 21:51:57', '9f8dfe6d-5817-4aa8-a907-790e5110132b'),
 ('215', 'Asset', '1', '0', '2017-05-10 21:53:00', '2017-06-01 19:49:57', '412812c2-eeed-4b36-9da7-7d3300acdbf8'),
 ('216', 'Entry', '1', '0', '2017-05-10 21:53:27', '2017-05-10 21:53:27', 'd185d28a-726b-4fd8-b324-583c21817d47'),
 ('217', 'Asset', '1', '0', '2017-05-10 21:55:14', '2017-06-01 19:49:57', 'f6afc869-e5f2-46d0-a0ff-6ab4220d8251'),
 ('218', 'Entry', '1', '0', '2017-05-10 21:55:39', '2017-05-10 21:55:39', '3388a623-6833-4828-ab97-23f5701a3817'),
 ('219', 'Asset', '1', '0', '2017-05-10 23:50:41', '2017-06-01 19:49:51', 'c2eb5cc3-6a4b-40cb-91c8-c4c36115b6bc'),
 ('220', 'Asset', '1', '0', '2017-05-10 23:51:45', '2017-06-01 19:49:49', 'ef3e3859-89b5-4cab-8fb2-66a15265cc01'),
 ('221', 'Asset', '1', '0', '2017-05-10 23:54:51', '2017-06-01 19:49:51', '29d4c97c-c1ee-4dde-aef6-dd29f546a2ae'),
 ('222', 'MatrixBlock', '1', '0', '2017-05-11 02:34:14', '2017-06-14 20:05:57', '5073fcac-8c1b-45c8-adff-2dbfa7cdbe17'),
 ('223', 'Asset', '1', '0', '2017-05-11 02:39:49', '2017-06-01 19:49:44', '3f79162d-8a61-4030-b3f9-2fcacc48955f'),
 ('224', 'Asset', '1', '0', '2017-05-11 02:40:08', '2017-06-01 19:49:55', '90320ffd-f3c6-4ad1-afae-3be9d793ef77'),
 ('225', 'MatrixBlock', '1', '0', '2017-05-11 02:41:50', '2017-06-28 02:26:35', '544ce7d0-521b-4dd5-bbe7-6727c21b5fa7'),
 ('226', 'MatrixBlock', '1', '0', '2017-05-11 02:41:50', '2017-06-28 02:26:35', '306cf8cb-eee1-4113-bc2e-8909deae6fe9'),
 ('227', 'MatrixBlock', '1', '0', '2017-05-11 02:54:26', '2017-06-07 20:20:20', '9ab8a106-4069-413d-8ed7-140d3db62cde'),
 ('228', 'MatrixBlock', '1', '0', '2017-05-11 02:54:26', '2017-06-07 20:20:20', 'f6053a00-114f-453e-84f1-d09affb179ae'),
 ('229', 'MatrixBlock', '1', '0', '2017-05-11 02:54:26', '2017-06-07 20:20:20', 'b1c135c4-f108-4395-af73-0eb78d14070a'),
 ('230', 'MatrixBlock', '1', '0', '2017-05-11 02:54:26', '2017-06-07 20:20:20', 'a454837f-83b8-4639-a03d-ba0fbf7cdcae'),
 ('231', 'MatrixBlock', '1', '0', '2017-05-11 03:35:13', '2017-06-07 19:15:55', '6f001686-1b17-4bce-a95b-70be945f1f6c'),
 ('232', 'MatrixBlock', '1', '0', '2017-05-11 14:06:53', '2017-06-07 19:15:55', '29b75423-19e4-4267-9c17-b04a7b7d5ef2'),
 ('233', 'Asset', '1', '0', '2017-05-11 16:54:33', '2017-06-01 19:49:52', '6b1ccd16-2922-42a0-848f-d2c4edbd1f68'),
 ('234', 'Asset', '1', '0', '2017-05-11 17:19:50', '2017-06-01 19:49:50', 'f569a80a-6ac4-459a-bb58-91ec2cf1ea12'),
 ('235', 'User', '1', '0', '2017-05-19 18:26:25', '2017-05-19 18:26:25', 'e1bc8aba-667f-4603-a292-599172bcab37'),
 ('236', 'Asset', '1', '0', '2017-05-31 15:16:06', '2017-06-01 19:49:43', '9f161590-0476-4c2e-8c79-c9700dd1b502'),
 ('237', 'MatrixBlock', '1', '0', '2017-05-31 20:18:40', '2017-05-31 20:18:40', '4516d1d4-1172-4a4c-97dd-52ff69b7ab1a'),
 ('238', 'Asset', '1', '0', '2017-06-01 19:10:02', '2017-06-14 18:05:45', 'cfcf37c4-b606-49f4-85f5-d41e3be38484'),
 ('239', 'Asset', '1', '0', '2017-06-01 19:11:20', '2017-06-14 17:50:45', 'ee1eec19-876c-4cc7-9691-777aebf2f0e6'),
 ('240', 'Asset', '1', '0', '2017-06-01 19:11:47', '2017-06-01 19:49:54', 'cfa8872d-a2b2-4a15-b43a-ae1ba857cdea'),
 ('241', 'Asset', '1', '0', '2017-06-01 19:12:17', '2017-06-14 18:20:31', '0dee1db0-f9d1-45be-aefb-79d3acd76a60'),
 ('242', 'Asset', '1', '0', '2017-06-01 19:12:47', '2017-06-14 17:38:20', 'c7bd1187-c834-4562-ad9b-19569f920486'),
 ('243', 'Asset', '1', '0', '2017-06-01 19:13:57', '2017-06-01 19:49:47', '9642c5a4-e1af-4165-8e10-ac2629b931d5'),
 ('244', 'Asset', '1', '0', '2017-06-01 19:14:35', '2017-06-01 19:49:54', '692e346c-7ad7-4fba-a69c-8ef0fca3c5d7'),
 ('245', 'Asset', '1', '0', '2017-06-01 19:14:46', '2017-06-01 19:49:55', 'c49fcfed-6cb9-447f-8313-8eceb9629f04'),
 ('246', 'Asset', '1', '0', '2017-06-01 19:15:36', '2017-06-01 19:49:53', '882d4907-a9ee-4de6-93ab-aa2b127fd6cf'),
 ('247', 'Asset', '1', '0', '2017-06-01 19:25:14', '2017-06-01 19:49:54', 'a77908d6-3a5c-411a-a9ea-1dabdc8397d9'),
 ('248', 'Asset', '1', '0', '2017-06-01 19:25:27', '2017-06-01 19:49:53', '4e5da954-d96f-4cdf-98c8-e66acea3ae20'),
 ('249', 'Asset', '1', '0', '2017-06-01 19:39:13', '2017-06-01 19:49:53', 'fa621820-5684-4384-8243-c78bfbd8836a'),
 ('250', 'Asset', '1', '0', '2017-06-01 19:49:43', '2017-06-01 19:49:43', 'fde7d703-c1bb-431a-bda7-5c0e0878cb9b'),
 ('251', 'Asset', '1', '0', '2017-06-01 19:49:44', '2017-06-01 19:49:44', 'c4d642b5-e083-4a18-a722-530429c0feda'),
 ('252', 'Asset', '1', '0', '2017-06-01 19:49:44', '2017-06-01 19:49:45', '718d7281-b2ab-4249-890f-7e2e838e4c97'),
 ('253', 'Asset', '1', '0', '2017-06-01 19:49:45', '2017-06-01 19:49:45', '2b4fc105-94c3-4635-aab2-14652e3430d2'),
 ('254', 'Asset', '1', '0', '2017-06-01 19:49:46', '2017-06-01 19:49:46', '0469d7aa-5906-4753-835f-3132d4fa256d');
INSERT INTO `craft_elements` (`id`, `type`, `enabled`, `archived`, `dateCreated`, `dateUpdated`, `uid`) VALUES
 ('255', 'Asset', '1', '0', '2017-06-01 19:49:46', '2017-06-01 19:49:46', '919fd595-26ce-4fbc-ae22-2f6c3ed64f9e'),
 ('256', 'Asset', '1', '0', '2017-06-01 19:49:46', '2017-06-01 19:49:47', '2a5993a3-c021-49e8-8d7b-9790dc599b0b'),
 ('257', 'Asset', '1', '0', '2017-06-01 19:49:47', '2017-06-01 19:49:47', '498bdf53-daf0-413b-8eaf-7f46ce6e98cf'),
 ('258', 'Asset', '1', '0', '2017-06-01 19:49:55', '2017-06-01 19:49:55', '05560d93-e243-4096-9b29-d5594daa17b8'),
 ('259', 'Asset', '1', '0', '2017-06-01 19:49:56', '2017-06-01 19:49:56', '76eaf842-cb56-4993-ad4f-9ae4e006e9c5'),
 ('260', 'Asset', '1', '0', '2017-06-01 19:49:56', '2017-06-01 19:49:56', '37b5c81b-8de5-4cb7-8417-dfc3f1d61f5e'),
 ('261', 'MatrixBlock', '1', '0', '2017-06-01 20:33:12', '2017-06-07 19:15:55', 'adec52b3-2e3c-4f01-b089-23c748846401'),
 ('262', 'MatrixBlock', '1', '0', '2017-06-01 20:33:12', '2017-06-07 19:15:55', '215ff5a0-775b-425d-b397-fa40295b3251'),
 ('263', 'MatrixBlock', '1', '0', '2017-06-01 20:33:12', '2017-06-07 19:15:55', 'a95b9253-316b-46bf-890a-99ba3b820022'),
 ('264', 'MatrixBlock', '1', '0', '2017-06-01 20:33:12', '2017-06-07 19:15:55', '59cc705d-bc39-437f-a1f2-2974b540b90d'),
 ('265', 'MatrixBlock', '1', '0', '2017-06-01 20:33:12', '2017-06-07 19:15:55', 'ffd9359c-f3b6-4e30-a37e-6adeb62529fd'),
 ('266', 'User', '1', '0', '2017-06-02 19:19:57', '2017-06-02 19:26:19', '705cfcc1-841e-40c7-805a-1581cb30ed24'),
 ('267', 'User', '1', '0', '2017-06-02 19:21:16', '2017-06-02 19:26:48', 'c0a6c26b-a876-4496-bda2-585cd6b1042a'),
 ('268', 'Asset', '1', '0', '2017-06-02 20:26:36', '2017-06-02 20:26:36', '067e0883-8e01-47e3-a012-9739a3bd46b7'),
 ('269', 'Asset', '1', '0', '2017-06-02 20:50:32', '2017-06-02 20:50:32', '12355869-352c-4240-911e-f609dfafa62f'),
 ('270', 'Asset', '1', '0', '2017-06-02 20:52:59', '2017-06-02 20:52:59', '9af01094-d9bc-4177-8e66-d494defdcb48'),
 ('271', 'Asset', '1', '0', '2017-06-05 16:54:24', '2017-06-05 16:54:24', '3941e452-b5ee-43e0-bc6d-ca193db99b99'),
 ('272', 'Asset', '1', '0', '2017-06-05 17:39:06', '2017-06-05 17:39:06', '2ac78608-01ff-44d1-bef9-74d67a9d10bd'),
 ('273', 'Entry', '1', '0', '2017-06-05 21:00:28', '2017-06-05 21:03:46', 'dc6e7b2a-6a6c-42a1-a0c2-1ba80c391da2'),
 ('274', 'Entry', '1', '0', '2017-06-05 21:04:34', '2017-06-05 21:05:38', '6608cc3d-f20d-4956-89dc-3a214a698071'),
 ('275', 'Entry', '1', '0', '2017-06-05 21:05:26', '2017-06-05 21:05:26', 'decff8e6-7ca5-48b0-8ca8-351b7a5aed98'),
 ('276', 'Entry', '1', '0', '2017-06-05 21:06:57', '2017-06-05 21:06:57', 'b0b177e5-bf4c-4c64-af0f-3318e3cd1134'),
 ('277', 'Entry', '1', '0', '2017-06-05 21:07:45', '2017-06-05 21:07:45', '6f4a5e74-9abf-4d80-895f-39e3dfab660d'),
 ('278', 'Entry', '1', '0', '2017-06-05 21:09:26', '2017-06-05 21:09:26', '376fb0fb-27cb-4c91-bd3e-ec3fc24470c6'),
 ('279', 'Entry', '1', '0', '2017-06-05 21:10:00', '2017-06-05 21:10:11', 'b4053280-55d1-4981-a5aa-450212b31712'),
 ('280', 'Entry', '1', '0', '2017-06-05 21:17:15', '2017-06-05 21:17:15', '960f68d5-1cf1-4e4b-be4a-f04ca5e8454d'),
 ('281', 'Entry', '1', '0', '2017-06-05 21:18:13', '2017-06-05 21:18:13', 'f0a6cad5-9623-4147-b722-03175d856f00'),
 ('282', 'MatrixBlock', '1', '0', '2017-06-06 15:54:11', '2017-06-07 19:15:55', '9b2172a2-c275-47a9-8999-a8fa100dbe7a'),
 ('283', 'MatrixBlock', '1', '0', '2017-06-06 15:54:11', '2017-06-07 19:15:55', 'd83838e8-7ebd-49a8-8a2a-66306919b593'),
 ('284', 'MatrixBlock', '1', '0', '2017-06-06 15:54:11', '2017-06-07 19:15:55', '46dda332-7d63-4c6a-94e2-063cfbcf169a'),
 ('285', 'MatrixBlock', '1', '0', '2017-06-06 15:54:11', '2017-06-07 19:15:55', '627966fe-a6ed-4730-ac45-44202a27c09e'),
 ('286', 'MatrixBlock', '1', '0', '2017-06-06 15:54:11', '2017-06-07 19:15:55', '393e2038-0884-4e4c-afae-0f6b6301f6eb'),
 ('287', 'MatrixBlock', '1', '0', '2017-06-06 15:54:11', '2017-06-07 19:15:55', '29e4baf7-417f-4077-9efd-bc9984df0ece'),
 ('288', 'MatrixBlock', '1', '0', '2017-06-06 15:54:11', '2017-06-07 19:15:55', 'dc543edc-4327-42af-b7b5-30cdc13fae3d'),
 ('289', 'MatrixBlock', '1', '0', '2017-06-06 15:54:11', '2017-06-07 19:15:55', 'a40b0f03-d452-4704-8e56-b2b4715725d4'),
 ('290', 'Asset', '1', '0', '2017-06-13 19:17:03', '2017-06-13 19:17:03', 'b2fcc6e8-4491-4baa-9e51-8fa31ce9aca8'),
 ('291', 'Entry', '1', '0', '2017-06-13 19:17:52', '2017-06-13 19:17:52', 'a47158f3-235a-4578-93c7-c2f2c2c33506'),
 ('292', 'Asset', '1', '0', '2017-06-13 19:18:57', '2017-06-13 19:18:57', '06e3518b-d1bd-496b-8df2-bbead520099f'),
 ('294', 'GlobalSet', '1', '0', '2017-06-13 21:00:23', '2017-06-13 21:01:04', '7a82756a-711f-471d-96d3-1fb0cca3ed6c'),
 ('299', 'Asset', '1', '0', '2017-06-14 17:57:54', '2017-06-14 17:57:54', 'e5e97e80-5d2a-475c-be5f-4d248e81439b'),
 ('302', 'Asset', '1', '0', '2017-06-14 18:27:23', '2017-06-14 18:27:23', 'd4e3dcff-3dfd-4d36-a547-ebb514156e46'),
 ('303', 'Asset', '1', '0', '2017-06-14 18:28:26', '2017-06-14 18:28:26', '2de4798a-a26c-406f-8bfb-5fac048d3326'),
 ('304', 'Asset', '1', '0', '2017-06-14 18:43:58', '2017-06-14 18:43:58', '38cd193a-87f7-43df-904a-88912d59c148'),
 ('305', 'Entry', '1', '0', '2017-06-14 18:56:46', '2017-06-14 18:56:46', '617cf570-2d87-40f8-a1b8-bf54c56751d4'),
 ('307', 'Asset', '1', '0', '2017-06-14 19:34:16', '2017-06-14 19:34:16', '6140a4a7-e141-494e-aed0-f4eb34803818'),
 ('308', 'Asset', '1', '0', '2017-06-14 19:56:53', '2017-06-14 19:56:53', 'f138785c-85c5-4b6a-8b76-3b0d9d1dad2f'),
 ('309', 'Asset', '1', '0', '2017-06-14 20:05:50', '2017-06-14 20:05:50', '34b4c4b8-698d-4eb1-ad3c-7336f142b7f5'),
 ('310', 'Entry', '1', '0', '2017-06-14 21:01:26', '2017-06-14 21:03:44', '053ca1e1-1db1-41a3-8e2a-a4fc9c30abc5'),
 ('311', 'Asset', '1', '0', '2017-06-15 20:47:14', '2017-06-15 20:47:14', '09bd0cf9-7c11-423c-bbdb-49c4b8bf6044');



DROP TABLE IF EXISTS `craft_elements_i18n`;


--
-- Schema for table `craft_elements_i18n`
--
CREATE TABLE `craft_elements_i18n` (
  `id` int(11) NOT NULL AUTO_INCREMENT,
  `elementId` int(11) NOT NULL,
  `locale` char(12) COLLATE utf8_unicode_ci NOT NULL,
  `slug` varchar(255) COLLATE utf8_unicode_ci DEFAULT NULL,
  `uri` varchar(255) COLLATE utf8_unicode_ci DEFAULT NULL,
  `enabled` tinyint(1) unsigned NOT NULL DEFAULT '1',
  `dateCreated` datetime NOT NULL,
  `dateUpdated` datetime NOT NULL,
  `uid` char(36) COLLATE utf8_unicode_ci NOT NULL DEFAULT '0',
  PRIMARY KEY (`id`),
  UNIQUE KEY `craft_elements_i18n_elementId_locale_unq_idx` (`elementId`,`locale`),
  UNIQUE KEY `craft_elements_i18n_uri_locale_unq_idx` (`uri`,`locale`),
  KEY `craft_elements_i18n_slug_locale_idx` (`slug`,`locale`),
  KEY `craft_elements_i18n_enabled_idx` (`enabled`),
  KEY `craft_elements_i18n_locale_fk` (`locale`)
) ENGINE=InnoDB AUTO_INCREMENT=312 DEFAULT CHARSET=utf8 COLLATE=utf8_unicode_ci;

--
-- Data for table `craft_elements_i18n`
--

INSERT INTO `craft_elements_i18n` (`id`, `elementId`, `locale`, `slug`, `uri`, `enabled`, `dateCreated`, `dateUpdated`, `uid`) VALUES
 ('1', '1', 'en_us', '', NULL, '1', '2017-01-12 16:12:58', '2017-01-12 16:12:58', '55dfb4e5-38dd-439c-9bf0-818a1c6524ed'),
 ('2', '2', 'en_us', 'homepage', '__home__', '1', '2017-01-12 16:12:59', '2017-06-28 04:00:27', 'efa52522-d95f-46d4-96e4-e89630ac50eb'),
 ('3', '3', 'en_us', 'we-just-installed-craft', 'news/2017/we-just-installed-craft', '1', '2017-01-12 16:12:59', '2017-01-12 16:12:59', 'bafce75b-c074-4fe9-b0dc-e7575a68a0b0'),
 ('5', '5', 'en_us', '', NULL, '1', '2017-02-16 21:06:16', '2017-04-10 18:58:43', '5715c706-6133-47e9-b366-0835801aea5f'),
 ('6', '6', 'en_us', '', NULL, '1', '2017-02-16 21:16:37', '2017-04-20 20:31:50', '1965815c-9703-42b8-8c12-4aa837d21150'),
 ('10', '10', 'en_us', 'a-magazine', 'partners/a-magazine', '1', '2017-02-23 21:56:29', '2017-06-22 20:29:50', '17b5e254-5a7a-47e3-9278-1882615ffa71'),
 ('11', '11', 'en_us', 'this-is-a-fun-statistic', 'statistics/this-is-a-fun-statistic', '1', '2017-02-24 21:50:46', '2017-04-13 19:39:10', '8f0bd7e0-2921-484f-9202-d9f27093eef2'),
 ('12', '12', 'en_us', 'this-is-a-second-statistic', 'statistics/this-is-a-second-statistic', '1', '2017-02-24 21:51:00', '2017-05-11 15:52:21', '867a5538-d660-49f6-a540-c3c690c0ad6f'),
 ('14', '14', 'en_us', 'the-burr', 'partners/the-burr', '1', '2017-02-27 15:21:05', '2017-06-14 17:38:33', 'c046eb3b-48c3-463a-99ad-d7d29690de39'),
 ('15', '15', 'en_us', 'kent-stater', 'partners/kent-stater', '1', '2017-02-27 15:21:14', '2017-06-07 20:20:20', '9fc046ad-6570-4ff7-b4b1-d8ca3e1faba1'),
 ('19', '19', 'en_us', 'black-squirrel-radio', 'partners/black-squirrel-radio', '1', '2017-03-02 19:46:01', '2017-06-14 17:58:08', '7ab14e9f-7423-47c0-97a7-cfe3fab1c5e5'),
 ('20', '20', 'en_us', 'tv2', 'partners/tv2', '1', '2017-03-02 19:46:26', '2017-06-14 20:05:57', '006a9954-333a-4c3b-b4d2-3326368efba3'),
 ('21', '21', 'en_us', 'fusion-magazine', 'partners/fusion-magazine', '1', '2017-03-02 19:46:47', '2017-06-14 18:27:33', 'dde77f32-556a-4d0d-ab82-cc2f23f8e342'),
 ('22', '22', 'en_us', 'uhuru', 'partners/uhuru', '1', '2017-03-02 19:46:53', '2017-06-07 20:13:56', '378de073-70ed-4c40-bcba-13a776592878'),
 ('23', '23', 'en_us', 'kentwired', 'partners/kentwired', '1', '2017-03-02 19:48:46', '2017-06-28 02:26:49', '2f34410a-214c-492b-a778-a45e5c88ff87'),
 ('24', '24', 'en_us', 'luna-negra', 'partners/luna-negra', '1', '2017-03-02 19:49:24', '2017-06-14 20:10:38', 'f196ea92-2b2a-42f5-bc85-bc3d54b5ea93'),
 ('25', '25', 'en_us', 'ksu-independent-films', 'partners/ksu-independent-films', '1', '2017-03-02 19:49:47', '2017-06-28 02:26:35', '41b214a5-1c80-4f8b-a9da-7e3e289f15d2'),
 ('27', '27', 'en_us', 'statistics', 'statistics/statistics', '1', '2017-03-09 01:59:38', '2017-05-11 16:07:36', 'a5d809b1-dc12-4509-a39f-9e35866a9441'),
 ('35', '35', 'en_us', 'seaside', NULL, '1', '2017-03-09 19:36:31', '2017-03-09 19:36:31', '9fef4d53-e3ee-40a7-b6f4-de46c4d9999a'),
 ('37', '37', 'en_us', '', NULL, '1', '2017-03-10 16:00:22', '2017-06-28 02:26:35', '22241473-2c70-4965-a879-dd57f6ffc764'),
 ('42', '42', 'en_us', 'broadcast-film', 'ad-format/broadcast-film', '1', '2017-03-12 16:15:37', '2017-04-13 20:38:00', 'f7f937a2-0b95-4c5a-bde4-25cfcbec671e'),
 ('45', '45', 'en_us', 'kevin-dilley', 'staff/kevin-dilley', '1', '2017-03-12 16:17:55', '2017-06-13 19:19:02', 'b9ef2d85-94ed-4411-ac7a-e3244c0458e0'),
 ('46', '46', 'en_us', 'amag-logo', NULL, '1', '2017-03-15 23:42:37', '2017-06-01 19:49:44', '9bb4897f-7acb-4842-bbe5-ac3114cf6772'),
 ('47', '47', 'en_us', 'bsr-logo', NULL, '1', '2017-03-15 23:42:38', '2017-06-01 19:49:44', '4716edbc-5e6e-495d-9a9d-b3c30c70ff9b'),
 ('48', '48', 'en_us', 'burr-logo', NULL, '1', '2017-03-15 23:42:38', '2017-06-01 19:49:44', '8e42dccd-6e32-498f-a88b-a55534daa5bb'),
 ('49', '49', 'en_us', 'fusion-logo', NULL, '1', '2017-03-15 23:42:38', '2017-06-01 19:49:45', '8ae1e262-0fad-4650-baca-59ea7b3e60c9'),
 ('50', '50', 'en_us', 'intel', NULL, '1', '2017-03-15 23:42:38', '2017-03-15 23:42:38', '357571a5-3622-46f2-ad9e-3c6b907a88ad'),
 ('51', '51', 'en_us', 'kentstater-logo', NULL, '1', '2017-03-15 23:42:39', '2017-06-01 19:49:45', '046d56cc-1280-419d-b910-ba54e87c20c0'),
 ('52', '52', 'en_us', 'ksuif-logo', NULL, '1', '2017-03-15 23:42:39', '2017-06-01 19:49:45', '2781786a-0557-4440-b15d-0c304f676d54'),
 ('53', '53', 'en_us', 'lunanegra-logo', NULL, '1', '2017-03-15 23:42:39', '2017-06-01 19:49:45', '305e7978-04cd-4167-bb1a-c8fc6c117176'),
 ('54', '54', 'en_us', 'smsales-logo', NULL, '1', '2017-03-15 23:42:39', '2017-06-01 19:49:46', '8ce8716e-b744-4131-a355-718d786c6a9a'),
 ('55', '55', 'en_us', 'tv2-logo', NULL, '1', '2017-03-15 23:42:39', '2017-06-01 19:49:47', '747d87bf-4c0b-478c-8312-cd6922a0f94e'),
 ('56', '56', 'en_us', 'uhuru-logo', NULL, '1', '2017-03-15 23:42:39', '2017-06-01 19:49:47', '2ef6fbf8-f9c7-47c0-8c76-77af9ab37836'),
 ('58', '58', 'en_us', 'about', 'about', '1', '2017-03-16 18:11:56', '2017-06-15 20:48:34', 'c24f379d-6b80-4f99-ab47-5c58b716f695'),
 ('59', '59', 'en_us', 'media-partners-home', 'partners', '1', '2017-03-16 18:12:46', '2017-06-14 20:50:48', 'a6b6ab38-a66f-4ba8-8165-bc2cd4908825'),
 ('60', '60', 'en_us', 'get-involved', 'involvement', '1', '2017-03-16 18:13:51', '2017-06-07 19:15:55', 'ff534bdf-8345-4e9e-9603-b51170549743'),
 ('61', '61', 'en_us', 'advertising', 'advertising', '1', '2017-03-16 18:15:33', '2017-06-21 18:08:10', '679c8b72-774a-4a61-b5c7-8131b6f257eb'),
 ('62', '62', 'en_us', 'contact', 'contact', '1', '2017-03-16 18:15:45', '2017-06-13 19:31:04', 'eb0b3597-7a20-41b1-8537-436ab139f861'),
 ('64', '64', 'en_us', 'people-cropped-960', NULL, '1', '2017-03-16 18:42:00', '2017-06-01 19:49:56', '4e2a3462-bf49-4dcb-9a29-cff51008de73'),
 ('65', '65', 'en_us', 'testimonial-1', NULL, '1', '2017-03-21 17:36:38', '2017-03-21 17:36:38', 'dd815e18-0cc0-419f-a61d-57c04b946174'),
 ('67', '67', 'en_us', 'studentmedia-logo', NULL, '1', '2017-03-23 03:31:51', '2017-03-23 03:32:18', '864ff2e9-46a4-41b6-b01a-10223273a29e'),
 ('68', '68', 'en_us', 'print', 'ad-format/print', '1', '2017-03-23 18:09:01', '2017-03-23 18:10:35', 'c6e25d16-4448-4150-9f54-f252401d62ec'),
 ('69', '69', 'en_us', 'online', 'ad-format/online', '1', '2017-03-23 18:09:09', '2017-04-13 20:05:31', '31c0e4ad-878b-477d-a164-68e60f6868fc'),
 ('70', '70', 'en_us', 'bundles', 'ad-format/bundles', '1', '2017-03-23 18:09:15', '2017-03-23 18:10:35', '22c23677-9bd0-4a74-aeca-d0c38f4b4dea'),
 ('71', '71', 'en_us', 'ad-2', 'advertising/ad-2', '1', '2017-03-23 18:10:55', '2017-05-31 20:16:24', 'f51e6416-2cc7-4121-886c-ff6588d11e69'),
 ('72', '72', 'en_us', '', NULL, '1', '2017-03-23 18:10:55', '2017-04-15 20:54:45', '4271370d-2183-4c3b-8368-ad6f847dd51d'),
 ('73', '73', 'en_us', 'daily-kent-stater-ads', 'advertising/daily-kent-stater-ads', '1', '2017-03-23 18:20:19', '2017-05-31 20:16:24', 'cb16c22e-309e-462c-9b0e-8fabcaa0990e'),
 ('74', '74', 'en_us', '', NULL, '1', '2017-03-23 18:21:18', '2017-04-14 22:37:18', '268141ba-62c9-4e22-9633-c7615685f368'),
 ('75', '75', 'en_us', '', NULL, '1', '2017-03-23 18:27:09', '2017-04-14 22:37:18', '63c5215e-11fd-4dfa-b44e-12c8e8cefc5d'),
 ('78', '78', 'en_us', 'sm-logo', NULL, '1', '2017-04-03 19:35:52', '2017-06-01 19:49:44', '5d2a31dd-8865-49a0-9d04-83bd10379b2e'),
 ('81', '81', 'en_us', 'luna-negra', 'advertising/luna-negra', '1', '2017-04-06 19:24:00', '2017-05-31 20:16:24', '58c3f8d5-92f7-4f59-a02d-c33105a9da34'),
 ('82', '82', 'en_us', '', NULL, '1', '2017-04-06 19:25:39', '2017-04-13 20:33:50', 'c4f2489b-c9ab-411d-ad31-a5c797e0a2f6'),
 ('85', '85', 'en_us', 'sm-logo-rgb-white', NULL, '1', '2017-04-10 17:23:27', '2017-06-01 19:49:44', '61f371dc-ba3a-4eb7-86c1-b160cc4dbb06'),
 ('86', '86', 'en_us', 'logo-mark', NULL, '1', '2017-04-10 18:58:41', '2017-06-01 19:49:45', '05d03a54-1002-4273-83fa-20b00acd3ba4'),
 ('88', '88', 'en_us', 'seaside', NULL, '1', '2017-04-10 19:59:06', '2017-06-01 19:49:56', 'ccdc7da7-99fe-40b1-8b23-218b4da6c642'),
 ('90', '90', 'en_us', 'grid-field-03', NULL, '1', '2017-04-10 19:59:15', '2017-06-01 19:49:55', '3a32e505-f9c9-42d6-9258-a2116599962b'),
 ('91', '91', 'en_us', 'kentwired-sponsored-tweets', 'advertising/kentwired-sponsored-tweets', '1', '2017-04-13 20:24:07', '2017-05-31 20:16:24', '0bff3b52-e91a-4795-8f25-1ceb1953494f'),
 ('92', '92', 'en_us', '', NULL, '1', '2017-04-13 20:31:54', '2017-04-14 22:28:27', 'a1c0a184-3c0f-4d3a-b648-9862a8adbb00'),
 ('93', '93', 'en_us', 'transitions', 'partners/transitions', '1', '2017-04-13 20:34:15', '2017-06-22 19:44:42', 'f5df635c-147c-4395-bce4-64b4fb5c71d6'),
 ('94', '94', 'en_us', 'transitions', 'advertising/transitions', '1', '2017-04-13 20:34:19', '2017-05-31 20:16:24', 'b6cd1992-96b8-4334-945f-e9ccf54c6f57'),
 ('95', '95', 'en_us', 'tv2-1', 'advertising/tv2-1', '1', '2017-04-13 20:36:11', '2017-05-31 20:16:24', '8b796861-d59b-4fef-ab27-ad8257da49da'),
 ('96', '96', 'en_us', 'creative-services', 'advertising/creative-services', '1', '2017-04-13 20:37:01', '2017-05-31 20:16:24', 'e295325a-61ad-41d6-9db0-8583ea260e4c'),
 ('97', '97', 'en_us', '', NULL, '1', '2017-04-13 20:37:01', '2017-04-13 20:37:01', 'dc9f20b7-580b-4f0a-936c-47db55db12b3'),
 ('98', '98', 'en_us', '', NULL, '1', '2017-04-13 20:37:01', '2017-04-13 20:37:01', '8a992454-1e29-455e-80b8-eded04a3f6dd'),
 ('99', '99', 'en_us', 'black-squirrel-radio', 'advertising/black-squirrel-radio', '1', '2017-04-13 20:37:21', '2017-05-31 20:18:40', '0da15cf1-0114-4271-b4f0-b246b103dbfa'),
 ('100', '100', 'en_us', 'ksu-independent-films', 'advertising/ksu-independent-films', '1', '2017-04-13 20:38:02', '2017-05-31 20:16:24', 'edb108bc-c41c-4620-89d2-77b8767e2995'),
 ('101', '101', 'en_us', 'student-media-ad-sales', 'partners/student-media-ad-sales', '1', '2017-04-13 20:42:03', '2017-06-28 02:26:44', '46b034d6-0233-4f8b-965e-3d0db2bd3b90'),
 ('102', '102', 'en_us', 'kentcribs', 'advertising/kentcribs', '1', '2017-04-13 20:42:13', '2017-05-31 20:16:24', '72cbe4d1-7baa-4f3b-9839-9311f9206cfa'),
 ('103', '103', 'en_us', 'advertising-bundles', 'advertising/advertising-bundles', '1', '2017-04-13 20:45:00', '2017-05-31 20:16:24', 'f247406e-7373-49ad-a0ac-bb4dd5213c9c'),
 ('104', '104', 'en_us', '', NULL, '1', '2017-04-13 20:45:00', '2017-04-14 21:46:25', '017852da-5f02-4b9d-8f9a-dd6dfa3adf94'),
 ('105', '105', 'en_us', '', NULL, '1', '2017-04-14 21:45:58', '2017-04-14 21:46:25', '0f3021ff-416f-444b-b228-e7148893cddd'),
 ('106', '106', 'en_us', '', NULL, '1', '2017-04-14 21:45:58', '2017-04-14 21:46:25', 'c49ed725-d649-4be5-8963-c5b568e0e60e'),
 ('107', '107', 'en_us', '', NULL, '1', '2017-04-14 21:45:58', '2017-04-14 21:46:25', '8ea6c009-31ce-4d94-a05c-6ee778ed3d42'),
 ('108', '108', 'en_us', '', NULL, '1', '2017-04-14 21:45:58', '2017-04-14 21:46:25', 'cd50b0a9-1f52-4c40-814f-7a1cb7714d63'),
 ('109', '109', 'en_us', '', NULL, '1', '2017-04-14 21:45:58', '2017-04-14 21:46:25', 'e9e9493f-6720-49fe-a707-6092fd078873'),
 ('110', '110', 'en_us', '', NULL, '1', '2017-04-14 21:49:58', '2017-04-14 21:50:44', '58af0667-748e-49dd-a2cd-f0c0e1d79583'),
 ('111', '111', 'en_us', '', NULL, '1', '2017-04-14 21:58:18', '2017-04-15 20:54:45', '922271b6-dc41-4784-b43e-4213f28551b2'),
 ('112', '112', 'en_us', '', NULL, '1', '2017-04-14 22:37:18', '2017-04-14 22:37:18', '105b95a1-c97e-4bf6-96c4-7e6300da2a26'),
 ('116', '116', 'en_us', 'applications-due', 'events/applications-due', '1', '2017-04-20 17:51:08', '2017-06-05 20:55:53', '2ef29f9c-f2a1-4115-bb7c-26513dd5bd5c'),
 ('117', '117', 'en_us', 'release-date', 'events/release-date', '1', '2017-04-20 17:51:30', '2017-06-05 20:52:42', 'c3a9195f-a0bf-44af-9705-75087f2e8624'),
 ('118', '118', 'en_us', 'amag-logo', NULL, '1', '2017-04-20 17:54:24', '2017-06-01 19:49:55', 'e9154a06-bda3-4ce9-a073-25e072195b19'),
 ('119', '119', 'en_us', 'bsr-logo', NULL, '1', '2017-04-20 17:54:25', '2017-06-01 19:49:55', '98432c70-29f1-4dba-a2b6-91fee28fd87d'),
 ('120', '120', 'en_us', 'burr-logo', NULL, '1', '2017-04-20 17:54:25', '2017-06-01 19:49:55', '3e2b56a1-0f67-424f-9607-41a979e329ef'),
 ('121', '121', 'en_us', 'fusion-logo', NULL, '1', '2017-04-20 17:54:25', '2017-06-01 19:49:55', '1518d161-7f63-472b-999b-a185ef4b577a'),
 ('122', '122', 'en_us', 'intel', NULL, '1', '2017-04-20 17:54:25', '2017-06-01 19:49:51', '3e56997c-e3fb-4900-ba99-5c75bfef10ab'),
 ('123', '123', 'en_us', 'kentstater-logo', NULL, '1', '2017-04-20 17:54:26', '2017-06-01 19:49:55', 'f9118986-7a9d-4fd5-b9c8-599a9e0ee77b'),
 ('124', '124', 'en_us', 'ksuif-logo', NULL, '1', '2017-04-20 17:54:26', '2017-06-01 19:49:56', '22eee217-38c9-42f5-b32e-d04f04be7237'),
 ('125', '125', 'en_us', 'lunanegra-logo', NULL, '1', '2017-04-20 17:54:26', '2017-06-01 19:49:56', 'bcf93a38-cd17-4f6f-9e39-0e89ef4e08b0'),
 ('126', '126', 'en_us', 'smsales-logo', NULL, '1', '2017-04-20 17:54:26', '2017-06-01 19:49:56', '95de862d-7cca-4487-9197-c583d7ce2c42'),
 ('127', '127', 'en_us', 'tv2-logo', NULL, '1', '2017-04-20 17:54:26', '2017-06-01 19:49:56', '13f00e87-974a-4a3a-987f-cf53d3ded35a'),
 ('128', '128', 'en_us', 'uhuru-logo', NULL, '1', '2017-04-20 17:54:26', '2017-06-01 19:49:56', 'effb9f2e-d172-41fd-bfdb-d2d585a00216'),
 ('129', '129', 'en_us', '', NULL, '1', '2017-04-20 19:32:21', '2017-06-14 20:10:38', 'ec1b05a2-d5bf-4553-b538-a0144d6736fd'),
 ('130', '130', 'en_us', '', NULL, '1', '2017-04-20 19:32:21', '2017-06-14 20:10:38', '543a29df-e93d-491e-b438-45e7a85c8278'),
 ('131', '131', 'en_us', '', NULL, '1', '2017-04-20 19:32:21', '2017-06-14 20:10:38', '1e33fc93-d1bc-49a6-9c45-504c437cc324'),
 ('132', '132', 'en_us', '', NULL, '1', '2017-04-20 19:32:42', '2017-06-14 20:10:38', '850f0a64-0822-4c1d-ab66-df43c5a41c27'),
 ('133', '133', 'en_us', '', NULL, '1', '2017-04-20 19:35:15', '2017-06-07 20:13:56', 'e24be314-a9c4-4968-924d-daa13a5cb2fd'),
 ('134', '134', 'en_us', '', NULL, '1', '2017-04-20 19:35:15', '2017-06-07 20:13:56', '1a4905ac-d6e7-4566-b815-63e21c810140'),
 ('135', '135', 'en_us', '', NULL, '1', '2017-04-20 19:35:15', '2017-06-07 20:13:56', 'dcc9c4e5-c6d3-4b56-a5aa-d4b52ae5d27f'),
 ('136', '136', 'en_us', '', NULL, '1', '2017-04-20 19:35:15', '2017-06-07 20:13:56', '69b194a0-1ff1-4ea3-97ee-c50770b2a292'),
 ('137', '137', 'en_us', '', NULL, '1', '2017-04-20 19:36:29', '2017-06-14 18:27:33', 'a73e88e2-e938-4195-bc66-0891723e5d81');
INSERT INTO `craft_elements_i18n` (`id`, `elementId`, `locale`, `slug`, `uri`, `enabled`, `dateCreated`, `dateUpdated`, `uid`) VALUES
 ('138', '138', 'en_us', '', NULL, '1', '2017-04-20 19:36:29', '2017-06-14 18:27:33', 'e930f9bb-e04d-4f06-9d4c-2a2351b70c63'),
 ('139', '139', 'en_us', '', NULL, '1', '2017-04-20 19:36:29', '2017-06-14 18:27:33', '9ed0e6f9-bb92-4ea4-b2a0-4a952efc4fdc'),
 ('140', '140', 'en_us', '', NULL, '1', '2017-04-20 19:37:56', '2017-06-22 20:29:50', '51857d83-5398-4b71-ab6e-f5065fae52a6'),
 ('141', '141', 'en_us', '', NULL, '1', '2017-04-20 19:37:56', '2017-06-22 20:29:50', 'fc63197a-8e5b-47d7-b248-2eee3bbdb724'),
 ('142', '142', 'en_us', '', NULL, '1', '2017-04-20 19:37:56', '2017-06-22 20:29:50', 'bdd51fe1-0c7a-4d8d-a661-734a7a086d8e'),
 ('143', '143', 'en_us', '', NULL, '1', '2017-04-20 19:37:56', '2017-06-22 20:29:50', 'db1b6aca-6e7d-42f6-a22d-dc63df9ff84d'),
 ('145', '145', 'en_us', '', NULL, '1', '2017-04-20 19:40:18', '2017-06-14 17:38:33', 'd69a8d8f-1a2b-4f49-be78-39baed91608e'),
 ('146', '146', 'en_us', '', NULL, '1', '2017-04-20 19:40:18', '2017-06-14 17:38:33', '8c9d3b94-e557-4c2a-9be1-75f68937f39a'),
 ('147', '147', 'en_us', '', NULL, '1', '2017-04-20 19:40:18', '2017-06-14 17:38:33', 'df901052-e04c-4cd5-b55a-5b5a0d68b5f7'),
 ('148', '148', 'en_us', '', NULL, '1', '2017-04-20 19:40:18', '2017-06-14 17:38:33', '68d159c2-d18c-45b6-9d07-93cf6182d1a1'),
 ('149', '149', 'en_us', '', NULL, '1', '2017-04-20 19:41:17', '2017-06-28 02:26:49', 'bb82cd80-9b29-4fe3-9013-21aeb7699c74'),
 ('150', '150', 'en_us', '', NULL, '1', '2017-04-20 19:41:17', '2017-06-28 02:26:49', '2d5d8bc3-7e33-4e9c-9187-f8f24ee1f413'),
 ('151', '151', 'en_us', '', NULL, '1', '2017-04-20 19:42:23', '2017-06-28 02:26:49', '55e816e1-753a-4a2a-bc7c-0c22c2a0d6e1'),
 ('152', '152', 'en_us', '', NULL, '1', '2017-04-20 19:42:23', '2017-06-28 02:26:49', '0f25d5dd-ed70-4f29-a573-4c10a44ad5fd'),
 ('153', '153', 'en_us', '', NULL, '1', '2017-04-20 19:43:14', '2017-06-14 20:05:57', '5889ddb3-8e58-4bc4-bb18-98f8161f07c7'),
 ('154', '154', 'en_us', '', NULL, '1', '2017-04-20 19:43:14', '2017-06-14 20:05:57', 'ff3377cb-dfae-406d-acaf-428428ac28e0'),
 ('155', '155', 'en_us', '', NULL, '1', '2017-04-20 19:43:14', '2017-06-14 20:05:57', '7ac58894-7566-4902-80fd-f3316029321d'),
 ('156', '156', 'en_us', '', NULL, '1', '2017-04-20 19:44:16', '2017-06-14 17:58:08', 'bf323bf9-ecb3-49e9-9ca5-b3009dc3017f'),
 ('157', '157', 'en_us', '', NULL, '1', '2017-04-20 19:44:16', '2017-06-14 17:58:08', 'c01a68d1-b02e-4e40-8012-4dfaaf980b81'),
 ('158', '158', 'en_us', '', NULL, '1', '2017-04-20 19:44:16', '2017-06-14 17:58:08', 'ddb0e067-3f63-4705-b057-e8aaa4de8315'),
 ('159', '159', 'en_us', '', NULL, '1', '2017-04-20 19:44:16', '2017-06-14 17:58:08', '16a0a7ec-6412-4f04-ad29-64a45dbcb736'),
 ('160', '160', 'en_us', 'about-student-media-news', 'news', '1', '2017-04-22 21:35:28', '2017-06-05 20:44:14', '0f586017-4f25-4801-a909-e71a099934dd'),
 ('161', '161', 'en_us', 'board-members', 'boardMembers', '1', '2017-04-22 21:50:41', '2017-06-05 21:15:38', 'd4ab62b7-e410-4227-84e6-a698236b7168'),
 ('164', '164', 'en_us', '', NULL, '1', '2017-04-24 13:36:19', '2017-04-24 13:40:12', '5cad626c-b943-48f8-b665-b5cdf6108183'),
 ('165', '165', 'en_us', 'lorie-bednar', 'staff/lorie-bednar', '1', '2017-04-24 17:37:01', '2017-04-24 17:37:01', '7f3bbc04-445f-449d-9298-1fdf72cfa81e'),
 ('166', '166', 'en_us', 'support-us', 'supportUs', '1', '2017-04-24 17:57:47', '2017-06-13 18:26:02', 'c95fb3f7-10d4-486b-b68d-f6bc846adb54'),
 ('167', '167', 'en_us', 'grant-wang', 'staff/grant-wang', '1', '2017-04-25 01:55:57', '2017-05-31 18:32:43', '65aa5b0f-a7e1-421e-bf03-c2658f692107'),
 ('168', '168', 'en_us', 'meeting-minutes-example-1', 'meeting-minutes/meeting-minutes-example-1', '1', '2017-04-27 19:47:13', '2017-05-10 21:45:01', '30f9c064-a717-41c2-976c-bba26720c5aa'),
 ('169', '169', 'en_us', 'dsci-mds-handout', NULL, '1', '2017-04-27 19:56:55', '2017-06-01 19:49:57', '16339d93-45a0-426b-ac43-4b6169cd9d57'),
 ('170', '170', 'en_us', 'dsc6954', NULL, '1', '2017-04-27 21:03:25', '2017-06-01 19:49:48', 'f0d14a93-7d3c-43f3-8d22-f7dcda8d43c6'),
 ('171', '171', 'en_us', 'fake-headshot', NULL, '1', '2017-05-04 16:16:48', '2017-06-01 19:49:55', 'bf23e78e-62de-4a63-88dc-6153a9822319'),
 ('172', '172', 'en_us', 'kristan-dolan', 'staff/kristan-dolan', '1', '2017-05-04 20:13:56', '2017-05-04 20:13:56', '7ae29c2d-59c8-449b-95a8-be678a1124fe'),
 ('173', '173', 'en_us', 'mark-goodman', 'staff/mark-goodman', '1', '2017-05-04 20:19:40', '2017-05-04 20:19:40', 'f3de8289-7fd5-4999-ae08-b7eb48a941e1'),
 ('174', '174', 'en_us', 'eugene-shelton', 'staff/eugene-shelton', '1', '2017-05-04 20:21:40', '2017-05-04 20:21:40', '9175524a-333e-46cf-89f1-d09a7fe3d6cb'),
 ('175', '175', 'en_us', 'carol-robinson', 'staff/carol-robinson', '1', '2017-05-04 20:25:05', '2017-05-04 20:25:05', 'd5883dc2-0d52-421a-acc5-79381e224892'),
 ('176', '176', 'en_us', 'karl-idsvoog', 'staff/karl-idsvoog', '1', '2017-05-04 20:30:32', '2017-05-04 20:30:32', 'cbad97fd-633a-4365-8e7f-044156ec555d'),
 ('178', '178', 'en_us', 'kristen-traynor', 'staff/kristen-traynor', '1', '2017-05-04 20:34:15', '2017-05-04 20:34:15', '21ae878d-3d56-47a5-aca5-1bc41b91a365'),
 ('180', '180', 'en_us', 'lusi-cai', 'staff/lusi-cai', '1', '2017-05-04 20:35:29', '2017-05-04 20:35:29', '0793da52-84a6-4575-a642-3fa3905b7a69'),
 ('181', '181', 'en_us', 'mark-turner', 'staff/mark-turner', '1', '2017-05-04 20:36:07', '2017-05-04 20:36:07', 'bcd22457-9076-4bc9-9bb8-6edf3ce358f3'),
 ('185', '185', 'en_us', 'amanda-rabinowitz', 'staff/amanda-rabinowitz', '1', '2017-05-04 20:39:52', '2017-05-04 20:39:52', 'aa979b04-dcf1-4688-b88a-30b234668166'),
 ('187', '187', 'en_us', 'm-j-eckhouse', 'staff/m-j-eckhouse', '1', '2017-05-04 20:41:27', '2017-06-05 21:08:10', '6b59c215-a696-4cbd-b677-f7a1ab0f3185'),
 ('188', '188', 'en_us', 'bruce-zake', 'staff/bruce-zake', '1', '2017-05-04 20:43:38', '2017-05-04 20:43:38', '4b30b0b0-dd54-47d5-9f7f-41f42f2db9d0'),
 ('190', '190', 'en_us', 'sue-zake', 'staff/sue-zake', '1', '2017-05-04 20:44:58', '2017-05-04 20:44:58', '348fe332-1e6c-4987-b275-309566b23c84'),
 ('196', '196', 'en_us', 'kim-winebrenner', 'staff/kim-winebrenner', '1', '2017-05-04 20:52:14', '2017-06-05 21:18:26', '40ab675c-97a5-4dc0-b56a-a9f89ac04f04'),
 ('197', '197', 'en_us', 'leisel-kober', 'staff/leisel-kober', '1', '2017-05-04 20:54:53', '2017-06-05 21:03:41', 'a1d41d58-1ad8-4768-a581-49679f66fbf2'),
 ('199', '199', 'en_us', 'sierra-allen', 'staff/sierra-allen', '1', '2017-05-04 20:58:52', '2017-05-04 20:58:52', 'ab1729ac-6a9c-46fd-9f52-90b7527bf5ee'),
 ('201', '201', 'en_us', 'clara-sullivan', 'staff/clara-sullivan', '1', '2017-05-04 21:02:28', '2017-05-04 21:02:28', '617af33f-2a4f-460b-b149-e0787613e57b'),
 ('202', '202', 'en_us', 'tami-bongiorni', 'staff/tami-bongiorni', '1', '2017-05-04 21:03:08', '2017-06-02 19:29:13', '9047858c-a3c5-4f39-80f2-0bcbf1457bd7'),
 ('203', '203', 'en_us', 'jmcmb-smpc-04-16-15', NULL, '1', '2017-05-04 21:07:50', '2017-06-01 19:49:57', '761deb70-50ad-46d8-bbae-e29a182e0541'),
 ('204', '204', 'en_us', 'smb-guidelines-102015', NULL, '1', '2017-05-10 21:33:23', '2017-06-01 19:49:57', '2c7da274-a247-4487-96d6-4e54d10a9d84'),
 ('205', '205', 'en_us', 'smb-budget-040116', NULL, '1', '2017-05-10 21:41:37', '2017-06-01 19:49:57', '883ad005-590a-4692-a42a-3e4c0b6eb452'),
 ('206', '206', 'en_us', 'april-1-2016-budget-meeting-minutes', 'meeting-minutes/april-1-2016-budget-meeting-minutes', '1', '2017-05-10 21:42:55', '2017-05-10 21:42:55', '98e9226b-46f5-473e-ba9c-7acac6ff6410'),
 ('207', '207', 'en_us', 'smb-full-041516', NULL, '1', '2017-05-10 21:44:05', '2017-06-01 19:49:57', '8734fd90-9366-4f1d-beaa-b9fee0a3288b'),
 ('208', '208', 'en_us', 'april-15-2016-media-board-meeting-minutes', 'meeting-minutes/april-15-2016-media-board-meeting-minutes', '1', '2017-05-10 21:44:34', '2017-05-10 21:45:30', '2e29cf1a-b874-461e-9f2c-811dbd87fea7'),
 ('209', '209', 'en_us', 'smb-full-100915', NULL, '1', '2017-05-10 21:45:47', '2017-06-01 19:49:57', 'eb0b4e0d-c552-4c41-a984-ce04597e999c'),
 ('210', '210', 'en_us', 'october-9-2015-smb-meeting-minutes', 'meeting-minutes/october-9-2015-smb-meeting-minutes', '1', '2017-05-10 21:46:44', '2017-05-10 21:46:44', 'd2969086-bf7b-4c52-a36e-c8e85d174f88'),
 ('211', '211', 'en_us', 'smb-selection-033016', NULL, '1', '2017-05-10 21:49:56', '2017-06-01 19:49:57', '01fe37c2-bf6f-4c76-aa98-19a4d285aaaa'),
 ('212', '212', 'en_us', 'april-6-2016-smb-selection-meeting-minutes', 'meeting-minutes/april-6-2016-smb-selection-meeting-minutes', '1', '2017-05-10 21:51:09', '2017-05-10 21:51:09', '813e7cee-dac5-4e6f-bdbd-912dcf9e90ab'),
 ('213', '213', 'en_us', 'smb-selection-040816', NULL, '1', '2017-05-10 21:51:30', '2017-06-01 19:49:57', '8c4f2ba3-c9e2-4c6e-bd0a-b478f45d2946'),
 ('214', '214', 'en_us', 'april-8-2016-smb-selection-meeting-minutes', 'meeting-minutes/april-8-2016-smb-selection-meeting-minutes', '1', '2017-05-10 21:51:57', '2017-05-10 21:51:57', 'a2ca9560-f1e3-416c-90e5-d6d3231dcb61'),
 ('215', '215', 'en_us', 'smb-selection-120415', NULL, '1', '2017-05-10 21:53:00', '2017-06-01 19:49:57', '9075a654-5d41-4311-bcd2-765da2e99095'),
 ('216', '216', 'en_us', 'december-4-2015-smb-selection-meeting-minutes', 'meeting-minutes/december-4-2015-smb-selection-meeting-minutes', '1', '2017-05-10 21:53:27', '2017-05-10 21:53:27', '2ef5fc5a-5b9f-466a-8fbf-79d0ad4e4909'),
 ('217', '217', 'en_us', 'smb-special-012216', NULL, '1', '2017-05-10 21:55:14', '2017-06-01 19:49:57', 'd076362a-25cf-4dc5-9c55-228cf45e08dc'),
 ('218', '218', 'en_us', 'january-22-2016-special-meeting-minutes', 'meeting-minutes/january-22-2016-special-meeting-minutes', '1', '2017-05-10 21:55:39', '2017-05-10 21:55:39', '1e20af4e-09b5-45fa-be5e-ab51cf6cd6d8'),
 ('219', '219', 'en_us', 'img-0161', NULL, '1', '2017-05-10 23:50:41', '2017-06-01 19:49:51', 'f352fc79-482e-41bc-aa0a-05e508dcc8c8'),
 ('220', '220', 'en_us', 'dsc8013-copy', NULL, '1', '2017-05-10 23:51:45', '2017-06-01 19:49:49', '54bbe830-4723-45a9-8418-ff5d767de67c'),
 ('221', '221', 'en_us', 'img-0216', NULL, '1', '2017-05-10 23:54:51', '2017-06-01 19:49:51', '1ca6c767-c402-41b0-b2b8-f81d07e91d49'),
 ('222', '222', 'en_us', '', NULL, '1', '2017-05-11 02:34:14', '2017-06-14 20:05:57', '25db89de-efc8-4f9c-a4e5-4961abf9442a'),
 ('223', '223', 'en_us', 'fb-cover-overlay4', NULL, '1', '2017-05-11 02:39:49', '2017-06-01 19:49:44', '7f6a7af8-4706-4ecf-b1c7-b4c1537b65c1'),
 ('224', '224', 'en_us', 'twitter-cover-overlay4', NULL, '1', '2017-05-11 02:40:08', '2017-06-01 19:49:55', '08ce7b7f-4130-49ca-b8cb-7e45a1fabfc2'),
 ('225', '225', 'en_us', '', NULL, '1', '2017-05-11 02:41:50', '2017-06-28 02:26:35', '5328a528-eee1-4786-aa6d-8b0723d8821c'),
 ('226', '226', 'en_us', '', NULL, '1', '2017-05-11 02:41:50', '2017-06-28 02:26:35', '59555b8c-d9bb-486e-b5e1-9ce7ac78a44e'),
 ('227', '227', 'en_us', '', NULL, '1', '2017-05-11 02:54:26', '2017-06-07 20:20:20', '54bc81d6-0314-44b2-ac69-7b930b2efcc9'),
 ('228', '228', 'en_us', '', NULL, '1', '2017-05-11 02:54:26', '2017-06-07 20:20:20', '76316b37-f761-44c6-b870-83f61181053c'),
 ('229', '229', 'en_us', '', NULL, '1', '2017-05-11 02:54:26', '2017-06-07 20:20:20', '0d857350-ee74-4b4c-be38-d6895ffbcd1b'),
 ('230', '230', 'en_us', '', NULL, '1', '2017-05-11 02:54:26', '2017-06-07 20:20:20', 'fc6dd814-2d9b-4688-916a-0b3bb3553587'),
 ('231', '231', 'en_us', '', NULL, '1', '2017-05-11 03:35:13', '2017-06-07 19:15:55', 'c3b52bfc-0a13-4ad1-8f52-1e05c2caf922'),
 ('232', '232', 'en_us', '', NULL, '1', '2017-05-11 14:06:53', '2017-06-07 19:15:55', 'f3637489-288c-487f-b029-e19448c73592'),
 ('233', '233', 'en_us', 'img-0230', NULL, '1', '2017-05-11 16:54:33', '2017-06-01 19:49:52', '2bbf782f-17a0-4ee9-98c6-06d4b4b9f7cb'),
 ('234', '234', 'en_us', 'dsc8042', NULL, '1', '2017-05-11 17:19:50', '2017-06-01 19:49:50', '440b26da-2e1d-4441-aca9-d0957b908b68'),
 ('235', '235', 'en_us', '', NULL, '1', '2017-05-19 18:26:26', '2017-05-19 18:26:26', '3aa7c6d7-ee45-4350-9755-da5b229489ae'),
 ('236', '236', 'en_us', 'bsr-logo-teal-large-01', NULL, '1', '2017-05-31 15:16:06', '2017-06-01 19:49:43', '2d4a82db-36af-4d6a-bb83-d86cf608dd5a'),
 ('237', '237', 'en_us', '', NULL, '1', '2017-05-31 20:18:40', '2017-05-31 20:18:40', '4b342dcd-ae36-461b-b521-1aa453da87ce'),
 ('238', '238', 'en_us', 'ksuif-hero01', NULL, '1', '2017-06-01 19:10:02', '2017-06-14 18:05:45', 'c7c2e8e3-cd53-460b-a95a-90c553f136c3'),
 ('239', '239', 'en_us', 'bsr-hero', NULL, '1', '2017-06-01 19:11:20', '2017-06-14 17:50:45', 'b5f35d95-0bde-432e-9716-a1806303f996'),
 ('240', '240', 'en_us', 'tv2-hero01', NULL, '1', '2017-06-01 19:11:47', '2017-06-01 19:49:54', '36701361-9921-4835-99f1-e72de4f69b0a'),
 ('241', '241', 'en_us', 'fusion-hero', NULL, '1', '2017-06-01 19:12:17', '2017-06-14 18:20:31', 'c173e60c-1a6a-4ad7-9671-1b6217665696'),
 ('242', '242', 'en_us', 'burr-hero', NULL, '1', '2017-06-01 19:12:47', '2017-06-14 17:38:20', '7613893a-c8fa-4075-8a77-13b5dda0d491'),
 ('243', '243', 'en_us', 'amag-hero', NULL, '1', '2017-06-01 19:13:57', '2017-06-01 19:49:47', 'e1864e06-3972-4838-a77c-3ae2cf29d5dd'),
 ('244', '244', 'en_us', 'stater-hero-01', NULL, '1', '2017-06-01 19:14:35', '2017-06-01 19:49:54', '060bec0d-3d56-4d36-b3cd-a75cc5ab7562'),
 ('245', '245', 'en_us', 'tv2-hero-02', NULL, '1', '2017-06-01 19:14:46', '2017-06-01 19:49:55', 'e3cc8e85-2146-4725-9521-2f0d1accfb1e'),
 ('246', '246', 'en_us', 'misc-hero', NULL, '1', '2017-06-01 19:15:36', '2017-06-01 19:49:53', 'a1612545-3119-4ebb-85b5-4b25885225bb'),
 ('247', '247', 'en_us', 'misc-hero-03', NULL, '1', '2017-06-01 19:25:14', '2017-06-01 19:49:54', '79df76b5-5be4-4056-a1ad-f7f46984900c'),
 ('248', '248', 'en_us', 'misc-hero-02', NULL, '1', '2017-06-01 19:25:27', '2017-06-01 19:49:53', '25067a8e-b602-4d4a-a29c-40d9a40ed7f5'),
 ('249', '249', 'en_us', 'ksuif-hero02', NULL, '1', '2017-06-01 19:39:13', '2017-06-01 19:49:53', '226b570d-6b4a-4515-956e-d11fa01d7783'),
 ('250', '250', 'en_us', '20140921-140629', NULL, '1', '2017-06-01 19:49:43', '2017-06-01 19:49:43', '01c36c7c-c95c-4914-a117-a97a7f522bfd'),
 ('251', '251', 'en_us', 'camera', NULL, '1', '2017-06-01 19:49:44', '2017-06-01 19:49:44', 'd89ddef0-ca90-4755-8950-4a169874395b'),
 ('252', '252', 'en_us', 'fusion', NULL, '1', '2017-06-01 19:49:45', '2017-06-01 19:49:45', '632b441c-0d5a-45e5-8af4-11cbb6b4fa50'),
 ('253', '253', 'en_us', 'mag', NULL, '1', '2017-06-01 19:49:45', '2017-06-01 19:49:45', '5df85cee-0b88-4056-84cd-27b458ab7169'),
 ('254', '254', 'en_us', 'magazine', NULL, '1', '2017-06-01 19:49:46', '2017-06-01 19:49:46', 'de8b9268-64a5-440c-ba13-c1b77bcfe8b9');
INSERT INTO `craft_elements_i18n` (`id`, `elementId`, `locale`, `slug`, `uri`, `enabled`, `dateCreated`, `dateUpdated`, `uid`) VALUES
 ('255', '255', 'en_us', 'news', NULL, '1', '2017-06-01 19:49:46', '2017-06-01 19:49:46', '5aafaf61-ed85-4f84-9555-06517005224e'),
 ('256', '256', 'en_us', 'sound', NULL, '1', '2017-06-01 19:49:46', '2017-06-01 19:49:47', 'f41af5c6-fc12-4c76-96a7-db75827cee11'),
 ('257', '257', 'en_us', 'square-stock-img', NULL, '1', '2017-06-01 19:49:47', '2017-06-01 19:49:47', '1ce70b8f-1be9-49ab-9929-2465720555e7'),
 ('258', '258', 'en_us', 'eliza-fin', NULL, '1', '2017-06-01 19:49:55', '2017-06-01 19:49:55', 'a225d718-6cc2-45bd-bde3-1ebbea32b0ca'),
 ('259', '259', 'en_us', 'people', NULL, '1', '2017-06-01 19:49:56', '2017-06-01 19:49:56', '28bf896a-03db-41ff-8522-a6cd4c6e3c9c'),
 ('260', '260', 'en_us', 'pika-01', NULL, '1', '2017-06-01 19:49:56', '2017-06-01 19:49:56', 'fa161020-1608-4926-b661-0bdd453c2ac9'),
 ('261', '261', 'en_us', '', NULL, '1', '2017-06-01 20:33:12', '2017-06-07 19:15:55', '16ee15b4-d54e-4d9b-9fce-d0d4ea594b06'),
 ('262', '262', 'en_us', '', NULL, '1', '2017-06-01 20:33:12', '2017-06-07 19:15:55', '4bd4fd11-36a0-4915-8689-005cf597b2ad'),
 ('263', '263', 'en_us', '', NULL, '1', '2017-06-01 20:33:12', '2017-06-07 19:15:55', 'd444ac18-7c8e-4b57-ac05-d5dd0172ee53'),
 ('264', '264', 'en_us', '', NULL, '1', '2017-06-01 20:33:12', '2017-06-07 19:15:55', 'dd763123-a1fa-46b0-83fb-11d691de399e'),
 ('265', '265', 'en_us', '', NULL, '1', '2017-06-01 20:33:12', '2017-06-07 19:15:55', 'd7802a1c-3979-40d4-a167-b565b79f0f5f'),
 ('266', '266', 'en_us', '', NULL, '1', '2017-06-02 19:19:57', '2017-06-02 19:26:19', '6c46f0f5-5dbf-4535-9589-c194421bb814'),
 ('267', '267', 'en_us', '', NULL, '1', '2017-06-02 19:21:16', '2017-06-02 19:26:48', '7a60a6c0-3aa8-4013-9fde-c4e7988afed6'),
 ('268', '268', 'en_us', 'sm-media-kit-16-17-email', NULL, '1', '2017-06-02 20:26:36', '2017-06-02 20:26:36', '6cd471d3-6cff-40a1-a977-db0aa20fd31e'),
 ('269', '269', 'en_us', 'uhuru-hero', NULL, '1', '2017-06-02 20:50:32', '2017-06-02 20:50:32', '6f217ea2-c5cb-44ad-83f2-f94cb476e65d'),
 ('270', '270', 'en_us', 'uhuru-hero-02', NULL, '1', '2017-06-02 20:52:59', '2017-06-02 20:52:59', 'c61c0e85-1e3f-4286-874e-028b8df606bd'),
 ('271', '271', 'en_us', 'misc-hero05', NULL, '1', '2017-06-05 16:54:24', '2017-06-05 16:54:24', 'ab8b4208-261c-4d1f-99cb-3c346f9b4e57'),
 ('272', '272', 'en_us', 'misc-hero-04', NULL, '1', '2017-06-05 17:39:06', '2017-06-05 17:39:06', 'c426c291-2004-4510-9362-99a85d289392'),
 ('273', '273', 'en_us', 'lydia-taylor', 'staff/lydia-taylor', '1', '2017-06-05 21:00:28', '2017-06-05 21:03:46', '1fc8494c-7dcf-4c3c-ae51-10ed421a4c7a'),
 ('274', '274', 'en_us', 'benjamin-vanhoose', 'staff/benjamin-vanhoose', '1', '2017-06-05 21:04:34', '2017-06-05 21:05:38', 'aa7fd75c-bf4f-449a-8688-e52a2947e425'),
 ('275', '275', 'en_us', 'kendall-becker', 'staff/kendall-becker', '1', '2017-06-05 21:05:26', '2017-06-05 21:05:26', 'bac63e0b-180c-4882-a1c4-ae13b7fb14f2'),
 ('276', '276', 'en_us', 'carrie-george', 'staff/carrie-george', '1', '2017-06-05 21:06:57', '2017-06-05 21:06:57', 'a4d7d8f5-548d-48d8-abba-ca1d207ce851'),
 ('277', '277', 'en_us', 'brooke-forrest', 'staff/brooke-forrest', '1', '2017-06-05 21:07:45', '2017-06-05 21:07:45', 'd7ea5cd6-dd8f-4ee3-bfe8-0a8594ee05a8'),
 ('278', '278', 'en_us', 'ile-ife-okantah', 'staff/ile-ife-okantah', '1', '2017-06-05 21:09:26', '2017-06-05 21:09:26', 'af533f54-9bee-4f3d-b798-14ed28b3559b'),
 ('279', '279', 'en_us', 'alyssa-standen', 'staff/alyssa-standen', '1', '2017-06-05 21:10:00', '2017-06-05 21:10:11', '956dc682-4709-4820-845e-16825aa64a1d'),
 ('280', '280', 'en_us', 'jacquie-marino', 'staff/jacquie-marino', '1', '2017-06-05 21:17:15', '2017-06-05 21:17:15', 'a0689ac4-2e81-4ca0-a920-039b69fec7f4'),
 ('281', '281', 'en_us', 'shannon-christen-syed', 'staff/shannon-christen-syed', '1', '2017-06-05 21:18:13', '2017-06-05 21:18:13', '363aa563-872a-4a81-ae36-c02ba2edb8a0'),
 ('282', '282', 'en_us', '', NULL, '1', '2017-06-06 15:54:11', '2017-06-07 19:15:55', '466a3144-f7cf-4e66-a533-4fe69c6dd477'),
 ('283', '283', 'en_us', '', NULL, '1', '2017-06-06 15:54:11', '2017-06-07 19:15:55', '4363bd71-33cc-4646-9fd8-a2d27b324886'),
 ('284', '284', 'en_us', '', NULL, '1', '2017-06-06 15:54:11', '2017-06-07 19:15:55', 'f9f6d77c-9e7d-4f35-92f2-61ddbbc68fb3'),
 ('285', '285', 'en_us', '', NULL, '1', '2017-06-06 15:54:11', '2017-06-07 19:15:55', '176d41b4-bb9b-4e5d-b912-ea8308b9e6af'),
 ('286', '286', 'en_us', '', NULL, '1', '2017-06-06 15:54:11', '2017-06-07 19:15:55', '9250170f-ab48-4e02-ba47-24b6c7636b59'),
 ('287', '287', 'en_us', '', NULL, '1', '2017-06-06 15:54:11', '2017-06-07 19:15:55', '332f2729-ff13-4b33-931f-0ff4ab0eccbf'),
 ('288', '288', 'en_us', '', NULL, '1', '2017-06-06 15:54:11', '2017-06-07 19:15:55', '3983cbae-87af-4591-8506-89f31d24aa94'),
 ('289', '289', 'en_us', '', NULL, '1', '2017-06-06 15:54:11', '2017-06-07 19:15:55', '569770b8-ae5f-4b7e-be04-e79dea779f91'),
 ('290', '290', 'en_us', 'norma-1', NULL, '1', '2017-06-13 19:17:03', '2017-06-13 19:17:03', '22bc4abf-50b0-456a-9589-6d3d8c9f6d80'),
 ('291', '291', 'en_us', 'norma-young', 'staff/norma-young', '1', '2017-06-13 19:17:52', '2017-06-13 19:17:52', 'd01b73b0-1d29-42b9-8e05-df4180f4bf50'),
 ('292', '292', 'en_us', 'kevinhi', NULL, '1', '2017-06-13 19:18:57', '2017-06-13 19:18:57', '15beef41-a60f-45f3-b320-e6646942efaf'),
 ('294', '294', 'en_us', '', NULL, '1', '2017-06-13 21:00:23', '2017-06-13 21:01:04', 'feb921d5-8ec3-4cea-8596-9edfc20a81ba'),
 ('299', '299', 'en_us', 'bsr-hero-02', NULL, '1', '2017-06-14 17:57:54', '2017-06-14 17:57:54', '9cc0a836-2afd-4244-b3c9-2a9e65b2cafb'),
 ('302', '302', 'en_us', 'fusion-hero-02', NULL, '1', '2017-06-14 18:27:23', '2017-06-14 18:27:23', '82401601-f9f6-4e8f-83e8-51981b8fcab0'),
 ('303', '303', 'en_us', 'ad-hero', NULL, '1', '2017-06-14 18:28:26', '2017-06-14 18:28:26', 'c5ddbaa0-2c7e-43a4-b77b-a4b0dc5e73b9'),
 ('304', '304', 'en_us', 'ad-hero-02', NULL, '1', '2017-06-14 18:43:58', '2017-06-14 18:43:58', '58379fbd-05b4-4091-85f0-6573e00a4686'),
 ('305', '305', 'en_us', 'recognition-landing-page', 'recognition', '1', '2017-06-14 18:56:46', '2017-06-14 18:56:46', '2628c477-2d86-4b39-bab4-7473a25b1af1'),
 ('307', '307', 'en_us', 'ln-hero-01', NULL, '1', '2017-06-14 19:34:16', '2017-06-14 19:34:16', '2c2227cf-18d8-454d-8f0b-bf857a3a45ee'),
 ('308', '308', 'en_us', 'ln-hero-02', NULL, '1', '2017-06-14 19:56:53', '2017-06-14 19:56:53', 'ae1c153b-5c09-4050-9706-14848295dc27'),
 ('309', '309', 'en_us', 'tv2-hero01-02', NULL, '1', '2017-06-14 20:05:50', '2017-06-14 20:05:50', 'dd68dbc1-683a-4dcd-9cf5-b036331cf06f'),
 ('310', '310', 'en_us', 'the-burr-earns-national-accolades-name-best-student-magazine', 'news/2017/the-burr-earns-national-accolades-name-best-student-magazine', '1', '2017-06-14 21:01:26', '2017-06-14 21:03:44', '4b46fd3a-31bf-4aaf-af94-b231566b68b9'),
 ('311', '311', 'en_us', 'burr-staff', NULL, '1', '2017-06-15 20:47:14', '2017-06-15 20:47:14', '48f6ef73-1712-41e3-ad45-696b42025f95');



DROP TABLE IF EXISTS `craft_emailmessages`;


--
-- Schema for table `craft_emailmessages`
--
CREATE TABLE `craft_emailmessages` (
  `id` int(11) NOT NULL AUTO_INCREMENT,
  `key` char(150) COLLATE utf8_unicode_ci NOT NULL,
  `locale` char(12) COLLATE utf8_unicode_ci NOT NULL,
  `subject` varchar(1000) COLLATE utf8_unicode_ci NOT NULL,
  `body` text COLLATE utf8_unicode_ci NOT NULL,
  `dateCreated` datetime NOT NULL,
  `dateUpdated` datetime NOT NULL,
  `uid` char(36) COLLATE utf8_unicode_ci NOT NULL DEFAULT '0',
  PRIMARY KEY (`id`),
  UNIQUE KEY `craft_emailmessages_key_locale_unq_idx` (`key`,`locale`),
  KEY `craft_emailmessages_locale_fk` (`locale`)
) ENGINE=InnoDB DEFAULT CHARSET=utf8 COLLATE=utf8_unicode_ci;

DROP TABLE IF EXISTS `craft_entries`;


--
-- Schema for table `craft_entries`
--
CREATE TABLE `craft_entries` (
  `id` int(11) NOT NULL,
  `sectionId` int(11) NOT NULL,
  `typeId` int(11) DEFAULT NULL,
  `authorId` int(11) DEFAULT NULL,
  `postDate` datetime DEFAULT NULL,
  `expiryDate` datetime DEFAULT NULL,
  `dateCreated` datetime NOT NULL,
  `dateUpdated` datetime NOT NULL,
  `uid` char(36) COLLATE utf8_unicode_ci NOT NULL DEFAULT '0',
  PRIMARY KEY (`id`),
  KEY `craft_entries_sectionId_idx` (`sectionId`),
  KEY `craft_entries_typeId_idx` (`typeId`),
  KEY `craft_entries_postDate_idx` (`postDate`),
  KEY `craft_entries_expiryDate_idx` (`expiryDate`),
  KEY `craft_entries_authorId_fk` (`authorId`)
) ENGINE=InnoDB DEFAULT CHARSET=utf8 COLLATE=utf8_unicode_ci;

--
-- Data for table `craft_entries`
--

INSERT INTO `craft_entries` (`id`, `sectionId`, `typeId`, `authorId`, `postDate`, `expiryDate`, `dateCreated`, `dateUpdated`, `uid`) VALUES
 ('2', '1', '1', NULL, '2017-05-26 17:14:31', NULL, '2017-01-12 16:12:59', '2017-06-28 04:00:27', 'f4565454-7bb3-4ecc-91b8-207b59d5aade'),
 ('3', '2', '2', '1', '2017-01-12 16:12:59', NULL, '2017-01-12 16:12:59', '2017-01-12 16:12:59', 'a6a26c4b-2a27-4dab-9fa0-0dac85b46446'),
 ('10', '4', '4', '1', '2017-02-23 21:56:00', NULL, '2017-02-23 21:56:29', '2017-06-22 20:29:50', '44e4ff40-8838-4055-8c5a-754f25b16ff7'),
 ('11', '5', '5', '1', '2017-02-24 21:50:00', NULL, '2017-02-24 21:50:46', '2017-04-13 19:39:10', '8d9fadf2-b167-469b-b4d7-74b1f34cb8fe'),
 ('12', '5', '5', '1', '2017-02-24 21:51:00', NULL, '2017-02-24 21:51:00', '2017-05-11 15:52:21', '7c56eb50-869f-492a-96ee-e41e5456d01a'),
 ('14', '4', '4', '1', '2017-02-27 15:21:00', NULL, '2017-02-27 15:21:05', '2017-06-14 17:38:33', '3c6e1564-faa8-4cbc-9361-49a89287b9bd'),
 ('15', '4', '4', '1', '2017-02-27 15:21:00', NULL, '2017-02-27 15:21:14', '2017-06-07 20:20:20', '19d716e2-40f6-45d9-a934-d278d9a021ef'),
 ('19', '4', '4', '1', '2017-03-02 19:46:00', NULL, '2017-03-02 19:46:01', '2017-06-14 17:58:08', '955fa00b-658f-4b97-9941-7678aec54224'),
 ('20', '4', '4', '1', '2017-03-02 19:46:00', NULL, '2017-03-02 19:46:26', '2017-06-14 20:05:57', '400cd694-5dc9-4cd2-a6d8-b931b4f1dbe5'),
 ('21', '4', '4', '1', '2017-03-02 19:46:00', NULL, '2017-03-02 19:46:47', '2017-06-14 18:27:33', 'aa54ef4f-33b9-4226-b42a-906e86ca3a54'),
 ('22', '4', '4', '1', '2017-03-02 19:46:00', NULL, '2017-03-02 19:46:53', '2017-06-07 20:13:56', 'e3a3536c-65ba-466e-b589-5191c0db6050'),
 ('23', '4', '4', '1', '2017-03-02 19:48:00', NULL, '2017-03-02 19:48:46', '2017-06-28 02:26:49', '25bd7ff8-b444-4a05-a016-f66ac75a5015'),
 ('24', '4', '4', '1', '2017-03-02 19:49:00', NULL, '2017-03-02 19:49:24', '2017-06-14 20:10:38', 'add48f53-3b81-4d4b-953a-d86c07d94fa0'),
 ('25', '4', '4', '1', '2017-03-02 19:49:00', NULL, '2017-03-02 19:49:47', '2017-06-28 02:26:35', '07ab73f4-6d86-4358-b347-ffb3958a56f0'),
 ('27', '5', '5', '1', '2017-03-09 01:59:00', NULL, '2017-03-09 01:59:38', '2017-05-11 16:07:36', '92c01960-4d9d-4dc1-9bab-88a1bf7017a3'),
 ('45', '8', '8', '1', '2017-03-12 16:17:00', NULL, '2017-03-12 16:17:55', '2017-06-13 19:19:02', 'eb96025f-51cd-4788-8837-88b1ef46abfc'),
 ('58', '9', '9', NULL, '2017-04-19 00:14:54', NULL, '2017-03-16 18:11:56', '2017-06-15 20:48:34', 'a32d7ce6-5e0b-478f-bec7-a7e340d12614'),
 ('59', '10', NULL, NULL, '2017-03-16 18:12:46', NULL, '2017-03-16 18:12:46', '2017-06-14 20:50:48', 'a988dd90-b76d-4a50-a3fa-b39e85c44bd7'),
 ('60', '11', '11', NULL, '2017-04-20 17:57:07', NULL, '2017-03-16 18:13:51', '2017-06-07 19:15:55', '2a90f5c7-976e-46e8-a7fa-ef9273dfc9f1'),
 ('61', '12', '12', NULL, '2017-04-23 15:26:55', NULL, '2017-03-16 18:15:33', '2017-06-21 18:08:10', '8fe0021c-ea1f-4748-94be-f455fca01893'),
 ('62', '13', NULL, NULL, '2017-03-16 18:15:45', NULL, '2017-03-16 18:15:45', '2017-06-13 19:31:04', '5cdc5b83-ac5e-48c9-aca9-68ed3f29afd9'),
 ('65', '14', '14', '1', '2017-03-21 17:36:38', NULL, '2017-03-21 17:36:38', '2017-03-21 17:36:38', 'cb4222b5-07ce-4d7f-906c-127a9a4b46dc'),
 ('71', '7', '7', '1', '2017-03-23 18:10:00', NULL, '2017-03-23 18:10:55', '2017-04-15 20:54:45', '3f65c53d-6ca6-4288-821c-662b0d05dd78'),
 ('73', '7', '7', '1', '2017-03-23 18:20:00', NULL, '2017-03-23 18:20:19', '2017-04-14 22:37:18', 'ae4f4e21-7d5f-44b0-abe5-e6af61cc2dfd'),
 ('81', '7', '7', '1', '2017-04-06 19:24:00', NULL, '2017-04-06 19:24:00', '2017-04-13 20:33:50', '35f2d172-2fb8-4c98-bab7-6c752fbf55e5'),
 ('91', '7', '7', '1', '2017-04-13 20:24:00', NULL, '2017-04-13 20:24:07', '2017-04-14 22:28:27', '0b1ed9fb-7695-4ccb-8e73-6e6b41f00a2d'),
 ('93', '4', '4', '1', '2017-04-13 20:34:00', NULL, '2017-04-13 20:34:15', '2017-06-22 19:44:42', '24381611-c263-45d4-81b4-8075f633e30f'),
 ('94', '7', '7', '1', '2017-04-13 20:34:19', NULL, '2017-04-13 20:34:19', '2017-04-13 20:34:19', '7a6a2f7b-f6ca-44b9-aa13-75b612431538'),
 ('95', '7', '7', '1', '2017-04-13 20:36:11', NULL, '2017-04-13 20:36:11', '2017-04-13 20:36:11', 'e1b763cd-1196-4302-9d55-0d4800140ba5'),
 ('96', '7', '7', '1', '2017-04-13 20:37:01', NULL, '2017-04-13 20:37:01', '2017-04-13 20:37:01', 'd11b2db3-51c2-445e-ab3b-440004ae27aa'),
 ('99', '7', '7', '1', '2017-04-13 20:37:00', NULL, '2017-04-13 20:37:21', '2017-05-31 20:18:40', '29c71c5b-352f-4775-81ca-d70d147bcb69'),
 ('100', '7', '7', '1', '2017-04-13 20:38:00', NULL, '2017-04-13 20:38:02', '2017-04-13 20:38:06', '79b5f8a9-073c-4fbe-ba7e-5ef24a04f445'),
 ('101', '4', '4', '1', '2017-04-13 20:42:00', NULL, '2017-04-13 20:42:03', '2017-06-28 02:26:44', 'c2b7954b-747c-4298-92aa-a6a7f622ff01'),
 ('102', '7', '7', '1', '2017-04-13 20:42:00', NULL, '2017-04-13 20:42:13', '2017-04-14 21:50:44', 'c972693b-68fe-4eea-811d-a8d3ed244041'),
 ('103', '7', '7', '1', '2017-04-13 20:45:00', NULL, '2017-04-13 20:45:00', '2017-04-14 21:46:25', '04eaafb6-5241-41b9-9256-faa4c35daa93'),
 ('116', '6', '6', '1', '2017-04-20 17:51:00', NULL, '2017-04-20 17:51:08', '2017-06-05 20:55:53', 'be28c5ee-4462-43a1-8e5f-d4ee46dcc6d9'),
 ('117', '6', '6', '1', '2017-04-20 17:51:00', NULL, '2017-04-20 17:51:30', '2017-06-05 20:52:42', 'b63248bc-5f29-428d-a053-86a8b99a720a'),
 ('160', '20', '20', NULL, '2017-04-26 19:17:10', NULL, '2017-04-22 21:35:28', '2017-06-05 20:44:14', '942e4198-35c5-4483-a4d4-be40c4ef8a65'),
 ('161', '21', '21', NULL, '2017-05-10 11:14:55', NULL, '2017-04-22 21:50:41', '2017-06-05 21:15:38', '76e8b7b2-f188-46cc-9ce6-499d89d18bb7'),
 ('165', '8', '8', '1', '2017-04-24 17:37:01', NULL, '2017-04-24 17:37:01', '2017-04-24 17:37:01', 'ba15b39c-eb82-425c-a8e4-0504bc24b006'),
 ('166', '22', '22', NULL, '2017-04-27 18:41:09', NULL, '2017-04-24 17:57:47', '2017-06-13 18:26:02', '0a08f370-01a6-4ef3-9447-ffd7c8c3504e'),
 ('167', '8', '8', '1', '2017-04-25 01:55:00', NULL, '2017-04-25 01:55:57', '2017-05-31 18:32:43', 'bb1c1724-f007-46ba-8dc9-5aefb724b876'),
 ('168', '23', '23', '1', '2017-04-27 19:47:00', NULL, '2017-04-27 19:47:13', '2017-05-10 21:45:01', '6cbf06b9-3b67-41ae-a11e-68a3e41364eb'),
 ('172', '8', '8', '1', '2017-05-04 20:13:55', NULL, '2017-05-04 20:13:56', '2017-05-04 20:13:56', '55dfafaa-2e02-4c90-98f7-8d1914006dae'),
 ('173', '8', '8', '1', '2017-05-04 20:19:40', NULL, '2017-05-04 20:19:40', '2017-05-04 20:19:40', '07138168-1e49-4431-bea1-413cef0f951c'),
 ('174', '8', '8', '1', '2017-05-04 20:21:40', NULL, '2017-05-04 20:21:40', '2017-05-04 20:21:40', '5e50c655-aac0-4b9c-a7f2-542a67c33864'),
 ('175', '8', '8', '1', '2017-05-04 20:25:05', NULL, '2017-05-04 20:25:05', '2017-05-04 20:25:05', '7728acd1-3cf9-444f-89d6-1fd9906afe0d'),
 ('176', '8', '8', '1', '2017-05-04 20:30:32', NULL, '2017-05-04 20:30:33', '2017-05-04 20:30:33', '0170efa9-6048-47a4-929f-4692d6c5aeb2'),
 ('178', '8', '8', '1', '2017-05-04 20:34:15', NULL, '2017-05-04 20:34:15', '2017-05-04 20:34:15', 'd10d12cd-6452-4716-9380-2eb4f4105fac'),
 ('180', '8', '8', '1', '2017-05-04 20:35:29', NULL, '2017-05-04 20:35:29', '2017-05-04 20:35:29', '8d003f62-b958-47b5-8756-02c906227b4b'),
 ('181', '8', '8', '1', '2017-05-04 20:36:07', NULL, '2017-05-04 20:36:07', '2017-05-04 20:36:07', 'a4e0bd5b-287a-426b-b76d-c25776e135bd'),
 ('185', '8', '8', '1', '2017-05-04 20:39:52', NULL, '2017-05-04 20:39:52', '2017-05-04 20:39:52', 'b6ff81f8-ba6f-46b5-ab07-12200d9e971b'),
 ('187', '8', '8', '1', '2017-05-04 20:41:00', NULL, '2017-05-04 20:41:27', '2017-06-05 21:08:10', '74f0ea2a-be93-43b0-9481-2366931946de'),
 ('188', '8', '8', '1', '2017-05-04 20:43:38', NULL, '2017-05-04 20:43:38', '2017-05-04 20:43:38', '80943dcc-4366-4de4-a1b2-e9fd59e260cf'),
 ('190', '8', '8', '1', '2017-05-04 20:44:58', NULL, '2017-05-04 20:44:58', '2017-05-04 20:44:58', '21fcfae3-2ee8-48e4-9312-c4322688e79c'),
 ('196', '8', '8', '1', '2017-05-04 20:52:00', NULL, '2017-05-04 20:52:14', '2017-06-05 21:18:26', 'b06f293e-a85f-4b55-b975-90171fc2220f'),
 ('197', '8', '8', '1', '2017-05-04 20:54:00', NULL, '2017-05-04 20:54:53', '2017-06-05 21:03:41', 'fe0d0345-0e8a-413c-96f1-77d37b50dea3'),
 ('199', '8', '8', '1', '2017-05-04 20:58:52', NULL, '2017-05-04 20:58:52', '2017-05-04 20:58:52', '00649bc5-0851-4feb-9578-fbd3f295d8b4'),
 ('201', '8', '8', '1', '2017-05-04 21:02:28', NULL, '2017-05-04 21:02:28', '2017-05-04 21:02:28', '96bfa15b-919f-491a-aa1a-3e0728cda5af'),
 ('202', '8', '8', '1', '2017-05-04 21:03:00', NULL, '2017-05-04 21:03:08', '2017-06-02 19:29:13', '9471e1b0-3c18-4e6a-b2e5-edf8134b6050'),
 ('206', '23', '23', '1', '2017-05-10 21:42:55', NULL, '2017-05-10 21:42:55', '2017-05-10 21:42:55', 'deb10990-3a0a-4fc2-92c1-b202b6b9d730'),
 ('208', '23', '23', '1', '2017-05-10 21:44:00', NULL, '2017-05-10 21:44:34', '2017-05-10 21:45:30', '5d1322f3-54d6-490b-abfa-e8a21e0b6e46'),
 ('210', '23', '23', '1', '2017-05-10 21:46:44', NULL, '2017-05-10 21:46:44', '2017-05-10 21:46:44', '23b8a04a-a4a1-47a6-901d-e18baa4b9491'),
 ('212', '23', '23', '1', '2017-05-10 21:51:09', NULL, '2017-05-10 21:51:09', '2017-05-10 21:51:09', '9a06f23c-6732-422d-8f23-1149c0b1a58a'),
 ('214', '23', '23', '1', '2017-05-10 21:51:57', NULL, '2017-05-10 21:51:57', '2017-05-10 21:51:57', '27629ac0-a391-4aec-ac57-8027d737f32e'),
 ('216', '23', '23', '1', '2017-05-10 21:53:27', NULL, '2017-05-10 21:53:27', '2017-05-10 21:53:27', '07daf863-1bfe-4bc3-939b-92daa4e2f506'),
 ('218', '23', '23', '1', '2017-05-10 21:55:39', NULL, '2017-05-10 21:55:39', '2017-05-10 21:55:39', '2b6a67ef-f442-4cb9-b145-18e3704ac98a'),
 ('273', '8', '8', '235', '2017-06-05 21:00:00', NULL, '2017-06-05 21:00:28', '2017-06-05 21:03:46', 'a282ec56-5434-44cf-bbfd-68a1d1d26ee4'),
 ('274', '8', '8', '235', '2017-06-05 21:04:00', NULL, '2017-06-05 21:04:34', '2017-06-05 21:05:38', '317bae51-60ee-4be3-971e-24ccbd491c75'),
 ('275', '8', '8', '235', '2017-06-05 21:05:26', NULL, '2017-06-05 21:05:26', '2017-06-05 21:05:26', '5e839bd0-c82b-4a2f-bf9a-f8c353322778'),
 ('276', '8', '8', '235', '2017-06-05 21:06:57', NULL, '2017-06-05 21:06:57', '2017-06-05 21:06:57', '5e9a444a-dea8-427d-a422-a9f09a80229d'),
 ('277', '8', '8', '235', '2017-06-05 21:07:45', NULL, '2017-06-05 21:07:45', '2017-06-05 21:07:45', '54b7a809-52b6-4fa6-b876-9c78bae9bcb3'),
 ('278', '8', '8', '235', '2017-06-05 21:09:26', NULL, '2017-06-05 21:09:26', '2017-06-05 21:09:26', '42915a31-51a4-4ec1-a65d-1883ba6b0bf5'),
 ('279', '8', '8', '235', '2017-06-05 21:10:00', NULL, '2017-06-05 21:10:00', '2017-06-05 21:10:11', '31728937-df37-4dfd-9200-fafb258727d1'),
 ('280', '8', '8', '235', '2017-06-05 21:17:15', NULL, '2017-06-05 21:17:15', '2017-06-05 21:17:15', 'd9cf10d4-88ec-4a57-9a6a-8e66ad5d8639'),
 ('281', '8', '8', '235', '2017-06-05 21:18:13', NULL, '2017-06-05 21:18:13', '2017-06-05 21:18:13', 'bfa7314d-0750-40bb-a838-03b654287084'),
 ('291', '8', '8', '235', '2017-06-13 19:17:52', NULL, '2017-06-13 19:17:52', '2017-06-13 19:17:52', 'd246ae5f-7565-4148-a5b9-11dfb23e4084'),
 ('305', '24', NULL, NULL, '2017-06-14 18:56:46', NULL, '2017-06-14 18:56:46', '2017-06-14 18:56:46', 'acdc36d7-010d-4fa7-a75e-c1929a75794d'),
 ('310', '2', '2', '235', '2017-06-14 21:01:00', NULL, '2017-06-14 21:01:26', '2017-06-14 21:03:44', 'e1f2e320-1309-48c6-9eb4-a8c1b50ac915');



DROP TABLE IF EXISTS `craft_entrydrafts`;


--
-- Schema for table `craft_entrydrafts`
--
CREATE TABLE `craft_entrydrafts` (
  `id` int(11) NOT NULL AUTO_INCREMENT,
  `entryId` int(11) NOT NULL,
  `sectionId` int(11) NOT NULL,
  `creatorId` int(11) NOT NULL,
  `locale` char(12) COLLATE utf8_unicode_ci NOT NULL,
  `name` varchar(255) COLLATE utf8_unicode_ci NOT NULL,
  `notes` tinytext COLLATE utf8_unicode_ci,
  `data` mediumtext COLLATE utf8_unicode_ci NOT NULL,
  `dateCreated` datetime NOT NULL,
  `dateUpdated` datetime NOT NULL,
  `uid` char(36) COLLATE utf8_unicode_ci NOT NULL DEFAULT '0',
  PRIMARY KEY (`id`),
  KEY `craft_entrydrafts_entryId_locale_idx` (`entryId`,`locale`),
  KEY `craft_entrydrafts_sectionId_fk` (`sectionId`),
  KEY `craft_entrydrafts_creatorId_fk` (`creatorId`),
  KEY `craft_entrydrafts_locale_fk` (`locale`)
) ENGINE=InnoDB DEFAULT CHARSET=utf8 COLLATE=utf8_unicode_ci;

DROP TABLE IF EXISTS `craft_entrytypes`;


--
-- Schema for table `craft_entrytypes`
--
CREATE TABLE `craft_entrytypes` (
  `id` int(11) NOT NULL AUTO_INCREMENT,
  `sectionId` int(11) NOT NULL,
  `fieldLayoutId` int(11) DEFAULT NULL,
  `name` varchar(255) COLLATE utf8_unicode_ci NOT NULL,
  `handle` varchar(255) COLLATE utf8_unicode_ci NOT NULL,
  `hasTitleField` tinyint(1) unsigned NOT NULL DEFAULT '1',
  `titleLabel` varchar(255) COLLATE utf8_unicode_ci DEFAULT 'Title',
  `titleFormat` varchar(255) COLLATE utf8_unicode_ci DEFAULT NULL,
  `sortOrder` smallint(6) unsigned DEFAULT NULL,
  `dateCreated` datetime NOT NULL,
  `dateUpdated` datetime NOT NULL,
  `uid` char(36) COLLATE utf8_unicode_ci NOT NULL DEFAULT '0',
  PRIMARY KEY (`id`),
  UNIQUE KEY `craft_entrytypes_name_sectionId_unq_idx` (`name`,`sectionId`),
  UNIQUE KEY `craft_entrytypes_handle_sectionId_unq_idx` (`handle`,`sectionId`),
  KEY `craft_entrytypes_sectionId_fk` (`sectionId`),
  KEY `craft_entrytypes_fieldLayoutId_fk` (`fieldLayoutId`)
) ENGINE=InnoDB AUTO_INCREMENT=25 DEFAULT CHARSET=utf8 COLLATE=utf8_unicode_ci;

--
-- Data for table `craft_entrytypes`
--

INSERT INTO `craft_entrytypes` (`id`, `sectionId`, `fieldLayoutId`, `name`, `handle`, `hasTitleField`, `titleLabel`, `titleFormat`, `sortOrder`, `dateCreated`, `dateUpdated`, `uid`) VALUES
 ('1', '1', '196', 'Homepage', 'homepage', '1', 'Title', NULL, '1', '2017-01-12 16:12:59', '2017-06-28 03:59:33', '2ef3366c-c591-4567-95b0-ef767094c97b'),
 ('2', '2', '192', 'News', 'news', '1', 'Title', NULL, '1', '2017-01-12 16:12:59', '2017-06-20 15:12:48', '405885be-3145-49ec-b56b-0be492c25659'),
 ('4', '4', '193', 'Media Partners', 'mediaPartners', '1', 'Title', NULL, '1', '2017-02-23 21:40:51', '2017-06-21 18:17:46', '1172b808-87ff-4952-9f73-71a79bc22d31'),
 ('5', '5', '61', 'Statistics', 'statistics', '1', 'Title', NULL, '1', '2017-02-24 21:50:00', '2017-03-15 23:47:13', '867b5d4d-3f05-4b18-bfe0-248ed8a7b380'),
 ('6', '6', '59', 'Events', 'events', '1', 'Title', NULL, '1', '2017-03-08 16:24:40', '2017-03-12 16:11:41', '43403449-d2f0-45c6-b4ac-4f3cc8bcfc4f'),
 ('7', '7', '162', 'Ad', 'ad', '1', 'Title', NULL, '1', '2017-03-12 16:08:01', '2017-05-31 20:13:30', 'ab6f6ae7-0d25-49b2-81bb-937d0a3aaef0'),
 ('8', '8', '58', 'Staff', 'staff', '1', 'Title', NULL, '1', '2017-03-12 16:09:15', '2017-03-12 16:10:18', '6c8593d1-b542-4469-b668-15cce0bef8ab'),
 ('9', '9', '176', 'About', 'about', '1', '', NULL, '1', '2017-03-16 18:11:56', '2017-06-13 19:58:09', '83ab898f-96d5-4239-bd17-8df200d295c5'),
 ('10', '10', '187', 'Media Partners Home', 'mediaPartnersHome', '1', '', NULL, '1', '2017-03-16 18:12:46', '2017-06-14 17:39:20', 'c932b283-8c4e-49e9-bcc9-86836209ae57'),
 ('11', '11', '166', 'Get Involved', 'getInvolved', '0', NULL, '{section.name|raw}', '1', '2017-03-16 18:13:51', '2017-06-01 19:41:17', '630919e1-842f-4f53-b1dc-913805a08a35'),
 ('12', '12', '190', 'Advertising', 'advertising', '1', 'Title', NULL, '1', '2017-03-16 18:15:33', '2017-06-20 15:03:05', '6f29ce86-08d0-4852-a937-223f0288e765'),
 ('13', '13', '156', 'Contact', 'contact', '1', 'Title', NULL, '1', '2017-03-16 18:15:45', '2017-05-28 23:19:43', '0c8764fa-49e8-42b9-8c54-890d8d19b670'),
 ('14', '14', '72', 'Testimonials', 'testimonials', '1', 'Title', NULL, '1', '2017-03-21 17:33:15', '2017-03-21 17:34:26', 'ce82acca-bdf2-4152-92ed-7d8dc2cd09d4'),
 ('18', '18', '191', 'Recognition', 'recognition', '1', 'Title', NULL, '1', '2017-04-19 00:47:11', '2017-06-20 15:03:41', 'a0ceae1f-6c51-40ae-acf9-cf6358b81d3b'),
 ('19', '19', '101', 'Jobs', 'jobs', '1', 'Title', NULL, '1', '2017-04-19 00:49:33', '2017-04-19 00:50:16', 'f5bd6010-398a-4062-b110-9284cd91b6ae'),
 ('20', '20', '184', 'About Student Media News', 'aboutStudentMediaNews', '1', '', NULL, '1', '2017-04-22 21:35:28', '2017-06-13 21:41:17', 'ec6ab07f-b10c-4a15-9556-e95e95ab562a'),
 ('21', '21', '131', 'Media Boards', 'boardMembers', '1', '', NULL, '1', '2017-04-22 21:50:41', '2017-05-10 17:02:54', '27a7cd3c-032b-4d25-812e-eaa1a38e7903'),
 ('22', '22', '169', 'Support Us', 'supportUs', '1', '', NULL, '1', '2017-04-24 17:57:47', '2017-06-06 17:06:14', '9d558521-8282-4f1b-99b9-a453f3f6d642'),
 ('23', '23', '124', 'Meeting Minutes', 'meetingMinutes', '1', 'Title', NULL, '1', '2017-04-27 19:08:02', '2017-04-27 19:44:02', 'be4fbf3c-be30-49c1-9697-28bbc2fb17f0'),
 ('24', '24', '188', 'Recognition Landing Page', 'recognitionLandingPage', '0', NULL, '{section.name|raw}', '1', '2017-06-14 18:56:46', '2017-06-14 18:56:46', 'f1219bd7-762a-432d-85f6-3dceb41a7e77');



DROP TABLE IF EXISTS `craft_entryversions`;


--
-- Schema for table `craft_entryversions`
--
CREATE TABLE `craft_entryversions` (
  `id` int(11) NOT NULL AUTO_INCREMENT,
  `entryId` int(11) NOT NULL,
  `sectionId` int(11) NOT NULL,
  `creatorId` int(11) DEFAULT NULL,
  `locale` char(12) COLLATE utf8_unicode_ci NOT NULL,
  `num` smallint(6) unsigned NOT NULL,
  `notes` tinytext COLLATE utf8_unicode_ci,
  `data` mediumtext COLLATE utf8_unicode_ci NOT NULL,
  `dateCreated` datetime NOT NULL,
  `dateUpdated` datetime NOT NULL,
  `uid` char(36) COLLATE utf8_unicode_ci NOT NULL DEFAULT '0',
  PRIMARY KEY (`id`),
  KEY `craft_entryversions_entryId_locale_idx` (`entryId`,`locale`),
  KEY `craft_entryversions_sectionId_fk` (`sectionId`),
  KEY `craft_entryversions_creatorId_fk` (`creatorId`),
  KEY `craft_entryversions_locale_fk` (`locale`)
) ENGINE=InnoDB AUTO_INCREMENT=627 DEFAULT CHARSET=utf8 COLLATE=utf8_unicode_ci;

--
-- Data for table `craft_entryversions`
--

INSERT INTO `craft_entryversions` (`id`, `entryId`, `sectionId`, `creatorId`, `locale`, `num`, `notes`, `data`, `dateCreated`, `dateUpdated`, `uid`) VALUES
 ('1', '2', '1', '1', 'en_us', '1', NULL, '{\"typeId\":\"1\",\"authorId\":null,\"title\":\"Homepage\",\"slug\":\"homepage\",\"postDate\":1484237579,\"expiryDate\":null,\"enabled\":1,\"parentId\":null,\"fields\":[]}', '2017-01-12 16:12:59', '2017-01-12 16:12:59', 'dc34fecf-f736-4ab5-adeb-19ff77ed9cf2'),
 ('2', '2', '1', '1', 'en_us', '2', NULL, '{\"typeId\":null,\"authorId\":null,\"title\":\"Welcome to Kentstatestudentmedia.com!\",\"slug\":\"homepage\",\"postDate\":1484237579,\"expiryDate\":null,\"enabled\":\"1\",\"parentId\":null,\"fields\":{\"1\":\"<p>It\\u2019s true, this site doesn\\u2019t have a whole lot of content yet, but don\\u2019t worry. Our web developers have just installed the CMS, and they\\u2019re setting things up for the content editors this very moment. Soon Kentstatestudentmedia.com will be an oasis of fresh perspectives, sharp analyses, and astute opinions that will keep you coming back again and again.<\\/p>\"}}', '2017-01-12 16:12:59', '2017-01-12 16:12:59', '0a7f0c7a-c97e-40e3-b8b9-140b0ea42974'),
 ('3', '3', '2', '1', 'en_us', '1', NULL, '{\"typeId\":\"2\",\"authorId\":\"1\",\"title\":\"We just installed Craft!\",\"slug\":\"we-just-installed-craft\",\"postDate\":1484237579,\"expiryDate\":null,\"enabled\":1,\"parentId\":null,\"fields\":[]}', '2017-01-12 16:12:59', '2017-01-12 16:12:59', 'e94f2383-d753-4fbc-84e4-9eac760e8864'),
 ('7', '2', '1', '1', 'en_us', '3', '', '{\"typeId\":null,\"authorId\":null,\"title\":\"Title\",\"slug\":\"homepage\",\"postDate\":1484237579,\"expiryDate\":null,\"enabled\":1,\"parentId\":null,\"fields\":{\"1\":\"<p>It\\u2019s true, this site doesn\\u2019t have a whole lot of content yet, but don\\u2019t worry. Our web developers have just installed the CMS, and they\\u2019re setting things up for the content editors this very moment. Soon Kentstatestudentmedia.com will be an oasis of fresh perspectives, sharp analyses, and astute opinions that will keep you coming back again and again.<\\/p>\",\"16\":[\"7\"],\"17\":\"Tigger the dog\"}}', '2017-02-23 21:19:58', '2017-02-23 21:19:58', '0cddd1f1-aae0-4c39-83d4-6453e0d04cf5'),
 ('8', '10', '4', '1', 'en_us', '1', '', '{\"typeId\":null,\"authorId\":\"1\",\"title\":\"A Magazine\",\"slug\":\"a-magazine\",\"postDate\":1487886989,\"expiryDate\":null,\"enabled\":1,\"parentId\":null,\"fields\":{\"16\":\"\"}}', '2017-02-23 21:56:29', '2017-02-23 21:56:29', 'd0dba58b-3f20-4db8-96c6-26770cd5d65f'),
 ('9', '11', '5', '1', 'en_us', '1', '', '{\"typeId\":null,\"authorId\":\"1\",\"title\":\"This is a fun statistic\",\"slug\":\"this-is-a-fun-statistic\",\"postDate\":1487973046,\"expiryDate\":null,\"enabled\":1,\"parentId\":null,\"fields\":{\"20\":[\"10\"],\"12\":\"This is a description of the statistic\",\"19\":[\"7\"]}}', '2017-02-24 21:50:46', '2017-02-24 21:50:46', '1f5dc5d7-935e-40c8-b14c-a8ac03e3dc22'),
 ('10', '12', '5', '1', 'en_us', '1', '', '{\"typeId\":null,\"authorId\":\"1\",\"title\":\"This is a second statistic\",\"slug\":\"this-is-a-second-statistic\",\"postDate\":1487973060,\"expiryDate\":null,\"enabled\":1,\"parentId\":null,\"fields\":{\"20\":[\"10\"],\"12\":\"This is a description of the second statistic\",\"19\":[\"7\"]}}', '2017-02-24 21:51:00', '2017-02-24 21:51:00', '2cf3545c-bf69-404f-bcd9-6b9981a27893'),
 ('11', '12', '5', '1', 'en_us', '2', '', '{\"typeId\":\"5\",\"authorId\":\"1\",\"title\":\"This is a second statistic\",\"slug\":\"this-is-a-second-statistic\",\"postDate\":1487973060,\"expiryDate\":null,\"enabled\":1,\"parentId\":null,\"fields\":{\"20\":[\"10\"],\"12\":\"This is a description of the second statistic\",\"19\":[\"9\"]}}', '2017-02-24 21:52:32', '2017-02-24 21:52:32', '24cf5d68-70c4-476c-a54c-727eae302965'),
 ('12', '14', '4', '1', 'en_us', '1', '', '{\"typeId\":null,\"authorId\":\"1\",\"title\":\"The Burr\",\"slug\":\"the-burr\",\"postDate\":1488208865,\"expiryDate\":null,\"enabled\":1,\"parentId\":null,\"fields\":{\"19\":\"\",\"14\":\"\"}}', '2017-02-27 15:21:05', '2017-02-27 15:21:05', '150bb256-52ec-4490-a5ff-f489456cb7a3'),
 ('13', '15', '4', '1', 'en_us', '1', '', '{\"typeId\":null,\"authorId\":\"1\",\"title\":\"Kent Stater\",\"slug\":\"kent-stater\",\"postDate\":1488208874,\"expiryDate\":null,\"enabled\":1,\"parentId\":null,\"fields\":{\"19\":\"\",\"14\":\"\"}}', '2017-02-27 15:21:14', '2017-02-27 15:21:14', '2bdbf924-216d-4789-b6bf-f88f99848f45'),
 ('14', '15', '4', '1', 'en_us', '2', '', '{\"typeId\":\"4\",\"authorId\":\"1\",\"title\":\"Kent Stater\",\"slug\":\"kent-stater\",\"postDate\":1488208860,\"expiryDate\":null,\"enabled\":1,\"parentId\":null,\"fields\":{\"19\":[\"18\"],\"14\":[\"16\"]}}', '2017-02-27 15:22:49', '2017-02-27 15:22:49', '173c4ba2-2f0e-4450-a7af-60bd49a24309'),
 ('15', '2', '1', '1', 'en_us', '4', '', '{\"typeId\":null,\"authorId\":null,\"title\":\"Kent State Student Media\",\"slug\":\"homepage\",\"postDate\":1484237579,\"expiryDate\":null,\"enabled\":1,\"parentId\":null,\"fields\":{\"1\":\"<p>It\\u2019s true, this site doesn\\u2019t have a whole lot of content yet, but don\\u2019t worry. Our web developers have just installed the CMS, and they\\u2019re setting things up for the content editors this very moment. Soon Kentstatestudentmedia.com will be an oasis of fresh perspectives, sharp analyses, and astute opinions that will keep you coming back again and again.<\\/p>\",\"16\":\"\",\"17\":\"Tigger the dog\"}}', '2017-03-02 19:23:52', '2017-03-02 19:23:52', 'aa66fb8e-03f8-4258-8a2d-5bb18b0afeb4'),
 ('16', '2', '1', '1', 'en_us', '5', '', '{\"typeId\":null,\"authorId\":null,\"title\":\"Kent State Student Media\",\"slug\":\"homepage\",\"postDate\":1484237579,\"expiryDate\":null,\"enabled\":1,\"parentId\":null,\"fields\":{\"1\":\"<p>It\\u2019s true, this site doesn\\u2019t have a whole lot of content yet, but don\\u2019t worry. Our web developers have just installed the CMS, and they\\u2019re setting things up for the content editors this very moment. Soon Kentstatestudentmedia.com will be an oasis of fresh perspectives, sharp analyses, and astute opinions that will keep you coming back again and again.<\\/p>\",\"11\":\"\",\"12\":\"This is our description\",\"13\":\"\",\"16\":\"\",\"17\":\"Tigger the dog\"}}', '2017-03-02 19:37:35', '2017-03-02 19:37:35', 'b713de47-a79c-4922-86f7-76d05ead8833'),
 ('17', '19', '4', '1', 'en_us', '1', '', '{\"typeId\":null,\"authorId\":\"1\",\"title\":\"Black Squirrel Radio\",\"slug\":\"black-squirrel-radio\",\"postDate\":1488483961,\"expiryDate\":null,\"enabled\":1,\"parentId\":null,\"fields\":{\"20\":\"\",\"19\":\"\",\"14\":\"\"}}', '2017-03-02 19:46:01', '2017-03-02 19:46:01', '354a0f17-264a-465e-9a9b-a66797548880'),
 ('18', '20', '4', '1', 'en_us', '1', '', '{\"typeId\":null,\"authorId\":\"1\",\"title\":\"TV2\",\"slug\":\"tv2\",\"postDate\":1488483986,\"expiryDate\":null,\"enabled\":1,\"parentId\":null,\"fields\":{\"20\":\"\",\"19\":\"\",\"14\":\"\"}}', '2017-03-02 19:46:26', '2017-03-02 19:46:26', '5399d1b1-d880-4a9a-9e6c-e9d668e7fb25'),
 ('19', '21', '4', '1', 'en_us', '1', '', '{\"typeId\":null,\"authorId\":\"1\",\"title\":\"Fusion Magazine\",\"slug\":\"fusion-magazine\",\"postDate\":1488484007,\"expiryDate\":null,\"enabled\":1,\"parentId\":null,\"fields\":{\"20\":\"\",\"19\":\"\",\"14\":\"\"}}', '2017-03-02 19:46:47', '2017-03-02 19:46:47', 'b3651215-ee29-49d2-a8de-659a46b60562'),
 ('20', '22', '4', '1', 'en_us', '1', '', '{\"typeId\":null,\"authorId\":\"1\",\"title\":\"Uhuru\",\"slug\":\"uhuru\",\"postDate\":1488484013,\"expiryDate\":null,\"enabled\":1,\"parentId\":null,\"fields\":{\"20\":\"\",\"19\":\"\",\"14\":\"\"}}', '2017-03-02 19:46:53', '2017-03-02 19:46:53', '36666391-5248-48d6-9870-b4e6b863d233'),
 ('21', '23', '4', '1', 'en_us', '1', '', '{\"typeId\":null,\"authorId\":\"1\",\"title\":\"KentWired\",\"slug\":\"kentwired\",\"postDate\":1488484126,\"expiryDate\":null,\"enabled\":1,\"parentId\":null,\"fields\":{\"20\":\"\",\"19\":\"\",\"14\":\"\"}}', '2017-03-02 19:48:46', '2017-03-02 19:48:46', 'a56379e0-ddd7-448b-9cf7-4d05c86ab563'),
 ('22', '24', '4', '1', 'en_us', '1', '', '{\"typeId\":null,\"authorId\":\"1\",\"title\":\"Luna Negra\",\"slug\":\"luna-negra\",\"postDate\":1488484164,\"expiryDate\":null,\"enabled\":1,\"parentId\":null,\"fields\":{\"20\":\"\",\"19\":\"\",\"14\":\"\"}}', '2017-03-02 19:49:24', '2017-03-02 19:49:24', '6e301869-b48e-475f-bd97-bdabe86bf37a'),
 ('23', '25', '4', '1', 'en_us', '1', '', '{\"typeId\":null,\"authorId\":\"1\",\"title\":\"KSU Independent Films\",\"slug\":\"ksu-independent-films\",\"postDate\":1488484187,\"expiryDate\":null,\"enabled\":1,\"parentId\":null,\"fields\":{\"20\":\"\",\"19\":\"\",\"14\":\"\"}}', '2017-03-02 19:49:47', '2017-03-02 19:49:47', 'cbdbd369-b99b-48c1-bf23-1f66b2691447'),
 ('24', '15', '4', '1', 'en_us', '3', '', '{\"typeId\":\"4\",\"authorId\":\"1\",\"title\":\"Kent Stater\",\"slug\":\"kent-stater\",\"postDate\":1488208860,\"expiryDate\":null,\"enabled\":1,\"parentId\":null,\"fields\":{\"20\":\"\",\"19\":[\"18\"],\"14\":\"\"}}', '2017-03-02 19:50:39', '2017-03-02 19:50:39', 'a4503084-00dd-4303-8885-7eb0fa9aedc0'),
 ('25', '10', '4', '1', 'en_us', '2', '', '{\"typeId\":\"4\",\"authorId\":\"1\",\"title\":\"A Magazine\",\"slug\":\"a-magazine\",\"postDate\":1487886960,\"expiryDate\":null,\"enabled\":1,\"parentId\":null,\"fields\":{\"20\":\"\",\"19\":\"\",\"14\":\"\"}}', '2017-03-02 19:51:16', '2017-03-02 19:51:16', '770d62c7-5e40-4d7d-bc99-50e6da597e29'),
 ('26', '15', '4', '1', 'en_us', '4', '', '{\"typeId\":\"4\",\"authorId\":\"1\",\"title\":\"Kent Stater\",\"slug\":\"kent-stater\",\"postDate\":1488208860,\"expiryDate\":null,\"enabled\":1,\"parentId\":null,\"fields\":{\"20\":\"\",\"19\":\"\",\"14\":\"\"}}', '2017-03-02 19:51:30', '2017-03-02 19:51:30', '2be7e079-fac3-4d4c-8c03-d4aceb1d4090'),
 ('27', '15', '4', '1', 'en_us', '5', '', '{\"typeId\":\"4\",\"authorId\":\"1\",\"title\":\"Kent Stater\",\"slug\":\"kent-stater\",\"postDate\":1488208860,\"expiryDate\":null,\"enabled\":1,\"parentId\":null,\"fields\":{\"20\":\"\",\"19\":[\"18\"],\"14\":\"\"}}', '2017-03-02 19:51:41', '2017-03-02 19:51:41', 'a793197d-1589-4974-bff4-ace562029dc6'),
 ('28', '15', '4', '1', 'en_us', '6', '', '{\"typeId\":\"4\",\"authorId\":\"1\",\"title\":\"Kent Stater\",\"slug\":\"kent-stater\",\"postDate\":1488208860,\"expiryDate\":null,\"enabled\":1,\"parentId\":null,\"fields\":{\"20\":\"\",\"19\":\"\",\"14\":\"\"}}', '2017-03-02 19:52:02', '2017-03-02 19:52:02', '6076386f-a50c-45ce-8972-f34a066ee34a'),
 ('29', '10', '4', '1', 'en_us', '3', '', '{\"typeId\":\"4\",\"authorId\":\"1\",\"title\":\"A Magazine\",\"slug\":\"a-magazine\",\"postDate\":1487886960,\"expiryDate\":null,\"enabled\":1,\"parentId\":null,\"fields\":{\"20\":\"\",\"19\":[\"18\"],\"14\":\"\"}}', '2017-03-02 19:52:11', '2017-03-02 19:52:11', 'fb1200a0-a498-43bb-b2d2-8087ca3b174d'),
 ('30', '10', '4', '1', 'en_us', '4', '', '{\"typeId\":\"4\",\"authorId\":\"1\",\"title\":\"A Magazine\",\"slug\":\"a-magazine\",\"postDate\":1487886960,\"expiryDate\":null,\"enabled\":1,\"parentId\":null,\"fields\":{\"20\":\"\",\"19\":\"\",\"14\":\"\"}}', '2017-03-02 19:52:29', '2017-03-02 19:52:29', 'd090efc4-28e7-4077-a762-1f8498c2bb28'),
 ('31', '10', '4', '1', 'en_us', '5', '', '{\"typeId\":\"4\",\"authorId\":\"1\",\"title\":\"B Magazine\",\"slug\":\"a-magazine\",\"postDate\":1487886960,\"expiryDate\":null,\"enabled\":1,\"parentId\":null,\"fields\":{\"20\":\"\",\"19\":[\"18\"],\"14\":\"\"}}', '2017-03-02 21:06:06', '2017-03-02 21:06:06', 'a374b4b5-f18f-44ba-a312-baa6e26d4f99'),
 ('32', '10', '4', '1', 'en_us', '6', '', '{\"typeId\":\"4\",\"authorId\":\"1\",\"title\":\"A Magazine\",\"slug\":\"a-magazine\",\"postDate\":1487886960,\"expiryDate\":null,\"enabled\":1,\"parentId\":null,\"fields\":{\"20\":\"\",\"19\":\"\",\"14\":\"\"}}', '2017-03-02 21:11:15', '2017-03-02 21:11:15', 'bc1a51ad-54f7-462f-9d34-4eb970a56a9f'),
 ('33', '2', '1', '1', 'en_us', '6', '', '{\"typeId\":null,\"authorId\":null,\"title\":\"Kent State Student Media\",\"slug\":\"homepage\",\"postDate\":1484237579,\"expiryDate\":null,\"enabled\":1,\"parentId\":null,\"fields\":{\"1\":\"<p>It\\u2019s true, this site doesn\\u2019t have a whole lot of content yet, but don\\u2019t worry. Our web developers have just installed the CMS, and they\\u2019re setting things up for the content editors this very moment. Soon Kentstatestudentmedia.com will be an oasis of fresh perspectives, sharp analyses, and astute opinions that will keep you coming back again and again.<\\/p>\",\"11\":\"\",\"12\":\"This is our description\",\"13\":\"\",\"16\":\"\",\"17\":\"Tigger the dog\",\"21\":\"Kent State Student Media is made by students for students.\"}}', '2017-03-02 22:04:30', '2017-03-02 22:04:30', 'd073386b-38d0-4532-a56a-72b236265660'),
 ('34', '2', '1', '1', 'en_us', '7', '', '{\"typeId\":null,\"authorId\":null,\"title\":\"Kent State Student Media\",\"slug\":\"homepage\",\"postDate\":1484237579,\"expiryDate\":null,\"enabled\":1,\"parentId\":null,\"fields\":{\"1\":\"<p>It\\u2019s true, this site doesn\\u2019t have a whole lot of content yet, but don\\u2019t worry. Our web developers have just installed the CMS, and they\\u2019re setting things up for the content editors this very moment. Soon Kentstatestudentmedia.com will be an oasis of fresh perspectives, sharp analyses, and astute opinions that will keep you coming back again and again.<\\/p>\",\"11\":\"\",\"12\":\"This is our description\",\"13\":\"\",\"16\":\"\",\"17\":\"Tigger the dog\",\"21\":\"Kent State Student Media is made by students for students.\"}}', '2017-03-02 22:08:38', '2017-03-02 22:08:38', 'acd7f74a-7829-454e-b526-c7cb479700d1'),
 ('36', '2', '1', '1', 'en_us', '8', '', '{\"typeId\":null,\"authorId\":null,\"title\":\"Kent State Student Media\",\"slug\":\"homepage\",\"postDate\":1484237579,\"expiryDate\":null,\"enabled\":1,\"parentId\":null,\"fields\":{\"1\":\"<p>It\\u2019s true, this site doesn\\u2019t have a whole lot of content yet, but don\\u2019t worry. Our web developers have just installed the CMS, and they\\u2019re setting things up for the content editors this very moment. Soon Kentstatestudentmedia.com will be an oasis of fresh perspectives, sharp analyses, and astute opinions that will keep you coming back again and again.<\\/p>\",\"11\":\"\",\"12\":\"This is our description\",\"13\":\"\",\"16\":\"\",\"17\":\"Tigger the dog\",\"21\":\"Kent State Student Media is made by students for students.\"}}', '2017-03-09 01:33:51', '2017-03-09 01:33:51', '47fdce5a-73bd-48df-8077-eecb39a32b01'),
 ('37', '2', '1', '1', 'en_us', '9', '', '{\"typeId\":null,\"authorId\":null,\"title\":\"Kent State Student Media\",\"slug\":\"homepage\",\"postDate\":1484237579,\"expiryDate\":null,\"enabled\":1,\"parentId\":null,\"fields\":{\"1\":\"<p>It\\u2019s true, this site doesn\\u2019t have a whole lot of content yet, but don\\u2019t worry. Our web developers have just installed the CMS, and they\\u2019re setting things up for the content editors this very moment. Soon Kentstatestudentmedia.com will be an oasis of fresh perspectives, sharp analyses, and astute opinions that will keep you coming back again and again.<\\/p>\",\"11\":\"\",\"12\":\"This is our description\",\"13\":\"\",\"16\":\"\",\"17\":\"Tigger the dog\",\"21\":\"Kent State Student Media is made by students for students.\"}}', '2017-03-09 01:33:52', '2017-03-09 01:33:52', 'd67271ab-129a-4a54-a15c-52de8ce3408f'),
 ('38', '2', '1', '1', 'en_us', '10', '', '{\"typeId\":null,\"authorId\":null,\"title\":\"Kent State Student Media\",\"slug\":\"homepage\",\"postDate\":1484237579,\"expiryDate\":null,\"enabled\":1,\"parentId\":null,\"fields\":{\"1\":\"<p>Kent State Student Media produces six award-winning magazines with subjects including arts and poetry, fashion, minority, and campus issues. The Kent Stater is the premier source for news around campus. Each magazine has a circulation of 4,000+ and the Stater reaches 15,000 individuals. Advertising with Kent State Student Media is an excellent way to make sure you reach the farthest corners of your audience.<\\/p>\",\"11\":\"\",\"12\":\"This is our description\",\"13\":\"\",\"16\":\"\",\"17\":\"Tigger the dog\",\"21\":\"Kent State Student Media is made by students for students.\"}}', '2017-03-09 01:36:17', '2017-03-09 01:36:17', '17d387a4-0452-4711-9923-d3c48d1c6498'),
 ('39', '27', '5', '1', 'en_us', '1', '', '{\"typeId\":null,\"authorId\":\"1\",\"title\":\"Statistics\",\"slug\":\"statistics\",\"postDate\":1489024778,\"expiryDate\":null,\"enabled\":1,\"parentId\":null,\"fields\":{\"20\":\"\",\"12\":\"\",\"19\":\"\"}}', '2017-03-09 01:59:38', '2017-03-09 01:59:38', '1eed3e83-d8a4-4f96-ba0d-a89f7b93a821'),
 ('40', '27', '5', '1', 'en_us', '2', '', '{\"typeId\":\"5\",\"authorId\":\"1\",\"title\":\"10 distinct Media Partners\",\"slug\":\"statistics\",\"postDate\":1489024740,\"expiryDate\":null,\"enabled\":1,\"parentId\":null,\"fields\":{\"20\":\"\",\"12\":\"\",\"19\":\"\"}}', '2017-03-09 02:00:50', '2017-03-09 02:00:50', '774c6bdf-1e5e-4273-9a8e-94e86c341342'),
 ('41', '12', '5', '1', 'en_us', '3', '', '{\"typeId\":\"5\",\"authorId\":\"1\",\"title\":\"750 Students Employed by Student Media Each Year\",\"slug\":\"this-is-a-second-statistic\",\"postDate\":1487973060,\"expiryDate\":null,\"enabled\":1,\"parentId\":null,\"fields\":{\"20\":[\"10\"],\"12\":\"This is a description of the second statistic\",\"19\":\"\"}}', '2017-03-09 02:01:12', '2017-03-09 02:01:12', 'c6eb42dd-4b53-4bc2-a0a8-83079be077f9'),
 ('42', '11', '5', '1', 'en_us', '2', '', '{\"typeId\":\"5\",\"authorId\":\"1\",\"title\":\"80+ years involved with the Kent community\",\"slug\":\"this-is-a-fun-statistic\",\"postDate\":1487973000,\"expiryDate\":null,\"enabled\":1,\"parentId\":null,\"fields\":{\"20\":[\"10\"],\"12\":\"This is a description of the statistic\",\"19\":\"\"}}', '2017-03-09 02:01:45', '2017-03-09 02:01:45', '2866d6e2-701e-4007-b2b9-d5e37a0a46d2'),
 ('51', '10', '4', '1', 'en_us', '7', '', '{\"typeId\":\"4\",\"authorId\":\"1\",\"title\":\"B Magazine\",\"slug\":\"a-magazine\",\"postDate\":1487886960,\"expiryDate\":null,\"enabled\":1,\"parentId\":null,\"fields\":{\"20\":\"\",\"19\":\"\",\"14\":\"\"}}', '2017-03-09 03:28:57', '2017-03-09 03:28:57', 'ea36db62-a54f-46fd-9200-b6ec47524cae'),
 ('52', '10', '4', '1', 'en_us', '8', '', '{\"typeId\":\"4\",\"authorId\":\"1\",\"title\":\"A Magazine\",\"slug\":\"a-magazine\",\"postDate\":1487886960,\"expiryDate\":null,\"enabled\":1,\"parentId\":null,\"fields\":{\"20\":\"\",\"19\":\"\",\"14\":\"\"}}', '2017-03-09 03:29:14', '2017-03-09 03:29:14', '9f5e6f01-07c6-435b-8416-c42fcb80e26c'),
 ('54', '27', '5', '1', 'en_us', '3', '', '{\"typeId\":\"5\",\"authorId\":\"1\",\"title\":\"10 \",\"slug\":\"statistics\",\"postDate\":1489024740,\"expiryDate\":null,\"enabled\":1,\"parentId\":null,\"fields\":{\"12\":\"\",\"25\":\"distinct Media Partners\"}}', '2017-03-09 03:37:00', '2017-03-09 03:37:00', '115adf46-b62a-475b-ac96-0ed0af40d810'),
 ('55', '27', '5', '1', 'en_us', '4', '', '{\"typeId\":\"5\",\"authorId\":\"1\",\"title\":\"10 distinct Media Partners\",\"slug\":\"statistics\",\"postDate\":1489024740,\"expiryDate\":null,\"enabled\":1,\"parentId\":null,\"fields\":{\"12\":\"\",\"25\":\"\"}}', '2017-03-09 03:37:30', '2017-03-09 03:37:30', 'edafdc75-9b89-4b09-a205-ed0286368df1'),
 ('56', '27', '5', '1', 'en_us', '5', '', '{\"typeId\":\"5\",\"authorId\":\"1\",\"title\":\"10 distinct Media Partners\",\"slug\":\"statistics\",\"postDate\":1489024740,\"expiryDate\":null,\"enabled\":1,\"parentId\":null,\"fields\":{\"12\":\"\"}}', '2017-03-09 03:43:18', '2017-03-09 03:43:18', 'e635d7ad-2398-45b9-b7ac-bab7472ba963'),
 ('57', '27', '5', '1', 'en_us', '6', '', '{\"typeId\":\"5\",\"authorId\":\"1\",\"title\":\"10 distinct Media Partners\",\"slug\":\"statistics\",\"postDate\":1489024740,\"expiryDate\":null,\"enabled\":1,\"parentId\":null,\"fields\":{\"12\":\"\"}}', '2017-03-09 03:43:35', '2017-03-09 03:43:35', '3468cd20-8de4-434b-998f-bf8bda0cece7'),
 ('58', '2', '1', '1', 'en_us', '11', '', '{\"typeId\":null,\"authorId\":null,\"title\":\"Kent State Student Media\",\"slug\":\"homepage\",\"postDate\":1484237579,\"expiryDate\":null,\"enabled\":1,\"parentId\":null,\"fields\":{\"1\":\"<p>Kent State Student Media produces six award-winning magazines with subjects including arts and poetry, fashion, minority, and campus issues. The Kent Stater is the premier source for news around campus. Each magazine has a circulation of 4,000+ and the Stater reaches 15,000 individuals. Advertising with Kent State Student Media is an excellent way to make sure you reach the farthest corners of your audience.<\\/p>\",\"11\":\"\",\"12\":\"This is our description\",\"13\":[\"33\"],\"16\":\"\",\"17\":\"Tigger the dog\",\"25\":\"\",\"21\":\"Kent State Student Media is made by students for students.\",\"22\":\"\"}}', '2017-03-09 15:11:11', '2017-03-09 15:11:11', 'f4e90bd8-7978-437d-8394-d6fe9b9520dd'),
 ('59', '2', '1', '1', 'en_us', '12', '', '{\"typeId\":null,\"authorId\":null,\"title\":\"Kent State Student Media\",\"slug\":\"homepage\",\"postDate\":1484237579,\"expiryDate\":null,\"enabled\":1,\"parentId\":null,\"fields\":{\"1\":\"<p>Kent State Student Media produces six award-winning magazines with subjects including arts and poetry, fashion, minority, and campus issues. The Kent Stater is the premier source for news around campus. Each magazine has a circulation of 4,000+ and the Stater reaches 15,000 individuals. Advertising with Kent State Student Media is an excellent way to make sure you reach the farthest corners of your audience.<\\/p>\",\"11\":\"\",\"12\":\"This is our description\",\"13\":[\"33\"],\"16\":\"\",\"17\":\"Tigger the dog\",\"25\":\"\",\"21\":\"Kent State Student Media is made by students for students.\",\"22\":\"\"}}', '2017-03-09 15:30:51', '2017-03-09 15:30:51', 'c39183d7-1ca0-4e48-b6b5-28c88dd580d8'),
 ('60', '2', '1', '1', 'en_us', '13', '', '{\"typeId\":null,\"authorId\":null,\"title\":\"Kent State Student Media\",\"slug\":\"homepage\",\"postDate\":1484237579,\"expiryDate\":null,\"enabled\":1,\"parentId\":null,\"fields\":{\"1\":\"<p>Kent State Student Media produces six award-winning magazines with subjects including arts and poetry, fashion, minority, and campus issues. The Kent Stater is the premier source for news around campus. Each magazine has a circulation of 4,000+ and the Stater reaches 15,000 individuals. Advertising with Kent State Student Media is an excellent way to make sure you reach the farthest corners of your audience.<\\/p>\",\"11\":\"\",\"12\":\"This is our description\",\"13\":[\"33\"],\"16\":\"\",\"17\":\"Tigger the dog\",\"25\":\"\",\"21\":\"Kent State Student Media is made by students for students.\",\"22\":\"\"}}', '2017-03-09 15:32:26', '2017-03-09 15:32:26', 'c2385178-5612-4eb8-be8a-6274cc0ddee3'),
 ('61', '2', '1', '1', 'en_us', '14', '', '{\"typeId\":null,\"authorId\":null,\"title\":\"Kent State Student Media\",\"slug\":\"homepage\",\"postDate\":1484237579,\"expiryDate\":null,\"enabled\":1,\"parentId\":null,\"fields\":{\"1\":\"<p>Kent State Student Media produces six award-winning magazines with subjects including arts and poetry, fashion, minority, and campus issues. The Kent Stater is the premier source for news around campus. Each magazine has a circulation of 4,000+ and the Stater reaches 15,000 individuals. Advertising with Kent State Student Media is an excellent way to make sure you reach the farthest corners of your audience.<\\/p>\",\"11\":\"\",\"12\":\"This is our description\",\"13\":[\"33\"],\"16\":\"\",\"17\":\"Tigger the dog\",\"25\":\"\",\"21\":\"Kent State Student Media is made by students for students.\",\"22\":\"https:\\/\\/player.vimeo.com\\/video\\/183532877\"}}', '2017-03-09 19:31:38', '2017-03-09 19:31:38', 'd365d805-a8d4-49c5-b779-7cd89ec9ff6d'),
 ('62', '2', '1', '1', 'en_us', '15', '', '{\"typeId\":null,\"authorId\":null,\"title\":\"Kent State Student Media\",\"slug\":\"homepage\",\"postDate\":1484237579,\"expiryDate\":null,\"enabled\":1,\"parentId\":null,\"fields\":{\"1\":\"<p>Kent State Student Media produces six award-winning magazines with subjects including arts and poetry, fashion, minority, and campus issues. The Kent Stater is the premier source for news around campus. Each magazine has a circulation of 4,000+ and the Stater reaches 15,000 individuals. Advertising with Kent State Student Media is an excellent way to make sure you reach the farthest corners of your audience.<\\/p>\",\"12\":\"This is our description\",\"13\":[\"35\"],\"16\":\"\",\"17\":\"Tigger the dog\",\"25\":\"\",\"21\":\"Kent State Student Media is made by students for students.\",\"22\":\"https:\\/\\/player.vimeo.com\\/video\\/183532877\"}}', '2017-03-09 19:36:35', '2017-03-09 19:36:35', 'a1d562c9-fadf-4186-9106-3880fbcb4709'),
 ('63', '2', '1', '1', 'en_us', '16', '', '{\"typeId\":null,\"authorId\":null,\"title\":\"Kent State Student Media\",\"slug\":\"homepage\",\"postDate\":1484237579,\"expiryDate\":null,\"enabled\":1,\"parentId\":null,\"fields\":{\"1\":\"<p>Kent State Student Media produces six award-winning magazines with subjects including arts and poetry, fashion, minority, and campus issues. The Kent Stater is the premier source for news around campus. Each magazine has a circulation of 4,000+ and the Stater reaches 15,000 individuals. Advertising with Kent State Student Media is an excellent way to make sure you reach the farthest corners of your audience.<\\/p>\",\"12\":\"This is our description\",\"13\":[\"36\"],\"16\":\"\",\"17\":\"Tigger the dog\",\"25\":\"\",\"21\":\"Kent State Student Media is made by students for students.\",\"22\":\"https:\\/\\/player.vimeo.com\\/video\\/183532877\"}}', '2017-03-09 19:41:09', '2017-03-09 19:41:09', '3c002c3f-9d48-4d36-ba66-e817aa20aa10'),
 ('64', '25', '4', '1', 'en_us', '2', '', '{\"typeId\":\"4\",\"authorId\":\"1\",\"title\":\"KSU Independent Films\",\"slug\":\"ksu-independent-films\",\"postDate\":1488484140,\"expiryDate\":null,\"enabled\":1,\"parentId\":null,\"fields\":{\"20\":\"\",\"12\":\"Our description\",\"4\":\"us@kent.edu\",\"6\":\"Rob\",\"13\":[\"36\"],\"7\":\"Flash\",\"10\":\"333-333-3333\",\"26\":{\"new1\":{\"type\":\"socialMediaBlock\",\"enabled\":\"1\",\"fields\":{\"socialName\":\"twitter\",\"address\":\"http:\\/\\/www.twitter.com\"}}}}}', '2017-03-10 16:00:22', '2017-03-10 16:00:22', 'c9aacbe9-07f0-4c1a-9e9c-99c3a70b3868'),
 ('65', '25', '4', '1', 'en_us', '3', '', '{\"typeId\":\"4\",\"authorId\":\"1\",\"title\":\"KSU Independent Films\",\"slug\":\"ksu-independent-films\",\"postDate\":1488484140,\"expiryDate\":null,\"enabled\":1,\"parentId\":null,\"fields\":{\"12\":\"Our description\",\"4\":\"us@kent.edu\",\"6\":\"Rob\",\"13\":[\"36\"],\"7\":\"Flash\",\"14\":[\"33\"],\"10\":\"333-333-3333\",\"29\":\"a shorter description\",\"26\":{\"37\":{\"type\":\"socialMediaBlock\",\"enabled\":\"1\",\"fields\":{\"socialName\":\"twitter\",\"address\":\"http:\\/\\/www.twitter.com\"}}}}}', '2017-03-10 16:02:43', '2017-03-10 16:02:43', '88ecf243-d044-42fe-88c0-546b9ef384e4'),
 ('69', '45', '8', '1', 'en_us', '1', '', '{\"typeId\":null,\"authorId\":\"1\",\"title\":\"Kevin Dilley\",\"slug\":\"kevin-dilley\",\"postDate\":1489335475,\"expiryDate\":null,\"enabled\":1,\"parentId\":null,\"fields\":{\"20\":[\"24\",\"23\"],\"1\":\"<p>Hi! :D<\\/p>\",\"4\":\"kdilley@kent.edu\",\"5\":[\"faculty\"],\"6\":\"Kevin \",\"19\":\"\",\"8\":\"Big Boss\",\"7\":\"Dilley\",\"10\":\"330-672-4603\"}}', '2017-03-12 16:17:55', '2017-03-12 16:17:55', 'd095155f-1fb7-496e-a4b4-994b99fabc8a'),
 ('70', '24', '4', '1', 'en_us', '2', '', '{\"typeId\":\"4\",\"authorId\":\"1\",\"title\":\"Luna Negra\",\"slug\":\"luna-negra\",\"postDate\":1488484140,\"expiryDate\":null,\"enabled\":1,\"parentId\":null,\"fields\":{\"12\":\"\",\"4\":\"\",\"6\":\"\",\"13\":\"\",\"7\":\"\",\"14\":[\"53\"],\"10\":\"\",\"29\":\"\",\"26\":\"\"}}', '2017-03-15 23:43:24', '2017-03-15 23:43:24', '25e2738a-a4e4-4e83-9d6a-9c4a47b06e93'),
 ('71', '25', '4', '1', 'en_us', '4', '', '{\"typeId\":\"4\",\"authorId\":\"1\",\"title\":\"KSU Independent Films\",\"slug\":\"ksu-independent-films\",\"postDate\":1488484140,\"expiryDate\":null,\"enabled\":1,\"parentId\":null,\"fields\":{\"12\":\"Our description\",\"4\":\"us@kent.edu\",\"6\":\"Rob\",\"13\":[\"36\"],\"7\":\"Flash\",\"14\":[\"52\"],\"10\":\"333-333-3333\",\"29\":\"a shorter description\",\"26\":{\"37\":{\"type\":\"socialMediaBlock\",\"enabled\":\"1\",\"fields\":{\"socialName\":\"twitter\",\"address\":\"http:\\/\\/www.twitter.com\"}}}}}', '2017-03-15 23:43:41', '2017-03-15 23:43:41', '327f3879-9cae-46c8-abdb-5394a72c58d4'),
 ('72', '23', '4', '1', 'en_us', '2', '', '{\"typeId\":\"4\",\"authorId\":\"1\",\"title\":\"KentWired\",\"slug\":\"kentwired\",\"postDate\":1488484080,\"expiryDate\":null,\"enabled\":1,\"parentId\":null,\"fields\":{\"12\":\"\",\"4\":\"\",\"6\":\"\",\"13\":\"\",\"7\":\"\",\"14\":[\"50\"],\"10\":\"\",\"29\":\"\",\"26\":\"\"}}', '2017-03-15 23:44:12', '2017-03-15 23:44:12', 'da24916a-904a-48bd-b067-b0feb6e2fdb7'),
 ('73', '22', '4', '1', 'en_us', '2', '', '{\"typeId\":\"4\",\"authorId\":\"1\",\"title\":\"Uhuru\",\"slug\":\"uhuru\",\"postDate\":1488483960,\"expiryDate\":null,\"enabled\":1,\"parentId\":null,\"fields\":{\"12\":\"\",\"4\":\"\",\"6\":\"\",\"13\":\"\",\"7\":\"\",\"14\":[\"56\"],\"10\":\"\",\"29\":\"\",\"26\":\"\"}}', '2017-03-15 23:44:25', '2017-03-15 23:44:25', '9f9ced54-6e55-4b99-8462-db1f72cd7cfb'),
 ('74', '21', '4', '1', 'en_us', '2', '', '{\"typeId\":\"4\",\"authorId\":\"1\",\"title\":\"Fusion Magazine\",\"slug\":\"fusion-magazine\",\"postDate\":1488483960,\"expiryDate\":null,\"enabled\":1,\"parentId\":null,\"fields\":{\"12\":\"\",\"4\":\"\",\"6\":\"\",\"13\":\"\",\"7\":\"\",\"14\":[\"49\"],\"10\":\"\",\"29\":\"\",\"26\":\"\"}}', '2017-03-15 23:44:38', '2017-03-15 23:44:38', '10fbc5bf-80ca-489a-a9c3-39f051ef8205'),
 ('75', '19', '4', '1', 'en_us', '2', '', '{\"typeId\":\"4\",\"authorId\":\"1\",\"title\":\"Black Squirrel Radio\",\"slug\":\"black-squirrel-radio\",\"postDate\":1488483960,\"expiryDate\":null,\"enabled\":1,\"parentId\":null,\"fields\":{\"12\":\"\",\"4\":\"\",\"6\":\"\",\"13\":\"\",\"7\":\"\",\"14\":[\"47\"],\"10\":\"\",\"29\":\"\",\"26\":\"\"}}', '2017-03-15 23:44:50', '2017-03-15 23:44:50', '9a523b58-7dd2-40f1-95ec-11d0a8fcb385'),
 ('76', '20', '4', '1', 'en_us', '2', '', '{\"typeId\":\"4\",\"authorId\":\"1\",\"title\":\"TV2\",\"slug\":\"tv2\",\"postDate\":1488483960,\"expiryDate\":null,\"enabled\":1,\"parentId\":null,\"fields\":{\"12\":\"\",\"4\":\"\",\"6\":\"\",\"13\":\"\",\"7\":\"\",\"14\":[\"55\"],\"10\":\"\",\"29\":\"\",\"26\":\"\"}}', '2017-03-15 23:45:00', '2017-03-15 23:45:00', 'e9b82975-a5b6-4317-a74e-111a5d7ce5bd'),
 ('77', '24', '4', '1', 'en_us', '3', '', '{\"typeId\":\"4\",\"authorId\":\"1\",\"title\":\"Luna Negra\",\"slug\":\"luna-negra\",\"postDate\":1488484140,\"expiryDate\":null,\"enabled\":1,\"parentId\":null,\"fields\":{\"12\":\"\",\"4\":\"\",\"6\":\"\",\"13\":\"\",\"7\":\"\",\"14\":[\"53\"],\"10\":\"\",\"29\":\"\",\"26\":\"\"}}', '2017-03-15 23:45:06', '2017-03-15 23:45:06', 'bf119eed-b799-4582-a822-b0afad8c1fb2'),
 ('78', '14', '4', '1', 'en_us', '2', '', '{\"typeId\":\"4\",\"authorId\":\"1\",\"title\":\"The Burr\",\"slug\":\"the-burr\",\"postDate\":1488208860,\"expiryDate\":null,\"enabled\":1,\"parentId\":null,\"fields\":{\"12\":\"\",\"4\":\"\",\"6\":\"\",\"13\":\"\",\"7\":\"\",\"14\":[\"48\"],\"10\":\"\",\"29\":\"\",\"26\":\"\"}}', '2017-03-15 23:45:20', '2017-03-15 23:45:20', '67582c22-8bfd-4b0a-98b1-2d081aacb15e'),
 ('79', '15', '4', '1', 'en_us', '7', '', '{\"typeId\":\"4\",\"authorId\":\"1\",\"title\":\"Kent Stater\",\"slug\":\"kent-stater\",\"postDate\":1488208860,\"expiryDate\":null,\"enabled\":1,\"parentId\":null,\"fields\":{\"12\":\"\",\"4\":\"\",\"6\":\"\",\"13\":\"\",\"7\":\"\",\"14\":[\"51\"],\"10\":\"\",\"29\":\"\",\"26\":\"\"}}', '2017-03-15 23:45:33', '2017-03-15 23:45:33', 'c84e69c1-e651-4ceb-9e5c-bb9b75efab47'),
 ('80', '10', '4', '1', 'en_us', '9', '', '{\"typeId\":\"4\",\"authorId\":\"1\",\"title\":\"A Magazine\",\"slug\":\"a-magazine\",\"postDate\":1487886960,\"expiryDate\":null,\"enabled\":1,\"parentId\":null,\"fields\":{\"12\":\"\",\"4\":\"\",\"6\":\"\",\"13\":\"\",\"7\":\"\",\"14\":[\"46\"],\"10\":\"\",\"29\":\"\",\"26\":\"\"}}', '2017-03-15 23:45:42', '2017-03-15 23:45:42', '0ed4d99c-b033-4d4f-bae3-efb2c1a0a13e'),
 ('81', '27', '5', '1', 'en_us', '7', '', '{\"typeId\":\"5\",\"authorId\":\"1\",\"title\":\"10\",\"slug\":\"statistics\",\"postDate\":1489024740,\"expiryDate\":null,\"enabled\":1,\"parentId\":null,\"fields\":{\"25\":\"distinct Media Partners\"}}', '2017-03-15 23:47:33', '2017-03-15 23:47:33', '75b9cd6b-cff3-4b38-9b11-3635c7ba1672'),
 ('82', '27', '5', '1', 'en_us', '8', '', '{\"typeId\":\"5\",\"authorId\":\"1\",\"title\":\"10\",\"slug\":\"statistics\",\"postDate\":1489024740,\"expiryDate\":null,\"enabled\":1,\"parentId\":null,\"fields\":{\"25\":\"distinct Media Partners\"}}', '2017-03-15 23:47:36', '2017-03-15 23:47:36', 'c8472a6c-d86b-46a6-a8cb-117a5ca94699'),
 ('83', '27', '5', '1', 'en_us', '9', '', '{\"typeId\":\"5\",\"authorId\":\"1\",\"title\":\"10\",\"slug\":\"statistics\",\"postDate\":1489024740,\"expiryDate\":null,\"enabled\":1,\"parentId\":null,\"fields\":{\"25\":\"distinct Media Partners\"}}', '2017-03-15 23:47:38', '2017-03-15 23:47:38', '54ed60b9-0360-4931-a88f-59c935cea72a'),
 ('84', '12', '5', '1', 'en_us', '4', '', '{\"typeId\":\"5\",\"authorId\":\"1\",\"title\":\"750\",\"slug\":\"this-is-a-second-statistic\",\"postDate\":1487973060,\"expiryDate\":null,\"enabled\":1,\"parentId\":null,\"fields\":{\"25\":\"Students Employed by Student Media Each Year\"}}', '2017-03-15 23:48:26', '2017-03-15 23:48:26', '8f709f32-6c67-4756-a319-cc1af48de6dc'),
 ('85', '12', '5', '1', 'en_us', '5', '', '{\"typeId\":\"5\",\"authorId\":\"1\",\"title\":\"750\",\"slug\":\"this-is-a-second-statistic\",\"postDate\":1487973060,\"expiryDate\":null,\"enabled\":1,\"parentId\":null,\"fields\":{\"25\":\"Students Employed by Student Media Each Year\"}}', '2017-03-15 23:48:30', '2017-03-15 23:48:30', '6fffb384-fb49-420b-82ac-549ba3f65148'),
 ('86', '11', '5', '1', 'en_us', '3', '', '{\"typeId\":\"5\",\"authorId\":\"1\",\"title\":\"80+\",\"slug\":\"this-is-a-fun-statistic\",\"postDate\":1487973000,\"expiryDate\":null,\"enabled\":1,\"parentId\":null,\"fields\":{\"25\":\"years involved with the Kent community\"}}', '2017-03-15 23:48:42', '2017-03-15 23:48:42', '7080e89c-9a6a-46c6-86f0-4630ab396b50'),
 ('87', '11', '5', '1', 'en_us', '4', '', '{\"typeId\":\"5\",\"authorId\":\"1\",\"title\":\"80+\",\"slug\":\"this-is-a-fun-statistic\",\"postDate\":1487973000,\"expiryDate\":null,\"enabled\":1,\"parentId\":null,\"fields\":{\"25\":\"years involved with the Kent community\"}}', '2017-03-15 23:48:45', '2017-03-15 23:48:45', '21c1e1f2-dfe1-4125-8677-911f45fa95f0'),
 ('88', '24', '4', '1', 'en_us', '4', '', '{\"typeId\":\"4\",\"authorId\":\"1\",\"title\":\"Luna Negra\",\"slug\":\"luna-negra\",\"postDate\":1488484140,\"expiryDate\":null,\"enabled\":1,\"parentId\":null,\"fields\":{\"12\":\"\",\"4\":\"\",\"36\":\"1\",\"6\":\"\",\"13\":\"\",\"7\":\"\",\"14\":[\"53\"],\"10\":\"\",\"29\":\"\",\"26\":\"\"}}', '2017-03-16 18:09:41', '2017-03-16 18:09:41', '9a6dd346-07ed-4dc4-91d9-086133e79a6c'),
 ('89', '25', '4', '1', 'en_us', '5', '', '{\"typeId\":\"4\",\"authorId\":\"1\",\"title\":\"KSU Independent Films\",\"slug\":\"ksu-independent-films\",\"postDate\":1488484140,\"expiryDate\":null,\"enabled\":1,\"parentId\":null,\"fields\":{\"12\":\"Our description\",\"4\":\"us@kent.edu\",\"36\":\"1\",\"6\":\"Rob\",\"13\":[\"36\"],\"7\":\"Flash\",\"14\":[\"52\"],\"10\":\"333-333-3333\",\"29\":\"a shorter description\",\"26\":{\"37\":{\"type\":\"socialMediaBlock\",\"enabled\":\"1\",\"fields\":{\"socialName\":\"twitter\",\"address\":\"http:\\/\\/www.twitter.com\"}}}}}', '2017-03-16 18:09:46', '2017-03-16 18:09:46', '24786e9a-b798-4a4b-b05f-e6e491a7078e'),
 ('90', '23', '4', '1', 'en_us', '3', '', '{\"typeId\":\"4\",\"authorId\":\"1\",\"title\":\"KentWired\",\"slug\":\"kentwired\",\"postDate\":1488484080,\"expiryDate\":null,\"enabled\":1,\"parentId\":null,\"fields\":{\"12\":\"\",\"4\":\"\",\"36\":\"1\",\"6\":\"\",\"13\":\"\",\"7\":\"\",\"14\":[\"50\"],\"10\":\"\",\"29\":\"\",\"26\":\"\"}}', '2017-03-16 18:09:54', '2017-03-16 18:09:54', '266d0253-1cf0-4891-9151-8e2a2ea42455'),
 ('91', '19', '4', '1', 'en_us', '3', '', '{\"typeId\":\"4\",\"authorId\":\"1\",\"title\":\"Black Squirrel Radio\",\"slug\":\"black-squirrel-radio\",\"postDate\":1488483960,\"expiryDate\":null,\"enabled\":1,\"parentId\":null,\"fields\":{\"12\":\"\",\"4\":\"\",\"36\":\"1\",\"6\":\"\",\"13\":\"\",\"7\":\"\",\"14\":[\"47\"],\"10\":\"\",\"29\":\"\",\"26\":\"\"}}', '2017-03-16 18:10:02', '2017-03-16 18:10:02', 'f4a03c7a-ac4a-4109-93e6-76f272471810'),
 ('92', '20', '4', '1', 'en_us', '3', '', '{\"typeId\":\"4\",\"authorId\":\"1\",\"title\":\"TV2\",\"slug\":\"tv2\",\"postDate\":1488483960,\"expiryDate\":null,\"enabled\":1,\"parentId\":null,\"fields\":{\"12\":\"\",\"4\":\"\",\"36\":\"1\",\"6\":\"\",\"13\":\"\",\"7\":\"\",\"14\":[\"55\"],\"10\":\"\",\"29\":\"\",\"26\":\"\"}}', '2017-03-16 18:10:08', '2017-03-16 18:10:08', 'd50966ea-1617-4f60-b5d2-3dec20a0463d'),
 ('93', '21', '4', '1', 'en_us', '3', '', '{\"typeId\":\"4\",\"authorId\":\"1\",\"title\":\"Fusion Magazine\",\"slug\":\"fusion-magazine\",\"postDate\":1488483960,\"expiryDate\":null,\"enabled\":1,\"parentId\":null,\"fields\":{\"12\":\"\",\"4\":\"\",\"36\":\"1\",\"6\":\"\",\"13\":\"\",\"7\":\"\",\"14\":[\"49\"],\"10\":\"\",\"29\":\"\",\"26\":\"\"}}', '2017-03-16 18:10:15', '2017-03-16 18:10:15', 'bfdbd019-a9d4-47e1-b3f7-d4bf95390346'),
 ('94', '22', '4', '1', 'en_us', '3', '', '{\"typeId\":\"4\",\"authorId\":\"1\",\"title\":\"Uhuru\",\"slug\":\"uhuru\",\"postDate\":1488483960,\"expiryDate\":null,\"enabled\":1,\"parentId\":null,\"fields\":{\"12\":\"\",\"4\":\"\",\"36\":\"1\",\"6\":\"\",\"13\":\"\",\"7\":\"\",\"14\":[\"56\"],\"10\":\"\",\"29\":\"\",\"26\":\"\"}}', '2017-03-16 18:10:21', '2017-03-16 18:10:21', 'e228561f-8508-4bb3-9ecc-ecdd94379aff'),
 ('95', '14', '4', '1', 'en_us', '3', '', '{\"typeId\":\"4\",\"authorId\":\"1\",\"title\":\"The Burr\",\"slug\":\"the-burr\",\"postDate\":1488208860,\"expiryDate\":null,\"enabled\":1,\"parentId\":null,\"fields\":{\"12\":\"\",\"4\":\"\",\"36\":\"1\",\"6\":\"\",\"13\":\"\",\"7\":\"\",\"14\":[\"48\"],\"10\":\"\",\"29\":\"\",\"26\":\"\"}}', '2017-03-16 18:10:29', '2017-03-16 18:10:29', '2b15f233-5433-42b2-b957-3544c7609232'),
 ('96', '15', '4', '1', 'en_us', '8', '', '{\"typeId\":\"4\",\"authorId\":\"1\",\"title\":\"Kent Stater\",\"slug\":\"kent-stater\",\"postDate\":1488208860,\"expiryDate\":null,\"enabled\":1,\"parentId\":null,\"fields\":{\"12\":\"\",\"4\":\"\",\"36\":\"1\",\"6\":\"\",\"13\":\"\",\"7\":\"\",\"14\":[\"51\"],\"10\":\"\",\"29\":\"\",\"26\":\"\"}}', '2017-03-16 18:10:39', '2017-03-16 18:10:39', '30ffba04-d8df-4f0a-b7be-47410f23a45b'),
 ('97', '10', '4', '1', 'en_us', '10', '', '{\"typeId\":\"4\",\"authorId\":\"1\",\"title\":\"A Magazine\",\"slug\":\"a-magazine\",\"postDate\":1487886960,\"expiryDate\":null,\"enabled\":1,\"parentId\":null,\"fields\":{\"12\":\"\",\"4\":\"\",\"36\":\"1\",\"6\":\"\",\"13\":\"\",\"7\":\"\",\"14\":[\"46\"],\"10\":\"\",\"29\":\"\",\"26\":\"\"}}', '2017-03-16 18:10:47', '2017-03-16 18:10:47', 'db420513-b1d7-4b82-8178-5791de907228'),
 ('98', '58', '9', '1', 'en_us', '1', NULL, '{\"typeId\":\"9\",\"authorId\":null,\"title\":\"About\",\"slug\":\"about\",\"postDate\":1489687916,\"expiryDate\":null,\"enabled\":1,\"parentId\":null,\"fields\":[]}', '2017-03-16 18:11:56', '2017-03-16 18:11:56', '4262a43a-1f19-43d4-b9be-1b19edb6fc45'),
 ('99', '59', '10', '1', 'en_us', '1', NULL, '{\"typeId\":\"10\",\"authorId\":null,\"title\":\"Media Partners Home\",\"slug\":\"media-partners-home\",\"postDate\":1489687966,\"expiryDate\":null,\"enabled\":1,\"parentId\":null,\"fields\":[]}', '2017-03-16 18:12:46', '2017-03-16 18:12:46', '05ac9c0e-e9c3-4a17-b9dd-eff6c8eb5dda'),
 ('100', '60', '11', '1', 'en_us', '1', NULL, '{\"typeId\":\"11\",\"authorId\":null,\"title\":\"Get Involved\",\"slug\":\"get-involved\",\"postDate\":1489688031,\"expiryDate\":null,\"enabled\":1,\"parentId\":null,\"fields\":[]}', '2017-03-16 18:13:51', '2017-03-16 18:13:51', '6af7d62f-e1cb-4a5e-b9e1-bdb4945c275c'),
 ('101', '61', '12', '1', 'en_us', '1', NULL, '{\"typeId\":\"12\",\"authorId\":null,\"title\":\"Advertising\",\"slug\":\"advertising\",\"postDate\":1489688133,\"expiryDate\":null,\"enabled\":1,\"parentId\":null,\"fields\":[]}', '2017-03-16 18:15:33', '2017-03-16 18:15:33', 'c8e46318-0d18-428d-87e6-f99c396f2411'),
 ('102', '25', '4', '1', 'en_us', '6', '', '{\"typeId\":\"4\",\"authorId\":\"1\",\"title\":\"KSU Independent Films\",\"slug\":\"ksu-independent-films\",\"postDate\":1488484140,\"expiryDate\":null,\"enabled\":1,\"parentId\":null,\"fields\":{\"12\":\"Our description\",\"4\":\"us@kent.edu\",\"36\":\"\",\"6\":\"Rob\",\"13\":[\"36\"],\"7\":\"Flash\",\"14\":[\"52\"],\"10\":\"333-333-3333\",\"29\":\"a shorter description\",\"26\":{\"37\":{\"type\":\"socialMediaBlock\",\"enabled\":\"1\",\"fields\":{\"socialName\":\"twitter\",\"address\":\"http:\\/\\/www.twitter.com\"}}}}}', '2017-03-16 18:15:44', '2017-03-16 18:15:44', 'f1f3615f-ec96-45f2-bc0f-baa93d6ba4ab'),
 ('103', '62', '13', '1', 'en_us', '1', NULL, '{\"typeId\":\"13\",\"authorId\":null,\"title\":\"Contact\",\"slug\":\"contact\",\"postDate\":1489688145,\"expiryDate\":null,\"enabled\":1,\"parentId\":null,\"fields\":[]}', '2017-03-16 18:15:45', '2017-03-16 18:15:45', '9d9856de-3d1f-4426-950c-e4740053438e'),
 ('104', '25', '4', '1', 'en_us', '7', '', '{\"typeId\":\"4\",\"authorId\":\"1\",\"title\":\"KSU Independent Films\",\"slug\":\"ksu-independent-films\",\"postDate\":1488484140,\"expiryDate\":null,\"enabled\":1,\"parentId\":null,\"fields\":{\"12\":\"Our description\",\"4\":\"us@kent.edu\",\"36\":\"\",\"6\":\"Rob\",\"13\":[\"36\"],\"7\":\"Flash\",\"14\":[\"52\"],\"10\":\"333-333-3333\",\"29\":\"a shorter description\",\"26\":{\"37\":{\"type\":\"socialMediaBlock\",\"enabled\":\"1\",\"fields\":{\"socialName\":\"twitter\",\"address\":\"http:\\/\\/www.twitter.com\"}}}}}', '2017-03-16 18:27:07', '2017-03-16 18:27:07', 'b50a9c13-6277-4ff0-b91d-58368396999c'),
 ('105', '25', '4', '1', 'en_us', '8', '', '{\"typeId\":\"4\",\"authorId\":\"1\",\"title\":\"KSU Independent Films\",\"slug\":\"ksu-independent-films\",\"postDate\":1488484140,\"expiryDate\":null,\"enabled\":1,\"parentId\":null,\"fields\":{\"12\":\"Our description\",\"4\":\"us@kent.edu\",\"36\":\"1\",\"6\":\"Rob\",\"13\":[\"36\"],\"7\":\"Flash\",\"14\":[\"52\"],\"10\":\"333-333-3333\",\"29\":\"a shorter description\",\"26\":{\"37\":{\"type\":\"socialMediaBlock\",\"enabled\":\"1\",\"fields\":{\"socialName\":\"twitter\",\"address\":\"http:\\/\\/www.twitter.com\"}}}}}', '2017-03-16 18:28:03', '2017-03-16 18:28:03', '0c88ff9c-4c70-4bc4-bcc3-f8cafa0a0678'),
 ('106', '2', '1', '1', 'en_us', '17', '', '{\"typeId\":null,\"authorId\":null,\"title\":\"Kent State Student Media\",\"slug\":\"homepage\",\"postDate\":1484237579,\"expiryDate\":null,\"enabled\":1,\"parentId\":null,\"fields\":{\"1\":\"<p>Kent State Student Media produces six award-winning magazines with subjects including arts and poetry, fashion, minority, and campus issues. The Kent Stater is the premier source for news around campus. Each magazine has a circulation of 4,000+ and the Stater reaches 15,000 individuals. Advertising with Kent State Student Media is an excellent way to make sure you reach the farthest corners of your audience.<\\/p>\",\"12\":\"This is our description\",\"13\":[\"64\"],\"16\":\"\",\"17\":\"Tigger the dog\",\"25\":\"\",\"21\":\"Kent State Student Media is made by students for students.\",\"22\":\"https:\\/\\/player.vimeo.com\\/video\\/183532877\"}}', '2017-03-16 18:42:19', '2017-03-16 18:42:19', 'ea40ade6-ee7d-467c-a078-48209c1c7b43'),
 ('107', '24', '4', '1', 'en_us', '5', '', '{\"typeId\":\"4\",\"authorId\":\"1\",\"title\":\"Luna Negra\",\"slug\":\"luna-negra\",\"postDate\":1488484140,\"expiryDate\":null,\"enabled\":1,\"parentId\":null,\"fields\":{\"12\":\"Luna Negra is Kent State\\u2019s literary student publication and they publish a blend of poetry, prose, photography and illustration. For over 50 years, they have published submissions from current students and community members. Their magazine is published every spring and they produce additional content on LunaNegraMag.com.\",\"4\":\"\",\"36\":\"1\",\"6\":\"\",\"13\":\"\",\"7\":\"\",\"14\":[\"53\"],\"10\":\"\",\"29\":\"Luna Negra is Kent State\\u2019s literary student magazine that publishes a blend of poetry, prose, photography and illustration. \",\"26\":\"\"}}', '2017-03-16 19:07:53', '2017-03-16 19:07:53', '7b3af154-9385-4791-a8d8-15cf24604f94'),
 ('108', '25', '4', '1', 'en_us', '9', '', '{\"typeId\":\"4\",\"authorId\":\"1\",\"title\":\"KSU Independent Films\",\"slug\":\"ksu-independent-films\",\"postDate\":1488484140,\"expiryDate\":null,\"enabled\":1,\"parentId\":null,\"fields\":{\"12\":\"Kent State University Independent Films (KSUIF) is a student-run production company that teaches, inspires and prepares filmmakers for the real-world industry. KSUIF produces a wide variety of content including webseries, short films, award-winning music videos, documentaries, TV shows and feature films. KSUIF is one of three organizations in the country that allows students to create full-length feature films.\",\"4\":\"us@kent.edu\",\"36\":\"1\",\"6\":\"Rob\",\"13\":\"\",\"7\":\"Flash\",\"14\":[\"52\"],\"10\":\"330-672-6541\",\"29\":\"Kent State University Independent Films (KSUIF) is a student-run production company that teaches, inspires and prepares filmmakers for the real-world industry. \",\"26\":{\"37\":{\"type\":\"socialMediaBlock\",\"enabled\":\"1\",\"fields\":{\"socialName\":\"twitter\",\"address\":\"http:\\/\\/www.twitter.com\"}}}}}', '2017-03-16 19:09:20', '2017-03-16 19:09:20', '0d85878b-2276-43e3-8950-954654e3e671'),
 ('109', '23', '4', '1', 'en_us', '4', '', '{\"typeId\":\"4\",\"authorId\":\"1\",\"title\":\"KentWired\",\"slug\":\"kentwired\",\"postDate\":1488484080,\"expiryDate\":null,\"enabled\":1,\"parentId\":null,\"fields\":{\"12\":\"KentWired.com is a news organization hosting content created by the collaborative effort of students working in student media at Kent State University. KentWired is the independent news website for the Kent Stater and TV2 and is the year round news source for everything Kent. KentWired has top news, entertainment, sports, and community and campus news. It also features classifieds and live streams for TV2 and Black Squirrel Radio. \",\"4\":\"\",\"36\":\"1\",\"6\":\"\",\"13\":\"\",\"7\":\"\",\"14\":[\"50\"],\"10\":\"\",\"29\":\"KentWired.com is a news organization that holds content created by students working in student media at Kent State University. \",\"26\":\"\"}}', '2017-03-16 19:10:27', '2017-03-16 19:10:27', 'af33b03a-d5da-4684-94ed-2b2a4ce73c2d'),
 ('110', '19', '4', '1', 'en_us', '4', '', '{\"typeId\":\"4\",\"authorId\":\"1\",\"title\":\"Black Squirrel Radio\",\"slug\":\"black-squirrel-radio\",\"postDate\":1488483960,\"expiryDate\":null,\"enabled\":1,\"parentId\":null,\"fields\":{\"12\":\"Black Squirrel Radio (BSR) is a student-run radio station that has 10,000 loyal monthly listeners. BSR features a large selection of urban, rock and local music with numerous local bands and entertainers coming for in-studio performances and interviews. BSR is available at www.blacksquirrelradio.com, iTunes radio under College Stations, the TuneIn app and channels 2-4 and 2-6 though on-campus television.\",\"4\":\"\",\"36\":\"1\",\"6\":\"\",\"13\":\"\",\"7\":\"\",\"14\":[\"47\"],\"10\":\"\",\"29\":\"Black Squirrel Radio (BSR) is the student-run radio station on Kent State\\u2019s campus and provides innovative media content inspired by the community of Kent, Ohio.\",\"26\":\"\"}}', '2017-03-16 19:11:04', '2017-03-16 19:11:04', 'ddf86b9a-4909-46ea-abff-6cf992160d6a'),
 ('111', '20', '4', '1', 'en_us', '4', '', '{\"typeId\":\"4\",\"authorId\":\"1\",\"title\":\"TV2\",\"slug\":\"tv2\",\"postDate\":1488483960,\"expiryDate\":null,\"enabled\":1,\"parentId\":null,\"fields\":{\"12\":\"TV2 is the award-winning, student-run television station of Kent State University. TV2 is also Portage County\\u2019s only local television station and the best source for local news and original television content. TV2 reaches more than 26,000 homes throughout Portage County on Spectrum (formerly Time Warner Cable) channel 16 and more than 7,500 Kent State students living on-campus on channel 2-2. TV2 is also live streamed on KentWired.com\\/TV2. With 10 different TV shows, TV2 covers everything from breaking news, local news, weather, sports, entertainment and humor.\",\"4\":\"\",\"36\":\"1\",\"6\":\"\",\"13\":\"\",\"7\":\"\",\"14\":[\"55\"],\"10\":\"\",\"29\":\"TV2 is the award-winning, student-run television station of Kent State that broadcasts to students and the Portage County community.\",\"26\":\"\"}}', '2017-03-16 19:12:03', '2017-03-16 19:12:03', '8bff0c64-3071-4110-810e-12f09d4f6f79'),
 ('112', '21', '4', '1', 'en_us', '4', '', '{\"typeId\":\"4\",\"authorId\":\"1\",\"title\":\"Fusion Magazine\",\"slug\":\"fusion-magazine\",\"postDate\":1488483960,\"expiryDate\":null,\"enabled\":1,\"parentId\":null,\"fields\":{\"12\":\"Fusion is Kent State\'s lesbian, gay, bisexual, transgender and queer\\/questioning student advocacy and entertainment magazine. Fusion strives to promote equality and community in northeast Ohio and beyond through journalism and they have been recognized by the Society of Professional Journalists for excellence. Fusion is the only student magazine focusing on LGBTQ issues in the region.\",\"4\":\"\",\"36\":\"1\",\"6\":\"\",\"13\":\"\",\"7\":\"\",\"14\":[\"49\"],\"10\":\"\",\"29\":\"Fusion is Kent State\'s lesbian, gay, bisexual, transgender and queer\\/questioning student advocacy and entertainment magazine. \",\"26\":\"\"}}', '2017-03-16 19:12:44', '2017-03-16 19:12:44', 'f2e57817-2700-4977-881f-40642fa354c0'),
 ('113', '22', '4', '1', 'en_us', '4', '', '{\"typeId\":\"4\",\"authorId\":\"1\",\"title\":\"Uhuru\",\"slug\":\"uhuru\",\"postDate\":1488483960,\"expiryDate\":null,\"enabled\":1,\"parentId\":null,\"fields\":{\"12\":\"Uhuru is an award-winning magazine that promotes innovation, creativity and culture through the voice of marginalized students. A derivative of Black Unites Students, Uhuru is focused on the unification of the African-American population but serves as a safe haven for others by reflecting all people of color at Kent State. Uhuru is Kent State\'s only minority news outlet and serves as a platform for student creation and expression in art, writing, photography and graphic design while addressing social issues.\",\"4\":\"\",\"36\":\"1\",\"6\":\"\",\"13\":\"\",\"7\":\"\",\"14\":[\"56\"],\"10\":\"\",\"29\":\"Uhuru is the magazine that promotes innovation, creativity and culture through the voice of marginalized students at Kent State.\",\"26\":\"\"}}', '2017-03-16 19:13:21', '2017-03-16 19:13:21', '5ad59367-4472-4359-a7e3-6a99ab7f9aa7'),
 ('114', '14', '4', '1', 'en_us', '4', '', '{\"typeId\":\"4\",\"authorId\":\"1\",\"title\":\"The Burr\",\"slug\":\"the-burr\",\"postDate\":1488208860,\"expiryDate\":null,\"enabled\":1,\"parentId\":null,\"fields\":{\"12\":\"The Burr is an independent, award-winning student magazine and was Kent State\\u2019s first student magazine ever. The magazine features a mix of original reporting, how-to articles, feature articles and personal essays. TheBurr.com is frequently updated with multimedia stories and blogs and has an archive of past issues.\",\"4\":\"\",\"36\":\"1\",\"6\":\"\",\"13\":\"\",\"7\":\"\",\"14\":[\"48\"],\"10\":\"\",\"29\":\"The Burr is Kent State\\u2019s first student-produced magazine made for those who have made a home in Kent.\",\"26\":\"\"}}', '2017-03-16 19:26:26', '2017-03-16 19:26:26', '9c69b62a-27bf-4425-aee0-fc527699f1b1'),
 ('115', '15', '4', '1', 'en_us', '9', '', '{\"typeId\":\"4\",\"authorId\":\"1\",\"title\":\"Kent Stater\",\"slug\":\"kent-stater\",\"postDate\":1488208860,\"expiryDate\":null,\"enabled\":1,\"parentId\":null,\"fields\":{\"12\":\"The Kent Stater is the award-winning, student-run newspaper at Kent State University. Reaching more than 15,000 people per issue, the Stater keeps the community up-to-date with campus, local and national news, sports and features. The Stater publishes on Monday, Wednesday and Thursday and has a circulation of 6,750 per day. During the summer months, The Kent Stater runs special print issues and also runs the annual Orientation issue to welcome new and returning students.\",\"4\":\"\",\"36\":\"1\",\"6\":\"\",\"13\":\"\",\"7\":\"\",\"14\":[\"51\"],\"10\":\"\",\"29\":\"The Kent Stater is the award-winning, student-run newspaper at Kent State University. \",\"26\":\"\"}}', '2017-03-16 19:27:28', '2017-03-16 19:27:28', '15a9f6bc-ac1e-4ef4-97e7-32911f63087f'),
 ('116', '10', '4', '1', 'en_us', '11', '', '{\"typeId\":\"4\",\"authorId\":\"1\",\"title\":\"A Magazine\",\"slug\":\"a-magazine\",\"postDate\":1487886960,\"expiryDate\":null,\"enabled\":1,\"parentId\":null,\"fields\":{\"12\":\"A Magazine is a visually stunning student-run magazine at Kent State. It is the publication for all things fashion, beauty, accessories and culture on campus and beyond. A focuses on both women\'s and men\'s fashion and has companion website that is updated regularly with extended content and videos, providing students with the latest fashion news. It is distributed at Kent State and the Fashion School\\u2019s New York studio.\",\"4\":\"\",\"36\":\"1\",\"6\":\"\",\"13\":\"\",\"7\":\"\",\"14\":[\"46\"],\"10\":\"\",\"29\":\"A Magazine is Kent State\\u2019s student-run fashion magazine and is the hub for all things fashion, beauty and culture related.\",\"26\":\"\"}}', '2017-03-16 19:28:02', '2017-03-16 19:28:02', '16a4db00-ce53-4f94-b784-79fae900f91c');
INSERT INTO `craft_entryversions` (`id`, `entryId`, `sectionId`, `creatorId`, `locale`, `num`, `notes`, `data`, `dateCreated`, `dateUpdated`, `uid`) VALUES
 ('117', '23', '4', '1', 'en_us', '5', '', '{\"typeId\":\"4\",\"authorId\":\"1\",\"title\":\"KentWired\",\"slug\":\"kentwired\",\"postDate\":1488484080,\"expiryDate\":null,\"enabled\":1,\"parentId\":null,\"fields\":{\"12\":\"merpoopybutthole\",\"4\":\"\",\"36\":\"1\",\"6\":\"\",\"13\":\"\",\"7\":\"\",\"14\":[\"50\"],\"10\":\"\",\"29\":\"KentWired.com is a news organization that holds content created by students working in student media at Kent State University. \",\"26\":\"\"}}', '2017-03-16 20:30:58', '2017-03-16 20:30:58', '0cdbff5d-54eb-4282-8e46-33d149eef8b8'),
 ('118', '23', '4', '1', 'en_us', '6', '', '{\"typeId\":\"4\",\"authorId\":\"1\",\"title\":\"KentWired\",\"slug\":\"kentwired\",\"postDate\":1488484080,\"expiryDate\":null,\"enabled\":1,\"parentId\":null,\"fields\":{\"12\":\"KentWired.com is a news organization hosting content created by the collaborative effort of students working in student media at Kent State University. KentWired is the independent news website for the Kent Stater and TV2 and is the year round news source for everything Kent. KentWired has top news, entertainment, sports, and community and campus news. It also features classifieds and live streams for TV2 and Black Squirrel Radio. \",\"4\":\"\",\"36\":\"1\",\"6\":\"\",\"13\":\"\",\"7\":\"\",\"14\":[\"50\"],\"10\":\"\",\"29\":\"KentWired.com is a news organization that holds content created by students working in student media at Kent State University. \",\"26\":\"\"}}', '2017-03-16 20:33:51', '2017-03-16 20:33:51', '24bd2d86-5ba8-408f-9703-88cf7b0a8236'),
 ('119', '2', '1', '1', 'en_us', '18', '', '{\"typeId\":null,\"authorId\":null,\"title\":\"About Kent Student Media\",\"slug\":\"homepage\",\"postDate\":1484237579,\"expiryDate\":null,\"enabled\":1,\"parentId\":null,\"fields\":{\"1\":\"<p>Award-winning, nationally recognized and locally focused. Our independent, student-run media partners create content the campus and Kent community seek. Students learn practical skills through the professional learning opportunities available through Kent State Student Media. Advertising with Kent State Student Media is an excellent way to make sure you reach your audience.<\\/p>\",\"12\":\"This is our description\",\"13\":[\"64\"],\"16\":\"\",\"17\":\"Tigger the dog\",\"25\":\"\",\"21\":\"Kent State Student Media is made by students, for students.\",\"22\":\"https:\\/\\/player.vimeo.com\\/video\\/183532877\"}}', '2017-03-16 20:38:59', '2017-03-16 20:38:59', 'bc5a6e52-09ab-42a3-9534-aa4976ab3181'),
 ('120', '2', '1', '1', 'en_us', '19', '', '{\"typeId\":null,\"authorId\":null,\"title\":\"About Kent Student Media\",\"slug\":\"homepage\",\"postDate\":1484237579,\"expiryDate\":null,\"enabled\":1,\"parentId\":null,\"fields\":{\"1\":\"<p>Award-winning, nationally recognized and locally focused. Our independent, student-run media partners create content the campus and Kent community seek. Students learn practical skills through the professional learning opportunities available through Kent State Student Media. Advertising with Kent State Student Media is an excellent way to make sure you reach your audience.<\\/p>\",\"12\":\"This is our description\",\"13\":[\"64\"],\"16\":\"\",\"17\":\"Tigger the dog\",\"25\":\"\",\"21\":\"Kent State Student Media is made by students, for students.\",\"22\":\"https:\\/\\/player.vimeo.com\\/video\\/183532877\"}}', '2017-03-16 20:41:28', '2017-03-16 20:41:28', '6b72d347-bad5-4769-9014-e56429f6d73f'),
 ('121', '27', '5', '1', 'en_us', '10', '', '{\"typeId\":\"5\",\"authorId\":\"1\",\"title\":\"10\",\"slug\":\"statistics\",\"postDate\":1489024740,\"expiryDate\":null,\"enabled\":1,\"parentId\":null,\"fields\":{\"25\":\"different media outlets ran by student media\"}}', '2017-03-16 20:42:43', '2017-03-16 20:42:43', '7ef462f3-b5c8-4225-8588-ca3f1f9a82ab'),
 ('122', '12', '5', '1', 'en_us', '6', '', '{\"typeId\":\"5\",\"authorId\":\"1\",\"title\":\"750\",\"slug\":\"this-is-a-second-statistic\",\"postDate\":1487973060,\"expiryDate\":null,\"enabled\":1,\"parentId\":null,\"fields\":{\"25\":\"Students work with student media per semester\"}}', '2017-03-16 20:43:37', '2017-03-16 20:43:37', 'be01b841-df9f-4401-adb9-2133b7f82588'),
 ('123', '11', '5', '1', 'en_us', '5', '', '{\"typeId\":\"5\",\"authorId\":\"1\",\"title\":\"105\",\"slug\":\"this-is-a-fun-statistic\",\"postDate\":1487973000,\"expiryDate\":null,\"enabled\":1,\"parentId\":null,\"fields\":{\"25\":\"Publications\"}}', '2017-03-16 20:44:04', '2017-03-16 20:44:04', '4e021b86-caf1-4371-977b-d6cebb8eeba2'),
 ('124', '2', '1', '1', 'en_us', '20', '', '{\"typeId\":null,\"authorId\":null,\"title\":\"About Kent Student Media\",\"slug\":\"homepage\",\"postDate\":1484237579,\"expiryDate\":null,\"enabled\":1,\"parentId\":null,\"fields\":{\"1\":\"<p>Award-winning, nationally recognized and locally focused. Our independent, student-run media partners create content the campus and Kent community seek. Students learn practical skills through the professional learning opportunities available through Kent State Student Media. Advertising with Kent State Student Media is an excellent way to make sure you reach your audience.<\\/p>\",\"12\":\"This is our description\",\"13\":[\"64\"],\"16\":\"\",\"17\":\"Tigger the dog\",\"25\":\"\",\"21\":\"Kent State Student Media is made by students, for students.\",\"22\":\"https:\\/\\/player.vimeo.com\\/video\\/183532877\"}}', '2017-03-16 20:46:20', '2017-03-16 20:46:20', '3fdfc330-a596-487a-b1ce-545587a72037'),
 ('125', '65', '14', '1', 'en_us', '1', '', '{\"typeId\":null,\"authorId\":\"1\",\"title\":\"Testimonial #1\",\"slug\":\"testimonial-1\",\"postDate\":1490117798,\"expiryDate\":null,\"enabled\":1,\"parentId\":null,\"fields\":{\"37\":\"Dorothy Ly\",\"38\":\"This is an amazing thing!\"}}', '2017-03-21 17:36:38', '2017-03-21 17:36:38', '04f295b5-8918-4cee-beed-a319c2370223'),
 ('128', '20', '4', '1', 'en_us', '5', '', '{\"typeId\":\"4\",\"authorId\":\"1\",\"title\":\"TV2\",\"slug\":\"tv2\",\"postDate\":1488483960,\"expiryDate\":null,\"enabled\":1,\"parentId\":null,\"fields\":{\"31\":[\"42\"],\"12\":\"TV2 is the award-winning, student-run television station of Kent State University. TV2 is also Portage County\\u2019s only local television station and the best source for local news and original television content. TV2 reaches more than 26,000 homes throughout Portage County on Spectrum (formerly Time Warner Cable) channel 16 and more than 7,500 Kent State students living on-campus on channel 2-2. TV2 is also live streamed on KentWired.com\\/TV2. With 10 different TV shows, TV2 covers everything from breaking news, local news, weather, sports, entertainment and humor.\",\"36\":\"1\",\"13\":\"\",\"14\":[\"55\"],\"29\":\"TV2 is the award-winning, student-run television station of Kent State that broadcasts to students and the Portage County community.\",\"26\":\"\"}}', '2017-03-23 17:55:20', '2017-03-23 17:55:20', '91c50820-200f-43b4-83f3-959d1aa3c31f'),
 ('129', '71', '7', '1', 'en_us', '1', '', '{\"typeId\":null,\"authorId\":\"1\",\"title\":\"Ad #2\",\"slug\":\"ad-2\",\"postDate\":1490292600,\"expiryDate\":null,\"enabled\":1,\"parentId\":null,\"fields\":{\"31\":[\"68\"],\"32\":{\"new1\":{\"type\":\"adUnit\",\"enabled\":\"1\",\"fields\":{\"timePeriod\":\"week\",\"price\":\"5\",\"size\":\"x17\"}}},\"20\":[\"25\"]}}', '2017-03-23 18:10:55', '2017-03-23 18:10:55', '815ed9b7-3949-4f53-8904-28d790378c20'),
 ('130', '73', '7', '1', 'en_us', '1', '', '{\"typeId\":null,\"authorId\":\"1\",\"title\":\"Daily Kent Stater Ads\",\"slug\":\"daily-kent-stater-ads\",\"postDate\":1490293219,\"expiryDate\":null,\"enabled\":1,\"parentId\":null,\"fields\":{\"31\":\"\",\"32\":\"\",\"20\":\"\"}}', '2017-03-23 18:20:19', '2017-03-23 18:20:19', 'd9769e77-1bb5-4d05-9c79-d37892c4a1b0'),
 ('131', '73', '7', '1', 'en_us', '2', '', '{\"typeId\":\"7\",\"authorId\":\"1\",\"title\":\"Daily Kent Stater Ads\",\"slug\":\"daily-kent-stater-ads\",\"postDate\":1490293200,\"expiryDate\":null,\"enabled\":1,\"parentId\":null,\"fields\":{\"31\":[\"42\"],\"32\":{\"new1\":{\"type\":\"adUnit\",\"enabled\":\"1\",\"fields\":{\"timePeriod\":\"week\",\"price\":\"0\",\"size\":\"x17\"}}},\"20\":[\"15\"]}}', '2017-03-23 18:21:18', '2017-03-23 18:21:18', '7a7a9a3b-8dc2-45fc-b2bb-51e816a14e95'),
 ('132', '73', '7', '1', 'en_us', '3', '', '{\"typeId\":\"7\",\"authorId\":\"1\",\"title\":\"Daily Kent Stater Ads\",\"slug\":\"daily-kent-stater-ads\",\"postDate\":1490293200,\"expiryDate\":null,\"enabled\":1,\"parentId\":null,\"fields\":{\"31\":[\"42\"],\"32\":{\"74\":{\"type\":\"adUnit\",\"enabled\":\"1\",\"fields\":{\"adType\":\"Display Ads\",\"adUnit\":[{\"col3\":\"Full Page\",\"col1\":\"$11.00\",\"col2\":\"11x17\\\"\",\"col4\":\"\"},{\"col3\":\"Quarter Page\",\"col1\":\"$15.00\",\"col2\":\"25x22\",\"col4\":\"\"}]}},\"new1\":{\"type\":\"adUnit\",\"enabled\":\"1\",\"fields\":{\"adType\":\"Inserts & Postits\",\"adUnit\":[{\"col3\":\"Single Page insert\",\"col1\":\"$15\",\"col2\":\"\",\"col4\":\"\"}]}}},\"20\":[\"15\"]}}', '2017-03-23 18:27:09', '2017-03-23 18:27:09', '4eca4e60-21a6-46e7-af65-5959da8afffd'),
 ('133', '73', '7', '1', 'en_us', '4', '', '{\"typeId\":\"7\",\"authorId\":\"1\",\"title\":\"Daily Kent Stater Ads\",\"slug\":\"daily-kent-stater-ads\",\"postDate\":1490293200,\"expiryDate\":null,\"enabled\":1,\"parentId\":null,\"fields\":{\"31\":[\"42\"],\"32\":{\"74\":{\"type\":\"adUnit\",\"enabled\":\"1\",\"fields\":{\"adType\":\"Display Ads\",\"adUnit\":[{\"col3\":\"Full Page\",\"col1\":\"$11.00\",\"col2\":\"11x17\\\"\",\"col4\":\"\"},{\"col3\":\"Quarter Page\",\"col1\":\"$15.00\",\"col2\":\"25x22\",\"col4\":\"\"}]}},\"75\":{\"type\":\"adUnit\",\"enabled\":\"1\",\"fields\":{\"adType\":\"Inserts & Postits\",\"adUnit\":[{\"col3\":\"Single Page insert\",\"col1\":\"$15\",\"col2\":\"\",\"col4\":\"\"}]}}},\"20\":[\"15\"]}}', '2017-03-23 18:28:18', '2017-03-23 18:28:18', '2cffb3c4-7138-4679-8ae6-8fb61632bae2'),
 ('134', '73', '7', '1', 'en_us', '5', '', '{\"typeId\":\"7\",\"authorId\":\"1\",\"title\":\"Daily Kent Stater Ads\",\"slug\":\"daily-kent-stater-ads\",\"postDate\":1490293200,\"expiryDate\":null,\"enabled\":1,\"parentId\":null,\"fields\":{\"31\":[\"42\"],\"32\":{\"74\":{\"type\":\"adUnit\",\"enabled\":\"1\",\"fields\":{\"adType\":\"Display Ads\",\"adUnit\":[{\"col3\":\"Full Page\",\"col1\":\"$11.00\",\"col2\":\"11x17\\\"\",\"col4\":\"\"},{\"col3\":\"Quarter Page\",\"col1\":\"$15.00\",\"col2\":\"25x22\",\"col4\":\"\"}],\"adDescription\":\"Ads smallerr than 1\\/6 ....\"}},\"75\":{\"type\":\"adUnit\",\"enabled\":\"1\",\"fields\":{\"adType\":\"Inserts & Postits\",\"adUnit\":[{\"col3\":\"Single Page insert\",\"col1\":\"$15\",\"col2\":\"\",\"col4\":\"\"}],\"adDescription\":\"\"}}},\"20\":[\"15\"]}}', '2017-03-23 18:29:13', '2017-03-23 18:29:13', '470a8d5b-63ea-4285-b9b4-56988cdc3660'),
 ('136', '73', '7', '1', 'en_us', '6', '', '{\"typeId\":\"7\",\"authorId\":\"1\",\"title\":\"Daily Kent Stater Ads\",\"slug\":\"daily-kent-stater-ads\",\"postDate\":1490293200,\"expiryDate\":null,\"enabled\":1,\"parentId\":null,\"fields\":{\"31\":[\"68\"],\"32\":{\"74\":{\"type\":\"adUnit\",\"enabled\":\"1\",\"fields\":{\"adType\":\"Display Ads\",\"adUnit\":[{\"col3\":\"Full Page\",\"col1\":\"$11.00\",\"col2\":\"11x17\\\"\",\"col4\":\"\"},{\"col3\":\"Quarter Page\",\"col1\":\"$15.00\",\"col2\":\"25x22\",\"col4\":\"\"}],\"adDescription\":\"Ads smallerr than 1\\/6 ....\"}},\"75\":{\"type\":\"adUnit\",\"enabled\":\"1\",\"fields\":{\"adType\":\"Inserts & Postits\",\"adUnit\":[{\"col3\":\"Single Page insert\",\"col1\":\"$15\",\"col2\":\"\",\"col4\":\"\"}],\"adDescription\":\"\"}}},\"20\":[\"15\"]}}', '2017-04-06 18:40:59', '2017-04-06 18:40:59', '19a5df6c-a5e3-420f-974a-b84b58fd2c9d'),
 ('139', '81', '7', '1', 'en_us', '1', '', '{\"typeId\":null,\"authorId\":\"1\",\"title\":\"Luna Negra\",\"slug\":\"luna-negra\",\"postDate\":1491506640,\"expiryDate\":null,\"enabled\":1,\"parentId\":null,\"fields\":{\"31\":[\"68\"],\"32\":\"\",\"20\":[\"24\"]}}', '2017-04-06 19:24:00', '2017-04-06 19:24:00', '34b8aaa4-2abf-4cc7-afb1-302163cc3ff9'),
 ('140', '81', '7', '1', 'en_us', '2', '', '{\"typeId\":\"7\",\"authorId\":\"1\",\"title\":\"Luna Negra\",\"slug\":\"luna-negra\",\"postDate\":1491506640,\"expiryDate\":null,\"enabled\":1,\"parentId\":null,\"fields\":{\"31\":[\"68\"],\"32\":{\"new1\":{\"type\":\"adUnit\",\"enabled\":\"1\",\"fields\":{\"adType\":\"asdfgh\",\"adUnit\":[{\"col3\":\"\",\"col1\":\"\",\"col2\":\"\",\"col4\":\"\"}],\"adDescription\":\"\"}}},\"20\":[\"24\"]}}', '2017-04-06 19:25:39', '2017-04-06 19:25:39', '7b43bbb6-5a0d-4c6c-b74f-3bd935bb0008'),
 ('142', '2', '1', '1', 'en_us', '21', '', '{\"typeId\":null,\"authorId\":null,\"title\":\"About Kent Student Media\",\"slug\":\"homepage\",\"postDate\":1484237579,\"expiryDate\":null,\"enabled\":1,\"parentId\":null,\"fields\":{\"1\":\"<p>Award-winning, nationally recognized and locally focused. Our independent, student-run media partners create content the campus and Kent community seek. Students learn practical skills through the professional learning opportunities available through Kent State Student Media. Advertising with Kent State Student Media is an excellent way to make sure you reach your audience.<\\/p>\",\"12\":\"This is our description\",\"13\":[\"64\"],\"16\":\"\",\"17\":\"Tigger the dog\",\"25\":\"\",\"21\":\"Kent State Student Media is made by students, for students.\",\"22\":\"https:\\/\\/player.vimeo.com\\/video\\/183532877\"}}', '2017-04-07 15:48:45', '2017-04-07 15:48:45', '15599315-443d-4dc4-9f5a-f01b7bedf266'),
 ('143', '2', '1', '1', 'en_us', '22', '', '{\"typeId\":null,\"authorId\":null,\"title\":\"About Kent Student Media\",\"slug\":\"homepage\",\"postDate\":1484237579,\"expiryDate\":null,\"enabled\":1,\"parentId\":null,\"fields\":{\"1\":\"<p>Award-winning, nationally recognized and locally focused. Our independent, student-run media partners create content the campus and Kent community seek. Students learn practical skills through the professional learning opportunities available through Kent State Student Media. Advertising with Kent State Student Media is an excellent way to make sure you reach your audience.<\\/p>\",\"12\":\"This is our description\",\"13\":[\"64\"],\"16\":\"\",\"17\":\"Tigger the dog\",\"25\":\"\",\"21\":\"Kent State Student Media is made by students, for students.\",\"22\":\"https:\\/\\/player.vimeo.com\\/video\\/183532877\"}}', '2017-04-10 19:59:18', '2017-04-10 19:59:18', '0167976a-4dd0-4be5-abb7-d7a613d91411'),
 ('144', '2', '1', '1', 'en_us', '23', '', '{\"typeId\":null,\"authorId\":null,\"title\":\"About Kent Student Media\",\"slug\":\"homepage\",\"postDate\":1484237579,\"expiryDate\":null,\"enabled\":1,\"parentId\":null,\"fields\":{\"1\":\"<p>Award-winning, nationally recognized and locally focused. Our independent, student-run media partners create content the campus and Kent community seek. Students learn practical skills through the professional learning opportunities available through Kent State Student Media. Advertising with Kent State Student Media is an excellent way to make sure you reach your audience.<\\/p>\",\"12\":\"This is our description\",\"13\":[\"64\",\"90\",\"88\"],\"16\":\"\",\"17\":\"Tigger the dog\",\"25\":\"\",\"21\":\"Kent State Student Media is made by students, for students.\",\"22\":\"https:\\/\\/player.vimeo.com\\/video\\/183532877\"}}', '2017-04-10 19:59:27', '2017-04-10 19:59:27', 'c15b3c62-8076-4838-b0a9-62aa520a15ba'),
 ('145', '11', '5', '1', 'en_us', '6', '', '{\"typeId\":\"5\",\"authorId\":\"1\",\"title\":\"85+\",\"slug\":\"this-is-a-fun-statistic\",\"postDate\":1487973000,\"expiryDate\":null,\"enabled\":1,\"parentId\":null,\"fields\":{\"25\":\"years involved within the Kent community\"}}', '2017-04-13 19:39:10', '2017-04-13 19:39:10', '9a9fbe29-c102-46b6-bad0-2a41504d3b8c'),
 ('146', '2', '1', '1', 'en_us', '24', '', '{\"typeId\":null,\"authorId\":null,\"title\":\"About Kent Student Media\",\"slug\":\"homepage\",\"postDate\":1484237579,\"expiryDate\":null,\"enabled\":1,\"parentId\":null,\"fields\":{\"1\":\"<p>Award-winning, nationally recognized and locally focused. Our independent, student-run media partners create content the campus and Kent community seek. Students learn practical skills through the professional learning opportunities available through Kent State Student Media. Advertising with Kent State Student Media is an excellent way to make sure you reach your audience.<\\/p>\",\"12\":\"This is our description\",\"13\":[\"64\",\"90\",\"88\"],\"16\":\"\",\"17\":\"Tigger the dog\",\"25\":\"\",\"21\":\"Kent State Student Media is made by students, for students.\",\"22\":\"https:\\/\\/vimeo.com\\/210945217\"}}', '2017-04-13 20:01:04', '2017-04-13 20:01:04', '452aee30-70b5-4561-9d7f-985d58736129'),
 ('147', '2', '1', '1', 'en_us', '25', '', '{\"typeId\":null,\"authorId\":null,\"title\":\"About Kent Student Media\",\"slug\":\"homepage\",\"postDate\":1484237579,\"expiryDate\":null,\"enabled\":1,\"parentId\":null,\"fields\":{\"1\":\"<p>Award-winning, nationally recognized and locally focused. Our independent, student-run media partners create content the campus and Kent community seek. Students learn practical skills through the professional learning opportunities available through Kent State Student Media. Advertising with Kent State Student Media is an excellent way to make sure you reach your audience.<\\/p>\",\"12\":\"This is our description\",\"13\":[\"64\",\"90\",\"88\"],\"16\":\"\",\"17\":\"Tigger the dog\",\"25\":\"\",\"21\":\"Kent State Student Media is made by students, for students.\",\"22\":\"https:\\/\\/player.vimeo.com\\/video\\/210945217\"}}', '2017-04-13 20:02:38', '2017-04-13 20:02:38', '884d89ee-9850-4f41-b312-5772ef41288a'),
 ('148', '71', '7', '1', 'en_us', '2', '', '{\"typeId\":\"7\",\"authorId\":\"1\",\"title\":\"KentWired website\",\"slug\":\"ad-2\",\"postDate\":1490292600,\"expiryDate\":null,\"enabled\":1,\"parentId\":null,\"fields\":{\"31\":[\"69\"],\"32\":{\"72\":{\"type\":\"adUnits\",\"enabled\":\"1\",\"fields\":{\"adType\":\"Web Ads\",\"adUnitr\":[{\"col3\":\"728 x 90\",\"col1\":\"$195 still, $215 flash\",\"col2\":\"\"}],\"adDescription\":\"Place your ad where the campus and community turns first for breaking news, extended news and entertainment. Each banner ad includes a link to your site, monthly statistics and ad design services.\"}}},\"20\":[\"23\"]}}', '2017-04-13 20:22:29', '2017-04-13 20:22:29', '7ff5c92d-91d8-4b47-8167-47b70cb92496'),
 ('149', '91', '7', '1', 'en_us', '1', '', '{\"typeId\":null,\"authorId\":\"1\",\"title\":\"KentWired Sponsored Tweets\",\"slug\":\"kentwired-sponsored-tweets\",\"postDate\":1492115047,\"expiryDate\":null,\"enabled\":1,\"parentId\":null,\"fields\":{\"31\":\"\",\"32\":\"\",\"20\":\"\"}}', '2017-04-13 20:24:07', '2017-04-13 20:24:07', '4fa72dfe-417d-4cec-bb0e-4c2d97392707'),
 ('150', '91', '7', '1', 'en_us', '2', '', '{\"typeId\":\"7\",\"authorId\":\"1\",\"title\":\"KentWired Sponsored Tweets\",\"slug\":\"kentwired-sponsored-tweets\",\"postDate\":1492115040,\"expiryDate\":null,\"enabled\":1,\"parentId\":null,\"fields\":{\"31\":[\"69\"],\"32\":{\"new1\":{\"type\":\"adUnits\",\"enabled\":\"1\",\"fields\":{\"adType\":\"\",\"adUnitr\":[{\"col3\":\"\",\"col1\":\"\",\"col2\":\"\"}],\"adDescription\":\"\"}}},\"20\":\"\"}}', '2017-04-13 20:31:54', '2017-04-13 20:31:54', '4e03c572-500f-432a-9fae-e364596222d2'),
 ('151', '81', '7', '1', 'en_us', '3', '', '{\"typeId\":\"7\",\"authorId\":\"1\",\"title\":\"A Magazine, The Burr, Fusion, Luna Negra and Uhuru\",\"slug\":\"luna-negra\",\"postDate\":1491506640,\"expiryDate\":null,\"enabled\":1,\"parentId\":null,\"fields\":{\"31\":[\"68\"],\"32\":{\"82\":{\"type\":\"adUnits\",\"enabled\":\"1\",\"fields\":{\"adType\":\"asdfgh\",\"adUnitr\":[{\"col3\":\"\",\"col1\":\"\",\"col2\":\"\"}],\"adDescription\":\"\"}}},\"20\":[\"24\",\"21\",\"22\",\"14\",\"10\"]}}', '2017-04-13 20:33:50', '2017-04-13 20:33:50', '19956368-2d0b-4e9f-87bc-3b9230425750'),
 ('152', '93', '4', '1', 'en_us', '1', NULL, '{\"typeId\":null,\"authorId\":\"1\",\"title\":\"Transitions\",\"slug\":\"transitions\",\"postDate\":1492115655,\"expiryDate\":null,\"enabled\":1,\"parentId\":null,\"fields\":{\"31\":\"\",\"12\":\"\",\"36\":\"\",\"13\":\"\",\"14\":\"\",\"29\":\"\",\"26\":\"\"}}', '2017-04-13 20:34:15', '2017-04-13 20:34:15', '7b76dd4b-9e9d-4d9b-bb1c-9307740045ac'),
 ('153', '94', '7', '1', 'en_us', '1', '', '{\"typeId\":null,\"authorId\":\"1\",\"title\":\"Transitions\",\"slug\":\"transitions\",\"postDate\":1492115659,\"expiryDate\":null,\"enabled\":1,\"parentId\":null,\"fields\":{\"31\":[\"68\"],\"32\":\"\",\"20\":[\"93\"]}}', '2017-04-13 20:34:19', '2017-04-13 20:34:19', '330c22a2-cf9d-443c-a38f-145fda8fe55f'),
 ('154', '95', '7', '1', 'en_us', '1', '', '{\"typeId\":null,\"authorId\":\"1\",\"title\":\"TV2\",\"slug\":\"tv2-1\",\"postDate\":1492115771,\"expiryDate\":null,\"enabled\":1,\"parentId\":null,\"fields\":{\"31\":[\"42\"],\"32\":\"\",\"20\":[\"20\"]}}', '2017-04-13 20:36:11', '2017-04-13 20:36:11', '5f69d9b0-d14b-4c78-a732-55df490744ba'),
 ('155', '96', '7', '1', 'en_us', '1', '', '{\"typeId\":null,\"authorId\":\"1\",\"title\":\"Creative Services\",\"slug\":\"creative-services\",\"postDate\":1492115821,\"expiryDate\":null,\"enabled\":1,\"parentId\":null,\"fields\":{\"31\":\"\",\"32\":{\"new1\":{\"type\":\"adUnits\",\"enabled\":\"1\",\"fields\":{\"adType\":\"TV 2 Productions\",\"adUnitr\":[{\"col3\":\"\",\"col1\":\"\",\"col2\":\"\"},{\"col3\":\"\",\"col1\":\"\",\"col2\":\"\"}],\"adDescription\":\"\"}},\"new2\":{\"type\":\"adUnits\",\"enabled\":\"1\",\"fields\":{\"adType\":\"BSR Mobile DJ\",\"adUnitr\":[{\"col3\":\"\",\"col1\":\"\",\"col2\":\"\"}],\"adDescription\":\"\"}}},\"20\":\"\"}}', '2017-04-13 20:37:01', '2017-04-13 20:37:01', '666f069b-c2f0-47d2-beea-727d22f249b1'),
 ('156', '99', '7', '1', 'en_us', '1', '', '{\"typeId\":null,\"authorId\":\"1\",\"title\":\"Black Squirrel Radio\",\"slug\":\"black-squirrel-radio\",\"postDate\":1492115841,\"expiryDate\":null,\"enabled\":1,\"parentId\":null,\"fields\":{\"31\":\"\",\"32\":\"\",\"20\":\"\"}}', '2017-04-13 20:37:21', '2017-04-13 20:37:21', '002de2cc-6e6b-4bc3-957b-565e6cfe741f'),
 ('157', '100', '7', '1', 'en_us', '1', '', '{\"typeId\":null,\"authorId\":\"1\",\"title\":\"KSU Independent Films\",\"slug\":\"ksu-independent-films\",\"postDate\":1492115882,\"expiryDate\":null,\"enabled\":1,\"parentId\":null,\"fields\":{\"31\":[\"42\"],\"32\":\"\",\"20\":\"\"}}', '2017-04-13 20:38:02', '2017-04-13 20:38:02', '41c8044d-6e57-4fad-bb71-04abda692eba'),
 ('158', '100', '7', '1', 'en_us', '2', '', '{\"typeId\":\"7\",\"authorId\":\"1\",\"title\":\"KSU Independent Films\",\"slug\":\"ksu-independent-films\",\"postDate\":1492115880,\"expiryDate\":null,\"enabled\":1,\"parentId\":null,\"fields\":{\"31\":[\"42\"],\"32\":\"\",\"20\":[\"25\"]}}', '2017-04-13 20:38:06', '2017-04-13 20:38:06', '019d16b3-2286-4022-8a45-c3d6f08fb511'),
 ('159', '73', '7', '1', 'en_us', '7', '', '{\"typeId\":\"7\",\"authorId\":\"1\",\"title\":\"The Stater\",\"slug\":\"daily-kent-stater-ads\",\"postDate\":1490293200,\"expiryDate\":null,\"enabled\":1,\"parentId\":null,\"fields\":{\"31\":[\"68\"],\"32\":{\"74\":{\"type\":\"adUnits\",\"enabled\":\"1\",\"fields\":{\"adType\":\"Display Ads\",\"adUnitr\":[{\"col3\":\"Full Page\",\"col1\":\"$11.00\",\"col2\":\"11x17\\\"\"},{\"col3\":\"Quarter Page\",\"col1\":\"$15.00\",\"col2\":\"25x22\"}],\"adDescription\":\"Ads smallerr than 1\\/6 ....\"}},\"75\":{\"type\":\"adUnits\",\"enabled\":\"1\",\"fields\":{\"adType\":\"Inserts & Postits\",\"adUnitr\":[{\"col3\":\"Single Page insert\",\"col1\":\"$15\",\"col2\":\"\"}],\"adDescription\":\"\"}}},\"20\":[\"15\"]}}', '2017-04-13 20:39:24', '2017-04-13 20:39:24', 'ddcfe8d8-a8ac-4674-a14b-d198ddd052a2'),
 ('160', '73', '7', '1', 'en_us', '8', '', '{\"typeId\":\"7\",\"authorId\":\"1\",\"title\":\"The Kent Stater\",\"slug\":\"daily-kent-stater-ads\",\"postDate\":1490293200,\"expiryDate\":null,\"enabled\":1,\"parentId\":null,\"fields\":{\"31\":[\"68\"],\"32\":{\"74\":{\"type\":\"adUnits\",\"enabled\":\"1\",\"fields\":{\"adType\":\"Display Ads\",\"adUnitr\":[{\"col3\":\"Full Page\",\"col1\":\"$11.00\",\"col2\":\"11x17\\\"\"},{\"col3\":\"Quarter Page\",\"col1\":\"$15.00\",\"col2\":\"25x22\"}],\"adDescription\":\"Ads smallerr than 1\\/6 ....\"}},\"75\":{\"type\":\"adUnits\",\"enabled\":\"1\",\"fields\":{\"adType\":\"Inserts & Postits\",\"adUnitr\":[{\"col3\":\"Single Page insert\",\"col1\":\"$15\",\"col2\":\"\"}],\"adDescription\":\"\"}}},\"20\":[\"15\"]}}', '2017-04-13 20:39:40', '2017-04-13 20:39:40', '7c73bba1-f774-448a-962c-47b54cc85d5c'),
 ('161', '71', '7', '1', 'en_us', '3', '', '{\"typeId\":\"7\",\"authorId\":\"1\",\"title\":\"KentWired Website\",\"slug\":\"ad-2\",\"postDate\":1490292600,\"expiryDate\":null,\"enabled\":1,\"parentId\":null,\"fields\":{\"31\":[\"69\"],\"32\":{\"72\":{\"type\":\"adUnits\",\"enabled\":\"1\",\"fields\":{\"adType\":\"Web Ads\",\"adUnitr\":[{\"col3\":\"728 x 90\",\"col1\":\"$195 still, $215 flash\",\"col2\":\"\"}],\"adDescription\":\"Place your ad where the campus and community turns first for breaking news, extended news and entertainment. Each banner ad includes a link to your site, monthly statistics and ad design services.\"}}},\"20\":[\"23\"]}}', '2017-04-13 20:39:52', '2017-04-13 20:39:52', '4437a5f0-2e1f-4535-8b22-519d1b3fc974'),
 ('162', '101', '4', '1', 'en_us', '1', NULL, '{\"typeId\":null,\"authorId\":\"1\",\"title\":\"Student Media Ad Sales\",\"slug\":\"student-media-ad-sales\",\"postDate\":1492116123,\"expiryDate\":null,\"enabled\":1,\"parentId\":null,\"fields\":{\"31\":\"\",\"12\":\"\",\"36\":\"\",\"13\":\"\",\"14\":\"\",\"29\":\"\",\"26\":\"\"}}', '2017-04-13 20:42:03', '2017-04-13 20:42:03', '7dbaf227-84fb-42f1-8204-3e81a19f6aea'),
 ('163', '102', '7', '1', 'en_us', '1', '', '{\"typeId\":null,\"authorId\":\"1\",\"title\":\"KentCribs\",\"slug\":\"kentcribs\",\"postDate\":1492116133,\"expiryDate\":null,\"enabled\":1,\"parentId\":null,\"fields\":{\"31\":[\"69\"],\"32\":\"\",\"20\":[\"101\"]}}', '2017-04-13 20:42:13', '2017-04-13 20:42:13', '0df3c736-7e47-4650-bf02-53e43132b366'),
 ('164', '103', '7', '1', 'en_us', '1', '', '{\"typeId\":null,\"authorId\":\"1\",\"title\":\"Advertising Bundles\",\"slug\":\"advertising-bundles\",\"postDate\":1492116300,\"expiryDate\":null,\"enabled\":1,\"parentId\":null,\"fields\":{\"31\":\"\",\"32\":{\"new1\":{\"type\":\"adBundle\",\"enabled\":\"1\",\"fields\":{\"bundleName\":\"Print, TV & Radio\",\"bundlePrice\":\"\",\"bundleDescription\":\"\"}}},\"20\":\"\"}}', '2017-04-13 20:45:00', '2017-04-13 20:45:00', '572fc6e0-2e0e-4233-b0f3-39a1d0f9ea82'),
 ('165', '103', '7', '1', 'en_us', '2', '', '{\"typeId\":\"7\",\"authorId\":\"1\",\"title\":\"Advertising Bundles\",\"slug\":\"advertising-bundles\",\"postDate\":1492116300,\"expiryDate\":null,\"enabled\":1,\"parentId\":null,\"fields\":{\"31\":\"\",\"32\":{\"104\":{\"type\":\"adBundle\",\"enabled\":\"1\",\"fields\":{\"bundleName\":\"Print, TV & Radio\",\"bundlePrice\":\"$325\",\"bundleDescription\":\"<ul><li>Two 1\\/16-page full color ads in The Kent Stater for two days.<\\/li><li>Twenty 10-second live-reads with your business\' logo shown on TV2 within two weeks<\\/li><li>Sixty 10-second live-reads on Black Squirrel Radio within one month.<\\/li><\\/ul>\"}},\"new1\":{\"type\":\"adBundle\",\"enabled\":\"1\",\"fields\":{\"bundleName\":\"Print, Web, & Radio\",\"bundlePrice\":\"$375\",\"bundleDescription\":\"<ul><li>A 1\\/8-page full color ad in The Kent Stater for one day.<\\/li><li>A 300x250 box ad on Kentwired.com for one week.<\\/li><li>Sixty 10-second live-reads on Black Squirrel Radio within one month.<\\/li><\\/ul>\"}},\"new2\":{\"type\":\"adBundle\",\"enabled\":\"1\",\"fields\":{\"bundleName\":\"Print, Web, & Twitter\",\"bundlePrice\":\"$425\",\"bundleDescription\":\"<ul><li>A 1\\/8-page full color ad in The Kent Stater for one day.<\\/li><li>A 300x250 box ad on Kentwired.com for one week.<\\/li><li>One sponsored tweet on the @Kentwired handle.<\\/li><\\/ul>\"}},\"new3\":{\"type\":\"adBundle\",\"enabled\":\"1\",\"fields\":{\"bundleName\":\"Print, Web, & Twitter Deluxe\",\"bundlePrice\":\"$525\",\"bundleDescription\":\"<ul><li>A 1\\/4-page full color ad in The Kent Stater for one day.<\\/li><li>A 728x90 banner ad on Kentwired.com for one week.<\\/li><li>One sponsored tweet on the @Kentwired handle.<\\/li><\\/ul>\"}},\"new4\":{\"type\":\"adBundle\",\"enabled\":\"1\",\"fields\":{\"bundleName\":\"Print, Web, Twitter & Radio\",\"bundlePrice\":\"$575\",\"bundleDescription\":\"<ul><li>A 1\\/4-page full color ad in The Kent Stater for one day.&nbsp;<\\/li><li>A 728x90 banner on Kentwired.com for one week.<\\/li><li>One sponsored tweet on the @Kentwired handle<\\/li><li>Sixty 10-second live-reads on Black Squirrel Radio within one month.<\\/li><\\/ul>\"}},\"new5\":{\"type\":\"adBundle\",\"enabled\":\"1\",\"fields\":{\"bundleName\":\"Print, Web, Twitter, Radio & TV\",\"bundlePrice\":\"$625\",\"bundleDescription\":\"<ul><li>A 1\\/4-page full color ad in The Kent Stater for one day.<\\/li><li>A 728x90 banner ad on Kentwired.com for one week.<\\/li><li>One sponsored tweet on the @Kentwired handle<\\/li><li>Sixty 10-second live-reads on Black Squirrel Radio within one month.<\\/li><\\/ul>\"}}},\"20\":\"\"}}', '2017-04-14 21:45:58', '2017-04-14 21:45:58', '65c585c4-02ad-4b63-b028-696ae274be3a'),
 ('166', '103', '7', '1', 'en_us', '3', '', '{\"typeId\":\"7\",\"authorId\":\"1\",\"title\":\"Advertising Bundles\",\"slug\":\"advertising-bundles\",\"postDate\":1492116300,\"expiryDate\":null,\"enabled\":1,\"parentId\":null,\"fields\":{\"31\":\"\",\"32\":{\"104\":{\"type\":\"adBundle\",\"enabled\":\"1\",\"fields\":{\"bundleName\":\"Print, TV & Radio\",\"bundlePrice\":\"$325\",\"bundleDescription\":\"<ul><li>Two 1\\/16-page full color ads in The Kent Stater for two days.<\\/li><li>Twenty 10-second live-reads with your business\' logo shown on TV2 within two weeks<\\/li><li>Sixty 10-second live-reads on Black Squirrel Radio within one month.<\\/li><\\/ul>\"}},\"105\":{\"type\":\"adBundle\",\"enabled\":\"1\",\"fields\":{\"bundleName\":\"Print, Web, & Radio\",\"bundlePrice\":\"$375\",\"bundleDescription\":\"<ul><li>A 1\\/8-page full color ad in The Kent Stater for one day.<\\/li><li>A 300x250 box ad on Kentwired.com for one week.<\\/li><li>Sixty 10-second live-reads on Black Squirrel Radio within one month.<\\/li><\\/ul>\"}},\"106\":{\"type\":\"adBundle\",\"enabled\":\"1\",\"fields\":{\"bundleName\":\"Print, Web, & Twitter\",\"bundlePrice\":\"$425\",\"bundleDescription\":\"<ul><li>A 1\\/8-page full color ad in The Kent Stater for one day.<\\/li><li>A 300x250 box ad on Kentwired.com for one week.<\\/li><li>One sponsored tweet on the @Kentwired handle.<\\/li><\\/ul>\"}},\"107\":{\"type\":\"adBundle\",\"enabled\":\"1\",\"fields\":{\"bundleName\":\"Print, Web, & Twitter Deluxe\",\"bundlePrice\":\"$525\",\"bundleDescription\":\"<ul><li>A 1\\/4-page full color ad in The Kent Stater for one day.<\\/li><li>A 728x90 banner ad on Kentwired.com for one week.<\\/li><li>One sponsored tweet on the @Kentwired handle.<\\/li><\\/ul>\"}},\"108\":{\"type\":\"adBundle\",\"enabled\":\"1\",\"fields\":{\"bundleName\":\"Print, Web, Twitter & Radio\",\"bundlePrice\":\"$575\",\"bundleDescription\":\"<ul><li>A 1\\/4-page full color ad in The Kent Stater for one day.&nbsp;<\\/li><li>A 728x90 banner on Kentwired.com for one week.<\\/li><li>One sponsored tweet on the @Kentwired handle<\\/li><li>Sixty 10-second live-reads on Black Squirrel Radio within one month.<\\/li><\\/ul>\"}},\"109\":{\"type\":\"adBundle\",\"enabled\":\"1\",\"fields\":{\"bundleName\":\"Print, Web, Twitter, Radio & TV\",\"bundlePrice\":\"$625\",\"bundleDescription\":\"<ul><li>A 1\\/4-page full color ad in The Kent Stater for one day.<\\/li><li>A 728x90 banner ad on Kentwired.com for one week.<\\/li><li>One sponsored tweet on the @Kentwired handle<\\/li><li>Sixty 10-second live-reads on Black Squirrel Radio within one month.<\\/li><\\/ul>\"}}},\"20\":\"\"}}', '2017-04-14 21:46:25', '2017-04-14 21:46:25', '43dc6644-54b7-4305-ac20-4ec864d979cc'),
 ('167', '102', '7', '1', 'en_us', '2', '', '{\"typeId\":\"7\",\"authorId\":\"1\",\"title\":\"KentCribs\",\"slug\":\"kentcribs\",\"postDate\":1492116120,\"expiryDate\":null,\"enabled\":1,\"parentId\":null,\"fields\":{\"31\":[\"69\"],\"32\":{\"new1\":{\"type\":\"adUnits\",\"enabled\":\"1\",\"fields\":{\"adType\":\"Rental Listings\",\"adUnitr\":[{\"col3\":\"Rental Listings\",\"col1\":\"$75\\/month\",\"col2\":\"\"}],\"adDescription\":\"Fill your vacancies faster with a Kentcribs listing. The listing showcases your property with unlimited photos and narrative. Prospective tenants can also email or call you directly from a mobile device.\"}}},\"20\":[\"101\"]}}', '2017-04-14 21:49:58', '2017-04-14 21:49:58', '4d499fe6-b1eb-46f3-8888-c5ba98861361'),
 ('168', '102', '7', '1', 'en_us', '3', '', '{\"typeId\":\"7\",\"authorId\":\"1\",\"title\":\"KentCribs\",\"slug\":\"kentcribs\",\"postDate\":1492116120,\"expiryDate\":null,\"enabled\":1,\"parentId\":null,\"fields\":{\"31\":[\"69\"],\"32\":{\"110\":{\"type\":\"adUnits\",\"enabled\":\"1\",\"fields\":{\"adType\":\"Rental Listings\",\"adUnitr\":[{\"col3\":\"Rental Listings\",\"col1\":\"$75\\/month\",\"col2\":\"\"}],\"adDescription\":\"Fill your vacancies faster with a Kentcribs listing. The listing showcases your property with unlimited photos and narrative. Prospective tenants can also email or call you directly from a mobile device. Listings include: \\u2022 Name \\u2022 Phone \\u2022 Address \\u2022 Email \\u2022 Web link \\u2022 Photos \\u2022 Price\\/month\\/unit \\u2022 Apartment type \\u2022 # rooms & baths \\u2022 Amenities \\u2022 Floor plans \\u2022 Map \\u2022 Unlimited narrative \\u2022 Distance from KSU Student Center\"}}},\"20\":[\"101\"]}}', '2017-04-14 21:50:44', '2017-04-14 21:50:44', 'c70ace52-3449-4bc5-aec5-eb9c8353a7f2'),
 ('169', '71', '7', '1', 'en_us', '4', '', '{\"typeId\":\"7\",\"authorId\":\"1\",\"title\":\"KentWired Website\",\"slug\":\"ad-2\",\"postDate\":1490292600,\"expiryDate\":null,\"enabled\":1,\"parentId\":null,\"fields\":{\"31\":[\"69\"],\"32\":{\"72\":{\"type\":\"adUnits\",\"enabled\":\"1\",\"fields\":{\"adType\":\"Web Ads\",\"adUnitr\":[{\"col3\":\"728 x 90\",\"col1\":\"$195 still, $215 flash\",\"col2\":\"\"}],\"adDescription\":\"Place your ad where the campus and community turns first for breaking news, extended news and entertainment. Each banner ad includes a link to your site, monthly statistics and ad design services.\"}},\"new1\":{\"type\":\"adUnits\",\"enabled\":\"1\",\"fields\":{\"adType\":\"\",\"adUnitr\":[{\"col3\":\"\",\"col1\":\"\",\"col2\":\"\"}],\"adDescription\":\"\"}}},\"20\":[\"23\"]}}', '2017-04-14 21:58:18', '2017-04-14 21:58:18', 'b594f745-d286-471a-a903-9bec522b2b50'),
 ('170', '71', '7', '1', 'en_us', '5', '', '{\"typeId\":\"7\",\"authorId\":\"1\",\"title\":\"KentWired Website\",\"slug\":\"ad-2\",\"postDate\":1490292600,\"expiryDate\":null,\"enabled\":1,\"parentId\":null,\"fields\":{\"31\":[\"69\"],\"32\":{\"72\":{\"type\":\"adUnits\",\"enabled\":\"1\",\"fields\":{\"adType\":\"Web Ads\",\"adUnitr\":[{\"col3\":\"728 x 90\",\"col1\":\"$195 still, $215 flash\",\"col2\":\"\"},{\"col3\":\"728 x 90 \",\"col1\":\"$650 still, $700 flash\",\"col2\":\"\"},{\"col3\":\"960 x 30\",\"col1\":\"$125 still, $150 flash\",\"col2\":\"\"},{\"col3\":\"960 x 30\",\"col1\":\"$425 still, $500 flash\",\"col2\":\"\"}],\"adDescription\":\"Place your ad where the campus and community turns first for breaking news, extended news and entertainment. Each banner ad includes a link to your site, monthly statistics and ad design services.\"}},\"111\":{\"type\":\"adUnits\",\"enabled\":\"1\",\"fields\":{\"adType\":\"\",\"adUnitr\":[{\"col3\":\"\",\"col1\":\"\",\"col2\":\"\"}],\"adDescription\":\"\"}}},\"20\":[\"23\"]}}', '2017-04-14 22:02:03', '2017-04-14 22:02:03', '85a69a4d-c649-4f99-b0d1-5c435c2fbf78'),
 ('171', '71', '7', '1', 'en_us', '6', '', '{\"typeId\":\"7\",\"authorId\":\"1\",\"title\":\"KentWired Website\",\"slug\":\"ad-2\",\"postDate\":1490292600,\"expiryDate\":null,\"enabled\":1,\"parentId\":null,\"fields\":{\"31\":[\"69\"],\"32\":{\"72\":{\"type\":\"adUnits\",\"enabled\":\"1\",\"fields\":{\"adType\":\"Web Ads\",\"adUnitr\":[{\"col3\":\"728 x 90\",\"col1\":\"$195 still, $215 flash\",\"col2\":\"\"},{\"col3\":\"728 x 90 \",\"col1\":\"$650 still, $700 flash\",\"col2\":\"\"},{\"col3\":\"960 x 30\",\"col1\":\"$125 still, $150 flash\",\"col2\":\"\"},{\"col3\":\"960 x 30\",\"col1\":\"$425 still, $500 flash\",\"col2\":\"\"},{\"col3\":\"300 x 250\",\"col1\":\"$175 still, $195 flash\",\"col2\":\"\"},{\"col3\":\"300 x 250\",\"col1\":\"$600 still, $650 flash\",\"col2\":\"\"},{\"col3\":\"180 x 600\",\"col1\":\"$100 still, $125 flash\",\"col2\":\"\"},{\"col3\":\"180 x 600\",\"col1\":\"$350 still, $425 flash\",\"col2\":\"\"},{\"col3\":\"120 x 600\",\"col1\":\"$75 still, $100 flash\",\"col2\":\"\"},{\"col3\":\"120 x 600\",\"col1\":\"$275 still, $350 flash\",\"col2\":\"\"}],\"adDescription\":\"Place your ad where the campus and community turns first for breaking news, extended news and entertainment. Each banner ad includes a link to your site, monthly statistics and ad design services.\"}},\"111\":{\"type\":\"adUnits\",\"enabled\":\"1\",\"fields\":{\"adType\":\"Video Pre-Roll\",\"adUnitr\":[{\"col3\":\"\",\"col1\":\"$125\",\"col2\":\"\"},{\"col3\":\"\",\"col1\":\"$450\",\"col2\":\"\"}],\"adDescription\":\"Fifteen-second commercial or video prior to TV2 videos on Kentwired.com. We offer production services if required. Please see page 17 for pricing and more information.\"}}},\"20\":[\"23\"]}}', '2017-04-14 22:26:43', '2017-04-14 22:26:43', '0f726a7a-a823-4461-8d9f-c655df268342'),
 ('172', '91', '7', '1', 'en_us', '3', '', '{\"typeId\":\"7\",\"authorId\":\"1\",\"title\":\"KentWired Sponsored Tweets\",\"slug\":\"kentwired-sponsored-tweets\",\"postDate\":1492115040,\"expiryDate\":null,\"enabled\":1,\"parentId\":null,\"fields\":{\"31\":[\"69\"],\"32\":{\"92\":{\"type\":\"adUnits\",\"enabled\":\"1\",\"fields\":{\"adType\":\"Sponsored Tweets\",\"adUnitr\":[{\"col3\":\"\",\"col1\":\"$85\\/tweet\",\"col2\":\"\"},{\"col3\":\"\",\"col1\":\"$75\\/tweet (minimum purchase of 4)\",\"col2\":\"\"},{\"col3\":\"\",\"col1\":\"$65\\/tweet (minimum purchase of 8)\",\"col2\":\"\"}],\"adDescription\":\"Kentwired currently has more than 9,100 followers on its Twitter account. Sponsored tweets can be purchased for any time of day, any day of the week. Limit of one sponsored tweet per day and a maximum of four per week. Tweets may contain up to 131 characters and must include \\u201cSPONSORED.\\u201d Including hashtags and mentions aid in building traffic and engagement. Tweets may also include creative and\\/or photos. Monthly statistics will be sent to all advertisers. \"}}},\"20\":\"\"}}', '2017-04-14 22:28:27', '2017-04-14 22:28:27', '753af062-74a7-41fe-a0e2-2dd305fcb722'),
 ('173', '73', '7', '1', 'en_us', '9', '', '{\"typeId\":\"7\",\"authorId\":\"1\",\"title\":\"The Kent Stater\",\"slug\":\"daily-kent-stater-ads\",\"postDate\":1490293200,\"expiryDate\":null,\"enabled\":1,\"parentId\":null,\"fields\":{\"31\":[\"68\"],\"32\":{\"74\":{\"type\":\"adUnits\",\"enabled\":\"1\",\"fields\":{\"adType\":\"Display Ads\",\"adUnitr\":[{\"col3\":\"Full Page\",\"col1\":\"$1,450 (local), $1,100 (campus\\/non-profit)\",\"col2\":\"11\\\" x 21\\\"\"},{\"col3\":\"Front Page\",\"col1\":\"$450 (local), $400 (campus\\/non-profit)\",\"col2\":\"11\\\" x 3\\\"\"},{\"col3\":\"2\\/3 Page\",\"col1\":\"$975 (local), $735 (campus\\/non-profit)\",\"col2\":\"7.23\\\" x 21\\\"\"},{\"col3\":\"1\\/2 Page\",\"col1\":\"$725 (local), $550 (campus\\/non-profit)\",\"col2\":\"11\\\" x 10.5\\\"\"},{\"col3\":\"1\\/4 Page \",\"col1\":\"$375 (local), $275 (campus\\/non-profit)\",\"col2\":\"5.44\\\" x 10.5\\\" \"},{\"col3\":\"1\\/8 Page\",\"col1\":\"$175 (local), $130 (campus\\/non-profit)\",\"col2\":\"5.44\\\" x 5\\\"\"},{\"col3\":\"1\\/16 Page\",\"col1\":\"$75 (local), $55 (campus\\/non-profit)\",\"col2\":\"5.44\\\" x 2\\\" \"}],\"adDescription\":\"Ads smaller than 1\\/16 will run on the classifieds page and are priced on an individual basis\"}},\"75\":{\"type\":\"adUnits\",\"enabled\":\"1\",\"fields\":{\"adType\":\"Color Pricing\",\"adUnitr\":[{\"col3\":\"Full Color\",\"col1\":\"$75\",\"col2\":\"\"},{\"col3\":\"Black + 1 Color\",\"col1\":\"$30\",\"col2\":\"\"}],\"adDescription\":\"\"}},\"new1\":{\"type\":\"adUnits\",\"enabled\":\"1\",\"fields\":{\"adType\":\"Inserts & Post-its\",\"adUnitr\":[{\"col3\":\"Single-Page Insert\",\"col1\":\"$450\",\"col2\":\"\"},{\"col3\":\"Multi-Page Insert\",\"col1\":\"$500\",\"col2\":\"\"},{\"col3\":\"3\\\"x3\\\" or 4\\\"x5\\\" Post-it\",\"col1\":\"$600\",\"col2\":\"\"}],\"adDescription\":\"Post-Its must be printed in a fan-fold and boxed. The unwind direction must be #1 or #3. Insert\\/Post-it sample must be submitted to Kent State Student Media for approval. Inserts\\/Post-its must be printed by the client and shipped directly to the printer at least one week prior to insertion. Inserts and Post-Its are within every copy of The Kent Stater. Advertisers should print and ship 6,750 total. Kent State Student Media can arrange the printing of the Post-Its for advertisers for an additional $75. Please ship directly to: Midwest Offset 629 Wabash Avenue NW New Philadelphia, Ohio 44663 800-837-8666\"}}},\"20\":[\"15\"]}}', '2017-04-14 22:37:18', '2017-04-14 22:37:18', '05a61458-70e0-41bf-9dc5-882960b7cc28'),
 ('174', '2', '1', '1', 'en_us', '26', '', '{\"typeId\":null,\"authorId\":null,\"title\":\"About Kent Student Media\",\"slug\":\"homepage\",\"postDate\":1484237579,\"expiryDate\":null,\"enabled\":1,\"parentId\":null,\"fields\":{\"1\":\"<p>Award-winning, nationally recognized and locally focused. Our independent, student-run media partners create content the campus and Kent community seek. Students learn practical skills through the professional learning opportunities available through Kent State Student Media. Advertising with Kent State Student Media is an excellent way to make sure you reach your audience.<\\/p>\",\"12\":\"This is our description\",\"13\":[\"64\",\"90\",\"88\"],\"16\":\"\",\"17\":\"\",\"25\":\"\",\"21\":\"Kent State Student Media is made by students, for students.\",\"22\":\"https:\\/\\/player.vimeo.com\\/video\\/210945217\"}}', '2017-04-14 23:01:06', '2017-04-14 23:01:06', '586a4e1d-ea9c-4d23-9bf9-75d1bb666bf8'),
 ('175', '71', '7', '1', 'en_us', '7', '', '{\"typeId\":\"7\",\"authorId\":\"1\",\"title\":\"KentWired Website\",\"slug\":\"ad-2\",\"postDate\":1490292600,\"expiryDate\":null,\"enabled\":1,\"parentId\":null,\"fields\":{\"31\":[\"69\"],\"32\":{\"72\":{\"type\":\"adUnits\",\"enabled\":\"1\",\"fields\":{\"adType\":\"Web Ads\",\"adUnitr\":[{\"col3\":\"728 x 90\",\"col1\":\"$195 still, $215 flash\",\"col2\":\"\",\"col4\":\"Weekly\"},{\"col3\":\"728 x 90 \",\"col1\":\"$650 still, $700 flash\",\"col2\":\"\",\"col4\":\"Monthly\"},{\"col3\":\"960 x 30\",\"col1\":\"$125 still, $150 flash\",\"col2\":\"\",\"col4\":\"\"},{\"col3\":\"960 x 30\",\"col1\":\"$425 still, $500 flash\",\"col2\":\"\",\"col4\":\"\"},{\"col3\":\"300 x 250\",\"col1\":\"$175 still, $195 flash\",\"col2\":\"\",\"col4\":\"\"},{\"col3\":\"300 x 250\",\"col1\":\"$600 still, $650 flash\",\"col2\":\"\",\"col4\":\"\"},{\"col3\":\"180 x 600\",\"col1\":\"$100 still, $125 flash\",\"col2\":\"\",\"col4\":\"\"},{\"col3\":\"180 x 600\",\"col1\":\"$350 still, $425 flash\",\"col2\":\"\",\"col4\":\"\"},{\"col3\":\"120 x 600\",\"col1\":\"$75 still, $100 flash\",\"col2\":\"\",\"col4\":\"\"},{\"col3\":\"120 x 600\",\"col1\":\"$275 still, $350 flash\",\"col2\":\"\",\"col4\":\"\"}],\"adDescription\":\"Place your ad where the campus and community turns first for breaking news, extended news and entertainment. Each banner ad includes a link to your site, monthly statistics and ad design services.\"}},\"111\":{\"type\":\"adUnits\",\"enabled\":\"1\",\"fields\":{\"adType\":\"Video Pre-Roll\",\"adUnitr\":[{\"col3\":\"\",\"col1\":\"$125\",\"col2\":\"\",\"col4\":\"Weekly\"},{\"col3\":\"\",\"col1\":\"$450\",\"col2\":\"\",\"col4\":\"Monthly\"}],\"adDescription\":\"Fifteen-second commercial or video prior to TV2 videos on Kentwired.com. We offer production services if required. Please see page 17 for pricing and more information.\"}}},\"20\":[\"23\"]}}', '2017-04-15 14:07:32', '2017-04-15 14:07:32', '8181eac2-dbe2-442a-98b3-63ee7be6c394'),
 ('176', '71', '7', '1', 'en_us', '8', '', '{\"typeId\":\"7\",\"authorId\":\"1\",\"title\":\"KentWired Website\",\"slug\":\"ad-2\",\"postDate\":1490292600,\"expiryDate\":null,\"enabled\":1,\"parentId\":null,\"fields\":{\"31\":[\"69\"],\"32\":{\"72\":{\"type\":\"adUnits\",\"enabled\":\"1\",\"fields\":{\"adType\":\"Web Ads\",\"adUnitr\":[{\"col3\":\"728 x 90\",\"col1\":\"$195 still, $215 flash\",\"col2\":\"\",\"col4\":\"Weekly\"},{\"col3\":\"728 x 90 \",\"col1\":\"$650 still, $700 flash\",\"col2\":\"\",\"col4\":\"Monthly\"},{\"col3\":\"960 x 30\",\"col1\":\"$125 still, $150 flash\",\"col2\":\"\",\"col4\":\"\"},{\"col3\":\"960 x 30\",\"col1\":\"$425 still, $500 flash\",\"col2\":\"\",\"col4\":\"\"},{\"col3\":\"300 x 250\",\"col1\":\"$175 still, $195 flash\",\"col2\":\"\",\"col4\":\"\"},{\"col3\":\"300 x 250\",\"col1\":\"$600 still, $650 flash\",\"col2\":\"\",\"col4\":\"\"},{\"col3\":\"180 x 600\",\"col1\":\"$100 still, $125 flash\",\"col2\":\"\",\"col4\":\"\"},{\"col3\":\"180 x 600\",\"col1\":\"$350 still, $425 flash\",\"col2\":\"\",\"col4\":\"\"},{\"col3\":\"120 x 600\",\"col1\":\"$75 still, $100 flash\",\"col2\":\"\",\"col4\":\"\"},{\"col3\":\"120 x 600\",\"col1\":\"$275 still, $350 flash\",\"col2\":\"\",\"col4\":\"\"}],\"adDescription\":\"Place your ad where the campus and community turns first for breaking news, extended news and entertainment. Each banner ad includes a link to your site, monthly statistics and ad design services.\"}},\"111\":{\"type\":\"adUnits\",\"enabled\":\"1\",\"fields\":{\"adType\":\"Video Pre-Roll\",\"adUnitr\":[{\"col3\":\"\",\"col1\":\"$125\",\"col2\":\"\",\"col4\":\"Weekly\"},{\"col3\":\"\",\"col1\":\"$450\",\"col2\":\"\",\"col4\":\"Monthly\"}],\"adDescription\":\"Fifteen-second commercial or video prior to TV2 videos on Kentwired.com. We offer production services if required. Please see page 17 for pricing and more information.\"}}},\"20\":[\"23\"]}}', '2017-04-15 14:09:55', '2017-04-15 14:09:55', '3ba17170-6da0-46a7-af66-69d2cd6b056c'),
 ('183', '71', '7', '1', 'en_us', '9', '', '{\"typeId\":\"7\",\"authorId\":\"1\",\"title\":\"KentWired Website\",\"slug\":\"ad-2\",\"postDate\":1490292600,\"expiryDate\":null,\"enabled\":1,\"parentId\":null,\"fields\":{\"31\":[\"69\"],\"32\":{\"72\":{\"type\":\"adUnits\",\"enabled\":\"1\",\"fields\":{\"adType\":\"Web Ads\",\"adUnitr\":[{\"col3\":\"728 x 90\",\"col1\":\"$195 still, $215 flash\",\"col2\":\"\",\"col4\":\"Weekly\"},{\"col3\":\"728 x 90 \",\"col1\":\"$650 still, $700 flash\",\"col2\":\"\",\"col4\":\"Monthly\"},{\"col3\":\"960 x 30\",\"col1\":\"$125 still, $150 flash\",\"col2\":\"\",\"col4\":\"Weekly\"},{\"col3\":\"960 x 30\",\"col1\":\"$425 still, $500 flash\",\"col2\":\"\",\"col4\":\"Monthly\"},{\"col3\":\"300 x 250\",\"col1\":\"$175 still, $195 flash\",\"col2\":\"\",\"col4\":\"Weekly\"},{\"col3\":\"300 x 250\",\"col1\":\"$600 still, $650 flash\",\"col2\":\"\",\"col4\":\"Monthly\"},{\"col3\":\"180 x 600\",\"col1\":\"$100 still, $125 flash\",\"col2\":\"\",\"col4\":\"Weekly\"},{\"col3\":\"180 x 600\",\"col1\":\"$350 still, $425 flash\",\"col2\":\"\",\"col4\":\"Monthly\"},{\"col3\":\"120 x 600\",\"col1\":\"$75 still, $100 flash\",\"col2\":\"\",\"col4\":\"Weekly\"},{\"col3\":\"120 x 600\",\"col1\":\"$275 still, $350 flash\",\"col2\":\"\",\"col4\":\"Monthly\"}],\"adDescription\":\"Place your ad where the campus and community turns first for breaking news, extended news and entertainment. Each banner ad includes a link to your site, monthly statistics and ad design services.\"}},\"111\":{\"type\":\"adUnits\",\"enabled\":\"1\",\"fields\":{\"adType\":\"Video Pre-Roll\",\"adUnitr\":[{\"col3\":\"\",\"col1\":\"$125\",\"col2\":\"\",\"col4\":\"Weekly\"},{\"col3\":\"\",\"col1\":\"$450\",\"col2\":\"\",\"col4\":\"Monthly\"}],\"adDescription\":\"Fifteen-second commercial or video prior to TV2 videos on Kentwired.com. We offer production services if required. Please see page 17 for pricing and more information.\"}}},\"20\":[\"23\"]}}', '2017-04-15 20:54:45', '2017-04-15 20:54:45', 'ac6c342c-32cd-4aa7-b03b-bd585114d204'),
 ('184', '58', '9', '1', 'en_us', '2', '', '{\"typeId\":\"9\",\"authorId\":null,\"title\":\"About\",\"slug\":\"about\",\"postDate\":1492560894,\"expiryDate\":null,\"enabled\":1,\"parentId\":null,\"fields\":{\"1\":\"<p>Lorem iposum dolor sit amet consectetur adipisicing elit. sed do eiusmod tempor incididunt ut labore et dolore magna aliqua. Ut enim ad minim veniam, quis nostrud exercitation ullamco laboris nisi ut aliquip ex eadimens commodo consequat. Duis aute irure dolor in jeminef reprehenderit yermicta vendimec temi.<\\/p>\",\"11\":[\"2\"],\"13\":[\"88\"],\"47\":\"<p>bkafkld lkdfjlaskjfem.,elhsdflakf djflkasje,mdsafdsnfklen. lkasdnflksdfenc.skldfdfalksdjflafds,mv.lkdjfewl.,cmliejs.mdlskfjoiaejflekmflsa.<\\/p>\",\"21\":\"Through the combined effort of students and faculty, our mission is to provide a professional learning foundation for all.\"}}', '2017-04-19 00:26:24', '2017-04-19 00:26:24', '1bc2e185-0dce-47d2-9275-112c95cb9245'),
 ('185', '58', '9', '1', 'en_us', '3', '', '{\"typeId\":\"9\",\"authorId\":null,\"title\":\"About\",\"slug\":\"about\",\"postDate\":1492560894,\"expiryDate\":null,\"enabled\":1,\"parentId\":null,\"fields\":{\"1\":\"<p>Lorem iposum dolor sit amet consectetur adipisicing elit. sed do eiusmod tempor incididunt ut labore et dolore magna aliqua. Ut enim ad minim veniam, quis nostrud exercitation ullamco laboris nisi ut aliquip ex eadimens commodo consequat. Duis aute irure dolor in jeminef reprehenderit yermicta vendimec temi.<\\/p>\",\"11\":[\"2\"],\"13\":[\"88\"],\"47\":\"<p>bkafkld lkdfjlaskjfem.,elhsdflakf djflkasje,mdsafdsnfklen. lkasdnflksdfenc.skldfdfalksdjflafds,mv.lkdjfewl.,cmliejs.mdlskfjoiaejflekmflsa.<\\/p>\",\"21\":\"Through the combined effort of students and faculty, our mission is to provide a professional learning foundation for all.\"}}', '2017-04-19 00:32:59', '2017-04-19 00:32:59', 'e18e166c-4a56-4a53-98fd-4b53c3b440fa'),
 ('186', '58', '9', '1', 'en_us', '4', '', '{\"typeId\":\"9\",\"authorId\":null,\"title\":\"About\",\"slug\":\"about\",\"postDate\":1492560894,\"expiryDate\":null,\"enabled\":1,\"parentId\":null,\"fields\":{\"1\":\"<p>Lorem iposum dolor sit amet consectetur adipisicing elit. sed do eiusmod tempor incididunt ut labore et dolore magna aliqua. Ut enim ad minim veniam, quis nostrud exercitation ullamco laboris nisi ut aliquip ex eadimens commodo consequat. Duis aute irure dolor in jeminef reprehenderit yermicta vendimec temi.<\\/p>\",\"11\":[\"2\"],\"13\":[\"88\"],\"47\":\"<p>bkafkld lkdfjlaskjfem.,elhsdflakf djflkasje,mdsafdsnfklen. lkasdnflksdfenc.skldfdfalksdjflafds,mv.lkdjfewl.,cmliejs.mdlskfjoiaejflekmflsa.<\\/p>\",\"21\":\"Through the combined effort of students and faculty, our mission is to provide a professional learning foundation for all.\"}}', '2017-04-19 00:33:31', '2017-04-19 00:33:31', '2d178525-73c2-4d2e-9675-e1006e1e799d'),
 ('187', '58', '9', '1', 'en_us', '5', '', '{\"typeId\":\"9\",\"authorId\":null,\"title\":\"About\",\"slug\":\"about\",\"postDate\":1492560894,\"expiryDate\":null,\"enabled\":1,\"parentId\":null,\"fields\":{\"1\":\"<p>Lorem iposum dolor sit amet consectetur adipisicing elit. sed do eiusmod tempor incididunt ut labore et dolore magna aliqua. Ut enim ad minim veniam, quis nostrud exercitation ullamco laboris nisi ut aliquip ex eadimens commodo consequat. Duis aute irure dolor in jeminef reprehenderit yermicta vendimec temi.<\\/p>\",\"11\":[\"2\"],\"13\":[\"88\"],\"47\":\"<p><strong>Support Us<\\/strong><\\/p><p>dlkfjasdlk;fdlfjalsdk;fjsdl;fj;alsdkfn,cv.<\\/p><p>dslkfalsdk;fn.,sdf.<\\/p>\",\"21\":\"Through the combined effort of students and faculty, our mission is to provide a professional learning foundation for all.\"}}', '2017-04-20 17:35:48', '2017-04-20 17:35:48', '03b0f9ac-f65a-4998-87a1-537f6ba1f222'),
 ('188', '58', '9', '1', 'en_us', '6', '', '{\"typeId\":\"9\",\"authorId\":null,\"title\":\"About\",\"slug\":\"about\",\"postDate\":1492560894,\"expiryDate\":null,\"enabled\":1,\"parentId\":null,\"fields\":{\"1\":\"<p>Lorem iposum dolor sit amet consectetur adipisicing elit. sed do eiusmod tempor incididunt ut labore et dolore magna aliqua. Ut enim ad minim veniam, quis nostrud exercitation ullamco laboris nisi ut aliquip ex eadimens commodo consequat. Duis aute irure dolor in jeminef reprehenderit yermicta vendimec temi.<\\/p>\",\"11\":[\"2\"],\"13\":[\"88\"],\"47\":\"<p>dlkfjadlf.s,adfm.asd\\/fjwoeijlsdmf.sdaf.ldfjas;<\\/p>\",\"21\":\"Through the combined effort of students and faculty, our mission is to provide a professional learning foundation for all.\"}}', '2017-04-20 17:36:09', '2017-04-20 17:36:09', 'f022b4bf-c32b-4653-acef-77c6415a0c9e'),
 ('190', '116', '6', '1', 'en_us', '1', '', '{\"typeId\":null,\"authorId\":\"1\",\"title\":\"Applications Due\",\"slug\":\"applications-due\",\"postDate\":1492710668,\"expiryDate\":null,\"enabled\":1,\"parentId\":null,\"fields\":{\"20\":\"\",\"12\":\"Now is your chance to work for the Kent Stater! Fill out an application and submit it by Novemeber 4th to be considered. Calling all writers, photographers, and designers.\",\"19\":\"\",\"24\":\"\",\"23\":{\"date\":\"11\\/4\\/2017\"}}}', '2017-04-20 17:51:08', '2017-04-20 17:51:08', '44ddeea5-eb6c-457d-8dd1-869553bd0c4f'),
 ('191', '58', '9', '1', 'en_us', '7', '', '{\"typeId\":\"9\",\"authorId\":null,\"title\":\"About\",\"slug\":\"about\",\"postDate\":1492560894,\"expiryDate\":null,\"enabled\":1,\"parentId\":null,\"fields\":{\"1\":\"<p>Lorem iposum dolor sit amet consectetur adipisicing elit. sed do eiusmod tempor incididunt ut labore et dolore magna aliqua. Ut enim ad minim veniam, quis nostrud exercitation ullamco laboris nisi ut aliquip ex eadimens commodo consequat. Duis aute irure dolor in jeminef reprehenderit yermicta vendimec temi.<\\/p>\",\"11\":[\"2\"],\"13\":[\"88\"],\"47\":\"<h2>Support Us<\\/h2><p>dlkfjadlf.s,adfm.asd\\/fjwoeijlsdmf.sdaf.ldfjas;<\\/p>\",\"21\":\"Through the combined effort of students and faculty, our mission is to provide a professional learning foundation for all.\"}}', '2017-04-20 17:51:24', '2017-04-20 17:51:24', '6b753cc2-e2f3-4465-b514-9031ebdb0887'),
 ('192', '117', '6', '1', 'en_us', '1', '', '{\"typeId\":null,\"authorId\":\"1\",\"title\":\"Release Date\",\"slug\":\"release-date\",\"postDate\":1492710690,\"expiryDate\":null,\"enabled\":1,\"parentId\":null,\"fields\":{\"20\":\"\",\"12\":\"Release date for latest issue of The Kent Stater. Pick up a copy around campus!\",\"19\":\"\",\"24\":\"\",\"23\":{\"date\":\"11\\/10\\/2017\"}}}', '2017-04-20 17:51:30', '2017-04-20 17:51:30', '193d1c9a-93c3-4249-8d8d-49a03f5e660f'),
 ('193', '58', '9', '1', 'en_us', '8', '', '{\"typeId\":\"9\",\"authorId\":null,\"title\":\"About\",\"slug\":\"about\",\"postDate\":1492560894,\"expiryDate\":null,\"enabled\":1,\"parentId\":null,\"fields\":{\"1\":\"<p>Kent State Student Media empowers students to be the best they can be. Our Media Partners create sources of journalism, information, entertainment and advertising that gives students practical, collaborative and professional learning experiences. The diverse viewpoints we acquire as the second largest on-campus employer allow us to create the best final product.<\\/p>\",\"11\":[\"2\"],\"13\":[\"88\"],\"47\":\"<h2>Support Us<\\/h2>\\r\\n<p>dlkfjadlf.s,adfm.asd\\/fjwoeijlsdmf.sdaf.ldfjas;<\\/p>\",\"21\":\"Through the combined effort of students and faculty, our mission is to provide a professional learning foundation for all.\"}}', '2017-04-20 17:54:13', '2017-04-20 17:54:13', 'c8be01c3-060d-4de2-b2fb-c49162f417f4'),
 ('194', '24', '4', '1', 'en_us', '6', '', '{\"typeId\":\"4\",\"authorId\":\"1\",\"title\":\"Luna Negra\",\"slug\":\"luna-negra\",\"postDate\":1488484140,\"expiryDate\":null,\"enabled\":1,\"parentId\":null,\"fields\":{\"31\":\"\",\"12\":\"Luna Negra is Kent State\\u2019s literary student publication and they publish a blend of poetry, prose, photography and illustration. For over 50 years, they have published submissions from current students and community members. Their magazine is published every spring and they produce additional content on LunaNegraMag.com.\",\"36\":\"1\",\"13\":[\"90\"],\"14\":[\"53\"],\"29\":\"Luna Negra is Kent State\\u2019s literary student magazine that publishes a blend of poetry, prose, photography and illustration. \",\"26\":\"\"}}', '2017-04-20 17:54:53', '2017-04-20 17:54:53', '53e0762b-578e-4713-8097-ce7b84f9413d'),
 ('195', '60', '11', '1', 'en_us', '2', '', '{\"typeId\":\"11\",\"authorId\":null,\"title\":\"Get Involved\",\"slug\":\"get-involved\",\"postDate\":1492711027,\"expiryDate\":null,\"enabled\":1,\"parentId\":null,\"fields\":{\"1\":\"<p>Everyone is welcome to join us! Involvement in Student Media gives you an experience that will set you apart. Utilize the chance to share your voice and gain practical experience to help launch your career.<\\/p>\",\"13\":[\"90\"]}}', '2017-04-20 18:04:35', '2017-04-20 18:04:35', 'e664e723-a145-4b0f-bea2-a825a1839807'),
 ('196', '59', '10', '1', 'en_us', '2', '', '{\"typeId\":null,\"authorId\":null,\"title\":\"Media Partners Home\",\"slug\":\"media-partners-home\",\"postDate\":1489687966,\"expiryDate\":null,\"enabled\":1,\"parentId\":null,\"fields\":{\"13\":[\"64\"]}}', '2017-04-20 18:41:00', '2017-04-20 18:41:00', '2be18418-5f2d-41ed-b1ee-d8abd05d7f31'),
 ('197', '24', '4', '1', 'en_us', '7', '', '{\"typeId\":\"4\",\"authorId\":\"1\",\"title\":\"Luna Negra\",\"slug\":\"luna-negra\",\"postDate\":1488484140,\"expiryDate\":null,\"enabled\":1,\"parentId\":null,\"fields\":{\"31\":\"\",\"12\":\"Luna Negra is Kent State\\u2019s literary student publication and they publish a blend of poetry, prose, photography and illustration. For over 50 years, they have published submissions from current students and community members. Their magazine is published every spring and they produce additional content on LunaNegraMag.com.\",\"36\":\"1\",\"13\":[\"90\"],\"14\":[\"53\"],\"29\":\"Luna Negra is Kent State\\u2019s literary student magazine that publishes a blend of poetry, prose, photography and illustration. \",\"26\":{\"new1\":{\"type\":\"socialMediaBlock\",\"enabled\":\"1\",\"fields\":{\"socialName\":\"facebook\",\"address\":\"https:\\/\\/www.facebook.com\\/lunanegramag\\/\"}},\"new2\":{\"type\":\"socialMediaBlock\",\"enabled\":\"1\",\"fields\":{\"socialName\":\"instagram\",\"address\":\"https:\\/\\/www.instagram.com\\/lunanegramagazine\\/\"}},\"new3\":{\"type\":\"socialMediaBlock\",\"enabled\":\"1\",\"fields\":{\"socialName\":\"twitter\",\"address\":\"https:\\/\\/twitter.com\\/lunanegramag\"}}}}}', '2017-04-20 19:32:21', '2017-04-20 19:32:21', 'fc4c2de3-5eb2-40e6-8d99-fc47508c5427'),
 ('198', '24', '4', '1', 'en_us', '8', '', '{\"typeId\":\"4\",\"authorId\":\"1\",\"title\":\"Luna Negra\",\"slug\":\"luna-negra\",\"postDate\":1488484140,\"expiryDate\":null,\"enabled\":1,\"parentId\":null,\"fields\":{\"31\":\"\",\"12\":\"Luna Negra is Kent State\\u2019s literary student publication and they publish a blend of poetry, prose, photography and illustration. For over 50 years, they have published submissions from current students and community members. Their magazine is published every spring and they produce additional content on LunaNegraMag.com.\",\"36\":\"1\",\"13\":[\"90\"],\"14\":[\"53\"],\"29\":\"Luna Negra is Kent State\\u2019s literary student magazine that publishes a blend of poetry, prose, photography and illustration. \",\"26\":{\"129\":{\"type\":\"socialMediaBlock\",\"enabled\":\"1\",\"fields\":{\"socialName\":\"facebook\",\"address\":\"https:\\/\\/www.facebook.com\\/lunanegramag\\/\"}},\"130\":{\"type\":\"socialMediaBlock\",\"enabled\":\"1\",\"fields\":{\"socialName\":\"instagram\",\"address\":\"https:\\/\\/www.instagram.com\\/lunanegramagazine\\/\"}},\"131\":{\"type\":\"socialMediaBlock\",\"enabled\":\"1\",\"fields\":{\"socialName\":\"twitter\",\"address\":\"https:\\/\\/twitter.com\\/lunanegramag\"}},\"new1\":{\"type\":\"socialMediaBlock\",\"enabled\":\"1\",\"fields\":{\"socialName\":\"website\",\"address\":\"http:\\/\\/www.lunanegramag.com\\/\"}}}}}', '2017-04-20 19:32:42', '2017-04-20 19:32:42', '09d8febb-454b-4367-93f6-3d2a7a66ffd8'),
 ('199', '22', '4', '1', 'en_us', '5', '', '{\"typeId\":\"4\",\"authorId\":\"1\",\"title\":\"Uhuru\",\"slug\":\"uhuru\",\"postDate\":1488483960,\"expiryDate\":null,\"enabled\":1,\"parentId\":null,\"fields\":{\"31\":\"\",\"12\":\"Uhuru is an award-winning magazine that promotes innovation, creativity and culture through the voice of marginalized students. A derivative of Black Unites Students, Uhuru is focused on the unification of the African-American population but serves as a safe haven for others by reflecting all people of color at Kent State. Uhuru is Kent State\'s only minority news outlet and serves as a platform for student creation and expression in art, writing, photography and graphic design while addressing social issues.\",\"36\":\"1\",\"13\":\"\",\"14\":[\"56\"],\"29\":\"Uhuru is the magazine that promotes innovation, creativity and culture through the voice of marginalized students at Kent State.\",\"26\":{\"new1\":{\"type\":\"socialMediaBlock\",\"enabled\":\"1\",\"fields\":{\"socialName\":\"instagram\",\"address\":\"https:\\/\\/www.instagram.com\\/uhurumag\\/\"}},\"new2\":{\"type\":\"socialMediaBlock\",\"enabled\":\"1\",\"fields\":{\"socialName\":\"twitter\",\"address\":\"https:\\/\\/twitter.com\\/UhuruMag\"}},\"new3\":{\"type\":\"socialMediaBlock\",\"enabled\":\"1\",\"fields\":{\"socialName\":\"facebook\",\"address\":\"https:\\/\\/facebook.com\\/uhurumagazine\\/\"}},\"new4\":{\"type\":\"socialMediaBlock\",\"enabled\":\"1\",\"fields\":{\"socialName\":\"website\",\"address\":\"Uhurumag.com\"}}}}}', '2017-04-20 19:35:15', '2017-04-20 19:35:15', 'cf4808e4-f201-470d-a621-4fcdd7f3d715'),
 ('200', '21', '4', '1', 'en_us', '5', '', '{\"typeId\":\"4\",\"authorId\":\"1\",\"title\":\"Fusion Magazine\",\"slug\":\"fusion-magazine\",\"postDate\":1488483960,\"expiryDate\":null,\"enabled\":1,\"parentId\":null,\"fields\":{\"31\":\"\",\"12\":\"Fusion is Kent State\'s lesbian, gay, bisexual, transgender and queer\\/questioning student advocacy and entertainment magazine. Fusion strives to promote equality and community in northeast Ohio and beyond through journalism and they have been recognized by the Society of Professional Journalists for excellence. Fusion is the only student magazine focusing on LGBTQ issues in the region.\",\"36\":\"1\",\"13\":\"\",\"14\":[\"49\"],\"29\":\"Fusion is Kent State\'s lesbian, gay, bisexual, transgender and queer\\/questioning student advocacy and entertainment magazine. \",\"26\":{\"new1\":{\"type\":\"socialMediaBlock\",\"enabled\":\"1\",\"fields\":{\"socialName\":\"twitter\",\"address\":\"https:\\/\\/twitter.com\\/ohiofusion\"}},\"new2\":{\"type\":\"socialMediaBlock\",\"enabled\":\"1\",\"fields\":{\"socialName\":\"facebook\",\"address\":\"https:\\/\\/facebook.com\\/ohiofusion\\/\"}},\"new3\":{\"type\":\"socialMediaBlock\",\"enabled\":\"1\",\"fields\":{\"socialName\":\"website\",\"address\":\"http:\\/\\/ohiofusion.com\\/\"}}}}}', '2017-04-20 19:36:29', '2017-04-20 19:36:29', '08635c72-0cfc-4055-b0ed-882bffd04e57'),
 ('201', '10', '4', '1', 'en_us', '12', '', '{\"typeId\":\"4\",\"authorId\":\"1\",\"title\":\"A Magazine\",\"slug\":\"a-magazine\",\"postDate\":1487886960,\"expiryDate\":null,\"enabled\":1,\"parentId\":null,\"fields\":{\"31\":\"\",\"12\":\"A Magazine is a visually stunning student-run magazine at Kent State. It is the publication for all things fashion, beauty, accessories and culture on campus and beyond. A focuses on both women\'s and men\'s fashion and has companion website that is updated regularly with extended content and videos, providing students with the latest fashion news. It is distributed at Kent State and the Fashion School\\u2019s New York studio.\",\"36\":\"1\",\"13\":\"\",\"14\":[\"46\"],\"29\":\"A Magazine is Kent State\\u2019s student-run fashion magazine and is the hub for all things fashion, beauty and culture related.\",\"26\":{\"new1\":{\"type\":\"socialMediaBlock\",\"enabled\":\"1\",\"fields\":{\"socialName\":\"instagram\",\"address\":\"https:\\/\\/www.instagram.com\\/amagksu\\/\"}},\"new2\":{\"type\":\"socialMediaBlock\",\"enabled\":\"1\",\"fields\":{\"socialName\":\"twitter\",\"address\":\"https:\\/\\/twitter.com\\/AMagKSU\"}},\"new3\":{\"type\":\"socialMediaBlock\",\"enabled\":\"1\",\"fields\":{\"socialName\":\"facebook\",\"address\":\" http:\\/\\/facebook.com\\/amagksu\\/\"}},\"new4\":{\"type\":\"socialMediaBlock\",\"enabled\":\"1\",\"fields\":{\"socialName\":\"website\",\"address\":\"http:\\/\\/theamag.com\\/\"}},\"new5\":{\"type\":\"socialMediaBlock\",\"enabled\":\"1\",\"fields\":{\"socialName\":\"snapchat\",\"address\":\"@amagksu\"}}}}}', '2017-04-20 19:37:56', '2017-04-20 19:37:56', '57760e5f-b3fb-4707-8e59-48c21ae97e50'),
 ('202', '10', '4', '1', 'en_us', '13', '', '{\"typeId\":\"4\",\"authorId\":\"1\",\"title\":\"A Magazine\",\"slug\":\"a-magazine\",\"postDate\":1487886960,\"expiryDate\":null,\"enabled\":1,\"parentId\":null,\"fields\":{\"31\":\"\",\"12\":\"A Magazine is a visually stunning student-run magazine at Kent State. It is the publication for all things fashion, beauty, accessories and culture on campus and beyond. A focuses on both women\'s and men\'s fashion and has companion website that is updated regularly with extended content and videos, providing students with the latest fashion news. It is distributed at Kent State and the Fashion School\\u2019s New York studio.\",\"36\":\"1\",\"13\":\"\",\"14\":[\"46\"],\"29\":\"A Magazine is Kent State\\u2019s student-run fashion magazine and is the hub for all things fashion, beauty and culture related.\",\"26\":{\"140\":{\"type\":\"socialMediaBlock\",\"enabled\":\"1\",\"fields\":{\"socialName\":\"instagram\",\"address\":\"https:\\/\\/www.instagram.com\\/amagksu\\/\"}},\"141\":{\"type\":\"socialMediaBlock\",\"enabled\":\"1\",\"fields\":{\"socialName\":\"twitter\",\"address\":\"https:\\/\\/twitter.com\\/AMagKSU\"}},\"142\":{\"type\":\"socialMediaBlock\",\"enabled\":\"1\",\"fields\":{\"socialName\":\"facebook\",\"address\":\" http:\\/\\/facebook.com\\/amagksu\\/\"}},\"143\":{\"type\":\"socialMediaBlock\",\"enabled\":\"1\",\"fields\":{\"socialName\":\"website\",\"address\":\"http:\\/\\/theamag.com\\/\"}}}}}', '2017-04-20 19:38:44', '2017-04-20 19:38:44', 'd1fd37d5-b8e7-4beb-a0d9-b4b3816c9c8b'),
 ('203', '14', '4', '1', 'en_us', '5', '', '{\"typeId\":\"4\",\"authorId\":\"1\",\"title\":\"The Burr\",\"slug\":\"the-burr\",\"postDate\":1488208860,\"expiryDate\":null,\"enabled\":1,\"parentId\":null,\"fields\":{\"31\":\"\",\"12\":\"The Burr is an independent, award-winning student magazine and was Kent State\\u2019s first student magazine ever. The magazine features a mix of original reporting, how-to articles, feature articles and personal essays. TheBurr.com is frequently updated with multimedia stories and blogs and has an archive of past issues.\",\"36\":\"1\",\"13\":\"\",\"14\":[\"48\"],\"29\":\"The Burr is Kent State\\u2019s first student-produced magazine made for those who have made a home in Kent.\",\"26\":{\"new1\":{\"type\":\"socialMediaBlock\",\"enabled\":\"1\",\"fields\":{\"socialName\":\"instagram\",\"address\":\"https:\\/\\/www.instagram.com\\/theburrmagazine\\/\"}},\"new2\":{\"type\":\"socialMediaBlock\",\"enabled\":\"1\",\"fields\":{\"socialName\":\"twitter\",\"address\":\"https:\\/\\/twitter.com\\/TheBurrMagazine\"}},\"new3\":{\"type\":\"socialMediaBlock\",\"enabled\":\"1\",\"fields\":{\"socialName\":\"facebook\",\"address\":\"https:\\/\\/facebook.com\\/theburrmagazine\\/\"}},\"new4\":{\"type\":\"socialMediaBlock\",\"enabled\":\"1\",\"fields\":{\"socialName\":\"website\",\"address\":\"http:\\/\\/theburr.com\\/\"}}}}}', '2017-04-20 19:40:18', '2017-04-20 19:40:18', 'ad944974-244f-49b4-87b8-6e9f79093ed6'),
 ('204', '23', '4', '1', 'en_us', '7', '', '{\"typeId\":\"4\",\"authorId\":\"1\",\"title\":\"KentWired\",\"slug\":\"kentwired\",\"postDate\":1488484080,\"expiryDate\":null,\"enabled\":1,\"parentId\":null,\"fields\":{\"31\":\"\",\"12\":\"KentWired.com is a news organization hosting content created by the collaborative effort of students working in student media at Kent State University. KentWired is the independent news website for the Kent Stater and TV2 and is the year round news source for everything Kent. KentWired has top news, entertainment, sports, and community and campus news. It also features classifieds and live streams for TV2 and Black Squirrel Radio. \",\"36\":\"1\",\"13\":\"\",\"14\":[\"50\"],\"29\":\"KentWired.com is a news organization that holds content created by students working in student media at Kent State University. \",\"26\":{\"new1\":{\"type\":\"socialMediaBlock\",\"enabled\":\"1\",\"fields\":{\"socialName\":\"instagram\",\"address\":\"https:\\/\\/www.instagram.com\\/kentwired\\/\"}},\"new2\":{\"type\":\"socialMediaBlock\",\"enabled\":\"1\",\"fields\":{\"socialName\":\"twitter\",\"address\":\"https:\\/\\/twitter.com\\/kentwired\"}}}}}', '2017-04-20 19:41:17', '2017-04-20 19:41:17', 'd33766a1-d52b-409a-abd2-5e178c321f58'),
 ('205', '23', '4', '1', 'en_us', '8', '', '{\"typeId\":\"4\",\"authorId\":\"1\",\"title\":\"KentWired\",\"slug\":\"kentwired\",\"postDate\":1488484080,\"expiryDate\":null,\"enabled\":1,\"parentId\":null,\"fields\":{\"31\":\"\",\"12\":\"KentWired.com is a news organization hosting content created by the collaborative effort of students working in student media at Kent State University. KentWired is the independent news website for the Kent Stater and TV2 and is the year round news source for everything Kent. KentWired has top news, entertainment, sports, and community and campus news. It also features classifieds and live streams for TV2 and Black Squirrel Radio. \",\"36\":\"1\",\"13\":\"\",\"14\":[\"50\"],\"29\":\"KentWired.com is a news organization that holds content created by students working in student media at Kent State University. \",\"26\":{\"149\":{\"type\":\"socialMediaBlock\",\"enabled\":\"1\",\"fields\":{\"socialName\":\"instagram\",\"address\":\"https:\\/\\/www.instagram.com\\/kentwired\\/\"}},\"150\":{\"type\":\"socialMediaBlock\",\"enabled\":\"1\",\"fields\":{\"socialName\":\"twitter\",\"address\":\"https:\\/\\/twitter.com\\/kentwired\"}},\"new1\":{\"type\":\"socialMediaBlock\",\"enabled\":\"1\",\"fields\":{\"socialName\":\"facebook\",\"address\":\"https:\\/\\/www.facebook.com\\/KentWired\\/\"}},\"new2\":{\"type\":\"socialMediaBlock\",\"enabled\":\"1\",\"fields\":{\"socialName\":\"website\",\"address\":\"http:\\/\\/www.kentwired.com\\/\"}}}}}', '2017-04-20 19:42:23', '2017-04-20 19:42:23', '8cffe0a5-72a4-4e0c-8fb5-43f0eac380d5'),
 ('206', '20', '4', '1', 'en_us', '6', '', '{\"typeId\":\"4\",\"authorId\":\"1\",\"title\":\"TV2\",\"slug\":\"tv2\",\"postDate\":1488483960,\"expiryDate\":null,\"enabled\":1,\"parentId\":null,\"fields\":{\"31\":[\"42\"],\"12\":\"TV2 is the award-winning, student-run television station of Kent State University. TV2 is also Portage County\\u2019s only local television station and the best source for local news and original television content. TV2 reaches more than 26,000 homes throughout Portage County on Spectrum (formerly Time Warner Cable) channel 16 and more than 7,500 Kent State students living on-campus on channel 2-2. TV2 is also live streamed on KentWired.com\\/TV2. With 10 different TV shows, TV2 covers everything from breaking news, local news, weather, sports, entertainment and humor.\",\"36\":\"1\",\"13\":\"\",\"14\":[\"55\"],\"29\":\"TV2 is the award-winning, student-run television station of Kent State that broadcasts to students and the Portage County community.\",\"26\":{\"new1\":{\"type\":\"socialMediaBlock\",\"enabled\":\"1\",\"fields\":{\"socialName\":\"instagram\",\"address\":\"https:\\/\\/www.instagram.com\\/tv2ksu\\/\"}},\"new2\":{\"type\":\"socialMediaBlock\",\"enabled\":\"1\",\"fields\":{\"socialName\":\"twitter\",\"address\":\"https:\\/\\/twitter.com\\/TV2KSU\"}},\"new3\":{\"type\":\"socialMediaBlock\",\"enabled\":\"1\",\"fields\":{\"socialName\":\"facebook\",\"address\":\"https:\\/\\/www.facebook.com\\/tv2ksu\\/\"}}}}}', '2017-04-20 19:43:14', '2017-04-20 19:43:14', '76a06bb1-dd5e-4f75-bc7d-b7f50b8f7e0b'),
 ('207', '19', '4', '1', 'en_us', '5', '', '{\"typeId\":\"4\",\"authorId\":\"1\",\"title\":\"Black Squirrel Radio\",\"slug\":\"black-squirrel-radio\",\"postDate\":1488483960,\"expiryDate\":null,\"enabled\":1,\"parentId\":null,\"fields\":{\"31\":\"\",\"12\":\"Black Squirrel Radio (BSR) is a student-run radio station that has 10,000 loyal monthly listeners. BSR features a large selection of urban, rock and local music with numerous local bands and entertainers coming for in-studio performances and interviews. BSR is available at www.blacksquirrelradio.com, iTunes radio under College Stations, the TuneIn app and channels 2-4 and 2-6 though on-campus television.\",\"36\":\"1\",\"13\":\"\",\"14\":[\"47\"],\"29\":\"Black Squirrel Radio (BSR) is the student-run radio station on Kent State\\u2019s campus and provides innovative media content inspired by the community of Kent, Ohio.\",\"26\":{\"new1\":{\"type\":\"socialMediaBlock\",\"enabled\":\"1\",\"fields\":{\"socialName\":\"instagram\",\"address\":\"https:\\/\\/www.instagram.com\\/bsrkent\\/\"}},\"new2\":{\"type\":\"socialMediaBlock\",\"enabled\":\"1\",\"fields\":{\"socialName\":\"twitter\",\"address\":\" https:\\/\\/twitter.com\\/BSRKent\"}},\"new3\":{\"type\":\"socialMediaBlock\",\"enabled\":\"1\",\"fields\":{\"socialName\":\"facebook\",\"address\":\"https:\\/\\/www.facebook.com\\/blacksquirrelradio\\/\"}},\"new4\":{\"type\":\"socialMediaBlock\",\"enabled\":\"1\",\"fields\":{\"socialName\":\"website\",\"address\":\"http:\\/\\/blacksquirrelradio.com\\/\"}}}}}', '2017-04-20 19:44:16', '2017-04-20 19:44:16', 'b71113bb-7b1c-4cf7-a4d0-67a1ce6c4747'),
 ('208', '19', '4', '1', 'en_us', '6', '', '{\"typeId\":\"4\",\"authorId\":\"1\",\"title\":\"Black Squirrel Radio\",\"slug\":\"black-squirrel-radio\",\"postDate\":1488483960,\"expiryDate\":null,\"enabled\":1,\"parentId\":null,\"fields\":{\"31\":\"\",\"12\":\"Black Squirrel Radio (BSR) is a student-run radio station that has 10,000 loyal monthly listeners. BSR features a large selection of urban, rock and local music with numerous local bands and entertainers coming for in-studio performances and interviews. BSR is available at www.blacksquirrelradio.com, iTunes radio under College Stations, the TuneIn app and channels 2-4 and 2-6 though on-campus television.\",\"36\":\"1\",\"13\":\"\",\"14\":[\"47\"],\"29\":\"Black Squirrel Radio (BSR) is the student-run radio station on Kent State\\u2019s campus and provides innovative media content inspired by the community of Kent, Ohio.\",\"26\":{\"156\":{\"type\":\"socialMediaBlock\",\"enabled\":\"1\",\"fields\":{\"socialName\":\"instagram\",\"address\":\"https:\\/\\/www.instagram.com\\/bsrkent\\/\"}},\"157\":{\"type\":\"socialMediaBlock\",\"enabled\":\"1\",\"fields\":{\"socialName\":\"twitter\",\"address\":\" https:\\/\\/twitter.com\\/BSRKent\"}},\"158\":{\"type\":\"socialMediaBlock\",\"enabled\":\"1\",\"fields\":{\"socialName\":\"facebook\",\"address\":\"https:\\/\\/www.facebook.com\\/blacksquirrelradio\\/\"}},\"159\":{\"type\":\"socialMediaBlock\",\"enabled\":\"1\",\"fields\":{\"socialName\":\"website\",\"address\":\"http:\\/\\/blacksquirrelradio.com\\/\"}}}}}', '2017-04-20 19:44:27', '2017-04-20 19:44:27', 'e3cbdc4e-56f7-4a0a-a35e-9cbc4b1d6849'),
 ('209', '58', '9', '1', 'en_us', '9', '', '{\"typeId\":\"9\",\"authorId\":null,\"title\":\"About\",\"slug\":\"about\",\"postDate\":1492560894,\"expiryDate\":null,\"enabled\":1,\"parentId\":null,\"fields\":{\"1\":\"<p>Kent State Student Media empowers students to be the best they can be. Our Media Partners create sources of journalism, information, entertainment and advertising that gives students practical, collaborative and professional learning experiences. The diverse viewpoints we acquire as the second largest on-campus employer allow us to create the best final product.<\\/p>\",\"11\":[\"2\"],\"13\":[\"88\"],\"47\":\"<h2>Support Us<\\/h2>\\r\\n<p>we would really like ur&nbsp;money thanks!<\\/p>\",\"21\":\"Through the combined effort of students and faculty, our mission is to provide a professional learning foundation for all.\"}}', '2017-04-20 20:43:47', '2017-04-20 20:43:47', '81a7760f-0e84-45e5-a6d2-68f0d99d27d7'),
 ('210', '160', '20', '1', 'en_us', '1', NULL, '{\"typeId\":\"20\",\"authorId\":null,\"title\":\"About Student Media News\",\"slug\":\"about-student-media-news\",\"postDate\":1492896928,\"expiryDate\":null,\"enabled\":1,\"parentId\":null,\"fields\":[]}', '2017-04-22 21:35:28', '2017-04-22 21:35:28', 'c0eff2be-ceb7-49f0-8f63-0e4a5eb0c9ad'),
 ('211', '160', '20', '1', 'en_us', '2', '', '{\"typeId\":\"20\",\"authorId\":null,\"title\":\"About Student Media News\",\"slug\":\"about-student-media-news\",\"postDate\":1492897049,\"expiryDate\":null,\"enabled\":1,\"parentId\":null,\"fields\":{\"12\":\"Learn more about Student Media news. \",\"13\":[\"64\"]}}', '2017-04-22 21:37:58', '2017-04-22 21:37:58', 'c6d6f08c-4aa7-4694-a99b-bd47b5fdaea0'),
 ('212', '160', '20', '1', 'en_us', '3', '', '{\"typeId\":\"20\",\"authorId\":null,\"title\":\"About Student Media News\",\"slug\":\"about-student-media-news\",\"postDate\":1492897049,\"expiryDate\":null,\"enabled\":1,\"parentId\":null,\"fields\":{\"12\":\"Learn more about Student Media news. \",\"13\":[\"64\"]}}', '2017-04-22 21:38:09', '2017-04-22 21:38:09', 'e6150c2e-cc18-4166-846b-95df74e28c9d'),
 ('213', '161', '21', '1', 'en_us', '1', NULL, '{\"typeId\":\"21\",\"authorId\":null,\"title\":\"Board Members\",\"slug\":\"board-members\",\"postDate\":1492897841,\"expiryDate\":null,\"enabled\":1,\"parentId\":null,\"fields\":[]}', '2017-04-22 21:50:41', '2017-04-22 21:50:41', '20a6c82d-2bdf-49b5-9556-12db613833a0'),
 ('214', '161', '21', '1', 'en_us', '2', '', '{\"typeId\":\"21\",\"authorId\":null,\"title\":\"Board Members\",\"slug\":\"board-members\",\"postDate\":1492898238,\"expiryDate\":null,\"enabled\":1,\"parentId\":null,\"fields\":{\"13\":[\"88\"]}}', '2017-04-22 22:00:40', '2017-04-22 22:00:40', '9c66da0b-39b2-48af-a87f-bcd87b5200ce'),
 ('215', '62', '13', '1', 'en_us', '2', '', '{\"typeId\":null,\"authorId\":null,\"title\":\"Contact\",\"slug\":\"contact\",\"postDate\":1489688145,\"expiryDate\":null,\"enabled\":1,\"parentId\":null,\"fields\":{\"12\":\"\",\"13\":[\"64\"]}}', '2017-04-23 03:02:02', '2017-04-23 03:02:02', 'fe696b7f-a8fe-4a47-900c-b040b9453be0'),
 ('216', '60', '11', '1', 'en_us', '3', '', '{\"typeId\":\"11\",\"authorId\":null,\"title\":\"Get Involved\",\"slug\":\"get-involved\",\"postDate\":1492711027,\"expiryDate\":null,\"enabled\":1,\"parentId\":null,\"fields\":{\"12\":\"\",\"13\":[\"88\"]}}', '2017-04-23 03:10:27', '2017-04-23 03:10:27', 'c2d301a9-9b66-4070-bb75-c196997005e8'),
 ('217', '45', '8', '1', 'en_us', '2', '', '{\"typeId\":\"8\",\"authorId\":\"1\",\"title\":\"Kevin Dilley\",\"slug\":\"kevin-dilley\",\"postDate\":1489335420,\"expiryDate\":null,\"enabled\":1,\"parentId\":null,\"fields\":{\"20\":[\"23\"],\"1\":\"<p>Kevin serves Student Media by providing management of our business and advising operations. He also works with student leaders to set a strategic direction for Student Media and mentors and advises student leaders. &nbsp;<\\/p>\\r\\n<p><b>Words to Live By:<\\/b><\\/p>\\r\\n<p>If you want to go fast, go alone. If you want to go far, go together. &nbsp;~ origin unknown.<\\/p>\\r\\n<p><b>Personal:<\\/b><\\/p>\\r\\n<p>I\\u2019ve traveled to Siberia, Malaysia, Mexico and 46 of 50 states in the U.S. I love going places and meeting new people, but I always yearn to return home. For me, that\\u2019s in Hudson with my two children, mi media naranja (si, hablo espa\\u00f1ol), and Pancho, my very best friend because, well he\\u2019s a dog and I\\u2019m a man. I hold degrees in journalism and visual communication from the University of Missouri and Ohio University. I\\u2019ve worked as a writer, photojournalist, editor, designer, web designer, project manager, consultant, professor and adviser. I love what I do because I\\u2019m constantly inspired by my students who bring ideas, enthusiasm, opportunity and optimism to this place every day.<\\/p>\\r\\n<p><b>I can help you with:<\\/b><\\/p>\\r\\n<ul><li><p>General questions<\\/p><\\/li><li><p>Strategic planning<\\/p><\\/li><li><p>Idea development<\\/p><\\/li><li><p>Budgets<\\/p><\\/li><\\/ul>\",\"4\":\"kdilley@kent.edu\",\"5\":[\"director\"],\"6\":\"Kevin \",\"19\":\"\",\"8\":\"Director of Student Media\",\"7\":\"Dilley\",\"10\":\"330-672-4603\"}}', '2017-04-24 17:36:00', '2017-04-24 17:36:00', 'b7db872b-24c1-4d43-9ff4-5f75c0dc8dd5'),
 ('218', '165', '8', '1', 'en_us', '1', '', '{\"typeId\":null,\"authorId\":\"1\",\"title\":\"Lorie Bednar\",\"slug\":\"lorie-bednar\",\"postDate\":1493055421,\"expiryDate\":null,\"enabled\":1,\"parentId\":null,\"fields\":{\"20\":\"\",\"1\":\"<p>Lorie Bednar joined Kent State\\u2019s School of Journalism and Mass Communication in 2015 as an administrative clerk in the Kent State Student Media office. She now shares her time between both offices. (Other information you want to add)<\\/p>\\r\\n<p><b>Words to Live By:<\\/b><\\/p>\\r\\n<p>Be Where Your Feet Are \\u2013 Anonymous<\\/p>\\r\\n<p><b>Personal<\\/b>:<\\/p>\\r\\n<p>Lorie is a graduate of Kent State University and loves everything about her Alma mater. If you don\\u2019t find her on campus, chances are you may run into her downtown and throughout Kent, where she lives and enjoys spending time with her husband and three kids. Two of her greatest achievements are winning an Associated Press award for enterprise writing and being the illustrator of a book jacket.<\\/p>\\r\\n<p><b>I can help you with:<\\/b><\\/p>\\r\\n<ul><li><p>KEYS!<\\/p><\\/li><li><p>Staff lists<\\/p><\\/li><li><p>Job offers<\\/p><\\/li><li><p>Travel<\\/p><\\/li><li>General questions<\\/li><\\/ul>\",\"4\":\"\",\"5\":[\"officeStaff\"],\"6\":\"Lorie\",\"19\":\"\",\"8\":\"Administrative Clerk\",\"7\":\"Bednar\",\"10\":\"330-672-3290\"}}', '2017-04-24 17:37:01', '2017-04-24 17:37:01', '8624a234-0a74-4b89-9b54-b1ac2cee63c2'),
 ('219', '166', '22', '1', 'en_us', '1', NULL, '{\"typeId\":\"22\",\"authorId\":null,\"title\":\"Support Us\",\"slug\":\"support-us\",\"postDate\":1493056667,\"expiryDate\":null,\"enabled\":1,\"parentId\":null,\"fields\":[]}', '2017-04-24 17:57:47', '2017-04-24 17:57:47', 'f9d3856e-f2d4-4bf7-b33f-bf00cce4073e'),
 ('220', '166', '22', '1', 'en_us', '2', '', '{\"typeId\":null,\"authorId\":null,\"title\":\"Support Us\",\"slug\":\"support-us\",\"postDate\":1493056667,\"expiryDate\":null,\"enabled\":1,\"parentId\":null,\"fields\":{\"13\":[\"88\"]}}', '2017-04-24 17:58:16', '2017-04-24 17:58:16', '9e5f720a-9522-4f0b-8bf5-5610a0aeb169'),
 ('221', '167', '8', '1', 'en_us', '1', '', '{\"typeId\":null,\"authorId\":\"1\",\"title\":\"Grant Wang\",\"slug\":\"grant-wang\",\"postDate\":1493085357,\"expiryDate\":null,\"enabled\":1,\"parentId\":null,\"fields\":{\"20\":[\"24\"],\"1\":\"<p>Hi<\\/p>\",\"4\":\"gwang4@kent.edu\",\"5\":[\"voting\"],\"6\":\"Grant\",\"19\":\"\",\"8\":\"Art Director\",\"7\":\"Wang\",\"10\":\"330-931-2911\"}}', '2017-04-25 01:55:57', '2017-04-25 01:55:57', '7219b9a3-0940-4fd5-affe-638d355d42ba'),
 ('222', '19', '4', '1', 'en_us', '7', '', '{\"typeId\":\"4\",\"authorId\":\"1\",\"title\":\"Black Squirrel Radio\",\"slug\":\"black-squirrel-radio\",\"postDate\":1488483960,\"expiryDate\":null,\"enabled\":1,\"parentId\":null,\"fields\":{\"31\":\"\",\"12\":\"Black Squirrel Radio (BSR) is a student-run radio station that has 10,000 loyal monthly listeners. BSR features a large selection of urban, rock and local music with numerous local bands and entertainers coming for in-studio performances and interviews. BSR is available at www.blacksquirrelradio.com, iTunes radio under College Stations, the TuneIn app and channels 2-4 and 2-6 though on-campus television.\",\"36\":\"1\",\"13\":[\"88\"],\"14\":[\"47\"],\"29\":\"Black Squirrel Radio (BSR) is the student-run radio station on Kent State\\u2019s campus and provides innovative media content inspired by the community of Kent, Ohio.\",\"26\":{\"156\":{\"type\":\"socialMediaBlock\",\"enabled\":\"1\",\"fields\":{\"socialName\":\"instagram\",\"address\":\"https:\\/\\/www.instagram.com\\/bsrkent\\/\"}},\"157\":{\"type\":\"socialMediaBlock\",\"enabled\":\"1\",\"fields\":{\"socialName\":\"twitter\",\"address\":\" https:\\/\\/twitter.com\\/BSRKent\"}},\"158\":{\"type\":\"socialMediaBlock\",\"enabled\":\"1\",\"fields\":{\"socialName\":\"facebook\",\"address\":\"https:\\/\\/www.facebook.com\\/blacksquirrelradio\\/\"}},\"159\":{\"type\":\"socialMediaBlock\",\"enabled\":\"1\",\"fields\":{\"socialName\":\"website\",\"address\":\"http:\\/\\/blacksquirrelradio.com\\/\"}}}}}', '2017-04-26 18:59:34', '2017-04-26 18:59:34', '0846f4f2-1ded-4ea3-911f-d843678fa5ba'),
 ('223', '2', '1', '1', 'en_us', '27', '', '{\"typeId\":null,\"authorId\":null,\"title\":\"Kent State Student Media\",\"slug\":\"homepage\",\"postDate\":1484237579,\"expiryDate\":null,\"enabled\":1,\"parentId\":null,\"fields\":{\"1\":\"<p>Award-winning, nationally recognized and locally focused. Our independent, student-run media partners create content the campus and Kent community seek. Students learn practical skills through the professional learning opportunities available through Kent State Student Media. Advertising with Kent State Student Media is an excellent way to make sure you reach your audience.<\\/p>\",\"12\":\"This is our description\",\"13\":[\"64\",\"90\",\"88\"],\"16\":\"\",\"17\":\"\",\"25\":\"\",\"21\":\"Kent State Student Media is made by students, for students.\",\"22\":\"https:\\/\\/player.vimeo.com\\/video\\/210945217\"}}', '2017-04-26 19:16:08', '2017-04-26 19:16:08', 'de24158a-00ae-4bff-86de-1e7adcb2d403'),
 ('224', '160', '20', '1', 'en_us', '4', '', '{\"typeId\":\"20\",\"authorId\":null,\"title\":\"News\",\"slug\":\"about-student-media-news\",\"postDate\":1493234230,\"expiryDate\":null,\"enabled\":1,\"parentId\":null,\"fields\":{\"12\":\"Learn more about Student Media news. \",\"13\":[\"64\"]}}', '2017-04-26 19:17:16', '2017-04-26 19:17:16', '7280867a-36d3-40f7-9fcb-833bb5dc2148'),
 ('225', '59', '10', '1', 'en_us', '3', '', '{\"typeId\":null,\"authorId\":null,\"title\":\"Media Partners\",\"slug\":\"media-partners-home\",\"postDate\":1489687966,\"expiryDate\":null,\"enabled\":1,\"parentId\":null,\"fields\":{\"13\":[\"64\"]}}', '2017-04-26 19:20:04', '2017-04-26 19:20:04', '8c276121-82ed-4674-a4de-9c2ffddcf522'),
 ('226', '167', '8', '1', 'en_us', '2', '', '{\"typeId\":\"8\",\"authorId\":\"1\",\"title\":\"Thor Wasbotton\",\"slug\":\"grant-wang\",\"postDate\":1493085300,\"expiryDate\":null,\"enabled\":1,\"parentId\":null,\"fields\":{\"20\":[\"24\"],\"1\":\"<p>Hi<\\/p>\",\"4\":\"twasbot@kent.edu\",\"5\":[\"voting\"],\"6\":\"Thor\",\"19\":\"\",\"8\":\"Director of Journalism and Mass Communications\",\"7\":\"Wasbotton\",\"10\":\"330-931-2911\"}}', '2017-04-27 15:56:02', '2017-04-27 15:56:02', 'c3d5ef39-7e2b-449f-a202-7392690899c8'),
 ('227', '58', '9', '1', 'en_us', '10', '', '{\"typeId\":\"9\",\"authorId\":null,\"title\":\"About Kent State Student Media\",\"slug\":\"about\",\"postDate\":1492560894,\"expiryDate\":null,\"enabled\":1,\"parentId\":null,\"fields\":{\"1\":\"<p>Kent State Student Media empowers students to be the best they can be. Our Media Partners create sources of journalism, information, entertainment and advertising that gives students practical, collaborative and professional learning experiences. The diverse viewpoints we acquire as the second largest on-campus employer allow us to create the best final product.<\\/p>\",\"11\":[\"2\"],\"13\":[\"88\"],\"47\":\"<h2>Support Us<\\/h2>\\r\\n<p>we would really like ur&nbsp;money thanks!<\\/p>\",\"21\":\"Through the combined effort of students and faculty, our mission is to provide a professional learning foundation for all.\"}}', '2017-04-27 18:53:51', '2017-04-27 18:53:51', 'f4efcd67-b4c8-461e-a891-cad6798b56b1'),
 ('228', '58', '9', '1', 'en_us', '11', '', '{\"typeId\":\"9\",\"authorId\":null,\"title\":\"About Kent State Student Media\",\"slug\":\"about\",\"postDate\":1492560894,\"expiryDate\":null,\"enabled\":1,\"parentId\":null,\"fields\":{\"1\":\"<p>Kent State Student Media empowers students to be the best they can be. Our Media Partners create sources of journalism, information, entertainment and advertising that gives students practical, collaborative and professional learning experiences. The diverse viewpoints we acquire as the second largest on-campus employer allow us to create the best final product.<\\/p>\",\"11\":[\"2\"],\"13\":[\"88\"],\"47\":\"\",\"21\":\"Through the combined effort of students and faculty, our mission is to provide a professional learning foundation for all.\"}}', '2017-04-27 19:43:36', '2017-04-27 19:43:36', 'a51bd9b1-7a9d-4d85-9008-4db48de71131'),
 ('229', '168', '23', '1', 'en_us', '1', '', '{\"typeId\":null,\"authorId\":\"1\",\"title\":\"Meeting Minutes Example 1\",\"slug\":\"meeting-minutes-example-1\",\"postDate\":1493322433,\"expiryDate\":null,\"enabled\":1,\"parentId\":null,\"fields\":{\"48\":{\"date\":\"4\\/11\\/2017\"},\"49\":\"\"}}', '2017-04-27 19:47:13', '2017-04-27 19:47:13', '18a675aa-5229-477c-9c56-8f047df2a932');
INSERT INTO `craft_entryversions` (`id`, `entryId`, `sectionId`, `creatorId`, `locale`, `num`, `notes`, `data`, `dateCreated`, `dateUpdated`, `uid`) VALUES
 ('230', '58', '9', '1', 'en_us', '12', '', '{\"typeId\":\"9\",\"authorId\":null,\"title\":\"About Kent State Student Media\",\"slug\":\"about\",\"postDate\":1492560894,\"expiryDate\":null,\"enabled\":1,\"parentId\":null,\"fields\":{\"1\":\"<p>Kent State Student Media empowers students to be the best they can be. Our Media Partners create sources of journalism, information, entertainment and advertising that gives students practical, collaborative and professional learning experiences. The diverse viewpoints we acquire as the second largest on-campus employer allow us to create the best final product.<\\/p>\",\"11\":[\"2\"],\"13\":[\"88\"],\"47\":\"<p>Testing<\\/p>\",\"21\":\"Through the combined effort of students and faculty, our mission is to provide a professional learning foundation for all.\"}}', '2017-04-27 19:48:29', '2017-04-27 19:48:29', '74c61f27-55f0-4a62-aa80-46d9d5e515b9'),
 ('231', '58', '9', '1', 'en_us', '13', '', '{\"typeId\":\"9\",\"authorId\":null,\"title\":\"About Kent State Student Media\",\"slug\":\"about\",\"postDate\":1492560894,\"expiryDate\":null,\"enabled\":1,\"parentId\":null,\"fields\":{\"1\":\"<p>Kent State Student Media empowers students to be the best they can be. Our Media Partners create sources of journalism, information, entertainment and advertising that gives students practical, collaborative and professional learning experiences. The diverse viewpoints we acquire as the second largest on-campus employer allow us to create the best final product.<\\/p>\",\"11\":[\"166\"],\"13\":[\"88\"],\"47\":\"<p>Testing<\\/p>\",\"21\":\"Through the combined effort of students and faculty, our mission is to provide a professional learning foundation for all.\"}}', '2017-04-27 19:50:33', '2017-04-27 19:50:33', '4936118e-fd42-436b-88d2-f270ca363b48'),
 ('232', '168', '23', '1', 'en_us', '2', '', '{\"typeId\":\"23\",\"authorId\":\"1\",\"title\":\"Meeting Minutes Example 1\",\"slug\":\"meeting-minutes-example-1\",\"postDate\":1493322420,\"expiryDate\":null,\"enabled\":1,\"parentId\":null,\"fields\":{\"48\":{\"date\":\"4\\/11\\/2017\"},\"49\":[\"118\"]}}', '2017-04-27 19:53:28', '2017-04-27 19:53:28', '407f1f93-9100-4306-a327-0cbc67f8f699'),
 ('233', '168', '23', '1', 'en_us', '3', '', '{\"typeId\":\"23\",\"authorId\":\"1\",\"title\":\"Meeting Minutes Example 1\",\"slug\":\"meeting-minutes-example-1\",\"postDate\":1493322420,\"expiryDate\":null,\"enabled\":1,\"parentId\":null,\"fields\":{\"48\":{\"date\":\"4\\/11\\/2017\"},\"49\":[\"169\"]}}', '2017-04-27 19:57:00', '2017-04-27 19:57:00', 'e0997502-dd6e-4259-ad17-1dbe86dd21b6'),
 ('234', '161', '21', '1', 'en_us', '3', '', '{\"typeId\":\"21\",\"authorId\":null,\"title\":\"Board Members\",\"slug\":\"board-members\",\"postDate\":1492898238,\"expiryDate\":null,\"enabled\":1,\"parentId\":null,\"fields\":{\"49\":[\"169\"],\"13\":[\"88\"]}}', '2017-04-27 20:15:13', '2017-04-27 20:15:13', 'a1449432-cd8e-4325-b86f-064df3de3033'),
 ('235', '21', '4', '1', 'en_us', '6', '', '{\"typeId\":\"4\",\"authorId\":\"1\",\"title\":\"Fusion Magazine\",\"slug\":\"fusion-magazine\",\"postDate\":1488483960,\"expiryDate\":null,\"enabled\":1,\"parentId\":null,\"fields\":{\"31\":\"\",\"1\":\"<p>Fusion is Kent State University\'s LGBTQ magazine. We publish news, entertainment, opinions and interviews for and about the LGBTQ community. Each spring, we release a print issue and we regularly update our website year-round. <\\/p>\\r\\n<p>Our mission is to promote equality, education and community through journalism. When Fusion was founded, in 2003, marriage equality was not yet legal anywhere in the United States and laws against consensual sex between gay men were overturned that year. LGBTQ rights have significantly advanced since trans women, drag queens and street kids fought back against police violence in 1959. But the community, particularly trans people and people of color, still face substantial adversity. Journalism and storytelling helps humanize the community and its struggle. By publicizing their perspectives and experiences, Fusion helps demonstrate why LGBTQ people need an equal place in society.<\\/p>\",\"36\":\"1\",\"13\":\"\",\"14\":[\"49\"],\"29\":\"Fusion is Kent State\'s lesbian, gay, bisexual, transgender and queer\\/questioning student advocacy and entertainment magazine. \",\"26\":{\"137\":{\"type\":\"socialMediaBlock\",\"enabled\":\"1\",\"fields\":{\"socialName\":\"twitter\",\"address\":\"https:\\/\\/twitter.com\\/ohiofusion\"}},\"138\":{\"type\":\"socialMediaBlock\",\"enabled\":\"1\",\"fields\":{\"socialName\":\"facebook\",\"address\":\"https:\\/\\/facebook.com\\/ohiofusion\\/\"}},\"139\":{\"type\":\"socialMediaBlock\",\"enabled\":\"1\",\"fields\":{\"socialName\":\"website\",\"address\":\"http:\\/\\/ohiofusion.com\\/\"}}}}}', '2017-04-27 20:33:24', '2017-04-27 20:33:24', '3086a7df-f54c-482c-aa1a-cf57cb5db7c2'),
 ('236', '21', '4', '1', 'en_us', '7', '', '{\"typeId\":\"4\",\"authorId\":\"1\",\"title\":\"Fusion Magazine\",\"slug\":\"fusion-magazine\",\"postDate\":1488483960,\"expiryDate\":null,\"enabled\":1,\"parentId\":null,\"fields\":{\"31\":\"\",\"1\":\"<p>Fusion is Kent State University\'s LGBTQ magazine. We publish news, entertainment, opinions and interviews for and about the LGBTQ community. Each spring, we release a print issue and we regularly update our website year-round. <\\/p>\\r\\n<p>Our mission is to promote equality, education and community through journalism. When Fusion was founded, in 2003, marriage equality was not yet legal anywhere in the United States and laws against consensual sex between gay men were overturned that year. LGBTQ rights have significantly advanced since trans women, drag queens and street kids fought back against police violence in 1959. But the community, particularly trans people and people of color, still face substantial adversity. Journalism and storytelling helps humanize the community and its struggle. By publicizing their perspectives and experiences, Fusion helps demonstrate why LGBTQ people need an equal place in society.<\\/p>\",\"36\":\"1\",\"13\":\"\",\"14\":[\"49\"],\"29\":\"Fusion is Kent State\'s lesbian, gay, bisexual, transgender and queer\\/questioning student advocacy and entertainment magazine. \",\"26\":{\"137\":{\"type\":\"socialMediaBlock\",\"enabled\":\"1\",\"fields\":{\"socialName\":\"twitter\",\"address\":\"https:\\/\\/twitter.com\\/ohiofusion\"}},\"138\":{\"type\":\"socialMediaBlock\",\"enabled\":\"1\",\"fields\":{\"socialName\":\"facebook\",\"address\":\"https:\\/\\/facebook.com\\/ohiofusion\\/\"}},\"139\":{\"type\":\"socialMediaBlock\",\"enabled\":\"1\",\"fields\":{\"socialName\":\"website\",\"address\":\"http:\\/\\/ohiofusion.com\\/\"}}}}}', '2017-04-27 20:45:38', '2017-04-27 20:45:38', '4a1263aa-3f19-413d-95b1-7f05e77ce62a'),
 ('237', '20', '4', '1', 'en_us', '7', '', '{\"typeId\":\"4\",\"authorId\":\"1\",\"title\":\"TV2\",\"slug\":\"tv2\",\"postDate\":1488483960,\"expiryDate\":null,\"enabled\":1,\"parentId\":null,\"fields\":{\"31\":[\"42\"],\"1\":\"<p>TV2 is Kent State\'s award winning television station that strives to be Truly Portage County. From local news and sports to entertainment buzz and important social issues surrounding the region, TV2 covers the Kent State and Portage County area like no other television station can, while educating and preparing students for the future.<\\/p>\",\"36\":\"1\",\"13\":\"\",\"14\":[\"55\"],\"29\":\"TV2 is Kent State\'s award winning television station that strives to be Truly Portage County.\",\"26\":{\"153\":{\"type\":\"socialMediaBlock\",\"enabled\":\"1\",\"fields\":{\"socialName\":\"instagram\",\"address\":\"https:\\/\\/www.instagram.com\\/tv2ksu\\/\"}},\"154\":{\"type\":\"socialMediaBlock\",\"enabled\":\"1\",\"fields\":{\"socialName\":\"twitter\",\"address\":\"https:\\/\\/twitter.com\\/TV2KSU\"}},\"155\":{\"type\":\"socialMediaBlock\",\"enabled\":\"1\",\"fields\":{\"socialName\":\"facebook\",\"address\":\"https:\\/\\/www.facebook.com\\/tv2ksu\\/\"}}}}}', '2017-04-27 21:00:36', '2017-04-27 21:00:36', '20550161-7ef1-4f96-b0d5-a76b8c25958e'),
 ('238', '21', '4', '1', 'en_us', '8', '', '{\"typeId\":\"4\",\"authorId\":\"1\",\"title\":\"Fusion Magazine\",\"slug\":\"fusion-magazine\",\"postDate\":1488483960,\"expiryDate\":null,\"enabled\":1,\"parentId\":null,\"fields\":{\"31\":\"\",\"1\":\"<p>Fusion is Kent State University\'s LGBTQ magazine. We publish news, entertainment, opinions and interviews for and about the LGBTQ community. Each spring, we release a print issue and we regularly update our website year-round. <\\/p>\\r\\n<p>Our mission is to promote equality, education and community through journalism. When Fusion was founded, in 2003, marriage equality was not yet legal anywhere in the United States and laws against consensual sex between gay men were overturned that year. LGBTQ rights have significantly advanced since trans women, drag queens and street kids fought back against police violence in 1959. But the community, particularly trans people and people of color, still face substantial adversity. Journalism and storytelling helps humanize the community and its struggle. By publicizing their perspectives and experiences, Fusion helps demonstrate why LGBTQ people need an equal place in society.<\\/p>\",\"36\":\"1\",\"13\":[\"170\"],\"14\":[\"49\"],\"29\":\"Fusion is Kent State\'s lesbian, gay, bisexual, transgender and queer\\/questioning student advocacy and entertainment magazine.\",\"26\":{\"137\":{\"type\":\"socialMediaBlock\",\"enabled\":\"1\",\"fields\":{\"socialName\":\"twitter\",\"address\":\"https:\\/\\/twitter.com\\/ohiofusion\"}},\"138\":{\"type\":\"socialMediaBlock\",\"enabled\":\"1\",\"fields\":{\"socialName\":\"facebook\",\"address\":\"https:\\/\\/facebook.com\\/ohiofusion\\/\"}},\"139\":{\"type\":\"socialMediaBlock\",\"enabled\":\"1\",\"fields\":{\"socialName\":\"website\",\"address\":\"http:\\/\\/ohiofusion.com\\/\"}}}}}', '2017-04-27 21:05:39', '2017-04-27 21:05:39', '25a22225-547b-4147-b453-780ab50bcf54'),
 ('239', '45', '8', '1', 'en_us', '3', '', '{\"typeId\":\"8\",\"authorId\":\"1\",\"title\":\"Kevin Dilley\",\"slug\":\"kevin-dilley\",\"postDate\":1489335420,\"expiryDate\":null,\"enabled\":1,\"parentId\":null,\"fields\":{\"20\":[\"23\"],\"1\":\"<p>Kevin serves Student Media by providing management of our business and advising operations. He also works with student leaders to set a strategic direction for Student Media and mentors and advises student leaders. &nbsp;<\\/p>\\r\\n<p><strong>Words to Live By:<\\/strong><\\/p>\\r\\n<p>If you want to go fast, go alone. If you want to go far, go together. &nbsp;~ origin unknown.<\\/p>\\r\\n<p><strong>Personal:<\\/strong><\\/p>\\r\\n<p>I\\u2019ve traveled to Siberia, Malaysia, Mexico and 46 of 50 states in the U.S. I love going places and meeting new people, but I always yearn to return home. For me, that\\u2019s in Hudson with my two children, mi media naranja (si, hablo espa\\u00f1ol), and Pancho, my very best friend because, well he\\u2019s a dog and I\\u2019m a man. I hold degrees in journalism and visual communication from the University of Missouri and Ohio University. I\\u2019ve worked as a writer, photojournalist, editor, designer, web designer, project manager, consultant, professor and adviser. I love what I do because I\\u2019m constantly inspired by my students who bring ideas, enthusiasm, opportunity and optimism to this place every day.<\\/p>\\r\\n<p><strong>I can help you with:<\\/strong><\\/p>\\r\\n<ul><li><p>General questions<\\/p><\\/li><li><p>Strategic planning<\\/p><\\/li><li><p>Idea development<\\/p><\\/li><li><p>Budgets<\\/p><\\/li><\\/ul>\",\"4\":\"kdilley@kent.edu\",\"5\":[\"director\"],\"6\":\"Kevin \",\"19\":[\"118\"],\"8\":\"Director of Student Media\",\"7\":\"Dilley\",\"10\":\"330-672-4603\"}}', '2017-05-02 16:48:21', '2017-05-02 16:48:21', 'ee8bf729-1106-4aa8-8819-d82f48244e48'),
 ('240', '62', '13', '1', 'en_us', '3', '', '{\"typeId\":null,\"authorId\":null,\"title\":\"Contact\",\"slug\":\"contact\",\"postDate\":1489688145,\"expiryDate\":null,\"enabled\":1,\"parentId\":null,\"fields\":{\"50\":\"205 Franklin Hall, Hilltop Drive Kent, Ohio 44240\",\"12\":\"Have any questions or concerns? Contact us by phone or email and we will get back to you as soon as possible.\",\"13\":[\"64\"],\"10\":\"(330)-914-2628\"}}', '2017-05-02 16:54:30', '2017-05-02 16:54:30', '0230109c-763e-4424-aa94-08ac66b46ed1'),
 ('241', '23', '4', '1', 'en_us', '9', '', '{\"typeId\":\"4\",\"authorId\":\"1\",\"title\":\"KentWired\",\"slug\":\"kentwired\",\"postDate\":1488484080,\"expiryDate\":null,\"enabled\":1,\"parentId\":null,\"fields\":{\"31\":\"\",\"1\":\"\",\"36\":\"1\",\"13\":\"\",\"14\":\"\",\"29\":\"KentWired.com is a news organization that holds content created by students working in student media at Kent State University. \",\"26\":{\"149\":{\"type\":\"socialMediaBlock\",\"enabled\":\"1\",\"fields\":{\"socialName\":\"instagram\",\"address\":\"https:\\/\\/www.instagram.com\\/kentwired\\/\"}},\"150\":{\"type\":\"socialMediaBlock\",\"enabled\":\"1\",\"fields\":{\"socialName\":\"twitter\",\"address\":\"https:\\/\\/twitter.com\\/kentwired\"}},\"151\":{\"type\":\"socialMediaBlock\",\"enabled\":\"1\",\"fields\":{\"socialName\":\"facebook\",\"address\":\"https:\\/\\/www.facebook.com\\/KentWired\\/\"}},\"152\":{\"type\":\"socialMediaBlock\",\"enabled\":\"1\",\"fields\":{\"socialName\":\"website\",\"address\":\"http:\\/\\/www.kentwired.com\\/\"}}}}}', '2017-05-04 15:30:43', '2017-05-04 15:30:43', '8b958686-5357-430c-bc4c-bf65a034c7ce'),
 ('242', '45', '8', '1', 'en_us', '4', '', '{\"typeId\":\"8\",\"authorId\":\"1\",\"title\":\"Kevin Dilley\",\"slug\":\"kevin-dilley\",\"postDate\":1489335420,\"expiryDate\":null,\"enabled\":1,\"parentId\":null,\"fields\":{\"20\":[\"23\"],\"1\":\"<p>Kevin serves Student Media by providing management of our business and advising operations. He also works with student leaders to set a strategic direction for Student Media and mentors and advises student leaders. &nbsp;<\\/p>\\r\\n<p><strong>Words to Live By:<\\/strong><\\/p>\\r\\n<p>If you want to go fast, go alone. If you want to go far, go together. &nbsp;~ origin unknown.<\\/p>\\r\\n<p><strong>Personal:<\\/strong><\\/p>\\r\\n<p>I\\u2019ve traveled to Siberia, Malaysia, Mexico and 46 of 50 states in the U.S. I love going places and meeting new people, but I always yearn to return home. For me, that\\u2019s in Hudson with my two children, mi media naranja (si, hablo espa\\u00f1ol), and Pancho, my very best friend because, well he\\u2019s a dog and I\\u2019m a man. I hold degrees in journalism and visual communication from the University of Missouri and Ohio University. I\\u2019ve worked as a writer, photojournalist, editor, designer, web designer, project manager, consultant, professor and adviser. I love what I do because I\\u2019m constantly inspired by my students who bring ideas, enthusiasm, opportunity and optimism to this place every day.<\\/p>\\r\\n<p><strong>I can help you with:<\\/strong><\\/p>\\r\\n<ul><li><p>General questions<\\/p><\\/li><li><p>Strategic planning<\\/p><\\/li><li><p>Idea development<\\/p><\\/li><li><p>Budgets<\\/p><\\/li><\\/ul>\",\"4\":\"kdilley@kent.edu\",\"5\":[\"director\"],\"6\":\"Kevin \",\"19\":[\"171\"],\"8\":\"Director of Student Media\",\"7\":\"Dilley\",\"10\":\"330-672-4603\"}}', '2017-05-04 16:17:12', '2017-05-04 16:17:12', '0e07fd89-f684-472f-aec3-cdfcf0d0195d'),
 ('243', '172', '8', '1', 'en_us', '1', '', '{\"typeId\":null,\"authorId\":\"1\",\"title\":\"Kristan Dolan\",\"slug\":\"kristan-dolan\",\"postDate\":1493928835,\"expiryDate\":null,\"enabled\":1,\"parentId\":null,\"fields\":{\"20\":\"\",\"1\":\"\",\"4\":\"kdolan3@kent.edu\",\"5\":[\"voting\"],\"6\":\"Kristan\",\"19\":\"\",\"8\":\"Director of Center for Student Involvement \",\"7\":\"Dolan\",\"10\":\"330-672-2480\"}}', '2017-05-04 20:13:56', '2017-05-04 20:13:56', 'fcd4bc35-eb7f-4a5c-82b0-39ab799bc3e8'),
 ('244', '173', '8', '1', 'en_us', '1', '', '{\"typeId\":null,\"authorId\":\"1\",\"title\":\"Mark Goodman\",\"slug\":\"mark-goodman\",\"postDate\":1493929180,\"expiryDate\":null,\"enabled\":1,\"parentId\":null,\"fields\":{\"20\":\"\",\"1\":\"\",\"4\":\"mgoodm10@kent.edu\",\"5\":[\"voting\"],\"6\":\"Mark\",\"19\":\"\",\"8\":\"JMC Faculty\",\"7\":\"Goodman\",\"10\":\"330-672-6239\"}}', '2017-05-04 20:19:40', '2017-05-04 20:19:40', 'acb4753b-b78a-4f37-b352-168c2bc19332'),
 ('245', '174', '8', '1', 'en_us', '1', '', '{\"typeId\":null,\"authorId\":\"1\",\"title\":\"Eugene Shelton\",\"slug\":\"eugene-shelton\",\"postDate\":1493929300,\"expiryDate\":null,\"enabled\":1,\"parentId\":null,\"fields\":{\"20\":\"\",\"1\":\"\",\"4\":\"eshelto1@kent.edu\",\"5\":[\"voting\"],\"6\":\"Eugene\",\"19\":\"\",\"8\":\"JMC Faculty\",\"7\":\"Shelton\",\"10\":\"330-672-8298\"}}', '2017-05-04 20:21:40', '2017-05-04 20:21:40', 'a80d2fff-ca5b-45c7-a092-7d5c438f05a7'),
 ('246', '175', '8', '1', 'en_us', '1', '', '{\"typeId\":null,\"authorId\":\"1\",\"title\":\"Carol Robinson\",\"slug\":\"carol-robinson\",\"postDate\":1493929505,\"expiryDate\":null,\"enabled\":1,\"parentId\":null,\"fields\":{\"20\":\"\",\"1\":\"\",\"4\":\"clrobins@kent.edu\",\"5\":[\"voting\"],\"6\":\"Carol\",\"19\":\"\",\"8\":\"Faculty Senate Appointee\",\"7\":\"Robinson\",\"10\":\"330-675-8907\"}}', '2017-05-04 20:25:05', '2017-05-04 20:25:05', 'b829f636-96f7-44e6-90c3-e86c7cf59ef2'),
 ('247', '176', '8', '1', 'en_us', '1', '', '{\"typeId\":null,\"authorId\":\"1\",\"title\":\"Karl Idsvoog\",\"slug\":\"karl-idsvoog\",\"postDate\":1493929832,\"expiryDate\":null,\"enabled\":1,\"parentId\":null,\"fields\":{\"20\":\"\",\"1\":\"\",\"4\":\"kidsvoog@kent.edu\",\"5\":[\"voting\"],\"6\":\"Karl\",\"19\":\"\",\"8\":\"Faculty Senate Appointee\",\"7\":\"Idsvoog\",\"10\":\"330-672-8301\"}}', '2017-05-04 20:30:33', '2017-05-04 20:30:33', '04eec097-de95-40a8-a7bd-a96ebadb2e80'),
 ('249', '178', '8', '1', 'en_us', '1', '', '{\"typeId\":null,\"authorId\":\"1\",\"title\":\"Kristen Traynor\",\"slug\":\"kristen-traynor\",\"postDate\":1493930055,\"expiryDate\":null,\"enabled\":1,\"parentId\":null,\"fields\":{\"20\":\"\",\"1\":\"\",\"4\":\"\",\"5\":\"\",\"6\":\"Kristen \",\"19\":\"\",\"8\":\"Graduate Student Senate Appointee\",\"7\":\"Traynor\",\"10\":\"\"}}', '2017-05-04 20:34:15', '2017-05-04 20:34:15', '3c8fa275-2ef1-4346-997c-fca9319303e7'),
 ('251', '180', '8', '1', 'en_us', '1', '', '{\"typeId\":null,\"authorId\":\"1\",\"title\":\"Lusi Cai\",\"slug\":\"lusi-cai\",\"postDate\":1493930129,\"expiryDate\":null,\"enabled\":1,\"parentId\":null,\"fields\":{\"20\":\"\",\"1\":\"\",\"4\":\"\",\"5\":[\"voting\"],\"6\":\"Lusi \",\"19\":\"\",\"8\":\"JMC Graduate Student\",\"7\":\"Cai\",\"10\":\"\"}}', '2017-05-04 20:35:29', '2017-05-04 20:35:29', '6bdacd4b-09a3-454c-b5e2-3fc745f5afcf'),
 ('254', '181', '8', '1', 'en_us', '1', '', '{\"typeId\":null,\"authorId\":\"1\",\"title\":\"Mark Turner\",\"slug\":\"mark-turner\",\"postDate\":1493930167,\"expiryDate\":null,\"enabled\":1,\"parentId\":null,\"fields\":{\"20\":\"\",\"1\":\"\",\"4\":\"\",\"5\":[\"voting\"],\"6\":\"Mark\",\"19\":\"\",\"8\":\"Media Professional\",\"7\":\"Turner\",\"10\":\"\"}}', '2017-05-04 20:36:07', '2017-05-04 20:36:07', '35784ac3-d1c3-482b-8175-49c2d0a227d0'),
 ('258', '185', '8', '1', 'en_us', '1', '', '{\"typeId\":null,\"authorId\":\"1\",\"title\":\"Amanda Rabinowitz\",\"slug\":\"amanda-rabinowitz\",\"postDate\":1493930392,\"expiryDate\":null,\"enabled\":1,\"parentId\":null,\"fields\":{\"20\":[\"19\"],\"1\":\"\",\"4\":\"\",\"5\":[\"nonVoting\"],\"6\":\"Amanda\",\"19\":\"\",\"8\":\"Black Squirrel Radio Adviser\",\"7\":\"Rabinowitz\",\"10\":\"\"}}', '2017-05-04 20:39:52', '2017-05-04 20:39:52', '1b8e0f7c-f7f4-4873-935a-2aba77f314c0'),
 ('260', '187', '8', '1', 'en_us', '1', '', '{\"typeId\":null,\"authorId\":\"1\",\"title\":\"M.J. Eckhouse\",\"slug\":\"m-j-eckhouse\",\"postDate\":1493930487,\"expiryDate\":null,\"enabled\":1,\"parentId\":null,\"fields\":{\"20\":[\"21\"],\"1\":\"\",\"4\":\"\",\"5\":[\"nonVoting\",\"studentMediaLeader\"],\"6\":\"M.J.\",\"19\":\"\",\"8\":\"Fusion Editor\",\"7\":\"Eckhouse\",\"10\":\"\"}}', '2017-05-04 20:41:27', '2017-05-04 20:41:27', '25bf62c5-4265-4b8a-9020-09e2ee1a273c'),
 ('261', '188', '8', '1', 'en_us', '1', '', '{\"typeId\":null,\"authorId\":\"1\",\"title\":\"Bruce Zake\",\"slug\":\"bruce-zake\",\"postDate\":1493930618,\"expiryDate\":null,\"enabled\":1,\"parentId\":null,\"fields\":{\"20\":[\"21\"],\"1\":\"\",\"4\":\"\",\"5\":[\"nonVoting\"],\"6\":\"Bruce\",\"19\":\"\",\"8\":\"Fusion Adviser\",\"7\":\"Zake\",\"10\":\"\"}}', '2017-05-04 20:43:38', '2017-05-04 20:43:38', '9189de57-1f7b-42e4-b17b-569e68550c61'),
 ('263', '190', '8', '1', 'en_us', '1', '', '{\"typeId\":null,\"authorId\":\"1\",\"title\":\"Sue Zake\",\"slug\":\"sue-zake\",\"postDate\":1493930698,\"expiryDate\":null,\"enabled\":1,\"parentId\":null,\"fields\":{\"20\":[\"23\",\"20\",\"15\"],\"1\":\"\",\"4\":\"\",\"5\":[\"nonVoting\"],\"6\":\"Sue\",\"19\":\"\",\"8\":\"Student Media Newsroom Adviser (Kent Stater, TV2, Kentwired)\",\"7\":\"Zake\",\"10\":\"\"}}', '2017-05-04 20:44:58', '2017-05-04 20:44:58', 'c67ba97f-768e-49a9-8794-e31ad28f0a41'),
 ('264', '59', '10', '1', 'en_us', '4', '', '{\"typeId\":null,\"authorId\":null,\"title\":\"Media Partners\",\"slug\":\"media-partners-home\",\"postDate\":1489687966,\"expiryDate\":null,\"enabled\":1,\"parentId\":null,\"fields\":{\"13\":[\"192\"]}}', '2017-05-04 20:47:41', '2017-05-04 20:47:41', '2180a000-a148-4a9d-a2c8-2bf111f4040a'),
 ('265', '60', '11', '1', 'en_us', '4', '', '{\"typeId\":\"11\",\"authorId\":null,\"title\":\"Get Involved\",\"slug\":\"get-involved\",\"postDate\":1492711027,\"expiryDate\":null,\"enabled\":1,\"parentId\":null,\"fields\":{\"12\":\"\",\"13\":[\"88\"]}}', '2017-05-04 20:49:08', '2017-05-04 20:49:08', 'b4a7e2e9-c5c4-4422-a321-03f258e79607'),
 ('266', '59', '10', '1', 'en_us', '5', '', '{\"typeId\":null,\"authorId\":null,\"title\":\"Media Partners\",\"slug\":\"media-partners-home\",\"postDate\":1489687966,\"expiryDate\":null,\"enabled\":1,\"parentId\":null,\"fields\":{\"13\":[\"88\"]}}', '2017-05-04 20:49:54', '2017-05-04 20:49:54', '3305a742-a3ab-47d1-8ca8-d7bdaed7e92e'),
 ('268', '196', '8', '1', 'en_us', '1', '', '{\"typeId\":null,\"authorId\":\"1\",\"title\":\"Kim Winebrenner\",\"slug\":\"kim-winebrenner\",\"postDate\":1493931134,\"expiryDate\":null,\"enabled\":1,\"parentId\":null,\"fields\":{\"20\":[\"24\"],\"1\":\"\",\"4\":\"\",\"5\":[\"nonVoting\"],\"6\":\"Kim\",\"19\":\"\",\"8\":\"Luna Negra Adviser\",\"7\":\"Winebrenner\",\"10\":\"\"}}', '2017-05-04 20:52:14', '2017-05-04 20:52:14', '60602c86-c1fe-4063-8a37-4083680ac5b1'),
 ('269', '197', '8', '1', 'en_us', '1', '', '{\"typeId\":null,\"authorId\":\"1\",\"title\":\"Leisel Kober\",\"slug\":\"leisel-kober\",\"postDate\":1493931293,\"expiryDate\":null,\"enabled\":1,\"parentId\":null,\"fields\":{\"20\":[\"20\"],\"1\":\"\",\"4\":\"lkober@kent.edu\",\"5\":[\"nonVoting\",\"studentMediaLeader\"],\"6\":\"Leisel\",\"19\":\"\",\"8\":\"TV2 General Manager\",\"7\":\"Kober\",\"10\":\"\"}}', '2017-05-04 20:54:53', '2017-05-04 20:54:53', '82a5e9e9-bb46-493e-aea8-e688eeab31d9'),
 ('271', '187', '8', '1', 'en_us', '2', '', '{\"typeId\":\"8\",\"authorId\":\"1\",\"title\":\"M.J. Eckhouse\",\"slug\":\"m-j-eckhouse\",\"postDate\":1493930460,\"expiryDate\":null,\"enabled\":1,\"parentId\":null,\"fields\":{\"20\":[\"21\"],\"1\":\"\",\"4\":\"meckhous@kent.edu\",\"5\":[\"nonVoting\",\"studentMediaLeader\"],\"6\":\"M.J.\",\"19\":\"\",\"8\":\"Fusion Editor\",\"7\":\"Eckhouse\",\"10\":\"\"}}', '2017-05-04 20:55:26', '2017-05-04 20:55:26', 'f5b0a0ba-02f5-49e6-ba6d-cfe51c1dce08'),
 ('277', '199', '8', '1', 'en_us', '1', '', '{\"typeId\":null,\"authorId\":\"1\",\"title\":\"Sierra Allen\",\"slug\":\"sierra-allen\",\"postDate\":1493931532,\"expiryDate\":null,\"enabled\":1,\"parentId\":null,\"fields\":{\"20\":[\"22\"],\"1\":\"\",\"4\":\"sallen38@kent.edu\",\"5\":[\"nonVoting\",\"studentMediaLeader\"],\"6\":\"Sierra\",\"19\":\"\",\"8\":\"Uhuru Editor\",\"7\":\"Allen\",\"10\":\"\"}}', '2017-05-04 20:58:52', '2017-05-04 20:58:52', '3f238929-1402-47b5-b066-e3a9a4b09bc7'),
 ('279', '201', '8', '1', 'en_us', '1', '', '{\"typeId\":null,\"authorId\":\"1\",\"title\":\"Clara Sullivan\",\"slug\":\"clara-sullivan\",\"postDate\":1493931748,\"expiryDate\":null,\"enabled\":1,\"parentId\":null,\"fields\":{\"20\":[\"101\"],\"1\":\"\",\"4\":\"csulli21@kent.edu\",\"5\":[\"nonVoting\",\"studentMediaLeader\"],\"6\":\"Clara\",\"19\":\"\",\"8\":\"Student Media Advertising & Marketing Manager\",\"7\":\"Sullivan\",\"10\":\"\"}}', '2017-05-04 21:02:28', '2017-05-04 21:02:28', 'b384ce09-abee-4a92-9152-0844b0c19fd4'),
 ('280', '202', '8', '1', 'en_us', '1', '', '{\"typeId\":null,\"authorId\":\"1\",\"title\":\"Tami Bongiorni\",\"slug\":\"tami-bongiorni\",\"postDate\":1493931788,\"expiryDate\":null,\"enabled\":1,\"parentId\":null,\"fields\":{\"20\":[\"101\"],\"1\":\"\",\"4\":\"\",\"5\":[\"nonVoting\",\"officeStaff\"],\"6\":\"Tami\",\"19\":\"\",\"8\":\"Student Media Advertising & Marketing Adviser\",\"7\":\"Bongiorni\",\"10\":\"\"}}', '2017-05-04 21:03:08', '2017-05-04 21:03:08', 'acd07f29-593a-449f-ba1c-829dbe43f80a'),
 ('281', '45', '8', '1', 'en_us', '5', '', '{\"typeId\":\"8\",\"authorId\":\"1\",\"title\":\"Kevin Dilley\",\"slug\":\"kevin-dilley\",\"postDate\":1489335420,\"expiryDate\":null,\"enabled\":1,\"parentId\":null,\"fields\":{\"20\":[\"23\"],\"1\":\"<p>Kevin serves Student Media by providing management of our business and advising operations. He also works with student leaders to set a strategic direction for Student Media and mentors and advises student leaders. &nbsp;<\\/p>\\r\\n<p><strong>Words to Live By:<\\/strong><\\/p>\\r\\n<p>If you want to go fast, go alone. If you want to go far, go together. &nbsp;~ origin unknown.<\\/p>\\r\\n<p><strong>Personal:<\\/strong><\\/p>\\r\\n<p>I\\u2019ve traveled to Siberia, Malaysia, Mexico and 46 of 50 states in the U.S. I love going places and meeting new people, but I always yearn to return home. For me, that\\u2019s in Hudson with my two children, mi media naranja (si, hablo espa\\u00f1ol), and Pancho, my very best friend because, well he\\u2019s a dog and I\\u2019m a man. I hold degrees in journalism and visual communication from the University of Missouri and Ohio University. I\\u2019ve worked as a writer, photojournalist, editor, designer, web designer, project manager, consultant, professor and adviser. I love what I do because I\\u2019m constantly inspired by my students who bring ideas, enthusiasm, opportunity and optimism to this place every day.<\\/p>\\r\\n<p><strong>I can help you with:<\\/strong><\\/p>\\r\\n<ul><li><p>General questions<\\/p><\\/li><li><p>Strategic planning<\\/p><\\/li><li><p>Idea development<\\/p><\\/li><li><p>Budgets<\\/p><\\/li><\\/ul>\",\"4\":\"kdilley@kent.edu\",\"5\":[\"director\",\"nonVoting\",\"officeStaff\"],\"6\":\"Kevin \",\"19\":[\"171\"],\"8\":\"Director of Student Media\",\"7\":\"Dilley\",\"10\":\"330-672-4603\"}}', '2017-05-04 21:03:34', '2017-05-04 21:03:34', 'ae132ae8-cdd0-43eb-a4a4-e47b6d7da0e5'),
 ('282', '168', '23', '1', 'en_us', '4', '', '{\"typeId\":\"23\",\"authorId\":\"1\",\"title\":\"April 16, 2015\",\"slug\":\"meeting-minutes-example-1\",\"postDate\":1493322420,\"expiryDate\":null,\"enabled\":1,\"parentId\":null,\"fields\":{\"48\":{\"date\":\"4\\/16\\/2015\"},\"49\":[\"203\"]}}', '2017-05-04 21:08:18', '2017-05-04 21:08:18', 'd4d32801-1385-4559-92ff-51e91435a339'),
 ('283', '168', '23', '1', 'en_us', '5', '', '{\"typeId\":\"23\",\"authorId\":\"1\",\"title\":\"April 16, 2015 Meeting Minutes\",\"slug\":\"meeting-minutes-example-1\",\"postDate\":1493322420,\"expiryDate\":null,\"enabled\":1,\"parentId\":null,\"fields\":{\"48\":{\"date\":\"4\\/16\\/2015\"},\"49\":[\"203\"]}}', '2017-05-04 21:08:51', '2017-05-04 21:08:51', 'd5eb1ca7-c534-499d-82a7-384f881e21ba'),
 ('284', '161', '21', '1', 'en_us', '4', '', '{\"typeId\":\"21\",\"authorId\":null,\"title\":\"Student Media Board Members\",\"slug\":\"board-members\",\"postDate\":1494414895,\"expiryDate\":null,\"enabled\":1,\"parentId\":null,\"fields\":{\"49\":[\"169\"],\"13\":[\"88\"]}}', '2017-05-10 11:15:29', '2017-05-10 11:15:29', '11933037-ebc2-4050-aa08-ebb3e45922f1'),
 ('285', '161', '21', '1', 'en_us', '5', '', '{\"typeId\":\"21\",\"authorId\":null,\"title\":\"Student Media Board Members\",\"slug\":\"board-members\",\"postDate\":1494414895,\"expiryDate\":null,\"enabled\":1,\"parentId\":null,\"fields\":{\"1\":\"<p>Insert introductory paragraph about the amazing Student Media Board Members here.&nbsp;<\\/p>\",\"49\":[\"169\"],\"13\":[\"88\"],\"21\":\"The Team That Makes It Happen\"}}', '2017-05-10 17:04:12', '2017-05-10 17:04:12', '7166be6d-eacb-482c-b32b-a05be0e38870'),
 ('286', '2', '1', '1', 'en_us', '28', '', '{\"typeId\":null,\"authorId\":null,\"title\":\"Kent State Student Media\",\"slug\":\"homepage\",\"postDate\":1484237579,\"expiryDate\":null,\"enabled\":1,\"parentId\":null,\"fields\":{\"1\":\"<p>Award-winning, nationally recognized and locally focused. Our independent, student-run media partners create content the campus and Kent community seek. Students learn practical skills through the professional learning opportunities available through Kent State Student Media. Advertising with Kent State Student Media is an excellent way to make sure you reach your audience.<\\/p>\",\"12\":\"This is our description\",\"13\":[\"64\",\"90\",\"88\"],\"16\":\"\",\"17\":\"\",\"25\":\"\",\"21\":\"Independent media connecting Kent State students and the Kent community\",\"22\":\"https:\\/\\/player.vimeo.com\\/video\\/210945217\"}}', '2017-05-10 20:43:12', '2017-05-10 20:43:12', '909f4dfa-9be8-42ec-ae9c-5cc80789fd9f'),
 ('287', '58', '9', '1', 'en_us', '14', '', '{\"typeId\":\"9\",\"authorId\":null,\"title\":\"About Kent State Student Media\",\"slug\":\"about\",\"postDate\":1492560894,\"expiryDate\":null,\"enabled\":1,\"parentId\":null,\"fields\":{\"1\":\"<p>Kent State Student Media empowers students to be the best they can be. Students of any major and grade level are able to join us and gain a fun, practical experience that will provide transferable skills for any career they choose. We believe diversity is a strength, and we welcome all to join us! Our wide array of Media Partners means that every student can find their best fit. <br><\\/p>\\r\\n<p><br><\\/p>\\r\\n<p><strong>Our Mission:<em><\\/em><\\/strong><em><\\/em><strong><em><br><\\/em><\\/strong><\\/p>\\r\\n<p><strong><em>Student Media empowers students<\\/em><\\/strong> through practical, collaborative and professional learning opportunities within an independent, student-led and multi-platform media framework.<em><\\/em><em><\\/em><strong><em><br><\\/em><\\/strong><\\/p>\\r\\n<p><strong><em>Our students create valued sources<\\/em><\\/strong> of journalism, information, entertainment and advertising and develop meaningful connections with our core audiences.<em><\\/em><em><\\/em><strong><em><br><\\/em><\\/strong><\\/p>\\r\\n<p><strong><em>We encourage excellence, leadership and accountability<\\/em><\\/strong> as students become innovative, ethical and skilled media producers within a diverse and global society. <br><\\/p>\",\"11\":[\"166\"],\"13\":[\"88\"],\"47\":\"<p>You can help further our mission! Learn about the different ways you can support us. <br><\\/p>\",\"21\":\"Through the combined effort of students and faculty, our mission is to provide a professional learning foundation for all.\"}}', '2017-05-10 21:29:19', '2017-05-10 21:29:19', 'c9dcde7c-df55-4a12-913f-26c7d9f47969'),
 ('288', '161', '21', '1', 'en_us', '6', '', '{\"typeId\":\"21\",\"authorId\":null,\"title\":\"Student Media Board Members\",\"slug\":\"board-members\",\"postDate\":1494414895,\"expiryDate\":null,\"enabled\":1,\"parentId\":null,\"fields\":{\"1\":\"<p>The Student Media Board is made up of various stakeholders to ensure that Kent State Student Media is the best that it can be. Voting members include <span class=\\\"panel-inner-wrap clearfix\\\">faculty members appointed by the faculty senate<\\/span>, <span class=\\\"panel-inner-wrap clearfix\\\">faculty members appointed by the school of journalism and mass communication faculty advisory committee<\\/span>, the JMC director, the CSI director, USG appointees, a graduate senate appointee, JMC undergraduate students, a JMC graduate student and a media professional. All student leaders, student media advisors and the director of student media serve as non-voting members. <br><\\/p><p>Check out the guidelines, members and meeting minutes below.<br><\\/p>\",\"49\":[\"204\"],\"13\":[\"88\"],\"21\":\"The Team That Makes It Happen\"}}', '2017-05-10 21:41:05', '2017-05-10 21:41:05', '765c8fe9-ff27-42ac-ae73-3dd2a157d7ca'),
 ('289', '206', '23', '1', 'en_us', '1', '', '{\"typeId\":null,\"authorId\":\"1\",\"title\":\"April 1, 2016 Budget Meeting Minutes\",\"slug\":\"april-1-2016-budget-meeting-minutes\",\"postDate\":1494452575,\"expiryDate\":null,\"enabled\":1,\"parentId\":null,\"fields\":{\"48\":{\"date\":\"4\\/1\\/2016\"},\"49\":[\"205\"]}}', '2017-05-10 21:42:55', '2017-05-10 21:42:55', '2aca1aba-ad3f-4841-b688-9d34502eb527'),
 ('290', '208', '23', '1', 'en_us', '1', '', '{\"typeId\":null,\"authorId\":\"1\",\"title\":\"April 15, 2016 Media Board Meeting Minutes\",\"slug\":\"april-15-2016-media-board-meeting-minutes\",\"postDate\":1494452674,\"expiryDate\":null,\"enabled\":1,\"parentId\":null,\"fields\":{\"48\":{\"date\":\"4\\/15\\/2016\"},\"49\":[\"207\"]}}', '2017-05-10 21:44:34', '2017-05-10 21:44:34', '53c9371e-d846-4ad1-b6ce-0444357ffec9'),
 ('291', '168', '23', '1', 'en_us', '6', '', '{\"typeId\":\"23\",\"authorId\":\"1\",\"title\":\"April 16, 2015 JMCMB\\/SMPC Meeting Minutes\",\"slug\":\"meeting-minutes-example-1\",\"postDate\":1493322420,\"expiryDate\":null,\"enabled\":1,\"parentId\":null,\"fields\":{\"48\":{\"date\":\"4\\/16\\/2015\"},\"49\":[\"203\"]}}', '2017-05-10 21:45:01', '2017-05-10 21:45:01', 'b3667ddf-bb28-4968-b18d-fe49fd0891dd'),
 ('292', '208', '23', '1', 'en_us', '2', '', '{\"typeId\":\"23\",\"authorId\":\"1\",\"title\":\"April 15, 2016 SMB Meeting Minutes\",\"slug\":\"april-15-2016-media-board-meeting-minutes\",\"postDate\":1494452640,\"expiryDate\":null,\"enabled\":1,\"parentId\":null,\"fields\":{\"48\":{\"date\":\"4\\/15\\/2016\"},\"49\":[\"207\"]}}', '2017-05-10 21:45:30', '2017-05-10 21:45:30', '0647a66e-3c65-48ae-b688-02f8d804a4d6'),
 ('293', '210', '23', '1', 'en_us', '1', '', '{\"typeId\":null,\"authorId\":\"1\",\"title\":\"October 9, 2015 SMB Meeting Minutes\",\"slug\":\"october-9-2015-smb-meeting-minutes\",\"postDate\":1494452804,\"expiryDate\":null,\"enabled\":1,\"parentId\":null,\"fields\":{\"48\":{\"date\":\"10\\/9\\/2015\"},\"49\":[\"209\"]}}', '2017-05-10 21:46:44', '2017-05-10 21:46:44', '37ee8939-4616-408a-8658-1b8655973f52'),
 ('294', '212', '23', '1', 'en_us', '1', '', '{\"typeId\":null,\"authorId\":\"1\",\"title\":\"April 6, 2016 SMB Selection Meeting Minutes\",\"slug\":\"april-6-2016-smb-selection-meeting-minutes\",\"postDate\":1494453069,\"expiryDate\":null,\"enabled\":1,\"parentId\":null,\"fields\":{\"48\":{\"date\":\"4\\/6\\/2016\"},\"49\":[\"211\"]}}', '2017-05-10 21:51:09', '2017-05-10 21:51:09', '11c3ab4d-41c2-451c-b779-a44bc1a5466d'),
 ('295', '214', '23', '1', 'en_us', '1', '', '{\"typeId\":null,\"authorId\":\"1\",\"title\":\"April 8, 2016 SMB Selection Meeting Minutes\",\"slug\":\"april-8-2016-smb-selection-meeting-minutes\",\"postDate\":1494453117,\"expiryDate\":null,\"enabled\":1,\"parentId\":null,\"fields\":{\"48\":{\"date\":\"04\\/08\\/2016\"},\"49\":[\"213\"]}}', '2017-05-10 21:51:57', '2017-05-10 21:51:57', '1d724235-4590-4a8a-88fc-d6136dde536b'),
 ('296', '216', '23', '1', 'en_us', '1', '', '{\"typeId\":null,\"authorId\":\"1\",\"title\":\"December 4, 2015 SMB Selection Meeting Minutes\",\"slug\":\"december-4-2015-smb-selection-meeting-minutes\",\"postDate\":1494453207,\"expiryDate\":null,\"enabled\":1,\"parentId\":null,\"fields\":{\"48\":{\"date\":\"12\\/4\\/2015\"},\"49\":[\"215\"]}}', '2017-05-10 21:53:27', '2017-05-10 21:53:27', 'e8cf75d8-d2c3-4622-bbf4-6bf4dcc9c799'),
 ('297', '218', '23', '1', 'en_us', '1', '', '{\"typeId\":null,\"authorId\":\"1\",\"title\":\"January 22, 2016 Special Meeting Minutes\",\"slug\":\"january-22-2016-special-meeting-minutes\",\"postDate\":1494453339,\"expiryDate\":null,\"enabled\":1,\"parentId\":null,\"fields\":{\"48\":{\"date\":\"1\\/22\\/2016\"},\"49\":[\"217\"]}}', '2017-05-10 21:55:39', '2017-05-10 21:55:39', '4ca727bb-a1b7-4ec4-be87-eb0e5dedddb7'),
 ('298', '19', '4', '1', 'en_us', '8', '', '{\"typeId\":\"4\",\"authorId\":\"1\",\"title\":\"Black Squirrel Radio\",\"slug\":\"black-squirrel-radio\",\"postDate\":1488483960,\"expiryDate\":null,\"enabled\":1,\"parentId\":null,\"fields\":{\"31\":\"\",\"1\":\"<p>Black Squirrel Radio is a\\r\\nstudent-run radio station committed to providing innovative media content\\r\\ninspired by the community of Kent, Ohio, dedicated to professionalism,\\r\\nintegrity, creativity, and diversity. Black Squirrel Radio is dedicated to\\r\\nproviding professional industry experience while continuing to be a platform\\r\\nfor experimental programming. Through alternative media content, we aim to grow\\r\\nour audience by becoming the destination for students and alumni to remember\\r\\nwhat was and experience what is college life in Kent, Ohio.<\\/p>\",\"36\":\"1\",\"13\":[\"88\"],\"14\":[\"47\"],\"29\":\"Black Squirrel Radio (BSR) is the student-run radio station on Kent State\\u2019s campus and provides innovative media content inspired by the community of Kent, Ohio.\",\"26\":{\"156\":{\"type\":\"socialMediaBlock\",\"enabled\":\"1\",\"fields\":{\"socialName\":\"instagram\",\"address\":\"https:\\/\\/www.instagram.com\\/bsrkent\\/\"}},\"157\":{\"type\":\"socialMediaBlock\",\"enabled\":\"1\",\"fields\":{\"socialName\":\"twitter\",\"address\":\" https:\\/\\/twitter.com\\/BSRKent\"}},\"158\":{\"type\":\"socialMediaBlock\",\"enabled\":\"1\",\"fields\":{\"socialName\":\"facebook\",\"address\":\"https:\\/\\/www.facebook.com\\/blacksquirrelradio\\/\"}},\"159\":{\"type\":\"socialMediaBlock\",\"enabled\":\"1\",\"fields\":{\"socialName\":\"website\",\"address\":\"http:\\/\\/blacksquirrelradio.com\\/\"}}}}}', '2017-05-10 22:10:38', '2017-05-10 22:10:38', '0e5d6d36-212e-4665-80a6-f793ee5b5b15'),
 ('299', '21', '4', '1', 'en_us', '9', '', '{\"typeId\":\"4\",\"authorId\":\"1\",\"title\":\"Fusion Magazine\",\"slug\":\"fusion-magazine\",\"postDate\":1488483960,\"expiryDate\":null,\"enabled\":1,\"parentId\":null,\"fields\":{\"31\":\"\",\"1\":\"<p>Fusion is Kent State University\'s LGBTQ magazine. We publish news, entertainment, opinions and interviews for and about the LGBTQ community. Each spring, we release a print issue and we regularly update our website year-round. <\\/p>\\r\\n<p>Our mission is to promote equality, education and community through journalism. When Fusion was founded, in 2003, marriage equality was not yet legal anywhere in the United States and laws against consensual sex between gay men were overturned that year. LGBTQ rights have significantly advanced since trans women, drag queens and street kids fought back against police violence in 1959. But the community, particularly trans people and people of color, still face substantial adversity. Journalism and storytelling helps humanize the community and its struggle. By publicizing their perspectives and experiences, Fusion helps demonstrate why LGBTQ people need an equal place in society.<\\/p>\",\"36\":\"1\",\"13\":[\"170\"],\"14\":[\"49\"],\"29\":\"Fusion is Kent State\'s lesbian, gay, bisexual, transgender and queer\\/questioning student advocacy and entertainment magazine.\",\"26\":{\"137\":{\"type\":\"socialMediaBlock\",\"enabled\":\"1\",\"fields\":{\"socialName\":\"twitter\",\"address\":\"https:\\/\\/twitter.com\\/ohiofusion\"}},\"138\":{\"type\":\"socialMediaBlock\",\"enabled\":\"1\",\"fields\":{\"socialName\":\"facebook\",\"address\":\"https:\\/\\/facebook.com\\/ohiofusion\\/\"}},\"139\":{\"type\":\"socialMediaBlock\",\"enabled\":\"1\",\"fields\":{\"socialName\":\"website\",\"address\":\"http:\\/\\/ohiofusion.com\\/\"}}}}}', '2017-05-10 22:11:30', '2017-05-10 22:11:30', 'e3290389-1ce5-4e48-ba21-fb1ac6aa0b75'),
 ('300', '23', '4', '1', 'en_us', '10', '', '{\"typeId\":\"4\",\"authorId\":\"1\",\"title\":\"KentWired\",\"slug\":\"kentwired\",\"postDate\":1488484080,\"expiryDate\":null,\"enabled\":1,\"parentId\":null,\"fields\":{\"31\":\"\",\"1\":\"<p><span class=\\\"panel-inner-wrap clearfix\\\">KentWired.com is the hub of all Kent State Student Media. Featuring top news, entertainment, community and campus news, sports and video, KentWired is the place to turn to for everything Kent. The site also features&nbsp; classifieds, daily podcasts, newscasts and live streams to TV2 and Black Squirrel Radio. KentWired is also the key source to news over the summer months.<\\/span><\\/p>\",\"36\":\"1\",\"13\":\"\",\"14\":\"\",\"29\":\"KentWired.com is a news organization that holds content created by students working in student media at Kent State University. \",\"26\":{\"149\":{\"type\":\"socialMediaBlock\",\"enabled\":\"1\",\"fields\":{\"socialName\":\"instagram\",\"address\":\"https:\\/\\/www.instagram.com\\/kentwired\\/\"}},\"150\":{\"type\":\"socialMediaBlock\",\"enabled\":\"1\",\"fields\":{\"socialName\":\"twitter\",\"address\":\"https:\\/\\/twitter.com\\/kentwired\"}},\"151\":{\"type\":\"socialMediaBlock\",\"enabled\":\"1\",\"fields\":{\"socialName\":\"facebook\",\"address\":\"https:\\/\\/www.facebook.com\\/KentWired\\/\"}},\"152\":{\"type\":\"socialMediaBlock\",\"enabled\":\"1\",\"fields\":{\"socialName\":\"website\",\"address\":\"http:\\/\\/www.kentwired.com\\/\"}}}}}', '2017-05-10 22:14:05', '2017-05-10 22:14:05', '2919d64d-ceab-4aaf-9dbd-79983493f777'),
 ('301', '19', '4', '1', 'en_us', '9', '', '{\"typeId\":\"4\",\"authorId\":\"1\",\"title\":\"Black Squirrel Radio\",\"slug\":\"black-squirrel-radio\",\"postDate\":1488483960,\"expiryDate\":null,\"enabled\":1,\"parentId\":null,\"fields\":{\"31\":\"\",\"1\":\"<p>Black Squirrel Radio is a\\r\\nstudent-run radio station committed to providing innovative media content\\r\\ninspired by the community of Kent, Ohio, dedicated to professionalism,\\r\\nintegrity, creativity, and diversity. Black Squirrel Radio is dedicated to\\r\\nproviding professional industry experience while continuing to be a platform\\r\\nfor experimental programming. Through alternative media content, we aim to grow\\r\\nour audience by becoming the destination for students and alumni to remember\\r\\nwhat was and experience what is college life in Kent, Ohio.<\\/p>\",\"36\":\"1\",\"13\":[\"219\"],\"14\":[\"47\"],\"29\":\"Black Squirrel Radio (BSR) is the student-run radio station on Kent State\\u2019s campus and provides innovative media content inspired by the community of Kent, Ohio.\",\"26\":{\"156\":{\"type\":\"socialMediaBlock\",\"enabled\":\"1\",\"fields\":{\"socialName\":\"instagram\",\"address\":\"https:\\/\\/www.instagram.com\\/bsrkent\\/\"}},\"157\":{\"type\":\"socialMediaBlock\",\"enabled\":\"1\",\"fields\":{\"socialName\":\"twitter\",\"address\":\" https:\\/\\/twitter.com\\/BSRKent\"}},\"158\":{\"type\":\"socialMediaBlock\",\"enabled\":\"1\",\"fields\":{\"socialName\":\"facebook\",\"address\":\"https:\\/\\/www.facebook.com\\/blacksquirrelradio\\/\"}},\"159\":{\"type\":\"socialMediaBlock\",\"enabled\":\"1\",\"fields\":{\"socialName\":\"website\",\"address\":\"http:\\/\\/blacksquirrelradio.com\\/\"}}}}}', '2017-05-10 23:50:52', '2017-05-10 23:50:52', '49340cd3-a597-4edb-aa1c-b95bed1c7e75'),
 ('302', '21', '4', '1', 'en_us', '10', '', '{\"typeId\":\"4\",\"authorId\":\"1\",\"title\":\"Fusion Magazine\",\"slug\":\"fusion-magazine\",\"postDate\":1488483960,\"expiryDate\":null,\"enabled\":1,\"parentId\":null,\"fields\":{\"31\":\"\",\"1\":\"<p>Fusion is Kent State University\'s LGBTQ magazine. We publish news, entertainment, opinions and interviews for and about the LGBTQ community. Each spring, we release a print issue and we regularly update our website year-round. <\\/p>\\r\\n<p>Our mission is to promote equality, education and community through journalism. When Fusion was founded, in 2003, marriage equality was not yet legal anywhere in the United States and laws against consensual sex between gay men were overturned that year. LGBTQ rights have significantly advanced since trans women, drag queens and street kids fought back against police violence in 1959. But the community, particularly trans people and people of color, still face substantial adversity. Journalism and storytelling helps humanize the community and its struggle. By publicizing their perspectives and experiences, Fusion helps demonstrate why LGBTQ people need an equal place in society.<\\/p>\",\"36\":\"1\",\"13\":[\"220\",\"170\"],\"14\":[\"49\"],\"29\":\"Fusion is Kent State\'s lesbian, gay, bisexual, transgender and queer\\/questioning student advocacy and entertainment magazine.\",\"26\":{\"137\":{\"type\":\"socialMediaBlock\",\"enabled\":\"1\",\"fields\":{\"socialName\":\"twitter\",\"address\":\"https:\\/\\/twitter.com\\/ohiofusion\"}},\"138\":{\"type\":\"socialMediaBlock\",\"enabled\":\"1\",\"fields\":{\"socialName\":\"facebook\",\"address\":\"https:\\/\\/facebook.com\\/ohiofusion\\/\"}},\"139\":{\"type\":\"socialMediaBlock\",\"enabled\":\"1\",\"fields\":{\"socialName\":\"website\",\"address\":\"http:\\/\\/ohiofusion.com\\/\"}}}}}', '2017-05-10 23:51:51', '2017-05-10 23:51:51', '83d1779c-e6a5-460f-a265-cf1358f1b467'),
 ('303', '21', '4', '1', 'en_us', '11', '', '{\"typeId\":\"4\",\"authorId\":\"1\",\"title\":\"Fusion Magazine\",\"slug\":\"fusion-magazine\",\"postDate\":1488483960,\"expiryDate\":null,\"enabled\":1,\"parentId\":null,\"fields\":{\"31\":\"\",\"1\":\"<p>Fusion is Kent State University\'s LGBTQ magazine. We publish news, entertainment, opinions and interviews for and about the LGBTQ community. Each spring, we release a print issue and we regularly update our website year-round. <\\/p>\\r\\n<p>Our mission is to promote equality, education and community through journalism. When Fusion was founded, in 2003, marriage equality was not yet legal anywhere in the United States and laws against consensual sex between gay men were overturned that year. LGBTQ rights have significantly advanced since trans women, drag queens and street kids fought back against police violence in 1959. But the community, particularly trans people and people of color, still face substantial adversity. Journalism and storytelling helps humanize the community and its struggle. By publicizing their perspectives and experiences, Fusion helps demonstrate why LGBTQ people need an equal place in society.<\\/p>\",\"36\":\"1\",\"13\":[\"170\",\"220\"],\"14\":[\"49\"],\"29\":\"Fusion is Kent State\'s lesbian, gay, bisexual, transgender and queer\\/questioning student advocacy and entertainment magazine.\",\"26\":{\"137\":{\"type\":\"socialMediaBlock\",\"enabled\":\"1\",\"fields\":{\"socialName\":\"twitter\",\"address\":\"https:\\/\\/twitter.com\\/ohiofusion\"}},\"138\":{\"type\":\"socialMediaBlock\",\"enabled\":\"1\",\"fields\":{\"socialName\":\"facebook\",\"address\":\"https:\\/\\/facebook.com\\/ohiofusion\\/\"}},\"139\":{\"type\":\"socialMediaBlock\",\"enabled\":\"1\",\"fields\":{\"socialName\":\"website\",\"address\":\"http:\\/\\/ohiofusion.com\\/\"}}}}}', '2017-05-10 23:52:51', '2017-05-10 23:52:51', 'b3c2c968-6229-4b36-ac02-2613e56b5f42'),
 ('304', '20', '4', '1', 'en_us', '8', '', '{\"typeId\":\"4\",\"authorId\":\"1\",\"title\":\"TV2\",\"slug\":\"tv2\",\"postDate\":1488483960,\"expiryDate\":null,\"enabled\":1,\"parentId\":null,\"fields\":{\"31\":[\"42\"],\"1\":\"<p>TV2 is Kent State\'s award winning television station that strives to be Truly Portage County. From local news and sports to entertainment buzz and important social issues surrounding the region, TV2 covers the Kent State and Portage County area like no other television station can, while educating and preparing students for the future.<\\/p>\",\"36\":\"1\",\"13\":[\"221\"],\"14\":[\"55\"],\"29\":\"TV2 is Kent State\'s award winning television station that strives to be Truly Portage County.\",\"26\":{\"153\":{\"type\":\"socialMediaBlock\",\"enabled\":\"1\",\"fields\":{\"socialName\":\"instagram\",\"address\":\"https:\\/\\/www.instagram.com\\/tv2ksu\\/\"}},\"154\":{\"type\":\"socialMediaBlock\",\"enabled\":\"1\",\"fields\":{\"socialName\":\"twitter\",\"address\":\"https:\\/\\/twitter.com\\/TV2KSU\"}},\"155\":{\"type\":\"socialMediaBlock\",\"enabled\":\"1\",\"fields\":{\"socialName\":\"facebook\",\"address\":\"https:\\/\\/www.facebook.com\\/tv2ksu\\/\"}}}}}', '2017-05-10 23:55:03', '2017-05-10 23:55:03', '55a1a557-eef5-4220-9a8e-c32afb676d16'),
 ('305', '20', '4', '1', 'en_us', '9', '', '{\"typeId\":\"4\",\"authorId\":\"1\",\"title\":\"TV2\",\"slug\":\"tv2\",\"postDate\":1488483960,\"expiryDate\":null,\"enabled\":1,\"parentId\":null,\"fields\":{\"31\":[\"42\"],\"1\":\"<p>TV2 is Kent State\'s award winning television station that strives to be Truly Portage County. From local news and sports to entertainment buzz and important social issues surrounding the region, TV2 covers the Kent State and Portage County area like no other television station can, while educating and preparing students for the future.<\\/p>\",\"36\":\"1\",\"13\":[\"221\"],\"14\":[\"55\"],\"29\":\"TV2 is Kent State\'s award winning television station that strives to be Truly Portage County.\",\"26\":{\"153\":{\"type\":\"socialMediaBlock\",\"enabled\":\"1\",\"fields\":{\"socialName\":\"instagram\",\"address\":\"https:\\/\\/www.instagram.com\\/tv2ksu\\/\"}},\"154\":{\"type\":\"socialMediaBlock\",\"enabled\":\"1\",\"fields\":{\"socialName\":\"twitter\",\"address\":\"https:\\/\\/twitter.com\\/TV2KSU\"}},\"155\":{\"type\":\"socialMediaBlock\",\"enabled\":\"1\",\"fields\":{\"socialName\":\"facebook\",\"address\":\"https:\\/\\/www.facebook.com\\/tv2ksu\\/\"}}}}}', '2017-05-10 23:55:44', '2017-05-10 23:55:44', '8f86ab9f-0c96-481a-b496-1cebc7f4c0aa'),
 ('306', '24', '4', '1', 'en_us', '9', '', '{\"typeId\":\"4\",\"authorId\":\"1\",\"title\":\"Luna Negra\",\"slug\":\"luna-negra\",\"postDate\":1488484140,\"expiryDate\":null,\"enabled\":1,\"parentId\":null,\"fields\":{\"31\":[\"68\"],\"1\":\"<p>Luna Negra, though sometimes under different names, has been around since 1956. It began under the English department, where it found its footing within the campus\\u2019s cultural atmosphere. Since then, the publication has been a staple of the university, witnessing the path Kent State has taken through the decades. We have published works describing the culture of collegiate 1950s, the Kent State shootings, and 9\\/11; the literary pieces published by Luna Negra, written by the students themselves, have chronicled every major cultural and historical event of America. Since its inception, and still to today, Luna Negra is run by students and filled with student content. We strive to foster creative activity across campus, and seek to be the keeper and encourager of the student body\\u2019s creative spirit.\\r\\n      <\\/p>\",\"54\":\"\",\"4\":\"\",\"36\":\"1\",\"6\":\"\",\"13\":[\"90\"],\"8\":\"\",\"7\":\"\",\"14\":[\"53\"],\"10\":\"\",\"29\":\"Luna Negra is Kent State\\u2019s literary student magazine that publishes a blend of poetry, prose, photography and illustration. \",\"26\":{\"129\":{\"type\":\"socialMediaBlock\",\"enabled\":\"1\",\"fields\":{\"socialName\":\"facebook\",\"address\":\"https:\\/\\/www.facebook.com\\/lunanegramag\\/\"}},\"130\":{\"type\":\"socialMediaBlock\",\"enabled\":\"1\",\"fields\":{\"socialName\":\"instagram\",\"address\":\"https:\\/\\/www.instagram.com\\/lunanegramagazine\\/\"}},\"131\":{\"type\":\"socialMediaBlock\",\"enabled\":\"1\",\"fields\":{\"socialName\":\"twitter\",\"address\":\"https:\\/\\/twitter.com\\/lunanegramag\"}},\"132\":{\"type\":\"socialMediaBlock\",\"enabled\":\"1\",\"fields\":{\"socialName\":\"website\",\"address\":\"http:\\/\\/www.lunanegramag.com\\/\"}}},\"21\":\"\"}}', '2017-05-11 02:31:55', '2017-05-11 02:31:55', '0c8c05e5-674e-407e-83ee-a00a8c6b24ab'),
 ('307', '24', '4', '1', 'en_us', '10', '', '{\"typeId\":\"4\",\"authorId\":\"1\",\"title\":\"Luna Negra\",\"slug\":\"luna-negra\",\"postDate\":1488484140,\"expiryDate\":null,\"enabled\":1,\"parentId\":null,\"fields\":{\"31\":[\"68\"],\"1\":\"<p>Luna Negra, though sometimes under different names, has been around since 1956. It began under the English department, where it found its footing within the campus\\u2019s cultural atmosphere. Since then, the publication has been a staple of the university, witnessing the path Kent State has taken through the decades. We have published works describing the culture of collegiate 1950s, the Kent State shootings, and 9\\/11; the literary pieces published by Luna Negra, written by the students themselves, have chronicled every major cultural and historical event of America. Since its inception, and still to today, Luna Negra is run by students and filled with student content. We strive to foster creative activity across campus and seek to be the keeper and encourager of the student body\\u2019s creative spirit.\\r\\n      <\\/p>\",\"54\":\"\",\"4\":\"\",\"36\":\"1\",\"6\":\"\",\"13\":[\"90\"],\"8\":\"\",\"7\":\"\",\"14\":[\"53\"],\"10\":\"\",\"29\":\"Luna Negra is Kent State\\u2019s literary student magazine that publishes a blend of poetry, prose, photography and illustration. \",\"26\":{\"129\":{\"type\":\"socialMediaBlock\",\"enabled\":\"1\",\"fields\":{\"socialName\":\"facebook\",\"address\":\"https:\\/\\/www.facebook.com\\/lunanegramag\\/\"}},\"130\":{\"type\":\"socialMediaBlock\",\"enabled\":\"1\",\"fields\":{\"socialName\":\"instagram\",\"address\":\"https:\\/\\/www.instagram.com\\/lunanegramagazine\\/\"}},\"131\":{\"type\":\"socialMediaBlock\",\"enabled\":\"1\",\"fields\":{\"socialName\":\"twitter\",\"address\":\"https:\\/\\/twitter.com\\/lunanegramag\"}},\"132\":{\"type\":\"socialMediaBlock\",\"enabled\":\"1\",\"fields\":{\"socialName\":\"website\",\"address\":\"http:\\/\\/www.lunanegramag.com\\/\"}}},\"21\":\"\"}}', '2017-05-11 02:32:45', '2017-05-11 02:32:45', '9856a185-4ebd-4e62-8aae-4887267acd89'),
 ('308', '20', '4', '1', 'en_us', '10', '', '{\"typeId\":\"4\",\"authorId\":\"1\",\"title\":\"TV2\",\"slug\":\"tv2\",\"postDate\":1488483960,\"expiryDate\":null,\"enabled\":1,\"parentId\":null,\"fields\":{\"31\":[\"42\"],\"1\":\"<p>TV2 is Kent State\'s award winning television station that strives to be Truly Portage County. From local news and sports to entertainment buzz and important social issues surrounding the region, TV2 covers the Kent State and Portage County area like no other television station can, while educating and preparing students for the future.<\\/p>\",\"54\":\"\",\"4\":\"\",\"36\":\"1\",\"6\":\"\",\"13\":[\"221\"],\"8\":\"\",\"7\":\"\",\"14\":[\"55\"],\"10\":\"\",\"29\":\"TV2 is Kent State\'s award winning television station that strives to be Truly Portage County.\",\"26\":{\"153\":{\"type\":\"socialMediaBlock\",\"enabled\":\"1\",\"fields\":{\"socialName\":\"instagram\",\"address\":\"https:\\/\\/www.instagram.com\\/tv2ksu\\/\"}},\"154\":{\"type\":\"socialMediaBlock\",\"enabled\":\"1\",\"fields\":{\"socialName\":\"twitter\",\"address\":\"https:\\/\\/twitter.com\\/TV2KSU\"}},\"155\":{\"type\":\"socialMediaBlock\",\"enabled\":\"1\",\"fields\":{\"socialName\":\"facebook\",\"address\":\"https:\\/\\/www.facebook.com\\/tv2ksu\\/\"}},\"new1\":{\"type\":\"socialMediaBlock\",\"enabled\":\"1\",\"fields\":{\"socialName\":\"website\",\"address\":\"http:\\/\\/www.kentwired.com\\/tv2\\/\"}}},\"21\":\"\"}}', '2017-05-11 02:34:14', '2017-05-11 02:34:14', '8a088142-66cf-4d94-a452-62d7b2298560'),
 ('309', '24', '4', '1', 'en_us', '11', '', '{\"typeId\":\"4\",\"authorId\":\"1\",\"title\":\"Luna Negra\",\"slug\":\"luna-negra\",\"postDate\":1488484140,\"expiryDate\":null,\"enabled\":1,\"parentId\":null,\"fields\":{\"31\":[\"68\"],\"1\":\"<p>Luna Negra, though sometimes under different names, has been around since 1956. It began under the English department, where it found its footing within the campus\\u2019s cultural atmosphere. Since then, the publication has been a staple of the university, witnessing the path Kent State has taken through the decades. We have published works describing the culture of collegiate 1950s, the Kent State shootings, and 9\\/11; the literary pieces published by Luna Negra, written by the students themselves, have chronicled every major cultural and historical event of America. Since its inception, and still to today, Luna Negra is run by students and filled with student content. We strive to foster creative activity across campus and seek to be the keeper and encourager of the student body\\u2019s creative spirit.<\\/p>\",\"54\":\"\",\"4\":\"\",\"36\":\"1\",\"6\":\"\",\"13\":[\"90\"],\"8\":\"\",\"7\":\"\",\"14\":[\"53\"],\"10\":\"\",\"29\":\"Luna Negra is Kent State\\u2019s literary student magazine that publishes a blend of poetry, prose, photography and illustration. \",\"26\":{\"129\":{\"type\":\"socialMediaBlock\",\"enabled\":\"1\",\"fields\":{\"socialName\":\"facebook\",\"address\":\"https:\\/\\/www.facebook.com\\/lunanegramag\\/\"}},\"130\":{\"type\":\"socialMediaBlock\",\"enabled\":\"1\",\"fields\":{\"socialName\":\"instagram\",\"address\":\"https:\\/\\/www.instagram.com\\/lunanegramagazine\\/\"}},\"131\":{\"type\":\"socialMediaBlock\",\"enabled\":\"1\",\"fields\":{\"socialName\":\"twitter\",\"address\":\"https:\\/\\/twitter.com\\/lunanegramag\"}},\"132\":{\"type\":\"socialMediaBlock\",\"enabled\":\"1\",\"fields\":{\"socialName\":\"website\",\"address\":\"http:\\/\\/www.lunanegramag.com\\/\"}}},\"21\":\"\"}}', '2017-05-11 02:35:52', '2017-05-11 02:35:52', '903476b1-09a6-410b-95bd-4206c175bcef'),
 ('310', '24', '4', '1', 'en_us', '12', '', '{\"typeId\":\"4\",\"authorId\":\"1\",\"title\":\"Luna Negra\",\"slug\":\"luna-negra\",\"postDate\":1488484140,\"expiryDate\":null,\"enabled\":1,\"parentId\":null,\"fields\":{\"31\":[\"68\"],\"1\":\"<p>Luna Negra, though sometimes under different names, has been around since 1956. It began under the English department, where it found its footing within the campus\\u2019s cultural atmosphere. Since then, the publication has been a staple of the university, witnessing the path Kent State has taken through the decades. We have published works describing the culture of collegiate 1950s, the Kent State shootings, and 9\\/11; the literary pieces published by Luna Negra, written by the students themselves, have chronicled every major cultural and historical event of America. Since its inception, and still to today, Luna Negra is run by students and filled with student content. We strive to foster creative activity across campus and seek to be the keeper and encourager of the student body\\u2019s creative spirit.<\\/p>\",\"54\":\"\",\"4\":\"\",\"36\":\"1\",\"6\":\"\",\"13\":[\"90\"],\"8\":\"\",\"7\":\"\",\"14\":[\"53\"],\"10\":\"\",\"29\":\"Luna Negra is Kent State\\u2019s literary student magazine that publishes a blend of poetry, prose, photography and illustration. \",\"26\":{\"129\":{\"type\":\"socialMediaBlock\",\"enabled\":\"1\",\"fields\":{\"socialName\":\"facebook\",\"address\":\"https:\\/\\/www.facebook.com\\/lunanegramag\\/\"}},\"130\":{\"type\":\"socialMediaBlock\",\"enabled\":\"1\",\"fields\":{\"socialName\":\"instagram\",\"address\":\"https:\\/\\/www.instagram.com\\/lunanegramagazine\\/\"}},\"131\":{\"type\":\"socialMediaBlock\",\"enabled\":\"1\",\"fields\":{\"socialName\":\"twitter\",\"address\":\"https:\\/\\/twitter.com\\/lunanegramag\"}},\"132\":{\"type\":\"socialMediaBlock\",\"enabled\":\"1\",\"fields\":{\"socialName\":\"website\",\"address\":\"http:\\/\\/www.lunanegramag.com\\/\"}}},\"21\":\"\"}}', '2017-05-11 02:36:17', '2017-05-11 02:36:17', '5ddffa7b-2908-473c-a9e3-2d89a3e5d20a'),
 ('311', '22', '4', '1', 'en_us', '6', '', '{\"typeId\":\"4\",\"authorId\":\"1\",\"title\":\"Uhuru\",\"slug\":\"uhuru\",\"postDate\":1488483960,\"expiryDate\":null,\"enabled\":1,\"parentId\":null,\"fields\":{\"31\":[\"68\"],\"1\":\"<p>Uhuru is an award-winning magazine that aims to promote innovation, creativity, and culture through the voice of marginalized students on the Kent State University campus. Having a history of pan-African teachings and values, Uhuru magazine focuses on the plight of all students around the globe.\\r\\n  <\\/p>\\r\\n<p>Uhuru, which is Kiswahili for \\u2018freedom,\\u2019 serves as a platform for student creation and expression in art, writing, photography&nbsp;and graphic design, while discussing racial, social and\\/or political ignorance.\\r\\n      <\\/p>\",\"54\":\"\",\"4\":\"\",\"36\":\"1\",\"6\":\"\",\"13\":\"\",\"8\":\"\",\"7\":\"\",\"14\":[\"56\"],\"10\":\"\",\"29\":\"Uhuru is the magazine that promotes innovation, creativity and culture through the voice of marginalized students at Kent State.\",\"26\":{\"133\":{\"type\":\"socialMediaBlock\",\"enabled\":\"1\",\"fields\":{\"socialName\":\"instagram\",\"address\":\"https:\\/\\/www.instagram.com\\/uhurumag\\/\"}},\"134\":{\"type\":\"socialMediaBlock\",\"enabled\":\"1\",\"fields\":{\"socialName\":\"twitter\",\"address\":\"https:\\/\\/twitter.com\\/UhuruMag\"}},\"135\":{\"type\":\"socialMediaBlock\",\"enabled\":\"1\",\"fields\":{\"socialName\":\"facebook\",\"address\":\"https:\\/\\/facebook.com\\/uhurumagazine\\/\"}},\"136\":{\"type\":\"socialMediaBlock\",\"enabled\":\"1\",\"fields\":{\"socialName\":\"website\",\"address\":\"Uhurumag.com\"}}},\"21\":\"\"}}', '2017-05-11 02:37:24', '2017-05-11 02:37:24', 'f87498d8-0717-4cbf-91a9-0c704b004052'),
 ('312', '25', '4', '1', 'en_us', '10', '', '{\"typeId\":\"4\",\"authorId\":\"1\",\"title\":\"KSU Independent Films\",\"slug\":\"ksu-independent-films\",\"postDate\":1488484140,\"expiryDate\":null,\"enabled\":1,\"parentId\":null,\"fields\":{\"31\":\"\",\"1\":\"<p>Kent State University Independent Films (KSUIF) is an organization fueled by students\\u2019 passion for film. In 2008, professors Traci E. Williams and David Smeltzer collaborated to create this wonderful program, which is designed to give students real-world film experience. Today, nearly 500 people are currently involved in the organization.<\\/p>\",\"54\":\"\",\"4\":\"us@kent.edu\",\"36\":\"1\",\"6\":\"Rob\",\"13\":\"\",\"8\":\"\",\"7\":\"Flash\",\"14\":[\"52\"],\"10\":\"330-672-6541\",\"29\":\"Kent State University Independent Films (KSUIF) is a student-run production company that teaches, inspires and prepares filmmakers for the real-world industry. \",\"26\":{\"37\":{\"type\":\"socialMediaBlock\",\"enabled\":\"1\",\"fields\":{\"socialName\":\"twitter\",\"address\":\"http:\\/\\/www.twitter.com\\/ksuif\"}},\"new2\":{\"type\":\"socialMediaBlock\",\"enabled\":\"1\",\"fields\":{\"socialName\":\"facebook\",\"address\":\"https:\\/\\/www.facebook.com\\/ksuindependentfilms\\/\"}},\"new1\":{\"type\":\"socialMediaBlock\",\"enabled\":\"1\",\"fields\":{\"socialName\":\"website\",\"address\":\"http:\\/\\/kentstatefilms.com\\/\"}}},\"21\":\"\"}}', '2017-05-11 02:41:50', '2017-05-11 02:41:50', '84a19f4d-a108-489d-b582-1347705b1e29'),
 ('313', '25', '4', '1', 'en_us', '11', '', '{\"typeId\":\"4\",\"authorId\":\"1\",\"title\":\"KSU Independent Films\",\"slug\":\"ksu-independent-films\",\"postDate\":1488484140,\"expiryDate\":null,\"enabled\":1,\"parentId\":null,\"fields\":{\"31\":\"\",\"1\":\"<p>Kent State University Independent Films (KSUIF) is an organization fueled by students\\u2019 passion for film. In 2008, professors Traci E. Williams and David Smeltzer collaborated to create this wonderful program, which is designed to give students real-world film experience. Today, nearly 500 people are currently involved in the organization.<\\/p>\",\"54\":\"\",\"4\":\"kentstatefilms@gmail.com\",\"36\":\"1\",\"6\":\"Erica\",\"13\":\"\",\"8\":\"Student Leader\",\"7\":\"Collins\",\"14\":[\"52\"],\"10\":\"330-672-8198\",\"29\":\"Kent State University Independent Films (KSUIF) is a student-run production company that teaches, inspires and prepares filmmakers for the real-world industry. \",\"26\":{\"37\":{\"type\":\"socialMediaBlock\",\"enabled\":\"1\",\"fields\":{\"socialName\":\"twitter\",\"address\":\"http:\\/\\/www.twitter.com\\/ksuif\"}},\"225\":{\"type\":\"socialMediaBlock\",\"enabled\":\"1\",\"fields\":{\"socialName\":\"facebook\",\"address\":\"https:\\/\\/www.facebook.com\\/ksuindependentfilms\\/\"}},\"226\":{\"type\":\"socialMediaBlock\",\"enabled\":\"1\",\"fields\":{\"socialName\":\"website\",\"address\":\"http:\\/\\/kentstatefilms.com\\/\"}}},\"21\":\"\"}}', '2017-05-11 02:46:44', '2017-05-11 02:46:44', '73ee442a-0087-497f-8d28-8008c8d7edb0'),
 ('314', '25', '4', '1', 'en_us', '12', '', '{\"typeId\":\"4\",\"authorId\":\"1\",\"title\":\"KSU Independent Films\",\"slug\":\"ksu-independent-films\",\"postDate\":1488484140,\"expiryDate\":null,\"enabled\":1,\"parentId\":null,\"fields\":{\"31\":\"\",\"1\":\"<p>Kent State University Independent Films (KSUIF) is an organization fueled by students\\u2019 passion for film. In 2008, professors Traci E. Williams and David Smeltzer collaborated to create this wonderful program, which is designed to give students real-world film experience. Today, nearly 500 people are currently involved in the organization.<\\/p>\",\"54\":\"\",\"4\":\"kentstatefilms@gmail.com\",\"36\":\"1\",\"6\":\"Erica\",\"13\":\"\",\"8\":\"Student Leader\",\"7\":\"Collins\",\"14\":[\"52\"],\"10\":\"330-672-8198\",\"29\":\"Kent State University Independent Films (KSUIF) is a student-run production company that teaches, inspires and prepares filmmakers for the real-world industry. \",\"26\":{\"37\":{\"type\":\"socialMediaBlock\",\"enabled\":\"1\",\"fields\":{\"socialName\":\"twitter\",\"address\":\"http:\\/\\/www.twitter.com\\/ksuif\"}},\"225\":{\"type\":\"socialMediaBlock\",\"enabled\":\"1\",\"fields\":{\"socialName\":\"facebook\",\"address\":\"https:\\/\\/www.facebook.com\\/ksuindependentfilms\\/\"}},\"226\":{\"type\":\"socialMediaBlock\",\"enabled\":\"1\",\"fields\":{\"socialName\":\"website\",\"address\":\"http:\\/\\/kentstatefilms.com\\/\"}}},\"21\":\"\"}}', '2017-05-11 02:46:47', '2017-05-11 02:46:47', 'e15b3ad3-8439-49c1-a328-e923e458f6cd'),
 ('315', '10', '4', '1', 'en_us', '14', '', '{\"typeId\":\"4\",\"authorId\":\"1\",\"title\":\"A Magazine\",\"slug\":\"a-magazine\",\"postDate\":1487886960,\"expiryDate\":null,\"enabled\":1,\"parentId\":null,\"fields\":{\"31\":[\"68\"],\"1\":\"<p>A Magazine is Kent State\'s publication for all things fashion, beauty and culture on campus and beyond. A focuses on both women\'s and men\'s fashion and has companion website that is updated regularly, providing students with the latest fashion industry and more. It is distributed at Kent State and the Fashion School\\u2019s New York studio.<br><\\/p>\",\"54\":\"\",\"4\":\"amagksu@gmail.com\",\"36\":\"1\",\"6\":\"Payton\",\"13\":\"\",\"8\":\"Student Leader\",\"7\":\"Moore\",\"14\":[\"46\"],\"10\":\"\",\"29\":\"A Magazine is Kent State\\u2019s student-run fashion magazine and is the hub for all things fashion, beauty and culture related.\",\"26\":{\"140\":{\"type\":\"socialMediaBlock\",\"enabled\":\"1\",\"fields\":{\"socialName\":\"instagram\",\"address\":\"https:\\/\\/www.instagram.com\\/amagksu\\/\"}},\"141\":{\"type\":\"socialMediaBlock\",\"enabled\":\"1\",\"fields\":{\"socialName\":\"twitter\",\"address\":\"https:\\/\\/twitter.com\\/AMagKSU\"}},\"142\":{\"type\":\"socialMediaBlock\",\"enabled\":\"1\",\"fields\":{\"socialName\":\"facebook\",\"address\":\" http:\\/\\/facebook.com\\/amagksu\\/\"}},\"143\":{\"type\":\"socialMediaBlock\",\"enabled\":\"1\",\"fields\":{\"socialName\":\"website\",\"address\":\"http:\\/\\/theamag.com\\/\"}}},\"21\":\"\"}}', '2017-05-11 02:50:26', '2017-05-11 02:50:26', '10578d76-6634-4269-a876-abafb40d449b'),
 ('316', '15', '4', '1', 'en_us', '10', '', '{\"typeId\":\"4\",\"authorId\":\"1\",\"title\":\"Kent Stater\",\"slug\":\"kent-stater\",\"postDate\":1488208860,\"expiryDate\":null,\"enabled\":1,\"parentId\":null,\"fields\":{\"31\":[\"68\"],\"1\":\"<p>The Kent Stater is an award-winning student-run newspaper. Reaching more than 9,500 people per issue, the Stater keeps the community up-to-date with campus, local and national news, sports and features. The Stater publishes on Monday, Wednesday and Thursday and has a&nbsp;circulation of 6,000 per day. During the summer months, The Kent Stater runs special print issues and the annual Orientation issue to welcome back students. The Kent Stater publishes online with media partner, TV2, at KentWired.com\\r\\n      <\\/p>\",\"54\":\"\",\"4\":\"kentwired@gmail.com\",\"36\":\"1\",\"6\":\"Jimmy\",\"13\":\"\",\"8\":\"Student Leader\",\"7\":\"Miller\",\"14\":[\"51\"],\"10\":\"330-672-2586\",\"29\":\"The Kent Stater is the award-winning, student-run newspaper at Kent State University. \",\"26\":\"\",\"21\":\"\"}}', '2017-05-11 02:53:34', '2017-05-11 02:53:34', 'd72b406d-4743-4224-bf71-c4c473557afb'),
 ('317', '15', '4', '1', 'en_us', '11', '', '{\"typeId\":\"4\",\"authorId\":\"1\",\"title\":\"Kent Stater\",\"slug\":\"kent-stater\",\"postDate\":1488208860,\"expiryDate\":null,\"enabled\":1,\"parentId\":null,\"fields\":{\"31\":[\"68\"],\"1\":\"<p>The Kent Stater is an award-winning student-run newspaper. Reaching more than 9,500 people per issue, the Stater keeps the community up-to-date with campus, local and national news, sports and features. The Stater publishes on Monday, Wednesday and Thursday and has a&nbsp;circulation of 6,000 per day. During the summer months, The Kent Stater runs special print issues and the annual Orientation issue to welcome back students. The Kent Stater publishes online with media partner, TV2, at KentWired.com\\r\\n      <\\/p>\",\"54\":\"\",\"4\":\"kentwired@gmail.com\",\"36\":\"1\",\"6\":\"Jimmy\",\"13\":\"\",\"8\":\"Student Leader\",\"7\":\"Miller\",\"14\":[\"51\"],\"10\":\"330-672-2586\",\"29\":\"The Kent Stater is the award-winning, student-run newspaper at Kent State University. \",\"26\":{\"new1\":{\"type\":\"socialMediaBlock\",\"enabled\":\"1\",\"fields\":{\"socialName\":\"twitter\",\"address\":\" https:\\/\\/twitter.com\\/kentwired\"}},\"new2\":{\"type\":\"socialMediaBlock\",\"enabled\":\"1\",\"fields\":{\"socialName\":\"instagram\",\"address\":\"https:\\/\\/www.instagram.com\\/kentwired\\/\"}},\"new3\":{\"type\":\"socialMediaBlock\",\"enabled\":\"1\",\"fields\":{\"socialName\":\"facebook\",\"address\":\"https:\\/\\/www.facebook.com\\/KentWired\\/\"}},\"new4\":{\"type\":\"socialMediaBlock\",\"enabled\":\"1\",\"fields\":{\"socialName\":\"website\",\"address\":\"http:\\/\\/www.kentwired.com\\/\"}}},\"21\":\"\"}}', '2017-05-11 02:54:26', '2017-05-11 02:54:26', 'b6308675-0768-433d-9d4a-abf1ccbadf7b'),
 ('318', '14', '4', '1', 'en_us', '6', '', '{\"typeId\":\"4\",\"authorId\":\"1\",\"title\":\"The Burr\",\"slug\":\"the-burr\",\"postDate\":1488208860,\"expiryDate\":null,\"enabled\":1,\"parentId\":null,\"fields\":{\"31\":[\"68\"],\"1\":\"<p>The Burr is Kent State University\'s first student magazine. Published once a semester, The Burr looks into current trends, issues and people in Kent and the surrounding communities. Each issue contains a compelling mix of original reporting, in depth issue coverage, profiles and personal essays. The web counterpoint TheBurr.com features online feature stories and multimedia as well as weekly blogs on topics such as relationships, fashion, health and entertainment. The Burr has been producing strong, award-winning journalism since 1986.<\\/p>\",\"54\":\"\",\"4\":\"theburrmagazine@gmail.com\",\"36\":\"1\",\"6\":\"Sammi\",\"13\":\"\",\"8\":\"Student Leader\",\"7\":\"Ickes\",\"14\":[\"48\"],\"10\":\"330-672-2947\",\"29\":\"The Burr is Kent State\\u2019s first student-produced magazine made for those who have made a home in Kent.\",\"26\":{\"145\":{\"type\":\"socialMediaBlock\",\"enabled\":\"1\",\"fields\":{\"socialName\":\"instagram\",\"address\":\"https:\\/\\/www.instagram.com\\/theburrmagazine\\/\"}},\"146\":{\"type\":\"socialMediaBlock\",\"enabled\":\"1\",\"fields\":{\"socialName\":\"twitter\",\"address\":\"https:\\/\\/twitter.com\\/TheBurrMagazine\"}},\"147\":{\"type\":\"socialMediaBlock\",\"enabled\":\"1\",\"fields\":{\"socialName\":\"facebook\",\"address\":\"https:\\/\\/facebook.com\\/theburrmagazine\\/\"}},\"148\":{\"type\":\"socialMediaBlock\",\"enabled\":\"1\",\"fields\":{\"socialName\":\"website\",\"address\":\"http:\\/\\/theburr.com\\/\"}}},\"21\":\"\"}}', '2017-05-11 02:57:04', '2017-05-11 02:57:04', 'f9d1f221-7cd9-42f7-b5e3-1fc69bd19b36'),
 ('319', '22', '4', '1', 'en_us', '7', '', '{\"typeId\":\"4\",\"authorId\":\"1\",\"title\":\"Uhuru\",\"slug\":\"uhuru\",\"postDate\":1488483960,\"expiryDate\":null,\"enabled\":1,\"parentId\":null,\"fields\":{\"31\":[\"68\"],\"1\":\"<p>Uhuru is an award-winning magazine that aims to promote innovation, creativity, and culture through the voice of marginalized students on the Kent State University campus. Having a history of pan-African teachings and values, Uhuru magazine focuses on the plight of all students around the globe.\\r\\n  <\\/p>\\r\\n<p>Uhuru, which is Kiswahili for \\u2018freedom,\\u2019 serves as a platform for student creation and expression in art, writing, photography&nbsp;and graphic design, while discussing racial, social and\\/or political ignorance.\\r\\n      <\\/p>\",\"54\":\"\",\"4\":\"uhurumag1@gmail.com\",\"36\":\"1\",\"6\":\"Sierra\",\"13\":\"\",\"8\":\"Student Leader\",\"7\":\"Allen\",\"14\":[\"56\"],\"10\":\"\",\"29\":\"Uhuru is the magazine that promotes innovation, creativity and culture through the voice of marginalized students at Kent State.\",\"26\":{\"133\":{\"type\":\"socialMediaBlock\",\"enabled\":\"1\",\"fields\":{\"socialName\":\"instagram\",\"address\":\"https:\\/\\/www.instagram.com\\/uhurumag\\/\"}},\"134\":{\"type\":\"socialMediaBlock\",\"enabled\":\"1\",\"fields\":{\"socialName\":\"twitter\",\"address\":\"https:\\/\\/twitter.com\\/UhuruMag\"}},\"135\":{\"type\":\"socialMediaBlock\",\"enabled\":\"1\",\"fields\":{\"socialName\":\"facebook\",\"address\":\"https:\\/\\/facebook.com\\/uhurumagazine\\/\"}},\"136\":{\"type\":\"socialMediaBlock\",\"enabled\":\"1\",\"fields\":{\"socialName\":\"website\",\"address\":\"Uhurumag.com\"}}},\"21\":\"\"}}', '2017-05-11 03:23:58', '2017-05-11 03:23:58', '15eee386-9b31-448c-a1fe-50c23924d7ca'),
 ('320', '21', '4', '1', 'en_us', '12', '', '{\"typeId\":\"4\",\"authorId\":\"1\",\"title\":\"Fusion Magazine\",\"slug\":\"fusion-magazine\",\"postDate\":1488483960,\"expiryDate\":null,\"enabled\":1,\"parentId\":null,\"fields\":{\"31\":[\"68\"],\"1\":\"<p>Fusion is Kent State University\'s LGBTQ magazine. We publish news, entertainment, opinions and interviews for and about the LGBTQ community. Each spring, we release a print issue and we regularly update our website year-round. <\\/p>\\r\\n<p>Our mission is to promote equality, education and community through journalism. When Fusion was founded, in 2003, marriage equality was not yet legal anywhere in the United States and laws against consensual sex between gay men were overturned that year. LGBTQ rights have significantly advanced since trans women, drag queens and street kids fought back against police violence in 1959. But the community, particularly trans people and people of color, still face substantial adversity. Journalism and storytelling helps humanize the community and its struggle. By publicizing their perspectives and experiences, Fusion helps demonstrate why LGBTQ people need an equal place in society.<\\/p>\",\"54\":\"\",\"4\":\"meckhous@kent.edu\",\"36\":\"1\",\"6\":\"MJ\",\"13\":[\"220\"],\"8\":\"Student Leader\",\"7\":\"Eckhouse\",\"14\":[\"49\"],\"10\":\"\",\"29\":\"Fusion is Kent State\'s lesbian, gay, bisexual, transgender and queer\\/questioning student advocacy and entertainment magazine.\",\"26\":{\"137\":{\"type\":\"socialMediaBlock\",\"enabled\":\"1\",\"fields\":{\"socialName\":\"twitter\",\"address\":\"https:\\/\\/twitter.com\\/ohiofusion\"}},\"138\":{\"type\":\"socialMediaBlock\",\"enabled\":\"1\",\"fields\":{\"socialName\":\"facebook\",\"address\":\"https:\\/\\/facebook.com\\/ohiofusion\\/\"}},\"139\":{\"type\":\"socialMediaBlock\",\"enabled\":\"1\",\"fields\":{\"socialName\":\"website\",\"address\":\"http:\\/\\/ohiofusion.com\\/\"}}},\"21\":\"\"}}', '2017-05-11 03:27:21', '2017-05-11 03:27:21', '03d72a65-7326-4ad3-8e94-aeee9885ba63'),
 ('321', '20', '4', '1', 'en_us', '11', '', '{\"typeId\":\"4\",\"authorId\":\"1\",\"title\":\"TV2\",\"slug\":\"tv2\",\"postDate\":1488483960,\"expiryDate\":null,\"enabled\":1,\"parentId\":null,\"fields\":{\"31\":[\"42\"],\"1\":\"<p>TV2 is Kent State\'s award winning television station that strives to be Truly Portage County. From local news and sports to entertainment buzz and important social issues surrounding the region, TV2 covers the Kent State and Portage County area like no other television station can, while educating and preparing students for the future.<\\/p>\",\"54\":\"\",\"4\":\"lkober@kent.edu\",\"36\":\"1\",\"6\":\"Leisel\",\"13\":[\"221\"],\"8\":\"Student Leader\",\"7\":\"Kober\",\"14\":[\"55\"],\"10\":\"330-672-2584\",\"29\":\"TV2 is Kent State\'s award winning television station that strives to be Truly Portage County.\",\"26\":{\"153\":{\"type\":\"socialMediaBlock\",\"enabled\":\"1\",\"fields\":{\"socialName\":\"instagram\",\"address\":\"https:\\/\\/www.instagram.com\\/tv2ksu\\/\"}},\"154\":{\"type\":\"socialMediaBlock\",\"enabled\":\"1\",\"fields\":{\"socialName\":\"twitter\",\"address\":\"https:\\/\\/twitter.com\\/TV2KSU\"}},\"155\":{\"type\":\"socialMediaBlock\",\"enabled\":\"1\",\"fields\":{\"socialName\":\"facebook\",\"address\":\"https:\\/\\/www.facebook.com\\/tv2ksu\\/\"}},\"222\":{\"type\":\"socialMediaBlock\",\"enabled\":\"1\",\"fields\":{\"socialName\":\"website\",\"address\":\"http:\\/\\/www.kentwired.com\\/tv2\\/\"}}},\"21\":\"\"}}', '2017-05-11 03:29:03', '2017-05-11 03:29:03', 'aa65efb5-f0cd-4b26-9389-ca7469f1f3f7'),
 ('322', '19', '4', '1', 'en_us', '10', '', '{\"typeId\":\"4\",\"authorId\":\"1\",\"title\":\"Black Squirrel Radio\",\"slug\":\"black-squirrel-radio\",\"postDate\":1488483960,\"expiryDate\":null,\"enabled\":1,\"parentId\":null,\"fields\":{\"31\":[\"42\"],\"1\":\"<p>Black Squirrel Radio is a\\r\\nstudent-run radio station committed to providing innovative media content\\r\\ninspired by the community of Kent, Ohio, dedicated to professionalism,\\r\\nintegrity, creativity, and diversity. Black Squirrel Radio is dedicated to\\r\\nproviding professional industry experience while continuing to be a platform\\r\\nfor experimental programming. Through alternative media content, we aim to grow\\r\\nour audience by becoming the destination for students and alumni to remember\\r\\nwhat was and experience what is college life in Kent, Ohio.<\\/p>\",\"54\":\"\",\"4\":\"lgerbig@kent.edu\",\"36\":\"1\",\"6\":\"Layne\",\"13\":[\"219\"],\"8\":\"Student Leader\",\"7\":\"Gerbig\",\"14\":[\"47\"],\"10\":\"\",\"29\":\"Black Squirrel Radio (BSR) is the student-run radio station on Kent State\\u2019s campus and provides innovative media content inspired by the community of Kent, Ohio.\",\"26\":{\"156\":{\"type\":\"socialMediaBlock\",\"enabled\":\"1\",\"fields\":{\"socialName\":\"instagram\",\"address\":\"https:\\/\\/www.instagram.com\\/bsrkent\\/\"}},\"157\":{\"type\":\"socialMediaBlock\",\"enabled\":\"1\",\"fields\":{\"socialName\":\"twitter\",\"address\":\" https:\\/\\/twitter.com\\/BSRKent\"}},\"158\":{\"type\":\"socialMediaBlock\",\"enabled\":\"1\",\"fields\":{\"socialName\":\"facebook\",\"address\":\"https:\\/\\/www.facebook.com\\/blacksquirrelradio\\/\"}},\"159\":{\"type\":\"socialMediaBlock\",\"enabled\":\"1\",\"fields\":{\"socialName\":\"website\",\"address\":\"http:\\/\\/blacksquirrelradio.com\\/\"}}},\"21\":\"\"}}', '2017-05-11 03:31:20', '2017-05-11 03:31:20', '8445d006-08d8-49e4-adfb-56bf9589060c'),
 ('323', '60', '11', '1', 'en_us', '5', '', '{\"typeId\":\"11\",\"authorId\":null,\"title\":\"Get Involved\",\"slug\":\"get-involved\",\"postDate\":1492711027,\"expiryDate\":null,\"enabled\":1,\"parentId\":null,\"fields\":{\"12\":\"Lorem ipsum dolor\",\"49\":[\"169\"],\"13\":[\"88\"]}}', '2017-05-11 03:32:04', '2017-05-11 03:32:04', '15d2f954-9c97-4f4f-9a7d-6e261714791a'),
 ('324', '93', '4', '1', 'en_us', '2', '', '{\"typeId\":\"4\",\"authorId\":\"1\",\"title\":\"Transitions\",\"slug\":\"transitions\",\"postDate\":1492115640,\"expiryDate\":null,\"enabled\":1,\"parentId\":null,\"fields\":{\"31\":\"\",\"1\":\"\",\"54\":\"\",\"4\":\"\",\"36\":\"1\",\"6\":\"\",\"13\":\"\",\"8\":\"\",\"7\":\"\",\"14\":\"\",\"10\":\"\",\"29\":\"\",\"26\":\"\",\"21\":\"\"}}', '2017-05-11 03:32:11', '2017-05-11 03:32:11', 'ecd12231-56a4-4c56-ab86-d85319bb4c68'),
 ('325', '19', '4', '1', 'en_us', '11', '', '{\"typeId\":\"4\",\"authorId\":\"1\",\"title\":\"Black Squirrel Radio\",\"slug\":\"black-squirrel-radio\",\"postDate\":1488483960,\"expiryDate\":null,\"enabled\":1,\"parentId\":null,\"fields\":{\"31\":[\"42\"],\"1\":\"<p>Black Squirrel Radio is a student-run radio station committed to providing innovative media content inspired by the community of Kent, Ohio, dedicated to professionalism, integrity, creativity and diversity. With 56 different student-hosted shows airing from 10am to 2am everyday, we are&nbsp;committed to providing professional industry experience while continuing to be a platform for experimental programming. Through alternative media content, we aim to grow our audience by becoming the destination for students and alumni to remember what was and experience what is college life in Kent, Ohio.<\\/p>\",\"54\":\"\",\"4\":\"lgerbig@kent.edu\",\"36\":\"1\",\"6\":\"Layne\",\"13\":[\"219\"],\"8\":\"Student Leader\",\"7\":\"Gerbig\",\"14\":[\"47\"],\"10\":\"\",\"29\":\"Black Squirrel Radio (BSR) is the student-run radio station on Kent State\\u2019s campus and provides innovative media content inspired by the community of Kent, Ohio.\",\"26\":{\"156\":{\"type\":\"socialMediaBlock\",\"enabled\":\"1\",\"fields\":{\"socialName\":\"instagram\",\"address\":\"https:\\/\\/www.instagram.com\\/bsrkent\\/\"}},\"157\":{\"type\":\"socialMediaBlock\",\"enabled\":\"1\",\"fields\":{\"socialName\":\"twitter\",\"address\":\" https:\\/\\/twitter.com\\/BSRKent\"}},\"158\":{\"type\":\"socialMediaBlock\",\"enabled\":\"1\",\"fields\":{\"socialName\":\"facebook\",\"address\":\"https:\\/\\/www.facebook.com\\/blacksquirrelradio\\/\"}},\"159\":{\"type\":\"socialMediaBlock\",\"enabled\":\"1\",\"fields\":{\"socialName\":\"website\",\"address\":\"http:\\/\\/blacksquirrelradio.com\\/\"}}},\"21\":\"\"}}', '2017-05-11 03:32:34', '2017-05-11 03:32:34', '0bd61440-8131-408b-aa95-3eb1013c3fe7'),
 ('326', '60', '11', '1', 'en_us', '6', '', '{\"typeId\":\"11\",\"authorId\":null,\"title\":\"Get Involved\",\"slug\":\"get-involved\",\"postDate\":1492711027,\"expiryDate\":null,\"enabled\":1,\"parentId\":null,\"fields\":{\"12\":\"Lorem ipsum dolor\",\"51\":{\"new1\":{\"type\":\"faq\",\"enabled\":\"1\",\"fields\":{\"question\":\"How can I become a student media leader?\",\"answer\":\"There are a few requirements a student must meet to become a student media leader...\"}}},\"49\":[\"169\"],\"13\":[\"88\"]}}', '2017-05-11 03:35:13', '2017-05-11 03:35:13', '4d60a68b-a5da-4d8d-a0a4-7ed87d565bc5'),
 ('327', '23', '4', '1', 'en_us', '11', '', '{\"typeId\":\"4\",\"authorId\":\"1\",\"title\":\"KentWired\",\"slug\":\"kentwired\",\"postDate\":1488484080,\"expiryDate\":null,\"enabled\":1,\"parentId\":null,\"fields\":{\"31\":[\"69\"],\"1\":\"<p>KentWired.com is the hub of all Kent State Student Media. Featuring top news, entertainment, community and campus news, sports and video, KentWired is the place to turn to for everything Kent. The site also features&nbsp; classifieds, daily podcasts, newscasts and live streams to TV2 and Black Squirrel Radio. KentWired is also the key source to news over the summer months.<\\/p>\",\"54\":\"\",\"4\":\"kentwired@gmail.com\",\"36\":\"1\",\"6\":\"\",\"13\":\"\",\"8\":\"\",\"7\":\"\",\"14\":\"\",\"10\":\"330-672-2586\",\"29\":\"KentWired.com is a news organization that holds content created by students working in student media at Kent State University. \",\"26\":{\"149\":{\"type\":\"socialMediaBlock\",\"enabled\":\"1\",\"fields\":{\"socialName\":\"instagram\",\"address\":\"https:\\/\\/www.instagram.com\\/kentwired\\/\"}},\"150\":{\"type\":\"socialMediaBlock\",\"enabled\":\"1\",\"fields\":{\"socialName\":\"twitter\",\"address\":\"https:\\/\\/twitter.com\\/kentwired\"}},\"151\":{\"type\":\"socialMediaBlock\",\"enabled\":\"1\",\"fields\":{\"socialName\":\"facebook\",\"address\":\"https:\\/\\/www.facebook.com\\/KentWired\\/\"}},\"152\":{\"type\":\"socialMediaBlock\",\"enabled\":\"1\",\"fields\":{\"socialName\":\"website\",\"address\":\"http:\\/\\/www.kentwired.com\\/\"}}},\"21\":\"\"}}', '2017-05-11 03:35:49', '2017-05-11 03:35:49', '7ff158af-a123-462f-8e74-a11ab5779e7f'),
 ('328', '25', '4', '1', 'en_us', '13', '', '{\"typeId\":\"4\",\"authorId\":\"1\",\"title\":\"KSU Independent Films\",\"slug\":\"ksu-independent-films\",\"postDate\":1488484140,\"expiryDate\":null,\"enabled\":1,\"parentId\":null,\"fields\":{\"31\":[\"42\"],\"1\":\"<p>Kent State University Independent Films (KSUIF) is an organization fueled by students\\u2019 passion for film. In 2008, professors Traci E. Williams and David Smeltzer collaborated to create this wonderful program, which is designed to give students real-world film experience. Today, nearly 500 people are currently involved in the organization.<\\/p>\",\"54\":\"\",\"4\":\"kentstatefilms@gmail.com\",\"36\":\"1\",\"6\":\"Erica\",\"13\":\"\",\"8\":\"Student Leader\",\"7\":\"Collins\",\"14\":[\"52\"],\"10\":\"330-672-8198\",\"29\":\"Kent State University Independent Films (KSUIF) is a student-run production company that teaches, inspires and prepares filmmakers for the real-world industry. \",\"26\":{\"37\":{\"type\":\"socialMediaBlock\",\"enabled\":\"1\",\"fields\":{\"socialName\":\"twitter\",\"address\":\"http:\\/\\/www.twitter.com\\/ksuif\"}},\"225\":{\"type\":\"socialMediaBlock\",\"enabled\":\"1\",\"fields\":{\"socialName\":\"facebook\",\"address\":\"https:\\/\\/www.facebook.com\\/ksuindependentfilms\\/\"}},\"226\":{\"type\":\"socialMediaBlock\",\"enabled\":\"1\",\"fields\":{\"socialName\":\"website\",\"address\":\"http:\\/\\/kentstatefilms.com\\/\"}}},\"21\":\"\"}}', '2017-05-11 03:36:10', '2017-05-11 03:36:10', 'e5c38f9b-d5f9-4d64-a2d0-d520a56a30e1'),
 ('329', '24', '4', '1', 'en_us', '13', '', '{\"typeId\":\"4\",\"authorId\":\"1\",\"title\":\"Luna Negra\",\"slug\":\"luna-negra\",\"postDate\":1488484140,\"expiryDate\":null,\"enabled\":1,\"parentId\":null,\"fields\":{\"31\":[\"68\"],\"1\":\"<p>Luna Negra, though sometimes under different names, has been around since 1956. It began under the English department, where it found its footing within the campus\\u2019s cultural atmosphere. Since then, the publication has been a staple of the university, witnessing the path Kent State has taken through the decades. We have published works describing the culture of collegiate 1950s, the Kent State shootings, and 9\\/11; the literary pieces published by Luna Negra, written by the students themselves, have chronicled every major cultural and historical event of America. Since its inception, and still to today, Luna Negra is run by students and filled with student content. We strive to foster creative activity across campus and seek to be the keeper and encourager of the student body\\u2019s creative spirit.<\\/p>\",\"54\":\"\",\"4\":\"lunanegramag@gmail.com\",\"36\":\"1\",\"6\":\"Sam\",\"13\":\"\",\"8\":\"Student Leader\",\"7\":\"Hersh\",\"14\":[\"53\"],\"10\":\"\",\"29\":\"Luna Negra is Kent State\\u2019s literary student magazine that publishes a blend of poetry, prose, photography and illustration. \",\"26\":{\"129\":{\"type\":\"socialMediaBlock\",\"enabled\":\"1\",\"fields\":{\"socialName\":\"facebook\",\"address\":\"https:\\/\\/www.facebook.com\\/lunanegramag\\/\"}},\"130\":{\"type\":\"socialMediaBlock\",\"enabled\":\"1\",\"fields\":{\"socialName\":\"instagram\",\"address\":\"https:\\/\\/www.instagram.com\\/lunanegramagazine\\/\"}},\"131\":{\"type\":\"socialMediaBlock\",\"enabled\":\"1\",\"fields\":{\"socialName\":\"twitter\",\"address\":\"https:\\/\\/twitter.com\\/lunanegramag\"}},\"132\":{\"type\":\"socialMediaBlock\",\"enabled\":\"1\",\"fields\":{\"socialName\":\"website\",\"address\":\"http:\\/\\/www.lunanegramag.com\\/\"}}},\"21\":\"\"}}', '2017-05-11 03:37:40', '2017-05-11 03:37:40', '4295fe2f-dc99-40f7-b72f-811481d29153'),
 ('330', '62', '13', '1', 'en_us', '4', '', '{\"typeId\":null,\"authorId\":null,\"title\":\"Contact\",\"slug\":\"contact\",\"postDate\":1489688145,\"expiryDate\":null,\"enabled\":1,\"parentId\":null,\"fields\":{\"50\":\"205 Franklin Hall, Hilltop Drive Kent, Ohio 44240\",\"12\":\"Have any questions or concerns? Contact us by phone or email and we will get back to you as soon as possible.\",\"13\":[\"64\"],\"10\":\"(330)-914-2628\",\"21\":\"Meet our dedicated staff, the people behind it all.\"}}', '2017-05-11 03:37:51', '2017-05-11 03:37:51', '1ba7e443-a9cb-469e-96f7-274be3021258'),
 ('331', '62', '13', '1', 'en_us', '5', '', '{\"typeId\":null,\"authorId\":null,\"title\":\"Contact\",\"slug\":\"contact\",\"postDate\":1489688145,\"expiryDate\":null,\"enabled\":1,\"parentId\":null,\"fields\":{\"50\":\"205 Franklin Hall, Hilltop Drive Kent, Ohio 44240\",\"12\":\"Have any questions or concerns? Contact us by phone or email and we will get back to you as soon as possible.\",\"13\":[\"64\"],\"10\":\"(330)-914-2628\",\"21\":\"Meet our dedicated staff, the people behind it all.\"}}', '2017-05-11 03:39:06', '2017-05-11 03:39:06', 'f3d0d022-dd2d-4218-aba0-5d8ed1d5535e'),
 ('332', '93', '4', '1', 'en_us', '3', '', '{\"typeId\":\"4\",\"authorId\":\"1\",\"title\":\"Transitions\",\"slug\":\"transitions\",\"postDate\":1492115640,\"expiryDate\":null,\"enabled\":1,\"parentId\":null,\"fields\":{\"31\":[\"68\"],\"1\":\"<p>Transitions magazine is a go-to guide about area restaurants, shopping, banks, ATMs, hotels, transportation and other tips to make the first year at Kent State successful. It is endorsed by Destination Kent State and is given to students and their parents\\/guardians during the freshman orientation program.<\\/p>\",\"54\":\"\",\"4\":\"\",\"36\":\"1\",\"6\":\"\",\"13\":\"\",\"8\":\"\",\"7\":\"\",\"14\":\"\",\"10\":\"\",\"29\":\"Transitions magazine is the go-to guide for everything Kent for new freshman students.\",\"26\":\"\",\"21\":\"\"}}', '2017-05-11 03:39:57', '2017-05-11 03:39:57', 'a397877b-a2cc-44cd-8725-b53e7e276262'),
 ('333', '101', '4', '1', 'en_us', '2', '', '{\"typeId\":\"4\",\"authorId\":\"1\",\"title\":\"Student Media Ad Sales\",\"slug\":\"student-media-ad-sales\",\"postDate\":1492116120,\"expiryDate\":null,\"enabled\":1,\"parentId\":null,\"fields\":{\"31\":\"\",\"1\":\"\",\"54\":\"Ad Sales\",\"4\":\"ads@ksustudentmedia.com\",\"36\":\"\",\"6\":\"Clara\",\"13\":\"\",\"8\":\"Student Leader\",\"7\":\"Sulivan\",\"14\":\"\",\"10\":\"330-672-6303\",\"29\":\"\",\"26\":\"\",\"21\":\"\"}}', '2017-05-11 03:43:09', '2017-05-11 03:43:09', '4fe4db90-cdea-4f50-a9b9-32b4192a750b'),
 ('334', '93', '4', '1', 'en_us', '4', '', '{\"typeId\":\"4\",\"authorId\":\"1\",\"title\":\"Transitions\",\"slug\":\"transitions\",\"postDate\":1492115640,\"expiryDate\":null,\"enabled\":1,\"parentId\":null,\"fields\":{\"31\":[\"68\"],\"1\":\"<p>Transitions magazine is a go-to guide about area restaurants, shopping, banks, ATMs, hotels, transportation and other tips to make the first year at Kent State successful. It is endorsed by Destination Kent State and is given to students and their parents\\/guardians during the freshman orientation program.<\\/p>\",\"54\":\"\",\"4\":\"\",\"36\":\"1\",\"6\":\"\",\"13\":\"\",\"8\":\"\",\"7\":\"\",\"14\":\"\",\"10\":\"\",\"29\":\"Transitions magazine is the freshman\'s go-to guide for everything Kent.\",\"26\":\"\",\"21\":\"\"}}', '2017-05-11 03:45:33', '2017-05-11 03:45:33', 'c3a4d4f6-3459-4661-adc7-70203634f939'),
 ('335', '58', '9', '1', 'en_us', '15', '', '{\"typeId\":\"9\",\"authorId\":null,\"title\":\"About Kent State Student Media\",\"slug\":\"about\",\"postDate\":1492560894,\"expiryDate\":null,\"enabled\":1,\"parentId\":null,\"fields\":{\"1\":\"<p>Kent State Student Media empowers students to be the best they can be. Students of any major and grade level are able to join us and gain a fun, practical experience that will provide transferable skills for any career they choose. We believe diversity is a strength, and we welcome all to join us! Our wide array of Media Partners means that every student can find their best fit. <br><\\/p>\\r\\n<p><strong>Our Mission:<\\/strong><strong><em><br><\\/em><\\/strong><\\/p>\\r\\n<p><strong><em>Student Media empowers students<\\/em><\\/strong> through practical, collaborative and professional learning opportunities within an independent, student-led and multi-platform media framework.<strong><em><br><\\/em><\\/strong><\\/p>\\r\\n<p><strong><em>Our students create valued sources<\\/em><\\/strong> of journalism, information, entertainment and advertising and develop meaningful connections with our core audiences.<strong><em><br><\\/em><\\/strong><\\/p>\\r\\n<p><strong><em>We encourage excellence, leadership and accountability<\\/em><\\/strong> as students become innovative, ethical and skilled media producers within a diverse and global society. <br><\\/p>\",\"11\":[\"166\"],\"13\":[\"88\"],\"47\":\"<p>You can help further our mission! Learn about the different ways you can support us. <br><\\/p>\",\"21\":\"Through the combined effort of students and faculty, our mission is to provide a professional learning foundation for all.\"}}', '2017-05-11 03:48:43', '2017-05-11 03:48:43', '0474fa68-430c-4435-ad8b-526c4243af99'),
 ('336', '58', '9', '1', 'en_us', '16', '', '{\"typeId\":\"9\",\"authorId\":null,\"title\":\"About Kent State Student Media\",\"slug\":\"about\",\"postDate\":1492560894,\"expiryDate\":null,\"enabled\":1,\"parentId\":null,\"fields\":{\"1\":\"<p>Test Kent State Student Media empowers students to be the best they can be. Students of any major and grade level are able to join us and gain a fun, practical experience that will provide transferable skills for any career they choose. We believe diversity is a strength, and we welcome all to join us! Our wide array of Media Partners means that every student can find their best fit. <br><\\/p>\\r\\n<p><strong>Our Mission:<\\/strong><strong><em><br><\\/em><\\/strong><\\/p>\\r\\n<p><strong><em>Student Media empowers students<\\/em><\\/strong> through practical, collaborative and professional learning opportunities within an independent, student-led and multi-platform media framework.<strong><em><br><\\/em><\\/strong><\\/p>\\r\\n<p><strong><em>Our students create valued sources<\\/em><\\/strong> of journalism, information, entertainment and advertising and develop meaningful connections with our core audiences.<strong><em><br><\\/em><\\/strong><\\/p>\\r\\n<p><strong><em>We encourage excellence, leadership and accountability<\\/em><\\/strong> as students become innovative, ethical and skilled media producers within a diverse and global society. <br><\\/p>\",\"11\":[\"166\"],\"13\":[\"88\"],\"47\":\"<p>You can help further our mission! Learn about the different ways you can support us. <br><\\/p>\",\"21\":\"Through the combined effort of students and faculty, our mission is to provide a professional learning foundation for all.\"}}', '2017-05-11 13:31:52', '2017-05-11 13:31:52', '2191786a-ad14-4a2a-9378-611a0eaebe16'),
 ('337', '60', '11', '1', 'en_us', '7', '', '{\"typeId\":\"11\",\"authorId\":null,\"title\":\"Get Involved\",\"slug\":\"get-involved\",\"postDate\":1492711027,\"expiryDate\":null,\"enabled\":1,\"parentId\":null,\"fields\":{\"12\":\"Lorem ipsum dolor\",\"51\":{\"231\":{\"type\":\"faqs\",\"enabled\":\"1\",\"fields\":{\"question\":\"How can I become a student media leader?\",\"answer\":\"<p>There are a few requirements a student must meet to become a student media leader...<\\/p>\"}}},\"49\":[\"169\"],\"13\":[\"88\"],\"56\":{\"new1\":{\"type\":\"employeeOpportunities\",\"enabled\":\"1\",\"fields\":{\"hiring\":\"A Magazine\",\"position\":\"Graphic Designer\",\"positionDescription\":\"description\",\"contactInformation\":\"Mary Smith\"}}}}}', '2017-05-11 14:06:53', '2017-05-11 14:06:53', '5a3805f7-01e1-4b38-8ec3-8ab55f9da6cd'),
 ('338', '27', '5', '1', 'en_us', '11', '', '{\"typeId\":\"5\",\"authorId\":\"1\",\"title\":\"34\",\"slug\":\"statistics\",\"postDate\":1489024740,\"expiryDate\":null,\"enabled\":1,\"parentId\":null,\"fields\":{\"25\":\"content outlets that are regularly updated\"}}', '2017-05-11 15:50:42', '2017-05-11 15:50:42', '54f559ec-fc6e-482b-822e-03be077492bc'),
 ('339', '27', '5', '1', 'en_us', '12', '', '{\"typeId\":\"5\",\"authorId\":\"1\",\"title\":\"70,000+\",\"slug\":\"statistics\",\"postDate\":1489024740,\"expiryDate\":null,\"enabled\":1,\"parentId\":null,\"fields\":{\"25\":\"people see our media partners products\"}}', '2017-05-11 15:52:11', '2017-05-11 15:52:11', 'a1bc2ce4-2da2-4cb3-a927-955b6d660324'),
 ('340', '12', '5', '1', 'en_us', '7', '', '{\"typeId\":\"5\",\"authorId\":\"1\",\"title\":\"34\",\"slug\":\"this-is-a-second-statistic\",\"postDate\":1487973060,\"expiryDate\":null,\"enabled\":1,\"parentId\":null,\"fields\":{\"25\":\"content outlets that are regularly updated\"}}', '2017-05-11 15:52:21', '2017-05-11 15:52:21', '49de308d-461a-4be1-b27b-6bd95a35f536'),
 ('341', '27', '5', '1', 'en_us', '13', '', '{\"typeId\":\"5\",\"authorId\":\"1\",\"title\":\"70,000+\",\"slug\":\"statistics\",\"postDate\":1489024740,\"expiryDate\":null,\"enabled\":1,\"parentId\":null,\"fields\":{\"25\":\"people see our media products\"}}', '2017-05-11 15:52:55', '2017-05-11 15:52:55', '6b288b2b-3c99-4a37-a12a-d11504636049'),
 ('342', '27', '5', '1', 'en_us', '14', '', '{\"typeId\":\"5\",\"authorId\":\"1\",\"title\":\"70,000+\",\"slug\":\"statistics\",\"postDate\":1489024740,\"expiryDate\":null,\"enabled\":1,\"parentId\":null,\"fields\":{\"25\":\"people see our media partners\' final products\"}}', '2017-05-11 15:53:24', '2017-05-11 15:53:24', 'ae6683a2-4aae-490c-8b83-5fc882f5cf73'),
 ('343', '27', '5', '1', 'en_us', '15', '', '{\"typeId\":\"5\",\"authorId\":\"1\",\"title\":\"70k+\",\"slug\":\"statistics\",\"postDate\":1489024740,\"expiryDate\":null,\"enabled\":1,\"parentId\":null,\"fields\":{\"25\":\"people see our media partners\' final products\"}}', '2017-05-11 16:07:18', '2017-05-11 16:07:18', '44efae94-d605-4376-9e49-e5eec05a09bf'),
 ('344', '27', '5', '1', 'en_us', '16', '', '{\"typeId\":\"5\",\"authorId\":\"1\",\"title\":\"70K+\",\"slug\":\"statistics\",\"postDate\":1489024740,\"expiryDate\":null,\"enabled\":1,\"parentId\":null,\"fields\":{\"25\":\"people see our media partners\' final products\"}}', '2017-05-11 16:07:36', '2017-05-11 16:07:36', '9977393d-d86f-4a73-b1d6-b90994f08f7b'),
 ('345', '62', '13', '1', 'en_us', '6', '', '{\"typeId\":null,\"authorId\":null,\"title\":\"Contact\",\"slug\":\"contact\",\"postDate\":1489688145,\"expiryDate\":null,\"enabled\":1,\"parentId\":null,\"fields\":{\"50\":\"205 Franklin Hall, Hilltop Drive Kent, Ohio 44240\",\"12\":\"Feel free to contact us! Shoot us an e-mail at ads@ksustudentmedia.com, call us at 330-672-6306 or drop by our office during business hours.\",\"13\":[\"64\"],\"10\":\"330-672-6306\",\"21\":\"Any more questions or concerns?\"}}', '2017-05-11 16:15:06', '2017-05-11 16:15:06', 'd65e8e41-875e-4eb4-86db-bfcb24ef46d2'),
 ('346', '58', '9', '1', 'en_us', '17', '', '{\"typeId\":\"9\",\"authorId\":null,\"title\":\"About Kent State Student Media\",\"slug\":\"about\",\"postDate\":1492560894,\"expiryDate\":null,\"enabled\":1,\"parentId\":null,\"fields\":{\"55\":\"<p>Advertise with us!<\\/p>\",\"1\":\"<p>Test Kent State Student Media empowers students to be the best they can be. Students of any major and grade level are able to join us and gain a fun, practical experience that will provide transferable skills for any career they choose. We believe diversity is a strength, and we welcome all to join us! Our wide array of Media Partners means that every student can find their best fit. <br><\\/p>\\r\\n<p><strong>Our Mission:<\\/strong><strong><em><br><\\/em><\\/strong><\\/p>\\r\\n<p><strong><em>Student Media empowers students<\\/em><\\/strong> through practical, collaborative and professional learning opportunities within an independent, student-led and multi-platform media framework.<strong><em><br><\\/em><\\/strong><\\/p>\\r\\n<p><strong><em>Our students create valued sources<\\/em><\\/strong> of journalism, information, entertainment and advertising and develop meaningful connections with our core audiences.<strong><em><br><\\/em><\\/strong><\\/p>\\r\\n<p><strong><em>We encourage excellence, leadership and accountability<\\/em><\\/strong> as students become innovative, ethical and skilled media producers within a diverse and global society. <br><\\/p>\",\"11\":[\"166\"],\"13\":[\"88\"],\"47\":\"<p>You can help further our mission! Learn about the different ways you can support us. <br><\\/p>\",\"21\":\"Through the combined effort of students and faculty, our mission is to provide a professional learning foundation for all.\"}}', '2017-05-11 16:20:51', '2017-05-11 16:20:51', 'b2a7dc20-8419-4ab5-98ef-4c2a818c7871');
INSERT INTO `craft_entryversions` (`id`, `entryId`, `sectionId`, `creatorId`, `locale`, `num`, `notes`, `data`, `dateCreated`, `dateUpdated`, `uid`) VALUES
 ('347', '2', '1', '1', 'en_us', '29', '', '{\"typeId\":null,\"authorId\":null,\"title\":\"Kent State Student Media\",\"slug\":\"homepage\",\"postDate\":1484237579,\"expiryDate\":null,\"enabled\":1,\"parentId\":null,\"fields\":{\"1\":\"<p>Kent State Student Media is the brand that represents all the broadcast and film, print, and online content created by Kent State students. <br><\\/p>\",\"12\":\"Kent State Student Media\",\"13\":[\"219\",\"233\",\"221\"],\"16\":\"\",\"17\":\"\",\"25\":\"\",\"21\":\"Independent media connecting Kent State students and the Kent community\",\"22\":\"https:\\/\\/player.vimeo.com\\/video\\/210945217\"}}', '2017-05-11 16:55:00', '2017-05-11 16:55:00', '02d11021-0629-4fea-9227-7f3bb6130eff'),
 ('348', '2', '1', '1', 'en_us', '30', '', '{\"typeId\":null,\"authorId\":null,\"title\":\"Kent State Student Media\",\"slug\":\"homepage\",\"postDate\":1484237579,\"expiryDate\":null,\"enabled\":1,\"parentId\":null,\"fields\":{\"1\":\"<p>Kent State Student Media is the brand that represents all the broadcast and film, print, and online content created by Kent State students. Our media partners are <span class=\\\"panel-inner-wrap clearfix\\\"> independent, nationally recognized, and nationally award-winning. Every student is invited to come join us and gain a professional, practical, and fun experience that will add to their resume. <br><\\/span><\\/p>\",\"12\":\"Kent State Student Media\",\"13\":[\"219\",\"233\",\"221\"],\"16\":\"\",\"17\":\"\",\"25\":\"\",\"21\":\"Independent media connecting Kent State students and the Kent community\",\"22\":\"https:\\/\\/player.vimeo.com\\/video\\/210945217\"}}', '2017-05-11 17:04:47', '2017-05-11 17:04:47', '40977e68-9b0d-4552-b552-0724f0a670eb'),
 ('349', '2', '1', '1', 'en_us', '31', '', '{\"typeId\":null,\"authorId\":null,\"title\":\"Kent State Student Media\",\"slug\":\"homepage\",\"postDate\":1484237579,\"expiryDate\":null,\"enabled\":1,\"parentId\":null,\"fields\":{\"1\":\"<p>Kent State Student Media is the brand that represents all the broadcast and film, print, and online content created by Kent State students. Our media partners are  independent, nationally recognized, and nationally award-winning. Every student is invited to come join us and gain a professional, practical, and fun experience that will add to their resume. <br><\\/p>\",\"12\":\"Kent State Student Media\",\"13\":[\"219\",\"233\",\"221\"],\"16\":\"\",\"17\":\"\",\"25\":\"\",\"21\":\"Independent media connecting Kent State students and the Kent community\",\"22\":\"https:\\/\\/player.vimeo.com\\/video\\/210945217\"}}', '2017-05-11 17:05:09', '2017-05-11 17:05:09', '5c22210c-5ed6-4047-a409-d95350842ffa'),
 ('350', '60', '11', '1', 'en_us', '8', '', '{\"typeId\":\"11\",\"authorId\":null,\"title\":\"Get Involved\",\"slug\":\"get-involved\",\"postDate\":1492711027,\"expiryDate\":null,\"enabled\":1,\"parentId\":null,\"fields\":{\"12\":\"Everyone is welcome to join us! Involvement in Student Media gives you an experience that will set you apart. Utilize the chance to share your voice and gain practical experience to help launch your career.\",\"51\":{\"231\":{\"type\":\"faqs\",\"enabled\":\"1\",\"fields\":{\"question\":\"How can I become a student media leader?\",\"answer\":\"<p>There are a few requirements a student must meet to become a student media leader...<\\/p>\"}}},\"49\":\"\",\"13\":[\"234\"],\"56\":{\"232\":{\"type\":\"employeeOpportunities\",\"enabled\":\"1\",\"fields\":{\"hiring\":\"A Magazine\",\"position\":\"Graphic Designer\",\"positionDescription\":\"description\",\"contactInformation\":\"Mary Smith\"}}}}}', '2017-05-11 17:20:26', '2017-05-11 17:20:26', '113669b6-2b60-4b9b-96ae-2e9c3959c8f1'),
 ('351', '62', '13', '1', 'en_us', '7', '', '{\"typeId\":null,\"authorId\":null,\"title\":\"Contact\",\"slug\":\"contact\",\"postDate\":1489688145,\"expiryDate\":null,\"enabled\":1,\"parentId\":null,\"fields\":{\"50\":\"205 Franklin Hall, Hilltop Drive Kent, Ohio 44240\",\"12\":\"Feel free to contact us! Shoot us an e-mail at ads@ksustudentmedia.com, call us at 330-672-6306 or drop by our office during business hours.\",\"13\":[\"64\"],\"10\":\"330-672-6306\",\"21\":\"Any more questions or concerns?\"}}', '2017-05-11 17:28:19', '2017-05-11 17:28:19', '3da13e9b-74d8-479a-a4f5-90f160d99e83'),
 ('352', '25', '4', '1', 'en_us', '14', '', '{\"typeId\":\"4\",\"authorId\":\"1\",\"title\":\"KSU Independent Films\",\"slug\":\"ksu-independent-films\",\"postDate\":1488484140,\"expiryDate\":null,\"enabled\":1,\"parentId\":null,\"fields\":{\"31\":[\"42\"],\"1\":\"<p>Kent State University Independent Films (KSUIF) is an organization fueled by students\\u2019 passion for film. In 2008, professors Traci E. Williams and David Smeltzer collaborated to create this wonderful program, which is designed to give students real-world film experience. Today, nearly 500 people are currently involved in the organization.<\\/p>\",\"54\":\"\",\"4\":\"kentstatefilms@gmail.com\",\"36\":\"1\",\"6\":\"Erica\",\"13\":[\"90\"],\"8\":\"Student Leader\",\"7\":\"Collins\",\"14\":[\"52\"],\"10\":\"330-672-8198\",\"29\":\"Kent State University Independent Films (KSUIF) is a student-run production company that teaches, inspires and prepares filmmakers for the real-world industry. \",\"26\":{\"37\":{\"type\":\"socialMediaBlock\",\"enabled\":\"1\",\"fields\":{\"socialName\":\"twitter\",\"address\":\"http:\\/\\/www.twitter.com\\/ksuif\"}},\"225\":{\"type\":\"socialMediaBlock\",\"enabled\":\"1\",\"fields\":{\"socialName\":\"facebook\",\"address\":\"https:\\/\\/www.facebook.com\\/ksuindependentfilms\\/\"}},\"226\":{\"type\":\"socialMediaBlock\",\"enabled\":\"1\",\"fields\":{\"socialName\":\"website\",\"address\":\"http:\\/\\/kentstatefilms.com\\/\"}}},\"21\":\"\"}}', '2017-05-11 18:29:08', '2017-05-11 18:29:08', '0c86fde0-9bde-4bc6-946f-5b89058b7312'),
 ('353', '93', '4', '1', 'en_us', '5', '', '{\"typeId\":\"4\",\"authorId\":\"1\",\"title\":\"Transitions\",\"slug\":\"transitions\",\"postDate\":1492115640,\"expiryDate\":null,\"enabled\":1,\"parentId\":null,\"fields\":{\"31\":[\"68\"],\"1\":\"<p>Transitions magazine is a go-to guide about area restaurants, shopping, banks, ATMs, hotels, transportation and other tips to make the first year at Kent State successful. It is endorsed by Destination Kent State and is given to students and their parents\\/guardians during the freshman orientation program.<\\/p>\",\"54\":\"\",\"4\":\"\",\"36\":\"1\",\"6\":\"\",\"13\":[\"233\"],\"8\":\"\",\"7\":\"\",\"14\":\"\",\"10\":\"\",\"29\":\"Transitions magazine is the freshman\'s go-to guide for everything Kent.\",\"26\":\"\",\"21\":\"\"}}', '2017-05-11 18:29:56', '2017-05-11 18:29:56', 'e0ad1091-8248-4aaf-aece-41fb4026198b'),
 ('354', '24', '4', '1', 'en_us', '14', '', '{\"typeId\":\"4\",\"authorId\":\"1\",\"title\":\"Luna Negra\",\"slug\":\"luna-negra\",\"postDate\":1488484140,\"expiryDate\":null,\"enabled\":1,\"parentId\":null,\"fields\":{\"31\":[\"68\"],\"1\":\"<p>Luna Negra, though sometimes under different names, has been around since 1956. It began under the English department, where it found its footing within the campus\\u2019s cultural atmosphere. Since then, the publication has been a staple of the university, witnessing the path Kent State has taken through the decades. We have published works describing the culture of collegiate 1950s, the Kent State shootings, and 9\\/11; the literary pieces published by Luna Negra, written by the students themselves, have chronicled every major cultural and historical event of America. Since its inception, and still to today, Luna Negra is run by students and filled with student content. We strive to foster creative activity across campus and seek to be the keeper and encourager of the student body\\u2019s creative spirit.<\\/p>\",\"54\":\"\",\"4\":\"lunanegramag@gmail.com\",\"36\":\"1\",\"6\":\"Sam\",\"13\":[\"90\"],\"8\":\"Student Leader\",\"7\":\"Hersh\",\"14\":[\"53\"],\"10\":\"\",\"29\":\"Luna Negra is Kent State\\u2019s literary student magazine that publishes a blend of poetry, prose, photography and illustration. \",\"26\":{\"129\":{\"type\":\"socialMediaBlock\",\"enabled\":\"1\",\"fields\":{\"socialName\":\"facebook\",\"address\":\"https:\\/\\/www.facebook.com\\/lunanegramag\\/\"}},\"130\":{\"type\":\"socialMediaBlock\",\"enabled\":\"1\",\"fields\":{\"socialName\":\"instagram\",\"address\":\"https:\\/\\/www.instagram.com\\/lunanegramagazine\\/\"}},\"131\":{\"type\":\"socialMediaBlock\",\"enabled\":\"1\",\"fields\":{\"socialName\":\"twitter\",\"address\":\"https:\\/\\/twitter.com\\/lunanegramag\"}},\"132\":{\"type\":\"socialMediaBlock\",\"enabled\":\"1\",\"fields\":{\"socialName\":\"website\",\"address\":\"http:\\/\\/www.lunanegramag.com\\/\"}}},\"21\":\"\"}}', '2017-05-11 18:30:11', '2017-05-11 18:30:11', '1d11b025-1c30-4f45-88bd-4bf83acb5bfa'),
 ('355', '25', '4', '1', 'en_us', '15', '', '{\"typeId\":\"4\",\"authorId\":\"1\",\"title\":\"KSU Independent Films\",\"slug\":\"ksu-independent-films\",\"postDate\":1488484140,\"expiryDate\":null,\"enabled\":1,\"parentId\":null,\"fields\":{\"31\":[\"42\"],\"1\":\"<p>Kent State University Independent Films (KSUIF) is an organization fueled by students\\u2019 passion for film. In 2008, professors Traci E. Williams and David Smeltzer collaborated to create this wonderful program, which is designed to give students real-world film experience. Today, nearly 500 people are currently involved in the organization.<\\/p>\",\"54\":\"\",\"4\":\"kentstatefilms@gmail.com\",\"36\":\"1\",\"6\":\"Erica\",\"13\":[\"90\"],\"8\":\"Student Leader\",\"7\":\"Collins\",\"14\":[\"52\"],\"10\":\"330-672-8198\",\"29\":\"Kent State University Independent Films (KSUIF) is a student-run production company that teaches, inspires and prepares filmmakers for the real-world industry. \",\"26\":{\"37\":{\"type\":\"socialMediaBlock\",\"enabled\":\"1\",\"fields\":{\"socialName\":\"twitter\",\"address\":\"http:\\/\\/www.twitter.com\\/ksuif\"}},\"225\":{\"type\":\"socialMediaBlock\",\"enabled\":\"1\",\"fields\":{\"socialName\":\"facebook\",\"address\":\"https:\\/\\/www.facebook.com\\/ksuindependentfilms\\/\"}},\"226\":{\"type\":\"socialMediaBlock\",\"enabled\":\"1\",\"fields\":{\"socialName\":\"website\",\"address\":\"http:\\/\\/kentstatefilms.com\\/\"}}},\"21\":\"\"}}', '2017-05-11 18:30:18', '2017-05-11 18:30:18', 'a40c4cfb-e8ca-455d-b1aa-1e07848d5b9d'),
 ('356', '23', '4', '1', 'en_us', '12', '', '{\"typeId\":\"4\",\"authorId\":\"1\",\"title\":\"KentWired\",\"slug\":\"kentwired\",\"postDate\":1488484080,\"expiryDate\":null,\"enabled\":1,\"parentId\":null,\"fields\":{\"31\":[\"69\"],\"1\":\"<p>KentWired.com is the hub of all Kent State Student Media. Featuring top news, entertainment, community and campus news, sports and video, KentWired is the place to turn to for everything Kent. The site also features&nbsp; classifieds, daily podcasts, newscasts and live streams to TV2 and Black Squirrel Radio. KentWired is also the key source to news over the summer months.<\\/p>\",\"54\":\"\",\"4\":\"kentwired@gmail.com\",\"36\":\"1\",\"6\":\"\",\"13\":[\"219\"],\"8\":\"\",\"7\":\"\",\"14\":\"\",\"10\":\"330-672-2586\",\"29\":\"KentWired.com is a news organization that holds content created by students working in student media at Kent State University. \",\"26\":{\"149\":{\"type\":\"socialMediaBlock\",\"enabled\":\"1\",\"fields\":{\"socialName\":\"instagram\",\"address\":\"https:\\/\\/www.instagram.com\\/kentwired\\/\"}},\"150\":{\"type\":\"socialMediaBlock\",\"enabled\":\"1\",\"fields\":{\"socialName\":\"twitter\",\"address\":\"https:\\/\\/twitter.com\\/kentwired\"}},\"151\":{\"type\":\"socialMediaBlock\",\"enabled\":\"1\",\"fields\":{\"socialName\":\"facebook\",\"address\":\"https:\\/\\/www.facebook.com\\/KentWired\\/\"}},\"152\":{\"type\":\"socialMediaBlock\",\"enabled\":\"1\",\"fields\":{\"socialName\":\"website\",\"address\":\"http:\\/\\/www.kentwired.com\\/\"}}},\"21\":\"\"}}', '2017-05-11 18:30:51', '2017-05-11 18:30:51', 'dd2e26ce-165b-49e3-85be-357d89251dc7'),
 ('357', '10', '4', '1', 'en_us', '15', '', '{\"typeId\":\"4\",\"authorId\":\"1\",\"title\":\"A Magazine\",\"slug\":\"a-magazine\",\"postDate\":1487886960,\"expiryDate\":null,\"enabled\":1,\"parentId\":null,\"fields\":{\"31\":[\"68\"],\"1\":\"<p>A Magazine is Kent State\'s publication for all things fashion, beauty and culture on campus and beyond. A focuses on both women\'s and men\'s fashion and has companion website that is updated regularly, providing students with the latest fashion industry and more. It is distributed at Kent State and the Fashion School\\u2019s New York studio.<br><\\/p>\",\"54\":\"\",\"4\":\"amagksu@gmail.com\",\"36\":\"1\",\"6\":\"Payton\",\"13\":[\"234\"],\"8\":\"Student Leader\",\"7\":\"Moore\",\"14\":[\"46\"],\"10\":\"\",\"29\":\"A Magazine is Kent State\\u2019s student-run fashion magazine and is the hub for all things fashion, beauty and culture related.\",\"26\":{\"140\":{\"type\":\"socialMediaBlock\",\"enabled\":\"1\",\"fields\":{\"socialName\":\"instagram\",\"address\":\"https:\\/\\/www.instagram.com\\/amagksu\\/\"}},\"141\":{\"type\":\"socialMediaBlock\",\"enabled\":\"1\",\"fields\":{\"socialName\":\"twitter\",\"address\":\"https:\\/\\/twitter.com\\/AMagKSU\"}},\"142\":{\"type\":\"socialMediaBlock\",\"enabled\":\"1\",\"fields\":{\"socialName\":\"facebook\",\"address\":\" http:\\/\\/facebook.com\\/amagksu\\/\"}},\"143\":{\"type\":\"socialMediaBlock\",\"enabled\":\"1\",\"fields\":{\"socialName\":\"website\",\"address\":\"http:\\/\\/theamag.com\\/\"}}},\"21\":\"\"}}', '2017-05-11 18:31:47', '2017-05-11 18:31:47', '745b3cac-fcaa-4ed5-8214-cd6d2c77b1e0'),
 ('358', '22', '4', '1', 'en_us', '8', '', '{\"typeId\":\"4\",\"authorId\":\"1\",\"title\":\"Uhuru\",\"slug\":\"uhuru\",\"postDate\":1488483960,\"expiryDate\":null,\"enabled\":1,\"parentId\":null,\"fields\":{\"31\":[\"68\"],\"1\":\"<p>Uhuru is an award-winning magazine that aims to promote innovation, creativity, and culture through the voice of marginalized students on the Kent State University campus. Having a history of pan-African teachings and values, Uhuru magazine focuses on the plight of all students around the globe.\\r\\n  <\\/p>\\r\\n<p>Uhuru, which is Kiswahili for \\u2018freedom,\\u2019 serves as a platform for student creation and expression in art, writing, photography&nbsp;and graphic design, while discussing racial, social and\\/or political ignorance.\\r\\n      <\\/p>\",\"54\":\"\",\"4\":\"uhurumag1@gmail.com\",\"36\":\"1\",\"6\":\"Sierra\",\"13\":[\"219\"],\"8\":\"Student Leader\",\"7\":\"Allen\",\"14\":[\"56\"],\"10\":\"\",\"29\":\"Uhuru is the magazine that promotes innovation, creativity and culture through the voice of marginalized students at Kent State.\",\"26\":{\"133\":{\"type\":\"socialMediaBlock\",\"enabled\":\"1\",\"fields\":{\"socialName\":\"instagram\",\"address\":\"https:\\/\\/www.instagram.com\\/uhurumag\\/\"}},\"134\":{\"type\":\"socialMediaBlock\",\"enabled\":\"1\",\"fields\":{\"socialName\":\"twitter\",\"address\":\"https:\\/\\/twitter.com\\/UhuruMag\"}},\"135\":{\"type\":\"socialMediaBlock\",\"enabled\":\"1\",\"fields\":{\"socialName\":\"facebook\",\"address\":\"https:\\/\\/facebook.com\\/uhurumagazine\\/\"}},\"136\":{\"type\":\"socialMediaBlock\",\"enabled\":\"1\",\"fields\":{\"socialName\":\"website\",\"address\":\"Uhurumag.com\"}}},\"21\":\"\"}}', '2017-05-11 18:32:04', '2017-05-11 18:32:04', '54f8d1ee-e0f8-4885-b68e-6ce91872a68f'),
 ('359', '15', '4', '1', 'en_us', '12', '', '{\"typeId\":\"4\",\"authorId\":\"1\",\"title\":\"Kent Stater\",\"slug\":\"kent-stater\",\"postDate\":1488208860,\"expiryDate\":null,\"enabled\":1,\"parentId\":null,\"fields\":{\"31\":[\"68\"],\"1\":\"<p>The Kent Stater is an award-winning student-run newspaper. Reaching more than 9,500 people per issue, the Stater keeps the community up-to-date with campus, local and national news, sports and features. The Stater publishes on Monday, Wednesday and Thursday and has a&nbsp;circulation of 6,000 per day. During the summer months, The Kent Stater runs special print issues and the annual Orientation issue to welcome back students. The Kent Stater publishes online with media partner, TV2, at KentWired.com\\r\\n      <\\/p>\",\"54\":\"\",\"4\":\"kentwired@gmail.com\",\"36\":\"1\",\"6\":\"Jimmy\",\"13\":[\"233\"],\"8\":\"Student Leader\",\"7\":\"Miller\",\"14\":[\"51\"],\"10\":\"330-672-2586\",\"29\":\"The Kent Stater is the award-winning, student-run newspaper at Kent State University. \",\"26\":{\"227\":{\"type\":\"socialMediaBlock\",\"enabled\":\"1\",\"fields\":{\"socialName\":\"twitter\",\"address\":\" https:\\/\\/twitter.com\\/kentwired\"}},\"228\":{\"type\":\"socialMediaBlock\",\"enabled\":\"1\",\"fields\":{\"socialName\":\"instagram\",\"address\":\"https:\\/\\/www.instagram.com\\/kentwired\\/\"}},\"229\":{\"type\":\"socialMediaBlock\",\"enabled\":\"1\",\"fields\":{\"socialName\":\"facebook\",\"address\":\"https:\\/\\/www.facebook.com\\/KentWired\\/\"}},\"230\":{\"type\":\"socialMediaBlock\",\"enabled\":\"1\",\"fields\":{\"socialName\":\"website\",\"address\":\"http:\\/\\/www.kentwired.com\\/\"}}},\"21\":\"\"}}', '2017-05-11 18:34:03', '2017-05-11 18:34:03', 'cb589938-5ce2-42a4-b1e3-62d4f8db7aa0'),
 ('360', '14', '4', '1', 'en_us', '7', '', '{\"typeId\":\"4\",\"authorId\":\"1\",\"title\":\"The Burr\",\"slug\":\"the-burr\",\"postDate\":1488208860,\"expiryDate\":null,\"enabled\":1,\"parentId\":null,\"fields\":{\"31\":[\"68\"],\"1\":\"<p>The Burr is Kent State University\'s first student magazine. Published once a semester, The Burr looks into current trends, issues and people in Kent and the surrounding communities. Each issue contains a compelling mix of original reporting, in depth issue coverage, profiles and personal essays. The web counterpoint TheBurr.com features online feature stories and multimedia as well as weekly blogs on topics such as relationships, fashion, health and entertainment. The Burr has been producing strong, award-winning journalism since 1986.<\\/p>\",\"54\":\"\",\"4\":\"theburrmagazine@gmail.com\",\"36\":\"1\",\"6\":\"Sammi\",\"13\":[\"88\"],\"8\":\"Student Leader\",\"7\":\"Ickes\",\"14\":[\"48\"],\"10\":\"330-672-2947\",\"29\":\"The Burr is Kent State\\u2019s first student-produced magazine made for those who have made a home in Kent.\",\"26\":{\"145\":{\"type\":\"socialMediaBlock\",\"enabled\":\"1\",\"fields\":{\"socialName\":\"instagram\",\"address\":\"https:\\/\\/www.instagram.com\\/theburrmagazine\\/\"}},\"146\":{\"type\":\"socialMediaBlock\",\"enabled\":\"1\",\"fields\":{\"socialName\":\"twitter\",\"address\":\"https:\\/\\/twitter.com\\/TheBurrMagazine\"}},\"147\":{\"type\":\"socialMediaBlock\",\"enabled\":\"1\",\"fields\":{\"socialName\":\"facebook\",\"address\":\"https:\\/\\/facebook.com\\/theburrmagazine\\/\"}},\"148\":{\"type\":\"socialMediaBlock\",\"enabled\":\"1\",\"fields\":{\"socialName\":\"website\",\"address\":\"http:\\/\\/theburr.com\\/\"}}},\"21\":\"\"}}', '2017-05-11 18:34:23', '2017-05-11 18:34:23', '5f0abab2-6de6-4ec1-bfe9-d40920942e84'),
 ('361', '101', '4', '1', 'en_us', '3', '', '{\"typeId\":\"4\",\"authorId\":\"1\",\"title\":\"Student Media Ad Sales\",\"slug\":\"student-media-ad-sales\",\"postDate\":1492116120,\"expiryDate\":null,\"enabled\":1,\"parentId\":null,\"fields\":{\"31\":\"\",\"1\":\"\",\"54\":\"Ad Sales\",\"4\":\"ads@ksustudentmedia.com\",\"36\":\"\",\"6\":\"Clara\",\"13\":[\"220\"],\"8\":\"Student Leader\",\"7\":\"Sulivan\",\"14\":\"\",\"10\":\"330-672-6303\",\"29\":\"\",\"26\":\"\",\"21\":\"\"}}', '2017-05-11 18:34:48', '2017-05-11 18:34:48', '7b5f1f1b-e60f-4e7c-b75f-df80b5dd4110'),
 ('362', '93', '4', '1', 'en_us', '6', '', '{\"typeId\":\"4\",\"authorId\":\"1\",\"title\":\"Transitions\",\"slug\":\"transitions\",\"postDate\":1492115640,\"expiryDate\":null,\"enabled\":1,\"parentId\":null,\"fields\":{\"31\":[\"68\"],\"1\":\"<p>Transitions magazine is a go-to guide about area restaurants, shopping, banks, ATMs, hotels, transportation and other tips to make the first year at Kent State successful. It is endorsed by Destination Kent State and is given to students and their parents\\/guardians during the freshman orientation program.<\\/p>\",\"54\":\"\",\"4\":\"\",\"36\":\"1\",\"6\":\"\",\"13\":[\"233\"],\"8\":\"\",\"7\":\"\",\"14\":\"\",\"10\":\"\",\"29\":\"Transitions magazine is the freshman\'s go-to guide for everything Kent.\",\"26\":\"\",\"21\":\"\"}}', '2017-05-11 18:34:53', '2017-05-11 18:34:53', '3f38b0ed-cecc-46fc-b2ce-68fbcc788655'),
 ('363', '15', '4', '1', 'en_us', '13', '', '{\"typeId\":\"4\",\"authorId\":\"1\",\"title\":\"Kent Stater\",\"slug\":\"kent-stater\",\"postDate\":1488208860,\"expiryDate\":null,\"enabled\":1,\"parentId\":null,\"fields\":{\"31\":[\"68\"],\"1\":\"<p>The Kent Stater is an award-winning student-run newspaper. Reaching more than 9,500 people per issue, the Stater keeps the community up-to-date with campus, local and national news, sports and features. The Stater publishes on Monday, Wednesday and Thursday and has a&nbsp;circulation of 6,000 per day. During the summer months, The Kent Stater runs special print issues and the annual Orientation issue to welcome back students. The Kent Stater publishes online with media partner, TV2, at KentWired.com\\r\\n      <\\/p>\",\"54\":\"\",\"4\":\"kentwired@gmail.com\",\"36\":\"1\",\"6\":\"Jimmy\",\"13\":[\"233\"],\"8\":\"Student Leader\",\"7\":\"Miller\",\"14\":[\"51\"],\"10\":\"330-672-2586\",\"29\":\"The Kent Stater is the award-winning, student-run newspaper at Kent State University. \",\"26\":{\"227\":{\"type\":\"socialMediaBlock\",\"enabled\":\"1\",\"fields\":{\"socialName\":\"twitter\",\"address\":\" https:\\/\\/twitter.com\\/kentwired\"}},\"228\":{\"type\":\"socialMediaBlock\",\"enabled\":\"1\",\"fields\":{\"socialName\":\"instagram\",\"address\":\"https:\\/\\/www.instagram.com\\/kentwired\\/\"}},\"229\":{\"type\":\"socialMediaBlock\",\"enabled\":\"1\",\"fields\":{\"socialName\":\"facebook\",\"address\":\"https:\\/\\/www.facebook.com\\/KentWired\\/\"}},\"230\":{\"type\":\"socialMediaBlock\",\"enabled\":\"1\",\"fields\":{\"socialName\":\"website\",\"address\":\"http:\\/\\/www.kentwired.com\\/\"}}},\"21\":\"\"}}', '2017-05-11 18:35:57', '2017-05-11 18:35:57', '15bcd041-efe3-4320-b521-740cc3ed4287'),
 ('364', '2', '1', '1', 'en_us', '32', '', '{\"typeId\":\"1\",\"authorId\":null,\"title\":\"Kent State Student Media\",\"slug\":\"homepage\",\"postDate\":1495818871,\"expiryDate\":null,\"enabled\":1,\"parentId\":null,\"fields\":{\"61\":\"\",\"55\":\"\",\"62\":\"\",\"63\":\"\",\"1\":\"<p>Kent State Student Media is the brand that represents all the broadcast and film, print, and online content created by Kent State students. Our media partners are  independent, nationally recognized, and nationally award-winning. Every student is invited to come join us and gain a professional, practical, and fun experience that will add to their resume. <br><\\/p>\",\"12\":\"Kent State Student Media\",\"13\":[\"219\",\"233\",\"221\"],\"17\":\"\",\"64\":\"\",\"21\":\"Kent State\'s Independent Student Media Partners\",\"22\":\"https:\\/\\/player.vimeo.com\\/video\\/210945217\"}}', '2017-05-26 17:18:01', '2017-05-26 17:18:01', 'defea809-25dd-4516-b9d7-4acaac4dca55'),
 ('365', '2', '1', '1', 'en_us', '33', '', '{\"typeId\":\"1\",\"authorId\":null,\"title\":\"Kent State Student Media\",\"slug\":\"homepage\",\"postDate\":1495818871,\"expiryDate\":null,\"enabled\":1,\"parentId\":null,\"fields\":{\"61\":[\"58\"],\"55\":\"<p>Advertising Introductory Paragraph Here<\\/p>\",\"62\":[\"61\"],\"63\":\"Advertise With Us\",\"1\":\"<p>Kent State Student Media is the brand that represents all the broadcast and film, print, and online content created by Kent State students. Our media partners are  independent, nationally recognized, and nationally award-winning. Every student is invited to come join us and gain a professional, practical, and fun experience that will add to their resume. <br><\\/p>\",\"12\":\"Kent State Student Media\",\"13\":[\"219\",\"233\",\"221\"],\"17\":\"\",\"64\":\"Our Media Partners\",\"21\":\"Kent State\'s Independent Student Media Partners\",\"22\":\"https:\\/\\/player.vimeo.com\\/video\\/210945217\"}}', '2017-05-26 17:19:21', '2017-05-26 17:19:21', '5b669f02-fbd8-4c9a-8d7a-8acb9f473b8b'),
 ('366', '2', '1', '1', 'en_us', '34', '', '{\"typeId\":\"1\",\"authorId\":null,\"title\":\"Kent State Student Media\",\"slug\":\"homepage\",\"postDate\":1495818871,\"expiryDate\":null,\"enabled\":1,\"parentId\":null,\"fields\":{\"61\":[\"58\"],\"55\":\"<p>Advertising Introductory Paragraph Here<\\/p>\",\"62\":[\"61\"],\"63\":\"Advertise With Us\",\"1\":\"<p>Kent State Student Media is the brand that represents all the broadcast and film, print, and online content created by Kent State students. Our media partners are  independent, nationally recognized, and nationally award-winning. Every student is invited to come join us and gain a professional, practical, and fun experience that will add to their resume. <br><\\/p>\",\"12\":\"Kent State Student Media\",\"13\":[\"219\",\"233\",\"221\"],\"17\":\"\",\"64\":\"Our Media Partners\",\"21\":\"Kent State\'s Independent Student Media Partners\",\"22\":\"https:\\/\\/player.vimeo.com\\/video\\/210945217\"}}', '2017-05-26 17:20:23', '2017-05-26 17:20:23', 'd9ddb0f9-6bbe-4020-9049-b36d319d62c0'),
 ('367', '2', '1', '1', 'en_us', '35', '', '{\"typeId\":\"1\",\"authorId\":null,\"title\":\"Kent State Student Media\",\"slug\":\"homepage\",\"postDate\":1495818871,\"expiryDate\":null,\"enabled\":1,\"parentId\":null,\"fields\":{\"61\":[\"58\"],\"55\":\"<p>Advertising Introductory Paragraph Here<\\/p>\",\"62\":[\"61\"],\"63\":\"Advertise With Us\",\"1\":\"<p>Kent State Student Media is the brand that represents all the broadcast and film, print, and online content created by Kent State students. Our media partners are  independent, nationally recognized, and nationally award-winning. Every student is invited to come join us and gain a professional, practical, and fun experience that will add to their resume. <br><\\/p>\",\"12\":\"About Student Media\",\"13\":[\"219\",\"233\",\"221\"],\"17\":\"\",\"64\":\"Our Media Partners\",\"21\":\"Kent State\'s Independent Student Media Partners\",\"22\":\"https:\\/\\/player.vimeo.com\\/video\\/210945217\"}}', '2017-05-26 17:22:11', '2017-05-26 17:22:11', 'e61645d6-8284-404d-9e0c-6432082f2789'),
 ('368', '2', '1', '1', 'en_us', '36', '', '{\"typeId\":\"1\",\"authorId\":null,\"title\":\"Kent State Student Media\",\"slug\":\"homepage\",\"postDate\":1495818871,\"expiryDate\":null,\"enabled\":1,\"parentId\":null,\"fields\":{\"61\":[\"58\"],\"55\":\"<p>Advertising Introductory Paragraph Here<\\/p>\",\"62\":[\"61\"],\"63\":\"Advertise With Us\",\"1\":\"<p>Kent State Student Media is the brand that represents all the broadcast and film, print, and online content created by Kent State students. Our media partners are  independent, nationally recognized, and nationally award-winning. Every student is invited to come join us and gain a professional, practical, and fun experience that will add to their resume. <br><\\/p>\",\"12\":\"About Student Media\",\"13\":[\"219\",\"233\",\"221\"],\"17\":\"\",\"64\":\"Our Media Partners\",\"21\":\"Kent State\'s Independent Student Media Partners\",\"22\":\"https:\\/\\/player.vimeo.com\\/video\\/210945217\",\"65\":\"Video caption here\"}}', '2017-05-27 19:10:30', '2017-05-27 19:10:30', '20782539-9fe2-4761-b505-9177a8b2decd'),
 ('369', '61', '12', '1', 'en_us', '2', '', '{\"typeId\":\"12\",\"authorId\":null,\"title\":\"Advertising\",\"slug\":\"advertising\",\"postDate\":1492961215,\"expiryDate\":null,\"enabled\":1,\"parentId\":null,\"fields\":{\"1\":\"<p>Advertising Body<\\/p>\",\"66\":\"<p>Creative Services Description goes here.<\\/p>\",\"21\":\"Advertising Introduction\"}}', '2017-05-27 20:19:11', '2017-05-27 20:19:11', '422b988a-ae20-4ea3-ba1d-f524dce5a9e2'),
 ('370', '62', '13', '1', 'en_us', '8', '', '{\"typeId\":null,\"authorId\":null,\"title\":\"Contact Student Media\",\"slug\":\"contact\",\"postDate\":1489688145,\"expiryDate\":null,\"enabled\":1,\"parentId\":null,\"fields\":{\"1\":\"<p>Feel free to contact us! Shoot us an e-mail at&nbsp;<a href=\\\"mailto:ads@ksustudentmedia.com\\\">ads@ksustudentmedia.com<\\/a>, call us at 330-672-6306 or drop by our office during business hours.<\\/p>\",\"13\":[\"64\"],\"21\":\"Questions or concerns?\"}}', '2017-05-28 23:20:08', '2017-05-28 23:20:08', 'c2259942-e8ac-453d-a670-d94a1af5d272'),
 ('371', '59', '10', '1', 'en_us', '6', '', '{\"typeId\":null,\"authorId\":null,\"title\":\"Media Partners\",\"slug\":\"media-partners-home\",\"postDate\":1489687966,\"expiryDate\":null,\"enabled\":1,\"parentId\":null,\"fields\":{\"1\":\"<p>Media partners introduction goes here.<\\/p>\",\"13\":[\"88\"],\"21\":\"Subhead Goes Here\"}}', '2017-05-29 00:46:02', '2017-05-29 00:46:02', '7891fee3-3cdf-4c5c-ab5c-df52d752f176'),
 ('372', '61', '12', '1', 'en_us', '3', '', '{\"typeId\":\"12\",\"authorId\":null,\"title\":\"Advertising\",\"slug\":\"advertising\",\"postDate\":1492961215,\"expiryDate\":null,\"enabled\":1,\"parentId\":null,\"fields\":{\"1\":\"<p>Advertising Body<\\/p>\",\"66\":\"<p>Creative Services Description goes here.<\\/p>\",\"67\":\"\",\"21\":\"Advertising Introduction\"}}', '2017-05-30 18:47:22', '2017-05-30 18:47:22', 'f54e876e-11a8-4a8c-9516-f45448c8259d'),
 ('373', '93', '4', '1', 'en_us', '7', '', '{\"typeId\":\"4\",\"authorId\":\"1\",\"title\":\"Transitions\",\"slug\":\"transitions\",\"postDate\":1492115640,\"expiryDate\":null,\"enabled\":1,\"parentId\":null,\"fields\":{\"31\":[\"68\"],\"1\":\"<p>Transitions magazine is a go-to guide about area restaurants, shopping, banks, ATMs, hotels, transportation and other tips to make the first year at Kent State successful. It is endorsed by Destination Kent State and is given to students and their parents\\/guardians during the freshman orientation program.<\\/p>\",\"54\":\"\",\"4\":\"\",\"36\":\"\",\"13\":[\"233\"],\"14\":\"\",\"68\":\"\",\"10\":\"\",\"29\":\"Transitions magazine is the freshman\'s go-to guide for everything Kent.\",\"26\":\"\",\"21\":\"\"}}', '2017-05-31 15:14:11', '2017-05-31 15:14:11', 'e8bc5650-0838-46f7-a4ff-50db7302a15a'),
 ('374', '19', '4', '1', 'en_us', '12', '', '{\"typeId\":\"4\",\"authorId\":\"1\",\"title\":\"Black Squirrel Radio\",\"slug\":\"black-squirrel-radio\",\"postDate\":1488483960,\"expiryDate\":null,\"enabled\":1,\"parentId\":null,\"fields\":{\"31\":[\"42\"],\"1\":\"<p>Black Squirrel Radio is a student-run radio station committed to providing innovative media content inspired by the community of Kent, Ohio, dedicated to professionalism, integrity, creativity and diversity. With 56 different student-hosted shows airing from 10am to 2am everyday, we are&nbsp;committed to providing professional industry experience while continuing to be a platform for experimental programming. Through alternative media content, we aim to grow our audience by becoming the destination for students and alumni to remember what was and experience what is college life in Kent, Ohio.<\\/p>\",\"54\":\"\",\"4\":\"lgerbig@kent.edu\",\"36\":\"1\",\"13\":[\"219\"],\"14\":[\"47\"],\"68\":\"\",\"10\":\"\",\"29\":\"Black Squirrel Radio (BSR) is the student-run radio station on Kent State\\u2019s campus and provides innovative media content inspired by the community of Kent, Ohio.\",\"26\":{\"156\":{\"type\":\"socialMediaBlock\",\"enabled\":\"1\",\"fields\":{\"socialName\":\"instagram\",\"address\":\"https:\\/\\/www.instagram.com\\/bsrkent\\/\"}},\"157\":{\"type\":\"socialMediaBlock\",\"enabled\":\"1\",\"fields\":{\"socialName\":\"twitter\",\"address\":\" https:\\/\\/twitter.com\\/BSRKent\"}},\"158\":{\"type\":\"socialMediaBlock\",\"enabled\":\"1\",\"fields\":{\"socialName\":\"facebook\",\"address\":\"https:\\/\\/www.facebook.com\\/blacksquirrelradio\\/\"}},\"159\":{\"type\":\"socialMediaBlock\",\"enabled\":\"1\",\"fields\":{\"socialName\":\"website\",\"address\":\"http:\\/\\/blacksquirrelradio.com\\/\"}}},\"21\":\"Kent State\'s Student-Run Radio Station\"}}', '2017-05-31 15:15:27', '2017-05-31 15:15:27', 'de4f8a09-c4a6-4246-8e85-4e36368a594c'),
 ('375', '19', '4', '1', 'en_us', '13', '', '{\"typeId\":\"4\",\"authorId\":\"1\",\"title\":\"Black Squirrel Radio\",\"slug\":\"black-squirrel-radio\",\"postDate\":1488483960,\"expiryDate\":null,\"enabled\":1,\"parentId\":null,\"fields\":{\"31\":[\"42\"],\"1\":\"<p>Black Squirrel Radio is a student-run radio station committed to providing innovative media content inspired by the community of Kent, Ohio, dedicated to professionalism, integrity, creativity and diversity. With 56 different student-hosted shows airing from 10am to 2am everyday, we are&nbsp;committed to providing professional industry experience while continuing to be a platform for experimental programming. Through alternative media content, we aim to grow our audience by becoming the destination for students and alumni to remember what was and experience what is college life in Kent, Ohio.<\\/p>\",\"54\":\"\",\"4\":\"lgerbig@kent.edu\",\"36\":\"1\",\"13\":[\"219\"],\"14\":[\"47\"],\"68\":[\"236\"],\"10\":\"\",\"29\":\"Black Squirrel Radio (BSR) is the student-run radio station on Kent State\\u2019s campus and provides innovative media content inspired by the community of Kent, Ohio.\",\"26\":{\"156\":{\"type\":\"socialMediaBlock\",\"enabled\":\"1\",\"fields\":{\"socialName\":\"instagram\",\"address\":\"https:\\/\\/www.instagram.com\\/bsrkent\\/\"}},\"157\":{\"type\":\"socialMediaBlock\",\"enabled\":\"1\",\"fields\":{\"socialName\":\"twitter\",\"address\":\" https:\\/\\/twitter.com\\/BSRKent\"}},\"158\":{\"type\":\"socialMediaBlock\",\"enabled\":\"1\",\"fields\":{\"socialName\":\"facebook\",\"address\":\"https:\\/\\/www.facebook.com\\/blacksquirrelradio\\/\"}},\"159\":{\"type\":\"socialMediaBlock\",\"enabled\":\"1\",\"fields\":{\"socialName\":\"website\",\"address\":\"http:\\/\\/blacksquirrelradio.com\\/\"}}},\"21\":\"Kent State\'s Student-Run Radio Station\"}}', '2017-05-31 15:16:10', '2017-05-31 15:16:10', '3c930985-b296-4b6f-96f8-e161131c50de'),
 ('376', '19', '4', '1', 'en_us', '14', '', '{\"typeId\":\"4\",\"authorId\":\"1\",\"title\":\"Black Squirrel Radio\",\"slug\":\"black-squirrel-radio\",\"postDate\":1488483960,\"expiryDate\":null,\"enabled\":1,\"parentId\":null,\"fields\":{\"31\":[\"42\"],\"1\":\"<p>Black Squirrel Radio is a student-run radio station committed to providing innovative media content inspired by the community of Kent, Ohio, dedicated to professionalism, integrity, creativity and diversity. With 56 different student-hosted shows airing from 10am to 2am everyday, we are&nbsp;committed to providing professional industry experience while continuing to be a platform for experimental programming. Through alternative media content, we aim to grow our audience by becoming the destination for students and alumni to remember what was and experience what is college life in Kent, Ohio.<\\/p>\",\"54\":\"\",\"4\":\"lgerbig@kent.edu\",\"36\":\"1\",\"13\":[\"219\"],\"14\":[\"47\"],\"68\":[\"236\"],\"10\":\"330-xxx-xxxx\",\"29\":\"Black Squirrel Radio (BSR) is the student-run radio station on Kent State\\u2019s campus and provides innovative media content inspired by the community of Kent, Ohio.\",\"26\":{\"156\":{\"type\":\"socialMediaBlock\",\"enabled\":\"1\",\"fields\":{\"socialName\":\"instagram\",\"address\":\"https:\\/\\/www.instagram.com\\/bsrkent\\/\"}},\"157\":{\"type\":\"socialMediaBlock\",\"enabled\":\"1\",\"fields\":{\"socialName\":\"twitter\",\"address\":\" https:\\/\\/twitter.com\\/BSRKent\"}},\"158\":{\"type\":\"socialMediaBlock\",\"enabled\":\"1\",\"fields\":{\"socialName\":\"facebook\",\"address\":\"https:\\/\\/www.facebook.com\\/blacksquirrelradio\\/\"}},\"159\":{\"type\":\"socialMediaBlock\",\"enabled\":\"1\",\"fields\":{\"socialName\":\"website\",\"address\":\"http:\\/\\/blacksquirrelradio.com\\/\"}}},\"21\":\"Kent State\'s Student-Run Radio Station\"}}', '2017-05-31 15:16:38', '2017-05-31 15:16:38', '736c7f96-40f1-4367-bad2-afc94636ccfb'),
 ('377', '19', '4', '1', 'en_us', '15', '', '{\"typeId\":\"4\",\"authorId\":\"1\",\"title\":\"Black Squirrel Radio\",\"slug\":\"black-squirrel-radio\",\"postDate\":1488483960,\"expiryDate\":null,\"enabled\":1,\"parentId\":null,\"fields\":{\"31\":[\"42\"],\"1\":\"<p>Black Squirrel Radio is a student-run radio station committed to providing innovative media content inspired by the community of Kent, Ohio, dedicated to professionalism, integrity, creativity and diversity. With 56 different student-hosted shows airing from 10am to 2am everyday, we are&nbsp;committed to providing professional industry experience while continuing to be a platform for experimental programming. Through alternative media content, we aim to grow our audience by becoming the destination for students and alumni to remember what was and experience what is college life in Kent, Ohio.<\\/p>\",\"4\":\"general email address goes here\",\"36\":\"1\",\"13\":[\"219\"],\"14\":[\"47\"],\"68\":[\"236\"],\"10\":\"330-xxx-xxxx\",\"29\":\"Black Squirrel Radio (BSR) is the student-run radio station on Kent State\\u2019s campus and provides innovative media content inspired by the community of Kent, Ohio.\",\"26\":{\"156\":{\"type\":\"socialMediaBlock\",\"enabled\":\"1\",\"fields\":{\"socialName\":\"instagram\",\"address\":\"https:\\/\\/www.instagram.com\\/bsrkent\\/\"}},\"157\":{\"type\":\"socialMediaBlock\",\"enabled\":\"1\",\"fields\":{\"socialName\":\"twitter\",\"address\":\" https:\\/\\/twitter.com\\/BSRKent\"}},\"158\":{\"type\":\"socialMediaBlock\",\"enabled\":\"1\",\"fields\":{\"socialName\":\"facebook\",\"address\":\"https:\\/\\/www.facebook.com\\/blacksquirrelradio\\/\"}},\"159\":{\"type\":\"socialMediaBlock\",\"enabled\":\"1\",\"fields\":{\"socialName\":\"website\",\"address\":\"http:\\/\\/blacksquirrelradio.com\\/\"}}},\"21\":\"Kent State\'s Student-Run Radio Station\"}}', '2017-05-31 15:17:49', '2017-05-31 15:17:49', 'af9ef4dd-2943-4abd-85de-bd438741f9dc'),
 ('378', '167', '8', '235', 'en_us', '3', '', '{\"typeId\":\"8\",\"authorId\":\"1\",\"title\":\"Thor Wasbotton\",\"slug\":\"grant-wang\",\"postDate\":1493085300,\"expiryDate\":null,\"enabled\":1,\"parentId\":null,\"fields\":{\"20\":\"\",\"1\":\"<p>Hi<\\/p>\",\"4\":\"twasbot@kent.edu\",\"5\":[\"voting\"],\"6\":\"Thor\",\"19\":\"\",\"8\":\"Director of Journalism and Mass Communications\",\"7\":\"Wasbotton\",\"10\":\"330-931-2911\"}}', '2017-05-31 18:32:43', '2017-05-31 18:32:43', '2198e9f9-e1f2-482d-887a-dc7b4cdaebf2'),
 ('379', '45', '8', '235', 'en_us', '6', '', '{\"typeId\":\"8\",\"authorId\":\"1\",\"title\":\"Kevin Dilley\",\"slug\":\"kevin-dilley\",\"postDate\":1489335420,\"expiryDate\":null,\"enabled\":1,\"parentId\":null,\"fields\":{\"20\":[\"23\"],\"1\":\"<p>Kevin serves Student Media by providing management of our business and advising operations. He also works with student leaders, the board, faculty and other key partners to set a strategic direction for Student Media and mentors and advises student leaders. &nbsp;<\\/p>\\r\\n<p><strong>Words to Live By:<\\/strong><\\/p>\\r\\n<p>If you want to go fast, go alone. If you want to go far, go together. &nbsp;~ origin unknown.<\\/p>\\r\\n<p><strong>Personal:<\\/strong><\\/p>\\r\\n<p>I\\u2019ve traveled to Siberia, Malaysia, Mexico and 46 of 50 states in the U.S. I love going places and meeting new people, but I always yearn to return home. For me, that\\u2019s in Hudson with my two children, mi media naranja (si, hablo espa\\u00f1ol), and Pancho, my very best friend because, well he\\u2019s a dog and I\\u2019m a man. I hold degrees in journalism and visual communication from the University of Missouri and Ohio University. I\\u2019ve worked as a reporter, writer, photojournalist, editor, designer, web designer, project manager, consultant, professor and adviser. I love what I do because I\\u2019m constantly inspired by my students who bring ideas, enthusiasm, opportunity and optimism to this place every day.<\\/p>\\r\\n<p><strong>I can help you with:<\\/strong><\\/p>\\r\\n<ul><li><p>General questions<\\/p><\\/li><li><p>Strategic planning<\\/p><\\/li><li><p>Idea development<\\/p><\\/li><li><p>Budgets<\\/p><\\/li><\\/ul>\",\"4\":\"kdilley@kent.edu\",\"5\":[\"director\",\"nonVoting\",\"officeStaff\"],\"6\":\"Kevin \",\"19\":[\"171\"],\"8\":\"Director of Student Media\",\"7\":\"Dilley\",\"10\":\"330-672-4603\"}}', '2017-05-31 20:10:55', '2017-05-31 20:10:55', '420003ae-d0d0-4f10-b200-e0d4017ff60f'),
 ('380', '99', '7', '1', 'en_us', '2', '', '{\"typeId\":\"7\",\"authorId\":\"1\",\"title\":\"Black Squirrel Radio\",\"slug\":\"black-squirrel-radio\",\"postDate\":1492115820,\"expiryDate\":null,\"enabled\":1,\"parentId\":null,\"fields\":{\"32\":{\"new1\":{\"type\":\"adUnits\",\"enabled\":\"1\",\"fields\":{\"adType\":\"Test\",\"adUnitr\":[{\"col3\":\"test\",\"col1\":\"test\",\"col2\":\"test\",\"col4\":\"\"}],\"adDescription\":\"\"}}},\"20\":[\"19\"]}}', '2017-05-31 20:18:40', '2017-05-31 20:18:40', '757fc8c7-857f-4d5e-8a13-23032dcffc1d'),
 ('381', '101', '4', '1', 'en_us', '4', '', '{\"typeId\":\"4\",\"authorId\":\"1\",\"title\":\"Student Media Ad Sales\",\"slug\":\"student-media-ad-sales\",\"postDate\":1492116120,\"expiryDate\":null,\"enabled\":1,\"parentId\":null,\"fields\":{\"31\":\"\",\"1\":\"\",\"4\":\"ads@ksustudentmedia.com\",\"36\":\"1\",\"13\":[\"220\"],\"14\":\"\",\"68\":\"\",\"10\":\"330-672-6303\",\"29\":\"\",\"26\":\"\",\"21\":\"\"}}', '2017-05-31 20:21:57', '2017-05-31 20:21:57', '76363c93-b3b3-4b3a-989a-4db236caeac7'),
 ('382', '25', '4', '235', 'en_us', '16', '', '{\"typeId\":\"4\",\"authorId\":\"1\",\"title\":\"KSU Independent Films\",\"slug\":\"ksu-independent-films\",\"postDate\":1488484140,\"expiryDate\":null,\"enabled\":1,\"parentId\":null,\"fields\":{\"31\":[\"42\"],\"1\":\"<p>Kent State University Independent Films (KSUIF) is an organization fueled by students\\u2019 passion for film. In 2008, professors Traci E. Williams and David Smeltzer collaborated to create this wonderful program, which is designed to give students real-world film experience. Today, nearly 500 people are currently involved in the organization.<\\/p>\",\"4\":\"kentstatefilms@gmail.com\",\"36\":\"1\",\"13\":[\"238\"],\"14\":[\"52\"],\"68\":\"\",\"10\":\"330-672-8198\",\"29\":\"Kent State University Independent Films (KSUIF) is a student-run production company that teaches, inspires and prepares filmmakers for the real-world industry. \",\"26\":{\"37\":{\"type\":\"socialMediaBlock\",\"enabled\":\"1\",\"fields\":{\"socialName\":\"twitter\",\"address\":\"http:\\/\\/www.twitter.com\\/ksuif\"}},\"225\":{\"type\":\"socialMediaBlock\",\"enabled\":\"1\",\"fields\":{\"socialName\":\"facebook\",\"address\":\"https:\\/\\/www.facebook.com\\/ksuindependentfilms\\/\"}},\"226\":{\"type\":\"socialMediaBlock\",\"enabled\":\"1\",\"fields\":{\"socialName\":\"website\",\"address\":\"http:\\/\\/kentstatefilms.com\\/\"}}},\"21\":\"\"}}', '2017-06-01 19:10:44', '2017-06-01 19:10:44', '8546aec3-0747-494d-bf9d-347ffd26aaae'),
 ('383', '19', '4', '235', 'en_us', '16', '', '{\"typeId\":\"4\",\"authorId\":\"1\",\"title\":\"Black Squirrel Radio\",\"slug\":\"black-squirrel-radio\",\"postDate\":1488483960,\"expiryDate\":null,\"enabled\":1,\"parentId\":null,\"fields\":{\"31\":[\"42\"],\"1\":\"<p>Black Squirrel Radio is a student-run radio station committed to providing innovative media content inspired by the community of Kent, Ohio, dedicated to professionalism, integrity, creativity and diversity. With 56 different student-hosted shows airing from 10am to 2am everyday, we are&nbsp;committed to providing professional industry experience while continuing to be a platform for experimental programming. Through alternative media content, we aim to grow our audience by becoming the destination for students and alumni to remember what was and experience what is college life in Kent, Ohio.<\\/p>\",\"4\":\"general email address goes here\",\"36\":\"1\",\"13\":[\"239\"],\"14\":[\"47\"],\"68\":[\"236\"],\"10\":\"330-xxx-xxxx\",\"29\":\"Black Squirrel Radio (BSR) is the student-run radio station on Kent State\\u2019s campus and provides innovative media content inspired by the community of Kent, Ohio.\",\"26\":{\"156\":{\"type\":\"socialMediaBlock\",\"enabled\":\"1\",\"fields\":{\"socialName\":\"instagram\",\"address\":\"https:\\/\\/www.instagram.com\\/bsrkent\\/\"}},\"157\":{\"type\":\"socialMediaBlock\",\"enabled\":\"1\",\"fields\":{\"socialName\":\"twitter\",\"address\":\" https:\\/\\/twitter.com\\/BSRKent\"}},\"158\":{\"type\":\"socialMediaBlock\",\"enabled\":\"1\",\"fields\":{\"socialName\":\"facebook\",\"address\":\"https:\\/\\/www.facebook.com\\/blacksquirrelradio\\/\"}},\"159\":{\"type\":\"socialMediaBlock\",\"enabled\":\"1\",\"fields\":{\"socialName\":\"website\",\"address\":\"http:\\/\\/blacksquirrelradio.com\\/\"}}},\"21\":\"Kent State\'s Student-Run Radio Station\"}}', '2017-06-01 19:11:27', '2017-06-01 19:11:27', '76ed4467-bea0-4ae9-9ca5-e82e80303d82'),
 ('384', '20', '4', '235', 'en_us', '12', '', '{\"typeId\":\"4\",\"authorId\":\"1\",\"title\":\"TV2\",\"slug\":\"tv2\",\"postDate\":1488483960,\"expiryDate\":null,\"enabled\":1,\"parentId\":null,\"fields\":{\"31\":[\"42\"],\"1\":\"<p>TV2 is Kent State\'s award winning television station that strives to be Truly Portage County. From local news and sports to entertainment buzz and important social issues surrounding the region, TV2 covers the Kent State and Portage County area like no other television station can, while educating and preparing students for the future.<\\/p>\",\"4\":\"lkober@kent.edu\",\"36\":\"1\",\"13\":[\"240\"],\"14\":[\"55\"],\"68\":\"\",\"10\":\"330-672-2584\",\"29\":\"TV2 is Kent State\'s award winning television station that strives to be Truly Portage County.\",\"26\":{\"153\":{\"type\":\"socialMediaBlock\",\"enabled\":\"1\",\"fields\":{\"socialName\":\"instagram\",\"address\":\"https:\\/\\/www.instagram.com\\/tv2ksu\\/\"}},\"154\":{\"type\":\"socialMediaBlock\",\"enabled\":\"1\",\"fields\":{\"socialName\":\"twitter\",\"address\":\"https:\\/\\/twitter.com\\/TV2KSU\"}},\"155\":{\"type\":\"socialMediaBlock\",\"enabled\":\"1\",\"fields\":{\"socialName\":\"facebook\",\"address\":\"https:\\/\\/www.facebook.com\\/tv2ksu\\/\"}},\"222\":{\"type\":\"socialMediaBlock\",\"enabled\":\"1\",\"fields\":{\"socialName\":\"website\",\"address\":\"http:\\/\\/www.kentwired.com\\/tv2\\/\"}}},\"21\":\"\"}}', '2017-06-01 19:11:55', '2017-06-01 19:11:55', 'ed16a7d5-d0b5-446e-b337-366295917275'),
 ('385', '21', '4', '235', 'en_us', '13', '', '{\"typeId\":\"4\",\"authorId\":\"1\",\"title\":\"Fusion Magazine\",\"slug\":\"fusion-magazine\",\"postDate\":1488483960,\"expiryDate\":null,\"enabled\":1,\"parentId\":null,\"fields\":{\"31\":[\"68\"],\"1\":\"<p>Fusion is Kent State University\'s LGBTQ magazine. We publish news, entertainment, opinions and interviews for and about the LGBTQ community. Each spring, we release a print issue and we regularly update our website year-round. <\\/p>\\r\\n<p>Our mission is to promote equality, education and community through journalism. When Fusion was founded, in 2003, marriage equality was not yet legal anywhere in the United States and laws against consensual sex between gay men were overturned that year. LGBTQ rights have significantly advanced since trans women, drag queens and street kids fought back against police violence in 1959. But the community, particularly trans people and people of color, still face substantial adversity. Journalism and storytelling helps humanize the community and its struggle. By publicizing their perspectives and experiences, Fusion helps demonstrate why LGBTQ people need an equal place in society.<\\/p>\",\"4\":\"meckhous@kent.edu\",\"36\":\"1\",\"13\":[\"241\"],\"14\":[\"49\"],\"68\":\"\",\"10\":\"\",\"29\":\"Fusion is Kent State\'s lesbian, gay, bisexual, transgender and queer\\/questioning student advocacy and entertainment magazine.\",\"26\":{\"137\":{\"type\":\"socialMediaBlock\",\"enabled\":\"1\",\"fields\":{\"socialName\":\"twitter\",\"address\":\"https:\\/\\/twitter.com\\/ohiofusion\"}},\"138\":{\"type\":\"socialMediaBlock\",\"enabled\":\"1\",\"fields\":{\"socialName\":\"facebook\",\"address\":\"https:\\/\\/facebook.com\\/ohiofusion\\/\"}},\"139\":{\"type\":\"socialMediaBlock\",\"enabled\":\"1\",\"fields\":{\"socialName\":\"website\",\"address\":\"http:\\/\\/ohiofusion.com\\/\"}}},\"21\":\"\"}}', '2017-06-01 19:12:25', '2017-06-01 19:12:25', '6a55b624-ef3b-4076-9f0d-e2d02a814675'),
 ('386', '14', '4', '235', 'en_us', '8', '', '{\"typeId\":\"4\",\"authorId\":\"1\",\"title\":\"The Burr\",\"slug\":\"the-burr\",\"postDate\":1488208860,\"expiryDate\":null,\"enabled\":1,\"parentId\":null,\"fields\":{\"31\":[\"68\"],\"1\":\"<p>The Burr is Kent State University\'s first student magazine. Published once a semester, The Burr looks into current trends, issues and people in Kent and the surrounding communities. Each issue contains a compelling mix of original reporting, in depth issue coverage, profiles and personal essays. The web counterpoint TheBurr.com features online feature stories and multimedia as well as weekly blogs on topics such as relationships, fashion, health and entertainment. The Burr has been producing strong, award-winning journalism since 1986.<\\/p>\",\"4\":\"theburrmagazine@gmail.com\",\"36\":\"1\",\"13\":[\"242\"],\"14\":[\"48\"],\"68\":\"\",\"10\":\"330-672-2947\",\"29\":\"The Burr is Kent State\\u2019s first student-produced magazine made for those who have made a home in Kent.\",\"26\":{\"145\":{\"type\":\"socialMediaBlock\",\"enabled\":\"1\",\"fields\":{\"socialName\":\"instagram\",\"address\":\"https:\\/\\/www.instagram.com\\/theburrmagazine\\/\"}},\"146\":{\"type\":\"socialMediaBlock\",\"enabled\":\"1\",\"fields\":{\"socialName\":\"twitter\",\"address\":\"https:\\/\\/twitter.com\\/TheBurrMagazine\"}},\"147\":{\"type\":\"socialMediaBlock\",\"enabled\":\"1\",\"fields\":{\"socialName\":\"facebook\",\"address\":\"https:\\/\\/facebook.com\\/theburrmagazine\\/\"}},\"148\":{\"type\":\"socialMediaBlock\",\"enabled\":\"1\",\"fields\":{\"socialName\":\"website\",\"address\":\"http:\\/\\/theburr.com\\/\"}}},\"21\":\"\"}}', '2017-06-01 19:12:52', '2017-06-01 19:12:52', '305346f7-ab18-495e-9bc8-4215570009a7'),
 ('387', '10', '4', '235', 'en_us', '16', '', '{\"typeId\":\"4\",\"authorId\":\"1\",\"title\":\"A Magazine\",\"slug\":\"a-magazine\",\"postDate\":1487886960,\"expiryDate\":null,\"enabled\":1,\"parentId\":null,\"fields\":{\"31\":[\"68\"],\"1\":\"<p>A Magazine is Kent State\'s publication for all things fashion, beauty and culture on campus and beyond. A focuses on both women\'s and men\'s fashion and has companion website that is updated regularly, providing students with the latest fashion industry and more. It is distributed at Kent State and the Fashion School\\u2019s New York studio.<br><\\/p>\",\"4\":\"amagksu@gmail.com\",\"36\":\"1\",\"13\":[\"243\"],\"14\":[\"46\"],\"68\":\"\",\"10\":\"\",\"29\":\"A Magazine is Kent State\\u2019s student-run fashion magazine and is the hub for all things fashion, beauty and culture related.\",\"26\":{\"140\":{\"type\":\"socialMediaBlock\",\"enabled\":\"1\",\"fields\":{\"socialName\":\"instagram\",\"address\":\"https:\\/\\/www.instagram.com\\/amagksu\\/\"}},\"141\":{\"type\":\"socialMediaBlock\",\"enabled\":\"1\",\"fields\":{\"socialName\":\"twitter\",\"address\":\"https:\\/\\/twitter.com\\/AMagKSU\"}},\"142\":{\"type\":\"socialMediaBlock\",\"enabled\":\"1\",\"fields\":{\"socialName\":\"facebook\",\"address\":\" http:\\/\\/facebook.com\\/amagksu\\/\"}},\"143\":{\"type\":\"socialMediaBlock\",\"enabled\":\"1\",\"fields\":{\"socialName\":\"website\",\"address\":\"http:\\/\\/theamag.com\\/\"}}},\"21\":\"\"}}', '2017-06-01 19:14:07', '2017-06-01 19:14:07', '4a6295e3-5f47-486e-b8e1-a91422222bde'),
 ('388', '15', '4', '235', 'en_us', '14', '', '{\"typeId\":\"4\",\"authorId\":\"1\",\"title\":\"Kent Stater\",\"slug\":\"kent-stater\",\"postDate\":1488208860,\"expiryDate\":null,\"enabled\":1,\"parentId\":null,\"fields\":{\"31\":[\"68\"],\"1\":\"<p>The Kent Stater is an award-winning student-run newspaper. Reaching more than 9,500 people per issue, the Stater keeps the community up-to-date with campus, local and national news, sports and features. The Stater publishes on Monday, Wednesday and Thursday and has a&nbsp;circulation of 6,000 per day. During the summer months, The Kent Stater runs special print issues and the annual Orientation issue to welcome back students. The Kent Stater publishes online with media partner, TV2, at KentWired.com\\r\\n      <\\/p>\",\"4\":\"kentwired@gmail.com\",\"36\":\"1\",\"13\":[\"244\"],\"14\":[\"51\"],\"68\":\"\",\"10\":\"330-672-2586\",\"29\":\"The Kent Stater is the award-winning, student-run newspaper at Kent State University. \",\"26\":{\"227\":{\"type\":\"socialMediaBlock\",\"enabled\":\"1\",\"fields\":{\"socialName\":\"twitter\",\"address\":\" https:\\/\\/twitter.com\\/kentwired\"}},\"228\":{\"type\":\"socialMediaBlock\",\"enabled\":\"1\",\"fields\":{\"socialName\":\"instagram\",\"address\":\"https:\\/\\/www.instagram.com\\/kentwired\\/\"}},\"229\":{\"type\":\"socialMediaBlock\",\"enabled\":\"1\",\"fields\":{\"socialName\":\"facebook\",\"address\":\"https:\\/\\/www.facebook.com\\/KentWired\\/\"}},\"230\":{\"type\":\"socialMediaBlock\",\"enabled\":\"1\",\"fields\":{\"socialName\":\"website\",\"address\":\"http:\\/\\/www.kentwired.com\\/\"}}},\"21\":\"\"}}', '2017-06-01 19:14:53', '2017-06-01 19:14:53', '8642cb11-9c69-43cc-9ae8-777fbb9f9823'),
 ('389', '58', '9', '235', 'en_us', '18', '', '{\"typeId\":\"9\",\"authorId\":null,\"title\":\"About Kent State Student Media\",\"slug\":\"about\",\"postDate\":1492560894,\"expiryDate\":null,\"enabled\":1,\"parentId\":null,\"fields\":{\"55\":\"<p>Advertise with us!<\\/p>\",\"1\":\"<p>Test Kent State Student Media empowers students to be the best they can be. Students of any major and grade level are able to join us and gain a fun, practical experience that will provide transferable skills for any career they choose. We believe diversity is a strength, and we welcome all to join us! Our wide array of Media Partners means that every student can find their best fit. <br><\\/p>\\r\\n<p><strong>Our Mission:<\\/strong><strong><em><br><\\/em><\\/strong><\\/p>\\r\\n<p><strong><em>Student Media empowers students<\\/em><\\/strong> through practical, collaborative and professional learning opportunities within an independent, student-led and multi-platform media framework.<strong><em><br><\\/em><\\/strong><\\/p>\\r\\n<p><strong><em>Our students create valued sources<\\/em><\\/strong> of journalism, information, entertainment and advertising and develop meaningful connections with our core audiences.<strong><em><br><\\/em><\\/strong><\\/p>\\r\\n<p><strong><em>We encourage excellence, leadership and accountability<\\/em><\\/strong> as students become innovative, ethical and skilled media producers within a diverse and global society. <br><\\/p>\",\"11\":[\"166\"],\"13\":[\"246\"],\"47\":\"<p>You can help further our mission! Learn about the different ways you can support us. <br><\\/p>\",\"21\":\"Through the combined effort of students and faculty, our mission is to provide a professional learning foundation for all.\"}}', '2017-06-01 19:15:42', '2017-06-01 19:15:42', '382f7c55-4d04-4be3-90ef-3bb7adfa830a'),
 ('390', '2', '1', '235', 'en_us', '37', '', '{\"typeId\":\"1\",\"authorId\":null,\"title\":\"Kent State Student Media\",\"slug\":\"homepage\",\"postDate\":1495818871,\"expiryDate\":null,\"enabled\":1,\"parentId\":null,\"fields\":{\"61\":[\"58\"],\"55\":\"<p>Advertising Introductory Paragraph Here<\\/p>\",\"62\":[\"61\"],\"63\":\"Advertise With Us\",\"1\":\"<p>Kent State Student Media is the brand that represents all the broadcast and film, print, and online content created by Kent State students. Our media partners are  independent, nationally recognized, and nationally award-winning. Every student is invited to come join us and gain a professional, practical, and fun experience that will add to their resume. <br><\\/p>\",\"12\":\"About Student Media\",\"13\":[\"238\",\"240\",\"242\",\"243\",\"241\",\"244\"],\"17\":\"\",\"64\":\"Our Media Partners\",\"21\":\"Kent State\'s Independent Student Media Partners\",\"22\":\"https:\\/\\/player.vimeo.com\\/video\\/210945217\",\"65\":\"Video caption here\"}}', '2017-06-01 19:24:34', '2017-06-01 19:24:34', '8cb45400-6685-4885-b74c-58411397b972'),
 ('391', '62', '13', '235', 'en_us', '9', '', '{\"typeId\":null,\"authorId\":null,\"title\":\"Contact Student Media\",\"slug\":\"contact\",\"postDate\":1489688145,\"expiryDate\":null,\"enabled\":1,\"parentId\":null,\"fields\":{\"1\":\"<p>Feel free to contact us! Shoot us an e-mail at&nbsp;<a href=\\\"mailto:ads@ksustudentmedia.com\\\">ads@ksustudentmedia.com<\\/a>, call us at 330-672-6306 or drop by our office during business hours, Monday through Friday 8 a.m to 5 p.m. in 205 Franklin Hall on the Kent State University Kent campus.&nbsp;<\\/p>\",\"13\":[\"247\"],\"21\":\"Questions or concerns?\"}}', '2017-06-01 19:26:13', '2017-06-01 19:26:13', '47533ed9-a57e-409c-9136-b6a80022ab86'),
 ('392', '58', '9', '235', 'en_us', '19', '', '{\"typeId\":\"9\",\"authorId\":null,\"title\":\"About Kent State Student Media\",\"slug\":\"about\",\"postDate\":1492560894,\"expiryDate\":null,\"enabled\":1,\"parentId\":null,\"fields\":{\"55\":\"<p>Advertise with us!<\\/p>\",\"1\":\"<p>Test Kent State Student Media empowers students to be the best they can be. Students of any major and grade level are able to join us and gain a fun, practical experience that will provide transferable skills for any career they choose. We believe diversity is a strength, and we welcome all to join us! Our wide array of Media Partners means that every student can find their best fit. <br><\\/p>\\r\\n<p><strong>Our Mission:<\\/strong><strong><em><br><\\/em><\\/strong><\\/p>\\r\\n<p><strong><em>Student Media empowers students<\\/em><\\/strong> through practical, collaborative and professional learning opportunities within an independent, student-led and multi-platform media framework.<strong><em><br><\\/em><\\/strong><\\/p>\\r\\n<p><strong><em>Our students create valued sources<\\/em><\\/strong> of journalism, information, entertainment and advertising and develop meaningful connections with our core audiences.<strong><em><br><\\/em><\\/strong><\\/p>\\r\\n<p><strong><em>We encourage excellence, leadership and accountability<\\/em><\\/strong> as students become innovative, ethical and skilled media producers within a diverse and global society. <br><\\/p>\",\"11\":[\"166\"],\"13\":[\"246\"],\"47\":\"<p>You can help further our mission! Learn about the different ways you can support us. <br><\\/p>\",\"21\":\"Through the combined effort of students and faculty, our mission is to provide a professional learning foundation for all.\"}}', '2017-06-01 19:26:59', '2017-06-01 19:26:59', '3d1d4a30-2cd7-45cf-8bbb-e460695df79a'),
 ('393', '60', '11', '235', 'en_us', '9', '', '{\"typeId\":\"11\",\"authorId\":null,\"title\":\"Get Involved\",\"slug\":\"get-involved\",\"postDate\":1492711027,\"expiryDate\":null,\"enabled\":1,\"parentId\":null,\"fields\":{\"12\":\"Student Media is open to any students, staff or faculty. Get started as early as you freshman year in any of dozens of positions across our 10 media partners.  Student Media gives you the experience you need to set you apart. Utilize the chance to share your voice and gain practical experience to help launch your career.\",\"51\":{\"231\":{\"type\":\"faqs\",\"enabled\":\"1\",\"fields\":{\"question\":\"How can I become a student media leader?\",\"answer\":\"<p>There are a few requirements a student must meet to become a student media leader...<\\/p>\"}}},\"49\":\"\",\"13\":[\"248\"],\"56\":{\"232\":{\"type\":\"employeeOpportunities\",\"enabled\":\"1\",\"fields\":{\"hiring\":\"A Magazine\",\"position\":\"Graphic Designer\",\"positionDescription\":\"description\",\"contactInformation\":\"Mary Smith\"}}}}}', '2017-06-01 19:35:48', '2017-06-01 19:35:48', '0022ae62-0605-43eb-bd65-22163e3ad0ba'),
 ('394', '60', '11', '235', 'en_us', '10', '', '{\"typeId\":\"11\",\"authorId\":null,\"title\":\"Get Involved\",\"slug\":\"get-involved\",\"postDate\":1492711027,\"expiryDate\":null,\"enabled\":1,\"parentId\":null,\"fields\":{\"12\":\"Student Media is open to any students, staff or faculty. Get started as early as your freshman year in any of dozens of positions across our 10 media partners.  Student Media gives you the experience you need to set you apart. Utilize the chance to share your voice and gain practical experience to help launch your career.\",\"51\":{\"231\":{\"type\":\"faqs\",\"enabled\":\"1\",\"fields\":{\"question\":\"How can I become a student media leader?\",\"answer\":\"<p>There are a few requirements a student must meet to become a student media leader...<\\/p>\"}}},\"49\":\"\",\"13\":[\"248\"],\"56\":{\"232\":{\"type\":\"employeeOpportunities\",\"enabled\":\"1\",\"fields\":{\"hiring\":\"A Magazine\",\"position\":\"Graphic Designer\",\"positionDescription\":\"description\",\"contactInformation\":\"Mary Smith\"}}}}}', '2017-06-01 19:37:42', '2017-06-01 19:37:42', '9e83eb8b-3ee5-420f-9424-8c8fc68d100d'),
 ('395', '59', '10', '235', 'en_us', '7', '', '{\"typeId\":null,\"authorId\":null,\"title\":\"Media Partners\",\"slug\":\"media-partners-home\",\"postDate\":1489687966,\"expiryDate\":null,\"enabled\":1,\"parentId\":null,\"fields\":{\"1\":\"<p>Media partners introduction goes here.<\\/p>\",\"13\":[\"249\"],\"21\":\"Subhead Goes Here\"}}', '2017-06-01 19:39:19', '2017-06-01 19:39:19', '862ff6f9-e13d-44d0-ad67-cdd92a9a86b6'),
 ('396', '60', '11', '235', 'en_us', '11', '', '{\"typeId\":\"11\",\"authorId\":null,\"title\":\"Get Involved\",\"slug\":\"get-involved\",\"postDate\":1492711027,\"expiryDate\":null,\"enabled\":1,\"parentId\":null,\"fields\":{\"1\":\"<p>Everyone is welcome to join us! Involvement in Student Media gives you an experience that will set you apart. Utilize the chance to share your voice and gain practical experience to help launch your career.<\\/p>\",\"51\":{\"231\":{\"type\":\"faqs\",\"enabled\":\"1\",\"fields\":{\"question\":\"How can I become a student media leader?\",\"answer\":\"<p>There are a few requirements a student must meet to become a student media leader...<\\/p>\"}}},\"13\":[\"248\"],\"56\":{\"232\":{\"type\":\"employeeOpportunities\",\"enabled\":\"1\",\"fields\":{\"hiring\":\"A Magazine\",\"position\":\"Graphic Designer\",\"positionDescription\":\"description\",\"contactInformation\":\"Mary Smith\"}}},\"21\":\"Start your freshman year. Stay until you graduate. \"}}', '2017-06-01 19:45:09', '2017-06-01 19:45:09', '69788b49-0bd7-4716-85de-9b0b26a332bf'),
 ('397', '60', '11', '235', 'en_us', '12', '', '{\"typeId\":\"11\",\"authorId\":null,\"title\":\"Get Involved\",\"slug\":\"get-involved\",\"postDate\":1492711027,\"expiryDate\":null,\"enabled\":1,\"parentId\":null,\"fields\":{\"1\":\"<p>Student Media is open to any students, staff or faculty at Kent State. Start as early as your freshman year and get involved in any of dozens of gives you an experience that will set you apart. Utilize the chance to share your voice and gain practical experience to help launch your career.<\\/p>\",\"51\":{\"231\":{\"type\":\"faqs\",\"enabled\":\"1\",\"fields\":{\"question\":\"How can I become a student media leader?\",\"answer\":\"<p>There are a few requirements a student must meet to become a student media leader...<\\/p>\"}}},\"13\":[\"248\"],\"56\":{\"232\":{\"type\":\"employeeOpportunities\",\"enabled\":\"1\",\"fields\":{\"hiring\":\"A Magazine\",\"position\":\"Graphic Designer\",\"positionDescription\":\"description\",\"contactInformation\":\"Mary Smith\"}}},\"21\":\"Start your freshman year. Stay until you graduate. \"}}', '2017-06-01 19:46:23', '2017-06-01 19:46:23', '4b6b45ae-2db5-4254-b93e-08ab5dac8cd7'),
 ('398', '60', '11', '235', 'en_us', '13', '', '{\"typeId\":\"11\",\"authorId\":null,\"title\":\"Get Involved\",\"slug\":\"get-involved\",\"postDate\":1492711027,\"expiryDate\":null,\"enabled\":1,\"parentId\":null,\"fields\":{\"1\":\"<p>Student Media is open to any students, staff or faculty at Kent State. Start as early as your freshman year and get involved in any of dozens of positions across our 10 Student Media partners. Gain important experience that will set you apart from your fellow students. Utilize this chance to share your voice and gain practical experience to help launch your career. To get started, check out openings below or contact Kevin Dilley, director of Student Media, at kdilley@kent.edu<\\/p>\",\"51\":{\"231\":{\"type\":\"faqs\",\"enabled\":\"1\",\"fields\":{\"question\":\"How can I become a student media leader?\",\"answer\":\"<p>There are a few requirements a student must meet to become a student media leader...<\\/p>\"}}},\"13\":[\"248\"],\"56\":{\"232\":{\"type\":\"employeeOpportunities\",\"enabled\":\"1\",\"fields\":{\"hiring\":\"A Magazine\",\"position\":\"Graphic Designer\",\"positionDescription\":\"description\",\"contactInformation\":\"Mary Smith\"}}},\"21\":\"Start your freshman year. Stay until you graduate. \"}}', '2017-06-01 19:49:20', '2017-06-01 19:49:20', '4adf9bbf-438c-42ff-aa2f-22dea8e7d879'),
 ('399', '60', '11', '235', 'en_us', '14', '', '{\"typeId\":\"11\",\"authorId\":null,\"title\":\"Get Involved\",\"slug\":\"get-involved\",\"postDate\":1492711027,\"expiryDate\":null,\"enabled\":1,\"parentId\":null,\"fields\":{\"1\":\"<p>Student Media is open to any students, staff or faculty at Kent State. Start as early as your freshman year and get involved in any of dozens of positions across our 10 Student Media partners. Gain important experience that will set you apart from your fellow students. Come share your voice and gain practical experience to help launch your career. To get started, check out current openings below or contact Kevin Dilley, director of Student Media, at kdilley@kent.edu.<\\/p>\",\"51\":{\"231\":{\"type\":\"faqs\",\"enabled\":\"1\",\"fields\":{\"question\":\"How can I become a student media leader?\",\"answer\":\"<p>There are a few requirements a student must meet to become a student media leader...<\\/p>\"}}},\"13\":[\"248\"],\"56\":{\"232\":{\"type\":\"employeeOpportunities\",\"enabled\":\"1\",\"fields\":{\"hiring\":\"A Magazine\",\"position\":\"Graphic Designer\",\"positionDescription\":\"description\",\"contactInformation\":\"Mary Smith\"}}},\"21\":\"Start your freshman year. Stay until you graduate. \"}}', '2017-06-01 19:52:55', '2017-06-01 19:52:55', 'e30e55e1-4fac-456d-ac38-4b10dd039ca9'),
 ('400', '60', '11', '235', 'en_us', '15', '', '{\"typeId\":\"11\",\"authorId\":null,\"title\":\"Get Involved\",\"slug\":\"get-involved\",\"postDate\":1492711027,\"expiryDate\":null,\"enabled\":1,\"parentId\":null,\"fields\":{\"1\":\"<p>Student Media is open to any students, staff or faculty at Kent State. Start as early as your freshman year and get involved in any of dozens of positions across our 10 Student Media partners. Gain important experience that will set you apart from your fellow students. Come share your voice and gain practical experience to help launch your career. To get started, check out current openings below or contact Kevin Dilley, director of Student Media, at kdilley@kent.edu.<\\/p>\",\"51\":{\"231\":{\"type\":\"faqs\",\"enabled\":\"1\",\"fields\":{\"question\":\"How can I become a student media leader?\",\"answer\":\"<p>Leaders of each Student Media partner are selected by the Student Media Board in the fall and spring of each year for the following semester or semesters. To be considered, you must be must have at least a verified cumulative 2.25 Grade Point Average at the time of application and maintain a cumulative 2.25 GPA and be in good standing with the University during your term as leader. &nbsp;To be a compensated student leader, you must be enrolled in a minimum of eight credit hours as an undergraduate student and a minimum of six as a graduate student during their term. You&nbsp;do not need to be majors enrolled in the School of Journalism and Mass Communication. &nbsp;Candidates applying for leadership positions in the JMC-co-curricular units must have related experience to be considered an applicant.<\\/p>\"}}},\"13\":[\"248\"],\"56\":{\"232\":{\"type\":\"employeeOpportunities\",\"enabled\":\"1\",\"fields\":{\"hiring\":\"A Magazine\",\"position\":\"Graphic Designer\",\"positionDescription\":\"description\",\"contactInformation\":\"Mary Smith\"}}},\"21\":\"Start your freshman year. Stay until you graduate. \"}}', '2017-06-01 20:11:15', '2017-06-01 20:11:15', 'f652af7d-f840-43aa-bb3e-dbd5fbb9ee4c'),
 ('401', '60', '11', '235', 'en_us', '16', '', '{\"typeId\":\"11\",\"authorId\":null,\"title\":\"Get Involved\",\"slug\":\"get-involved\",\"postDate\":1492711027,\"expiryDate\":null,\"enabled\":1,\"parentId\":null,\"fields\":{\"1\":\"<p>Student Media is open to any students, staff or faculty at Kent State. Start as early as your freshman year and get involved in any of dozens of positions across our 10 Student Media partners. Gain important experience that will set you apart from your fellow students. Come share your voice and gain practical experience to help launch your career. To get started, check out current openings below or contact Kevin Dilley, director of Student Media, at kdilley@kent.edu.<\\/p>\",\"51\":{\"231\":{\"type\":\"faqs\",\"enabled\":\"1\",\"fields\":{\"question\":\"How can I become a student media leader?\",\"answer\":\"<p>Leaders of each Student Media partner are selected by the Student Media Board in the fall and spring of each year for the following semester or semesters. To be considered, you must be must have at least a verified cumulative 2.25 Grade Point Average at the time of application and maintain a cumulative 2.25 GPA and be in good standing with the University during your term as leader. &nbsp;To be a compensated student leader, you must be enrolled in a minimum of eight credit hours as an undergraduate student and a minimum of six as a graduate student during their term. You&nbsp;do not need to be majors enrolled in the School of Journalism and Mass Communication. &nbsp;Candidates applying for leadership positions in the JMC-co-curricular units must have related experience to be considered an applicant.<\\/p>\"}},\"new1\":{\"type\":\"faqs\",\"enabled\":\"1\",\"fields\":{\"question\":\"Can I get paid while working for Student Media?\",\"answer\":\"<p>Yes. Student Media offers hundreds of paid positions each semester across our 10 Student Media partners. Contact us for more information. <\\/p>\"}},\"new2\":{\"type\":\"faqs\",\"enabled\":\"1\",\"fields\":{\"question\":\"Can I study abroad and still be involved in Student Media?\",\"answer\":\"<p>Yes. Student Media supports students who opt for a semester abroad. Sometimes this can fit into a media outlet\'s content plan for that semester. Also, studying abroad will not affect your ability to continue on a path to a leadership position, if you so choose. <\\/p>\"}},\"new3\":{\"type\":\"faqs\",\"enabled\":\"1\",\"fields\":{\"question\":\"Who makes the hiring decisions for Student Media?\",\"answer\":\"<p>It depends on the position you are seeking:<\\/p><ul><li>Top leaders for each media partner are selected by the Student Media Board<\\/li><li>Staff members within each media partner are selected by the student leader in consultation with the adviser<\\/li><li>Staff members in the Student Media office are selected by the professional staff. <\\/li><\\/ul>\"}},\"new4\":{\"type\":\"faqs\",\"enabled\":\"1\",\"fields\":{\"question\":\"How many hours can I work?\",\"answer\":\"<p>That depends on your position and the needs of your outlet. You should talk with your student leader and adviser about the specific needs of each position. If you are in a paid position, you cannot work more than 28 hours each week. &nbsp;<\\/p>\"}},\"new5\":{\"type\":\"faqs\",\"enabled\":\"1\",\"fields\":{\"question\":\"If I don\'t see a position I like, can I still work in Student Media?\",\"answer\":\"<p>Probably, let\'s talk. &nbsp;Student Media is growing and changing as rapidly as the professional fields we strive to emulate. So, if a position doesn\'t exist (and it\'s generally within the wheelhouse of media and communications), let\'s talk and figure out how to make it happen.&nbsp;<\\/p>\"}}},\"13\":[\"248\"],\"56\":{\"232\":{\"type\":\"employeeOpportunities\",\"enabled\":\"1\",\"fields\":{\"hiring\":\"A Magazine\",\"position\":\"Graphic Designer\",\"positionDescription\":\"description\",\"contactInformation\":\"Mary Smith\"}}},\"21\":\"Start your freshman year. Stay until you graduate. \"}}', '2017-06-01 20:33:12', '2017-06-01 20:33:12', 'f12943e2-e97e-460b-b6f6-49299e029afc'),
 ('402', '58', '9', '235', 'en_us', '20', '', '{\"typeId\":\"9\",\"authorId\":null,\"title\":\"About Kent State Student Media\",\"slug\":\"about\",\"postDate\":1492560894,\"expiryDate\":null,\"enabled\":1,\"parentId\":null,\"fields\":{\"55\":\"<p>Advertise with us!<\\/p>\",\"1\":\"<p>Kent State Student Media is made up of 10 distinct and independent Student Media partners who created unique content and distribute that across 34 different outlets on multiple platforms.&nbsp;<br><\\/p>\\r\\n<p><strong>Our Mission:<\\/strong><strong><em><br><\\/em><\\/strong><\\/p>\\r\\n<p><strong><em>Student Media empowers students<\\/em><\\/strong> through practical, collaborative and professional learning opportunities within an independent, student-led and multi-platform media framework.<strong><em><br><\\/em><\\/strong><\\/p>\\r\\n<p><strong><em>Our students create valued sources<\\/em><\\/strong> of journalism, information, entertainment and advertising and develop meaningful connections with our core audiences.<strong><em><br><\\/em><\\/strong><\\/p>\\r\\n<p><strong><em>We encourage excellence, leadership and accountability<\\/em><\\/strong> as students become innovative, ethical and skilled media producers within a diverse and global society. <br><\\/p>\",\"11\":[\"166\"],\"13\":[\"246\"],\"47\":\"<p>You can help further our mission! Learn about the different ways you can support us. <br><\\/p>\",\"21\":\"Through the combined effort of students and faculty, our mission is to provide a professional learning foundation for all.\"}}', '2017-06-01 20:38:09', '2017-06-01 20:38:09', '253ebc96-4ae9-455a-88b0-2f5097609fc6'),
 ('403', '58', '9', '235', 'en_us', '21', '', '{\"typeId\":\"9\",\"authorId\":null,\"title\":\"About Kent State Student Media\",\"slug\":\"about\",\"postDate\":1492560894,\"expiryDate\":null,\"enabled\":1,\"parentId\":null,\"fields\":{\"55\":\"<p>Advertise with us!<\\/p>\",\"1\":\"<p>Kent State Student Media is made up of 10 distinct and independent Student Media partners who created unique content and distribute that across 34 different outlets on multiple platforms.&nbsp;<br><\\/p>\\r\\n<p><strong>Our mission-driven leadership begins here:<\\/strong><strong><em><br><\\/em><\\/strong><\\/p>\\r\\n<p><strong><em>Student Media empowers students<\\/em><\\/strong> through practical, collaborative and professional learning opportunities within an independent, student-led and multi-platform media framework.<strong><em><br><\\/em><\\/strong><\\/p>\\r\\n<p><strong><em>Our students create valued sources<\\/em><\\/strong> of journalism, information, entertainment and advertising and develop meaningful connections with our core audiences.<strong><em><br><\\/em><\\/strong><\\/p>\\r\\n<p><strong><em>We encourage excellence, leadership and accountability<\\/em><\\/strong> as students become innovative, ethical and skilled media producers within a diverse and global society. <br><\\/p>\",\"11\":[\"166\"],\"13\":[\"246\"],\"47\":\"<p>You can help further our mission! Learn about the different ways you can support us. <br><\\/p>\",\"21\":\"Through the combined effort of students and faculty, our mission is to provide a professional learning foundation for all.\"}}', '2017-06-01 20:39:17', '2017-06-01 20:39:17', '7d571a4a-2f44-4339-9d9b-4f37d3f1ca3f'),
 ('404', '58', '9', '235', 'en_us', '22', '', '{\"typeId\":\"9\",\"authorId\":null,\"title\":\"About Kent State Student Media\",\"slug\":\"about\",\"postDate\":1492560894,\"expiryDate\":null,\"enabled\":1,\"parentId\":null,\"fields\":{\"55\":\"<p>Advertise with us!<\\/p>\",\"1\":\"<p>Kent State Student Media is made up of 10 distinct and independent Student Media partners who created unique content and distribute that across 34 different outlets on multiple platforms.&nbsp;<br><\\/p>\\r\\n<p><strong>Our mission-driven leadership begins here:<\\/strong><strong><em><br><\\/em><\\/strong><\\/p>\\r\\n<p><strong><em>Student Media empowers students<\\/em><\\/strong> through practical, collaborative and professional learning opportunities within an independent, student-led and multi-platform media framework.<strong><em><br><\\/em><\\/strong><\\/p>\\r\\n<p><strong><em>Our students create valued sources<\\/em><\\/strong> of journalism, information, entertainment and advertising and develop meaningful connections with our core audiences.<strong><em><br><\\/em><\\/strong><\\/p>\\r\\n<p><strong><em>We encourage excellence, leadership and accountability<\\/em><\\/strong> as students become innovative, ethical and skilled media producers within a diverse and global society. <br><\\/p>\",\"11\":[\"166\"],\"13\":[\"246\"],\"47\":\"<p>You can help further our mission! Learn about the different ways you can support us. <br><\\/p>\",\"21\":\"Through the combined effort of students and faculty, our mission is to provide a professional learning foundation for all.\"}}', '2017-06-01 20:39:43', '2017-06-01 20:39:43', '98fd4599-2983-48cf-801f-9c2266d45309'),
 ('405', '58', '9', '235', 'en_us', '23', '', '{\"typeId\":\"9\",\"authorId\":null,\"title\":\"About Kent State Student Media\",\"slug\":\"about\",\"postDate\":1492560894,\"expiryDate\":null,\"enabled\":1,\"parentId\":null,\"fields\":{\"55\":\"<p>Advertise with us!<\\/p>\",\"1\":\"<p>Kent State Student Media is made up of 10 distinct and independent Student Media partners who created unique content and distribute that across 34 different outlets on multiple platforms.&nbsp;<br><\\/p>\\r\\n<p><strong>Our mission-driven leadership begins here:<\\/strong><strong><em><br><\\/em><\\/strong><\\/p>\\r\\n<p><strong><em>Student Media empowers students<\\/em><\\/strong> through practical, collaborative and professional learning opportunities within an independent, student-led and multi-platform media framework.<strong><em><br><\\/em><\\/strong><\\/p>\\r\\n<p><strong><em>Our students create valued sources<\\/em><\\/strong> of journalism, information, entertainment and advertising and develop meaningful connections with our core audiences.<strong><em><br><\\/em><\\/strong><\\/p>\\r\\n<p><strong><em>We encourage excellence, leadership and accountability<\\/em><\\/strong> as students become innovative, ethical and skilled media producers within a diverse and global society. <br><\\/p>\",\"11\":[\"166\"],\"13\":[\"246\"],\"47\":\"<p>We often have larger ideas than our budget will support. Your generous gift will help our students build on their big ideas. Your gift can be directed at a specific Media partner or go to support Student Media in general. &nbsp;<br><\\/p>\",\"21\":\"Through the combined effort of students and faculty, our mission is to provide a professional learning foundation for all.\"}}', '2017-06-01 20:46:58', '2017-06-01 20:46:58', 'b195caeb-592e-4d97-bbb3-390834e89794'),
 ('406', '58', '9', '235', 'en_us', '24', '', '{\"typeId\":\"9\",\"authorId\":null,\"title\":\"About Kent State Student Media\",\"slug\":\"about\",\"postDate\":1492560894,\"expiryDate\":null,\"enabled\":1,\"parentId\":null,\"fields\":{\"55\":\"<p>Advertise with us!<\\/p>\",\"1\":\"<p>Kent State Student Media is made up of 10 distinct and independent Student Media partners who create unique content and distribute that across 34 different outlets on multiple platforms.&nbsp;<br><\\/p>\\r\\n<p><strong>Our mission-driven leadership begins here:<\\/strong><strong><em><br><\\/em><\\/strong><\\/p>\\r\\n<p><strong><em>Student Media empowers students<\\/em><\\/strong> through practical, collaborative and professional learning opportunities within an independent, student-led and multi-platform media framework.<strong><em><br><\\/em><\\/strong><\\/p>\\r\\n<p><strong><em>Our students create valued sources<\\/em><\\/strong> of journalism, information, entertainment and advertising and develop meaningful connections with our core audiences.<strong><em><br><\\/em><\\/strong><\\/p>\\r\\n<p><strong><em>We encourage excellence, leadership and accountability<\\/em><\\/strong> as students become innovative, ethical and skilled media producers within a diverse and global society. <br><\\/p>\",\"11\":[\"166\"],\"13\":[\"246\"],\"47\":\"<p>We often have larger ideas than our budget will support. Your generous gift will help our students build on their big ideas. Your gift can be directed at a specific media partner or go to support Student Media in general. &nbsp;<br><\\/p>\",\"21\":\"Through the combined effort of students and faculty, our mission is to provide a professional learning foundation for all.\"}}', '2017-06-01 20:47:57', '2017-06-01 20:47:57', '009c75cd-5866-4c05-83c1-a879f1134d8c'),
 ('407', '61', '12', '235', 'en_us', '4', '', '{\"typeId\":\"12\",\"authorId\":null,\"title\":\"Advertising\",\"slug\":\"advertising\",\"postDate\":1492961215,\"expiryDate\":null,\"enabled\":1,\"parentId\":null,\"fields\":{\"1\":\"<p>We are your direct access to more than 70,000 people. We connect you to our audience through award-winning digital, print, film and broadcast media.<\\/p>\\r\\n<p>We have been serving Kent State University and the Kent community for more than 80 years with independent student-produced media. We have the outlets you need to reach the target audience you want.<\\/p>\\r\\n<p>We look forward to partnering with you and look forward to your success.<\\/p>\",\"66\":\"<p>Creative Services Description goes here.<\\/p>\",\"67\":\"\",\"21\":\"It starts with you \"}}', '2017-06-01 20:52:17', '2017-06-01 20:52:17', '9597edc4-3480-4c9e-a461-c33c29c032da'),
 ('408', '61', '12', '235', 'en_us', '5', '', '{\"typeId\":\"12\",\"authorId\":null,\"title\":\"Advertising\",\"slug\":\"advertising\",\"postDate\":1492961215,\"expiryDate\":null,\"enabled\":1,\"parentId\":null,\"fields\":{\"1\":\"<p>We are your direct access to more than 70,000 people. We connect you to our audience through award-winning digital, print, film and broadcast media.<\\/p>\\r\\n<p>We have been serving Kent State University and the Kent community for more than 80 years with independent student-produced media. We have the outlets you need to reach the target audience you want.<\\/p>\\r\\n<p>We look forward to partnering with you and look forward to your success.<\\/p>\",\"66\":\"<p>Creative Services Description goes here.<\\/p>\",\"67\":\"\",\"21\":\"It starts with you \"}}', '2017-06-01 20:53:44', '2017-06-01 20:53:44', 'a35fde3b-fff3-4d7b-a549-117ec00671a5'),
 ('409', '61', '12', '235', 'en_us', '6', '', '{\"typeId\":\"12\",\"authorId\":null,\"title\":\"Advertising\",\"slug\":\"advertising\",\"postDate\":1492961215,\"expiryDate\":null,\"enabled\":1,\"parentId\":null,\"fields\":{\"1\":\"<p>We are your direct access to more than 70,000 people. We connect you to our audience through award-winning digital, print, film and broadcast media.<\\/p>\\r\\n<p>We have been serving Kent State University and the Kent community for more than 80 years with independent student-produced media. We have the outlets you need to reach the target audience you want.<\\/p>\\r\\n<p>We look forward to partnering with you and look forward to your success.<\\/p>\",\"66\":\"<p>Creative Services Description goes here.<\\/p>\",\"67\":\"\",\"21\":\"It starts with you \"}}', '2017-06-01 20:53:45', '2017-06-01 20:53:45', 'b804d3bf-510e-4600-a2ab-a9f0248a3570'),
 ('410', '61', '12', '266', 'en_us', '7', '', '{\"typeId\":\"12\",\"authorId\":null,\"title\":\"Advertising\",\"slug\":\"advertising\",\"postDate\":1492961215,\"expiryDate\":null,\"enabled\":1,\"parentId\":null,\"fields\":{\"1\":\"<p>We are your direct access to more than 70,000 people. We connect you to our audience through award-winning digital, print, film and broadcast media.<\\/p>\\r\\n<p>We have been serving Kent State University and the Kent community for more than 80 years with independent student-produced media. We have the outlets you need to reach the target audience you want.<\\/p>\\r\\n<p>We look forward to partnering with you and look forward to your success.<\\/p>\",\"66\":\"<p>Creative Services Description goes here.<\\/p>\",\"67\":\"\",\"21\":\"It starts with you. \"}}', '2017-06-02 19:27:49', '2017-06-02 19:27:49', '077ca877-dffd-4771-adb0-704280bb03a2'),
 ('411', '202', '8', '266', 'en_us', '2', '', '{\"typeId\":\"8\",\"authorId\":\"1\",\"title\":\"Tami Cindea Bongiorni\",\"slug\":\"tami-bongiorni\",\"postDate\":1493931780,\"expiryDate\":null,\"enabled\":1,\"parentId\":null,\"fields\":{\"20\":[\"101\"],\"1\":\"\",\"4\":\"tbongior@kent.edu\",\"5\":[\"nonVoting\",\"officeStaff\"],\"6\":\"Tami\",\"19\":\"\",\"8\":\"Student Media Advertising & Marketing Manager\",\"7\":\"Cindea Bongiorni\",\"10\":\"\"}}', '2017-06-02 19:29:13', '2017-06-02 19:29:13', 'dd12e1c0-65a2-4db0-9b90-9fda434b24cf'),
 ('412', '62', '13', '235', 'en_us', '10', '', '{\"typeId\":null,\"authorId\":null,\"title\":\"Contact Student Media\",\"slug\":\"contact\",\"postDate\":1489688145,\"expiryDate\":null,\"enabled\":1,\"parentId\":null,\"fields\":{\"1\":\"<p>We\'d love to hear from you. For advertising related questions, contact us at &nbsp;<a href=\\\"mailto:ads@ksustudentmedia.com\\\">ads@ksustudentmedia.com<\\/a>, 330-672-6306, or drop by our office during business hours, Monday through Friday 8 a.m to 5 p.m. in 205 Franklin Hall on the Kent State University Kent campus. For general Student Media questions, reach out to Kevin Dilley, director at kdilley@kent.edu or 330-672-0887.&nbsp;<\\/p>\",\"13\":[\"247\"],\"21\":\"Questions or concerns?\"}}', '2017-06-02 19:32:42', '2017-06-02 19:32:42', '8a9b5e26-2a26-45da-bde1-993fde2a748d'),
 ('413', '62', '13', '235', 'en_us', '11', '', '{\"typeId\":null,\"authorId\":null,\"title\":\"Contact Student Media\",\"slug\":\"contact\",\"postDate\":1489688145,\"expiryDate\":null,\"enabled\":1,\"parentId\":null,\"fields\":{\"1\":\"<p>We\'d love to hear from you. For advertising related questions, contact us at &nbsp;<a href=\\\"mailto:ads@ksustudentmedia.com\\\">ads@ksustudentmedia.com<\\/a>, 330-672-6306, or drop by our office during business hours, Monday through Friday 8 a.m to 5 p.m. in 205 Franklin Hall on the Kent State University Kent campus. For general Student Media questions, reach out to Kevin Dilley, director at kdilley@kent.edu or 330-672-0887.&nbsp;<\\/p>\",\"13\":[\"247\"],\"21\":\"Questions or concerns?\"}}', '2017-06-02 19:33:54', '2017-06-02 19:33:54', 'ea80f1f4-a480-4320-b863-7040a0bd1776'),
 ('414', '2', '1', '235', 'en_us', '38', '', '{\"typeId\":\"1\",\"authorId\":null,\"title\":\"Kent State Student Media\",\"slug\":\"homepage\",\"postDate\":1495818871,\"expiryDate\":null,\"enabled\":1,\"parentId\":null,\"fields\":{\"61\":[\"58\"],\"55\":\"<p>We are your direct access to more than 70,000 people. We connect you to our audience through award-winning digital, print, film and broadcast media.<\\/p>\\r\\n<p>We have been serving Kent State University and the Kent community for more than 80 years with independent student-produced media. We have the outlets you need to reach the target audience you want.<\\/p>\\r\\n<p>We look forward to partnering with you and look forward to your success.<\\/p>\",\"62\":[\"61\"],\"63\":\"Advertise With Us\",\"1\":\"<p>Kent State Student Media is the brand that represents all the broadcast and film, print, and online content created by Kent State students. Our media partners are  independent, nationally recognized, and nationally award-winning. Every student is invited to come join us and gain a professional, practical, and fun experience that will add to their resume. <br><\\/p>\",\"12\":\"About Student Media\",\"13\":[\"238\",\"240\",\"242\",\"243\",\"241\",\"244\"],\"17\":\"\",\"64\":\"Our Media Partners\",\"21\":\"Kent State\'s Independent Student Media Partners\",\"22\":\"https:\\/\\/player.vimeo.com\\/video\\/210945217\",\"65\":\"Video caption here\"}}', '2017-06-02 19:35:52', '2017-06-02 19:35:52', 'd4cf2e1f-8124-4d77-a958-96918ea16b8d'),
 ('415', '2', '1', '235', 'en_us', '39', '', '{\"typeId\":\"1\",\"authorId\":null,\"title\":\"Kent State Student Media\",\"slug\":\"homepage\",\"postDate\":1495818871,\"expiryDate\":null,\"enabled\":1,\"parentId\":null,\"fields\":{\"61\":[\"58\"],\"55\":\"<p>We are your direct access to more than 70,000 people. We connect you to our audience through award-winning digital, print, film and broadcast media.<\\/p>\\r\\n<p>We have been serving Kent State University and the Kent community for more than 80 years with independent student-produced media. We have the outlets you need to reach the target audience you want.<\\/p>\\r\\n<p>We look forward to partnering with you and look forward to your success.<\\/p>\",\"62\":[\"61\"],\"63\":\"Advertise With Us\",\"1\":\"<p>Kent State Student Media is the brand that represents all the broadcast and film, print, and online content created by Kent State students. Our media partners are  independent, nationally recognized, and nationally award-winning. Every student is invited to come join us and gain a professional, practical, and fun experience that will add to their resume. <br><\\/p>\",\"12\":\"About Student Media\",\"13\":[\"238\",\"240\",\"242\",\"243\",\"241\",\"244\"],\"17\":\"\",\"64\":\"Our Media Partners\",\"21\":\"10 partners. 700 students. 1 mission. \",\"22\":\"https:\\/\\/player.vimeo.com\\/video\\/210945217\",\"65\":\"Video caption here\"}}', '2017-06-02 19:37:35', '2017-06-02 19:37:35', 'e2fc9bd9-aa1e-44a1-804e-104df814093c'),
 ('416', '2', '1', '235', 'en_us', '40', '', '{\"typeId\":\"1\",\"authorId\":null,\"title\":\"Kent State Student Media\",\"slug\":\"homepage\",\"postDate\":1495818871,\"expiryDate\":null,\"enabled\":1,\"parentId\":null,\"fields\":{\"61\":[\"58\"],\"55\":\"<p>We are your direct access to more than 70,000 people. We connect you to our audience through award-winning digital, print, film and broadcast media.<\\/p>\\r\\n<p>We have been serving Kent State University and the Kent community for more than 80 years with independent student-produced media. We have the outlets you need to reach the target audience you want.<\\/p>\\r\\n<p>We look forward to partnering with you and look forward to your success.<\\/p>\",\"62\":[\"61\"],\"63\":\"Advertise With Us\",\"1\":\"<p>Kent State Student Media is the brand that represents all the broadcast and film, print, and online content created by Kent State students. Our media partners are  independent, nationally recognized, and nationally award-winning. Every student is invited to come join us and gain a professional, practical, and fun experience that will add to their resume. <br><\\/p>\",\"12\":\"About Student Media\",\"13\":[\"238\",\"240\",\"242\",\"243\",\"241\",\"244\"],\"17\":\"\",\"64\":\"Our Media Partners\",\"21\":\"Ten partners. Seven hundred students. One mission. \",\"22\":\"https:\\/\\/player.vimeo.com\\/video\\/210945217\",\"65\":\"Video caption here\"}}', '2017-06-02 19:38:11', '2017-06-02 19:38:11', 'cc53d45c-076a-46dd-8495-41734054e5c5'),
 ('417', '2', '1', '235', 'en_us', '41', '', '{\"typeId\":\"1\",\"authorId\":null,\"title\":\"Kent State Student Media\",\"slug\":\"homepage\",\"postDate\":1495818871,\"expiryDate\":null,\"enabled\":1,\"parentId\":null,\"fields\":{\"61\":[\"58\"],\"55\":\"<p>We are your direct access to more than 70,000 people. We connect you to our audience through award-winning digital, print, film and broadcast media.<\\/p>\\r\\n<p>We have been serving Kent State University and the Kent community for more than 80 years with independent student-produced media. We have the outlets you need to reach the target audience you want.<\\/p>\\r\\n<p>We look forward to partnering with you and look forward to your success.<\\/p>\",\"62\":[\"61\"],\"63\":\"Advertise With Us\",\"1\":\"<p>Kent State Student Media is the brand that represents all the broadcast and film, print, and online content created by Kent State students. Our media partners are  independent, nationally recognized, and nationally award-winning. Every student is invited to come join us and gain a professional, practical, and fun experience that will add to their resume. <br><\\/p>\",\"12\":\"About Student Media\",\"13\":[\"238\",\"240\",\"242\",\"243\",\"241\",\"244\"],\"17\":\"\",\"64\":\"Our Media Partners\",\"21\":\"Seven hundred students. Ten partners. One mission. \",\"22\":\"https:\\/\\/player.vimeo.com\\/video\\/210945217\",\"65\":\"Video caption here\"}}', '2017-06-02 19:39:03', '2017-06-02 19:39:03', '655616c4-7542-4036-ac95-9324b28ce9cd'),
 ('418', '2', '1', '235', 'en_us', '42', '', '{\"typeId\":\"1\",\"authorId\":null,\"title\":\"Kent State Student Media\",\"slug\":\"homepage\",\"postDate\":1495818871,\"expiryDate\":null,\"enabled\":1,\"parentId\":null,\"fields\":{\"61\":[\"58\"],\"55\":\"<p>We are your direct access to more than 70,000 people. We connect you to our audience through award-winning digital, print, film and broadcast media.<\\/p>\\r\\n<p>We have been serving Kent State University and the Kent community for more than 80 years with independent student-produced media. We have the outlets you need to reach the target audience you want.<\\/p>\\r\\n<p>We look forward to partnering with you and look forward to your success.<\\/p>\",\"62\":[\"61\"],\"63\":\"Advertise With Us\",\"1\":\"<p>Kent State Student Media is the brand that represents all the broadcast and film, print, and online content created by Kent State students. Our media partners are  independent, nationally recognized, and nationally award-winning. Every student is invited to come join us and gain a professional, practical, and fun experience that will add to their resume. <br><\\/p>\",\"12\":\"About Student Media\",\"13\":[\"238\",\"240\",\"242\",\"243\",\"241\",\"244\"],\"17\":\"\",\"64\":\"Our Media Partners\",\"21\":\"Seven hundred students.       Ten partners. One mission. \",\"22\":\"https:\\/\\/player.vimeo.com\\/video\\/210945217\",\"65\":\"Video caption here\"}}', '2017-06-02 19:39:28', '2017-06-02 19:39:28', '39fe9ead-79bb-4ed0-bc4d-b71f6f2ea90b'),
 ('419', '2', '1', '235', 'en_us', '43', '', '{\"typeId\":\"1\",\"authorId\":null,\"title\":\"Kent State Student Media\",\"slug\":\"homepage\",\"postDate\":1495818871,\"expiryDate\":null,\"enabled\":1,\"parentId\":null,\"fields\":{\"61\":[\"58\"],\"55\":\"<p>We are your direct access to more than 70,000 people. We connect you to our audience through award-winning digital, print, film and broadcast media.<\\/p>\\r\\n<p>We have been serving Kent State University and the Kent community for more than 80 years with independent student-produced media. We have the outlets you need to reach the target audience you want.<\\/p>\\r\\n<p>We look forward to partnering with you and look forward to your success.<\\/p>\",\"62\":[\"61\"],\"63\":\"Advertise With Us\",\"1\":\"<p>Kent State Student Media is the brand that represents all the broadcast and film, print, and online content created by Kent State students. Our media partners are  independent, nationally recognized, and nationally award-winning. Every student is invited to come join us and gain a professional, practical, and fun experience that will add to their resume. <br><\\/p>\",\"12\":\"Student Media Connects\",\"13\":[\"238\",\"240\",\"242\",\"243\",\"241\",\"244\"],\"17\":\"\",\"64\":\"Our Media Partners\",\"21\":\"Seven hundred students.       Ten partners. One mission. \",\"22\":\"https:\\/\\/player.vimeo.com\\/video\\/210945217\",\"65\":\"Video caption here\"}}', '2017-06-02 19:40:55', '2017-06-02 19:40:55', 'a391bab9-d649-4993-a9fb-1a2d86830bec'),
 ('420', '2', '1', '235', 'en_us', '44', '', '{\"typeId\":\"1\",\"authorId\":null,\"title\":\"Kent State Student Media\",\"slug\":\"homepage\",\"postDate\":1495818871,\"expiryDate\":null,\"enabled\":1,\"parentId\":null,\"fields\":{\"61\":[\"58\"],\"55\":\"<p>We are your direct access to more than 70,000 people. We connect you to our audience through award-winning digital, print, film and broadcast media.<\\/p>\\r\\n<p>We have been serving Kent State University and the Kent community for more than 80 years with independent student-produced media. We have the outlets you need to reach the target audience you want.<\\/p>\\r\\n<p>We look forward to partnering with you and look forward to your success.<\\/p>\",\"62\":[\"61\"],\"63\":\"Advertise With Us\",\"1\":\"<p>Kent State Student Media is the brand that represents all the broadcast and film, print, and online content created by Kent State students. Our media partners are  independent, nationally recognized, and nationally award-winning. Every student is invited to come join us and gain a professional, practical, and fun experience that will add to their resume. <br><\\/p>\",\"12\":\"Student Media Connects\",\"13\":[\"238\",\"240\",\"242\",\"243\",\"241\",\"244\"],\"17\":\"\",\"64\":\"Our Media Partners\",\"21\":\"Seven hundred students.       Ten partners. One mission. \",\"22\":\"https:\\/\\/player.vimeo.com\\/video\\/210945217\",\"65\":\"Take a 90-second tour of Kent State Student Media \"}}', '2017-06-02 19:41:50', '2017-06-02 19:41:50', '0053d108-8e45-4aef-acd0-1f7cc5c9782b'),
 ('421', '2', '1', '235', 'en_us', '45', '', '{\"typeId\":\"1\",\"authorId\":null,\"title\":\"Kent State Student Media\",\"slug\":\"homepage\",\"postDate\":1495818871,\"expiryDate\":null,\"enabled\":1,\"parentId\":null,\"fields\":{\"61\":[\"58\"],\"55\":\"<p>We are your direct access to more than 70,000 people. We connect you to our audience through award-winning digital, print, film and broadcast media.<\\/p>\\r\\n<p>We have been serving Kent State University and the Kent community for more than 80 years with independent student-produced media. We have the outlets you need to reach the target audience you want.<\\/p>\\r\\n<p>We look forward to partnering with you and look forward to your success.<\\/p>\",\"62\":[\"61\"],\"63\":\"Advertise With Us\",\"1\":\"<p>Kent State Student Media makes the connections you need. Whether you are a student looking for media experience, a community member wanting to share your story, or an audience member after quality news, information and entertainment, we deliver for you across print, digital and social platforms. &nbsp;<br><\\/p>\",\"12\":\"Student Media Connects\",\"13\":[\"238\",\"240\",\"242\",\"243\",\"241\",\"244\"],\"17\":\"\",\"64\":\"Our Media Partners\",\"21\":\"Seven hundred students.       Ten partners. One mission. \",\"22\":\"https:\\/\\/player.vimeo.com\\/video\\/210945217\",\"65\":\"Take a 90-second tour of Kent State Student Media \"}}', '2017-06-02 19:55:00', '2017-06-02 19:55:00', '3b91b37f-219d-4046-8e03-988f95fb79fd'),
 ('422', '2', '1', '235', 'en_us', '46', '', '{\"typeId\":\"1\",\"authorId\":null,\"title\":\"Kent State Student Media\",\"slug\":\"homepage\",\"postDate\":1495818871,\"expiryDate\":null,\"enabled\":1,\"parentId\":null,\"fields\":{\"61\":[\"58\"],\"55\":\"<p>We are your direct access to more than 70,000 people. We connect you to our audience through award-winning digital, print, film and broadcast media.<\\/p>\\r\\n<p>We have been serving Kent State University and the Kent community for more than 80 years with independent student-produced media. We have the outlets you need to reach the target audience you want.<\\/p>\\r\\n<p>We look forward to partnering with you and look forward to your success.<\\/p>\",\"62\":[\"61\"],\"63\":\"Advertise With Us\",\"1\":\"<p>Kent State Student Media makes the connections you need. Whether you are a student looking for media experience, a community member wanting to share your story, or an audience member after quality news, information and entertainment, we deliver for you across 34 outlets through print, digital and social media platforms. &nbsp;<br><\\/p>\",\"12\":\"Student Media Connects\",\"13\":[\"238\",\"240\",\"242\",\"243\",\"241\",\"244\"],\"17\":\"\",\"64\":\"Our Media Partners\",\"21\":\"Seven hundred students.       Ten partners. One mission. \",\"22\":\"https:\\/\\/player.vimeo.com\\/video\\/210945217\",\"65\":\"Take a 90-second tour of Kent State Student Media \"}}', '2017-06-02 19:56:16', '2017-06-02 19:56:16', '8bbe5ba8-29e5-47b0-a36c-a2261949f735'),
 ('423', '2', '1', '235', 'en_us', '47', '', '{\"typeId\":\"1\",\"authorId\":null,\"title\":\"Kent State Student Media\",\"slug\":\"homepage\",\"postDate\":1495818871,\"expiryDate\":null,\"enabled\":1,\"parentId\":null,\"fields\":{\"61\":[\"58\"],\"55\":\"<p>We are your direct access to more than 70,000 people. We connect you to our audience through award-winning digital, print, film and broadcast media.<\\/p>\\r\\n<p>We have been serving Kent State University and the Kent community for more than 80 years with independent student-produced media. We have the outlets you need to reach the target audience you want.<\\/p>\\r\\n<p>We look forward to partnering with you and look forward to your success.<\\/p>\",\"62\":[\"61\"],\"63\":\"Advertise With Us\",\"1\":\"<p>Kent State Student Media makes the connections you need. Whether you are a student looking for media experience, a community member wanting to share your story, or an audience member after quality news, information and entertainment, we deliver for you across 34 outlets through print, digital and social media platforms. &nbsp;<br><\\/p>\",\"12\":\"Student Media Connects\",\"13\":[\"238\",\"240\",\"242\",\"243\",\"241\",\"244\"],\"17\":\"\",\"64\":\"Our Media Partners\",\"21\":\"Seven hundred students.       Ten partners. One mission. \",\"22\":\"https:\\/\\/player.vimeo.com\\/video\\/210945217\",\"65\":\"Take a 90-second tour of Kent State Student Media \"}}', '2017-06-02 19:58:28', '2017-06-02 19:58:28', '6119d27b-7a31-4a9a-9f88-a816b55c7092'),
 ('424', '161', '21', '235', 'en_us', '7', '', '{\"typeId\":\"21\",\"authorId\":null,\"title\":\"Student Media Board \",\"slug\":\"board-members\",\"postDate\":1494414895,\"expiryDate\":null,\"enabled\":1,\"parentId\":null,\"fields\":{\"1\":\"<p>The Student Media Board is made up of various stakeholders to ensure that Kent State Student Media is the best that it can be. Voting members include faculty members appointed by the faculty senate, faculty members appointed by the school of journalism and mass communication faculty advisory committee, the JMC director, the CSI director, USG appointees, a graduate senate appointee, JMC undergraduate students, a JMC graduate student and a media professional. All student leaders, student media advisors and the director of student media serve as non-voting members. <br><\\/p>\\r\\n<p>Check out the guidelines, members and meeting minutes below.<br><\\/p>\",\"49\":[\"204\"],\"13\":[\"88\"],\"21\":\"The Team That Makes It Happen\"}}', '2017-06-02 19:59:28', '2017-06-02 19:59:28', '140911ad-f218-4e74-a5ab-62816adeb13d'),
 ('425', '161', '21', '235', 'en_us', '8', '', '{\"typeId\":\"21\",\"authorId\":null,\"title\":\"Student Media Board \",\"slug\":\"board-members\",\"postDate\":1494414895,\"expiryDate\":null,\"enabled\":1,\"parentId\":null,\"fields\":{\"1\":\"<p>The Student Media Board is made up of various stakeholders to ensure that Kent State Student Media is the best that it can be. Voting members include faculty members appointed by the faculty senate, faculty members appointed by the school of journalism and mass communication faculty advisory committee, the JMC director, the CSI director, USG appointees, a graduate senate appointee, JMC undergraduate students, a JMC graduate student and a media professional. All student leaders, student media advisors and the director of student media serve as non-voting members. <br><\\/p>\\r\\n<p>Check out the guidelines, members and meeting minutes below.<br><\\/p>\",\"49\":[\"204\"],\"13\":[\"88\"],\"21\":\"We\'ll go farther together \"}}', '2017-06-02 20:00:52', '2017-06-02 20:00:52', 'da868394-876b-44eb-ad92-5ae254cdec37'),
 ('426', '161', '21', '235', 'en_us', '9', '', '{\"typeId\":\"21\",\"authorId\":null,\"title\":\"Student Media Board \",\"slug\":\"board-members\",\"postDate\":1494414895,\"expiryDate\":null,\"enabled\":1,\"parentId\":null,\"fields\":{\"1\":\"<p>The Student Media Board is a standing University committee. The members of the committee&nbsp;serve \\\"as the institutional publisher or de facto licensee and acts in all matters pertaining to those media that are written or broadcast primarily by students and financed primarily by university-sanctioned student fees.\\\" &nbsp;The SMB reports to vice president for student affairs and the dean of the College of Communication and Information.<\\/p><p>The SMB is primarily responsible for selecting student leaders, approving annual budgets and hearing any grievances that cannot be otherwise resolved. The SMB does not dictate or determine editorial content for Student Media partners and gives responsibility for day-to-day editorial operations to the selected student leaders. The SMB gives day-to-day business operation responsibility to the director of Student Media.&nbsp;<\\/p><p>The board is made up of students, staff and faculty across the university, as well as media professionals outside of KSU. Voting members include faculty members appointed by the faculty senate, faculty members appointed by the school of journalism and mass communication faculty advisory committee, the JMC director, the CSI director, USG appointees, a graduate senate appointee, JMC undergraduate students, a JMC graduate student and a media professional. All student leaders, student media advisors and the director of student media serve as non-voting members.&nbsp;<\\/p>\\r\\n<p>Check out the guidelines, members and meeting minutes below.<br><\\/p>\",\"49\":[\"204\"],\"13\":[\"88\"],\"21\":\"We\'ll go farther together \"}}', '2017-06-02 20:09:10', '2017-06-02 20:09:10', 'c716d10d-d6cb-4f42-86b0-0b8263fd920d'),
 ('427', '161', '21', '235', 'en_us', '10', '', '{\"typeId\":\"21\",\"authorId\":null,\"title\":\"Student Media Board \",\"slug\":\"board-members\",\"postDate\":1494414895,\"expiryDate\":null,\"enabled\":1,\"parentId\":null,\"fields\":{\"1\":\"<p>The Student Media Board is a standing University committee. The members of the committee&nbsp;serve \\\"as the institutional publisher or de facto licensee and acts in all matters pertaining to those media that are written or broadcast primarily by students and financed primarily by university-sanctioned student fees.\\\" &nbsp;The SMB reports to the vice president for student affairs and the dean of the College of Communication and Information.<\\/p>\\r\\n<p>The SMB is primarily responsible for selecting student leaders, approving annual budgets and hearing any grievances that cannot be otherwise resolved. The SMB does not dictate or determine editorial content for Student Media partners and gives responsibility for day-to-day editorial operations to the selected student leaders. The SMB gives day-to-day business operation responsibility to the director of Student Media.&nbsp;<\\/p>\\r\\n<p>The board is made up of students, staff and faculty across the university, as well as media professionals outside of KSU. Voting members include faculty members appointed by the faculty senate, faculty members appointed by the school of journalism and mass communication faculty advisory committee, the JMC director, the CSI director, USG appointees, a graduate senate appointee, JMC undergraduate students, a JMC graduate student and a media professional. All student leaders, student media advisors and the director of student media serve as non-voting members.&nbsp;<\\/p>\\r\\n<p>Check out the guidelines, members and meeting minutes below.<br><\\/p>\",\"49\":[\"204\"],\"13\":[\"88\"],\"21\":\"We\'ll go farther together \"}}', '2017-06-02 20:09:29', '2017-06-02 20:09:29', '1cbd038d-db0c-4bba-b5cb-f95e0bcff452'),
 ('428', '161', '21', '235', 'en_us', '11', '', '{\"typeId\":\"21\",\"authorId\":null,\"title\":\"Student Media Board \",\"slug\":\"board-members\",\"postDate\":1494414895,\"expiryDate\":null,\"enabled\":1,\"parentId\":null,\"fields\":{\"1\":\"<p>The Student Media Board is a standing University committee. The members of the committee&nbsp;serve \\\"as the institutional publisher or de facto licensee and acts in all matters pertaining to those media that are written or broadcast primarily by students and financed primarily by university-sanctioned student fees.\\\" &nbsp;The SMB reports to the vice president for student affairs and the dean of the College of Communication and Information.<\\/p>\\r\\n<p>The SMB is primarily responsible for selecting student leaders, approving annual budgets and hearing any grievances that cannot be otherwise resolved. The SMB does not dictate or determine editorial content for Student Media partners and gives responsibility for day-to-day editorial operations to the selected student leaders. The SMB gives day-to-day business operation responsibility to the director of Student Media.&nbsp;<\\/p>\\r\\n<p>The board is made up of students, staff and faculty across the university, as well as media professionals outside of KSU. Voting members include faculty members appointed by the faculty senate, faculty members appointed by the school of journalism and mass communication faculty advisory committee, the JMC director, the CSI director, USG appointees, a graduate senate appointee, JMC undergraduate students, a JMC graduate student and a media professional. All student leaders, student media advisors and the director of student media serve as non-voting members.&nbsp;<\\/p>\\r\\n<p>Check out the guidelines, members and meeting minutes below.<br><\\/p>\",\"49\":[\"204\"],\"13\":[\"246\"],\"21\":\"We\'ll go farther together \"}}', '2017-06-02 20:12:25', '2017-06-02 20:12:25', '5b05bf44-dec2-458d-8773-db24dec7a0ac'),
 ('429', '161', '21', '235', 'en_us', '12', '', '{\"typeId\":\"21\",\"authorId\":null,\"title\":\"Student Media Board \",\"slug\":\"board-members\",\"postDate\":1494414895,\"expiryDate\":null,\"enabled\":1,\"parentId\":null,\"fields\":{\"1\":\"<p>The Student Media Board is a standing University committee. The members of the committee&nbsp;serve \\\"as the institutional publisher or de facto licensee and acts in all matters pertaining to those media that are written or broadcast primarily by students and financed primarily by university-sanctioned student fees.\\\" &nbsp;The SMB reports to the vice president for student affairs and the dean of the College of Communication and Information.<\\/p>\\r\\n<p>The SMB is primarily responsible for selecting student leaders, approving annual budgets and hearing any grievances that cannot be otherwise resolved. The SMB does not dictate or determine editorial content for Student Media partners and gives responsibility for day-to-day editorial operations to the selected student leaders. The SMB gives day-to-day business operation responsibility to the director of Student Media.&nbsp;<\\/p>\\r\\n<p>The board is made up of students, staff and faculty across the university, as well as media professionals outside of KSU. Voting members include faculty members appointed by the faculty senate, faculty members appointed by the school of journalism and mass communication faculty advisory committee, the JMC director, the CSI director, USG appointees, a graduate senate appointee, JMC undergraduate students, a JMC graduate student and a media professional. All student leaders, student media advisors and the director of student media serve as non-voting members.&nbsp;<\\/p>\\r\\n<p>Check out the guidelines, members and meeting minutes below.<br><\\/p>\",\"49\":[\"204\"],\"13\":[\"246\"],\"21\":\"We\'ll go farther together \"}}', '2017-06-02 20:13:07', '2017-06-02 20:13:07', '3cd55a33-6bf7-4b66-a725-8b94c87b05b4'),
 ('430', '58', '9', '235', 'en_us', '25', '', '{\"typeId\":\"9\",\"authorId\":null,\"title\":\"The Who. The What. The Why. \",\"slug\":\"about\",\"postDate\":1492560894,\"expiryDate\":null,\"enabled\":1,\"parentId\":null,\"fields\":{\"55\":\"<p>Advertise with us!<\\/p>\",\"1\":\"<p>Kent State Student Media is made up of 10 distinct and independent Student Media partners who create unique content and distribute that across 34 different outlets on multiple platforms.&nbsp;<br><\\/p>\\r\\n<p><strong>Our mission-driven leadership begins here:<\\/strong><strong><em><br><\\/em><\\/strong><\\/p>\\r\\n<p><strong><em>Student Media empowers students<\\/em><\\/strong> through practical, collaborative and professional learning opportunities within an independent, student-led and multi-platform media framework.<strong><em><br><\\/em><\\/strong><\\/p>\\r\\n<p><strong><em>Our students create valued sources<\\/em><\\/strong> of journalism, information, entertainment and advertising and develop meaningful connections with our core audiences.<strong><em><br><\\/em><\\/strong><\\/p>\\r\\n<p><strong><em>We encourage excellence, leadership and accountability<\\/em><\\/strong> as students become innovative, ethical and skilled media producers within a diverse and global society. <br><\\/p>\",\"11\":[\"166\"],\"13\":[\"246\"],\"47\":\"<p>We often have larger ideas than our budget will support. Your generous gift will help our students build on their big ideas. Your gift can be directed at a specific media partner or go to support Student Media in general. &nbsp;<br><\\/p>\",\"21\":\"Through the combined effort of students and faculty, our mission is to provide a professional learning foundation for all.\"}}', '2017-06-02 20:14:34', '2017-06-02 20:14:34', '70244029-29d7-400e-8300-d46f6c211cfc'),
 ('431', '58', '9', '235', 'en_us', '26', '', '{\"typeId\":\"9\",\"authorId\":null,\"title\":\"Who. What. When. Where. Why. \",\"slug\":\"about\",\"postDate\":1492560894,\"expiryDate\":null,\"enabled\":1,\"parentId\":null,\"fields\":{\"55\":\"<p>Advertise with us!<\\/p>\",\"1\":\"<p>Kent State Student Media is made up of 10 distinct and independent Student Media partners who create unique content and distribute that across 34 different outlets on multiple platforms.&nbsp;<br><\\/p>\\r\\n<p><strong>Our mission-driven leadership begins here:<\\/strong><strong><em><br><\\/em><\\/strong><\\/p>\\r\\n<p><strong><em>Student Media empowers students<\\/em><\\/strong> through practical, collaborative and professional learning opportunities within an independent, student-led and multi-platform media framework.<strong><em><br><\\/em><\\/strong><\\/p>\\r\\n<p><strong><em>Our students create valued sources<\\/em><\\/strong> of journalism, information, entertainment and advertising and develop meaningful connections with our core audiences.<strong><em><br><\\/em><\\/strong><\\/p>\\r\\n<p><strong><em>We encourage excellence, leadership and accountability<\\/em><\\/strong> as students become innovative, ethical and skilled media producers within a diverse and global society. <br><\\/p>\",\"11\":[\"166\"],\"13\":[\"246\"],\"47\":\"<p>We often have larger ideas than our budget will support. Your generous gift will help our students build on their big ideas. Your gift can be directed at a specific media partner or go to support Student Media in general. &nbsp;<br><\\/p>\",\"21\":\"Through the combined effort of students and faculty, our mission is to provide a professional learning foundation for all.\"}}', '2017-06-02 20:15:39', '2017-06-02 20:15:39', '0ec04e0d-2c25-4b90-838c-2a3c2c02c643'),
 ('432', '58', '9', '235', 'en_us', '27', '', '{\"typeId\":\"9\",\"authorId\":null,\"title\":\"Who. What. When. Where. Why. \",\"slug\":\"about\",\"postDate\":1492560894,\"expiryDate\":null,\"enabled\":1,\"parentId\":null,\"fields\":{\"55\":\"<p>Advertise with us!<\\/p>\",\"1\":\"<p>We are more than 700 students working in 10 distinct and independent Student Media partners who create unique content and distribute that across 34 different outlets on multiple platforms. Our students are supported in their efforts by a strong fabric of faculty advisers, professional staff, university support and, of course, financial support from the students of Kent State University.&nbsp;<br><\\/p>\\r\\n<p><strong>Our mission-driven leadership begins here:<\\/strong><strong><em><br><\\/em><\\/strong><\\/p>\\r\\n<p><strong><em>Student Media empowers students<\\/em><\\/strong> through practical, collaborative and professional learning opportunities within an independent, student-led and multi-platform media framework.<strong><em><br><\\/em><\\/strong><\\/p>\\r\\n<p><strong><em>Our students create valued sources<\\/em><\\/strong> of journalism, information, entertainment and advertising and develop meaningful connections with our core audiences.<strong><em><br><\\/em><\\/strong><\\/p>\\r\\n<p><strong><em>We encourage excellence, leadership and accountability<\\/em><\\/strong> as students become innovative, ethical and skilled media producers within a diverse and global society. <br><\\/p>\",\"11\":[\"166\"],\"13\":[\"246\"],\"47\":\"<p>We often have larger ideas than our budget will support. Your generous gift will help our students build on their big ideas. Your gift can be directed at a specific media partner or go to support Student Media in general. &nbsp;<br><\\/p>\",\"21\":\"Through the combined effort of students and faculty, our mission is to provide a professional learning foundation for all.\"}}', '2017-06-02 20:19:42', '2017-06-02 20:19:42', '06d3ae49-4dbd-4aea-ae94-59f609bc0f09'),
 ('433', '58', '9', '235', 'en_us', '28', '', '{\"typeId\":\"9\",\"authorId\":null,\"title\":\"Who. What. When. Where. Why. \",\"slug\":\"about\",\"postDate\":1492560894,\"expiryDate\":null,\"enabled\":1,\"parentId\":null,\"fields\":{\"55\":\"<p>Advertise with us!<\\/p>\",\"1\":\"<p>We are more than 700 students working with 10 distinct and independent Student Media partners who create unique content distributed across 34 different outlets on multiple platforms. Our students are supported in their efforts by a strong fabric of faculty advisers, professional staff, university support and, of course, financial support from the students of Kent State University.&nbsp;<br><\\/p>\\r\\n<p><strong>Our mission-driven leadership begins here:<\\/strong><strong><em><br><\\/em><\\/strong><\\/p>\\r\\n<p><strong><em>Student Media empowers students<\\/em><\\/strong> through practical, collaborative and professional learning opportunities within an independent, student-led and multi-platform media framework.<strong><em><br><\\/em><\\/strong><\\/p>\\r\\n<p><strong><em>Our students create valued sources<\\/em><\\/strong> of journalism, information, entertainment and advertising and develop meaningful connections with our core audiences.<strong><em><br><\\/em><\\/strong><\\/p>\\r\\n<p><strong><em>We encourage excellence, leadership and accountability<\\/em><\\/strong> as students become innovative, ethical and skilled media producers within a diverse and global society. <br><\\/p>\",\"11\":[\"166\"],\"13\":[\"246\"],\"47\":\"<p>We often have larger ideas than our budget will support. Your generous gift will help our students build on their big ideas. Your gift can be directed at a specific media partner or go to support Student Media in general. &nbsp;<br><\\/p>\",\"21\":\"Through the combined effort of students and faculty, our mission is to provide a professional learning foundation for all.\"}}', '2017-06-02 20:20:40', '2017-06-02 20:20:40', '32a10cec-59d9-4309-a0be-fc0490ff2f05'),
 ('434', '58', '9', '235', 'en_us', '29', '', '{\"typeId\":\"9\",\"authorId\":null,\"title\":\"Who. What. When. Where. Why. \",\"slug\":\"about\",\"postDate\":1492560894,\"expiryDate\":null,\"enabled\":1,\"parentId\":null,\"fields\":{\"55\":\"<p>Advertise with us!<\\/p>\",\"1\":\"<p>We are more than 700 students working with 10 distinct and independent Student Media partners who create unique content distributed across 34 different outlets on multiple platforms. Our students are supported in their efforts by a strong fabric of faculty advisers, professional staff, university support and, of course, financial support from the students of Kent State University.&nbsp;<br><\\/p>\\r\\n<p><strong>Our mission-driven leadership begins here:<\\/strong><strong><em><br><\\/em><\\/strong><\\/p>\\r\\n<p><strong><em>Student Media empowers students<\\/em><\\/strong> through practical, collaborative and professional learning opportunities within an independent, student-led and multi-platform media framework.<strong><em><br><\\/em><\\/strong><\\/p>\\r\\n<p><strong><em>Our students create valued sources<\\/em><\\/strong> of journalism, information, entertainment and advertising and develop meaningful connections with our core audiences.<strong><em><br><\\/em><\\/strong><\\/p>\\r\\n<p><strong><em>We encourage excellence, leadership and accountability<\\/em><\\/strong> as students become innovative, ethical and skilled media producers within a diverse and global society. <br><\\/p>\",\"11\":[\"166\"],\"13\":[\"246\"],\"47\":\"<p>We often have larger ideas than our budget will support. Your generous gift will help our students build on their big ideas. Your gift can be directed at a specific media partner or go to support Student Media in general. &nbsp;<br><\\/p>\",\"21\":\"Through the combined effort of students and faculty, our mission is to provide a professional learning foundation for all.\"}}', '2017-06-02 20:26:03', '2017-06-02 20:26:03', 'b81509b1-3210-4a88-85e1-7433f523f3af'),
 ('435', '61', '12', '235', 'en_us', '8', '', '{\"typeId\":\"12\",\"authorId\":null,\"title\":\"Advertising\",\"slug\":\"advertising\",\"postDate\":1492961215,\"expiryDate\":null,\"enabled\":1,\"parentId\":null,\"fields\":{\"1\":\"<p>We are your direct access to more than 70,000 people. We connect you to our audience through award-winning digital, print, film and broadcast media.<\\/p>\\r\\n<p>We have been serving Kent State University and the Kent community for more than 80 years with independent student-produced media. We have the outlets you need to reach the target audience you want.<\\/p>\\r\\n<p>We look forward to partnering with you and look forward to your success.<\\/p>\",\"66\":\"<p>Whatever your business needs, Kent State Student Media has the creative service to attain your goal. We offer video and audio production, design services, photography, DJ services, writing and marketing services. We manage projects and budgets of all sizes. Kent State Student Media provides high quality work at a competitive price. Contact our office today to find out how we can help you excel in your field. &nbsp;\\r\\n  <\\/p>\",\"67\":[\"268\"],\"21\":\"It starts with you. \"}}', '2017-06-02 20:26:45', '2017-06-02 20:26:45', 'b4f65407-161f-4610-83f2-93a383f7a329'),
 ('436', '61', '12', '235', 'en_us', '9', '', '{\"typeId\":\"12\",\"authorId\":null,\"title\":\"Advertising\",\"slug\":\"advertising\",\"postDate\":1492961215,\"expiryDate\":null,\"enabled\":1,\"parentId\":null,\"fields\":{\"1\":\"<p>We are your direct access to more than 70,000 people. We connect you to our audience through award-winning digital, print, film and broadcast media.<\\/p>\\r\\n<p>We have been serving Kent State University and the Kent community for more than 80 years with independent student-produced media. We have the outlets you need to reach the target audience you want.<\\/p>\\r\\n<p>We look forward to partnering with you and look forward to your success.<\\/p>\",\"66\":\"<p>Whatever your business needs, Kent State Student Media has the creative service to attain your goal. We offer video and audio production, design services, photography, DJ services, writing and marketing services. We manage projects and budgets of all sizes. Kent State Student Media provides high quality work at a competitive price. Contact our office today to find out how we can help you excel in your field. &nbsp;\\r\\n  <\\/p>\",\"67\":[\"268\"],\"21\":\"It starts with you. \"}}', '2017-06-02 20:28:44', '2017-06-02 20:28:44', 'e80eb00f-70a4-413a-9e5c-82defb4556b0'),
 ('437', '166', '22', '235', 'en_us', '3', '', '{\"typeId\":\"22\",\"authorId\":null,\"title\":\"Support Us\",\"slug\":\"support-us\",\"postDate\":1493318469,\"expiryDate\":null,\"enabled\":1,\"parentId\":null,\"fields\":{\"13\":[\"248\"]}}', '2017-06-02 20:29:20', '2017-06-02 20:29:20', '03a9df31-5878-4aa0-bee1-351c94b2abd8'),
 ('438', '166', '22', '235', 'en_us', '4', '', '{\"typeId\":\"22\",\"authorId\":null,\"title\":\"Your support makes a difference\",\"slug\":\"support-us\",\"postDate\":1493318469,\"expiryDate\":null,\"enabled\":1,\"parentId\":null,\"fields\":{\"13\":[\"248\"]}}', '2017-06-02 20:30:12', '2017-06-02 20:30:12', 'd36d2ec7-3960-415d-9cbd-e63e0710a79a'),
 ('439', '22', '4', '235', 'en_us', '9', '', '{\"typeId\":\"4\",\"authorId\":\"1\",\"title\":\"Uhuru\",\"slug\":\"uhuru\",\"postDate\":1488483960,\"expiryDate\":null,\"enabled\":1,\"parentId\":null,\"fields\":{\"31\":[\"68\"],\"1\":\"<p>Uhuru is an award-winning magazine that aims to promote innovation, creativity, and culture through the voice of marginalized students on the Kent State University campus. Having a history of pan-African teachings and values, Uhuru magazine focuses on the plight of all students around the globe.\\r\\n  <\\/p>\\r\\n<p>Uhuru, which is Kiswahili for \\u2018freedom,\\u2019 serves as a platform for student creation and expression in art, writing, photography&nbsp;and graphic design, while discussing racial, social and\\/or political ignorance.\\r\\n      <\\/p>\",\"4\":\"uhurumag1@gmail.com\",\"36\":\"1\",\"13\":[\"269\"],\"14\":[\"56\"],\"68\":\"\",\"10\":\"\",\"29\":\"Uhuru is the magazine that promotes innovation, creativity and culture through the voice of marginalized students at Kent State.\",\"26\":{\"133\":{\"type\":\"socialMediaBlock\",\"enabled\":\"1\",\"fields\":{\"socialName\":\"instagram\",\"address\":\"https:\\/\\/www.instagram.com\\/uhurumag\\/\"}},\"134\":{\"type\":\"socialMediaBlock\",\"enabled\":\"1\",\"fields\":{\"socialName\":\"twitter\",\"address\":\"https:\\/\\/twitter.com\\/UhuruMag\"}},\"135\":{\"type\":\"socialMediaBlock\",\"enabled\":\"1\",\"fields\":{\"socialName\":\"facebook\",\"address\":\"https:\\/\\/facebook.com\\/uhurumagazine\\/\"}},\"136\":{\"type\":\"socialMediaBlock\",\"enabled\":\"1\",\"fields\":{\"socialName\":\"website\",\"address\":\"Uhurumag.com\"}}},\"21\":\"\"}}', '2017-06-02 20:50:38', '2017-06-02 20:50:38', 'ac244db2-3a33-48d8-931e-6eeb5fb11a13'),
 ('440', '22', '4', '235', 'en_us', '10', '', '{\"typeId\":\"4\",\"authorId\":\"1\",\"title\":\"Uhuru\",\"slug\":\"uhuru\",\"postDate\":1488483960,\"expiryDate\":null,\"enabled\":1,\"parentId\":null,\"fields\":{\"31\":[\"68\"],\"1\":\"<p>Uhuru is an award-winning magazine that aims to promote innovation, creativity, and culture through the voice of marginalized students on the Kent State University campus. Having a history of pan-African teachings and values, Uhuru magazine focuses on the plight of all students around the globe.\\r\\n  <\\/p>\\r\\n<p>Uhuru, which is Kiswahili for \\u2018freedom,\\u2019 serves as a platform for student creation and expression in art, writing, photography&nbsp;and graphic design, while discussing racial, social and\\/or political ignorance.\\r\\n      <\\/p>\",\"4\":\"uhurumag1@gmail.com\",\"36\":\"1\",\"13\":[\"270\"],\"14\":[\"56\"],\"68\":\"\",\"10\":\"\",\"29\":\"Uhuru is the magazine that promotes innovation, creativity and culture through the voice of marginalized students at Kent State.\",\"26\":{\"133\":{\"type\":\"socialMediaBlock\",\"enabled\":\"1\",\"fields\":{\"socialName\":\"instagram\",\"address\":\"https:\\/\\/www.instagram.com\\/uhurumag\\/\"}},\"134\":{\"type\":\"socialMediaBlock\",\"enabled\":\"1\",\"fields\":{\"socialName\":\"twitter\",\"address\":\"https:\\/\\/twitter.com\\/UhuruMag\"}},\"135\":{\"type\":\"socialMediaBlock\",\"enabled\":\"1\",\"fields\":{\"socialName\":\"facebook\",\"address\":\"https:\\/\\/facebook.com\\/uhurumagazine\\/\"}},\"136\":{\"type\":\"socialMediaBlock\",\"enabled\":\"1\",\"fields\":{\"socialName\":\"website\",\"address\":\"Uhurumag.com\"}}},\"21\":\"\"}}', '2017-06-02 20:53:04', '2017-06-02 20:53:04', '10e8809f-20ff-4142-9a32-34cdd71e9af9'),
 ('441', '10', '4', '235', 'en_us', '17', '', '{\"typeId\":\"4\",\"authorId\":\"1\",\"title\":\"A Magazine\",\"slug\":\"a-magazine\",\"postDate\":1487886960,\"expiryDate\":null,\"enabled\":1,\"parentId\":null,\"fields\":{\"31\":[\"68\"],\"1\":\"<p>A Magazine is Kent State\'s publication for all things fashion, beauty and culture on campus and beyond. A Magazine focuses on women\'s and men\'s fashion and has a companion website that is updated regularly, providing students with the latest fashion industry news and more. It is distributed at Kent State and the Fashion School\\u2019s New York studio.<br><\\/p>\",\"4\":\"amagksu@gmail.com\",\"36\":\"1\",\"13\":[\"243\"],\"14\":[\"46\"],\"68\":\"\",\"10\":\"\",\"29\":\"A Magazine is Kent State\\u2019s student-run fashion magazine and is the hub for all things fashion, beauty and culture related.\",\"26\":{\"140\":{\"type\":\"socialMediaBlock\",\"enabled\":\"1\",\"fields\":{\"socialName\":\"instagram\",\"address\":\"https:\\/\\/www.instagram.com\\/amagksu\\/\"}},\"141\":{\"type\":\"socialMediaBlock\",\"enabled\":\"1\",\"fields\":{\"socialName\":\"twitter\",\"address\":\"https:\\/\\/twitter.com\\/AMagKSU\"}},\"142\":{\"type\":\"socialMediaBlock\",\"enabled\":\"1\",\"fields\":{\"socialName\":\"facebook\",\"address\":\" http:\\/\\/facebook.com\\/amagksu\\/\"}},\"143\":{\"type\":\"socialMediaBlock\",\"enabled\":\"1\",\"fields\":{\"socialName\":\"website\",\"address\":\"http:\\/\\/theamag.com\\/\"}}},\"21\":\"\"}}', '2017-06-02 20:59:13', '2017-06-02 20:59:13', 'a3901cd8-6adf-4463-b66d-148a4f9aa6ae'),
 ('442', '10', '4', '235', 'en_us', '18', '', '{\"typeId\":\"4\",\"authorId\":\"1\",\"title\":\"A Magazine\",\"slug\":\"a-magazine\",\"postDate\":1487886960,\"expiryDate\":null,\"enabled\":1,\"parentId\":null,\"fields\":{\"31\":[\"68\"],\"1\":\"<p>A Magazine is Kent State\'s publication for all things fashion, beauty and culture on campus and beyond. A Magazine focuses on women\'s and men\'s fashion and has a companion website that is updated regularly, providing students with the latest fashion industry news and more. It is distributed at Kent State and the Fashion School\\u2019s New York studio.<br><\\/p>\",\"4\":\"amagksu@gmail.com\",\"36\":\"1\",\"13\":[\"243\"],\"14\":[\"46\"],\"68\":\"\",\"10\":\"\",\"29\":\"A Magazine is Kent State\\u2019s student-run fashion magazine and is the hub for all things fashion, beauty and culture related.\",\"26\":{\"140\":{\"type\":\"socialMediaBlock\",\"enabled\":\"1\",\"fields\":{\"socialName\":\"instagram\",\"address\":\"https:\\/\\/www.instagram.com\\/amagksu\\/\"}},\"141\":{\"type\":\"socialMediaBlock\",\"enabled\":\"1\",\"fields\":{\"socialName\":\"twitter\",\"address\":\"https:\\/\\/twitter.com\\/AMagKSU\"}},\"142\":{\"type\":\"socialMediaBlock\",\"enabled\":\"1\",\"fields\":{\"socialName\":\"facebook\",\"address\":\" http:\\/\\/facebook.com\\/amagksu\\/\"}},\"143\":{\"type\":\"socialMediaBlock\",\"enabled\":\"1\",\"fields\":{\"socialName\":\"website\",\"address\":\"http:\\/\\/theamag.com\\/\"}}},\"21\":\"\"}}', '2017-06-02 21:00:19', '2017-06-02 21:00:19', '87d51d03-b5d7-4542-927e-defe2bb9cf0d'),
 ('443', '15', '4', '235', 'en_us', '15', '', '{\"typeId\":\"4\",\"authorId\":\"1\",\"title\":\"The Kent Stater\",\"slug\":\"kent-stater\",\"postDate\":1488208860,\"expiryDate\":null,\"enabled\":1,\"parentId\":null,\"fields\":{\"31\":[\"68\"],\"1\":\"<p>The Kent Stater is an award-winning student-run newspaper. Reaching more than 9,500 people per issue, the Stater keeps the community up-to-date with campus, local and national news, sports and features. The Stater publishes on Monday, Wednesday and Thursday and has a&nbsp;circulation of 6,000 per day. During the summer months, The Kent Stater runs special print issues and the annual Orientation issue to welcome back students. The Kent Stater publishes online with media partner, TV2, at KentWired.com\\r\\n      <\\/p>\",\"4\":\"kentwired@gmail.com\",\"36\":\"1\",\"13\":[\"244\"],\"14\":[\"51\"],\"68\":\"\",\"10\":\"330-672-2586\",\"29\":\"The Kent Stater is the award-winning, student-run newspaper at Kent State University. \",\"26\":{\"227\":{\"type\":\"socialMediaBlock\",\"enabled\":\"1\",\"fields\":{\"socialName\":\"twitter\",\"address\":\" https:\\/\\/twitter.com\\/kentwired\"}},\"228\":{\"type\":\"socialMediaBlock\",\"enabled\":\"1\",\"fields\":{\"socialName\":\"instagram\",\"address\":\"https:\\/\\/www.instagram.com\\/kentwired\\/\"}},\"229\":{\"type\":\"socialMediaBlock\",\"enabled\":\"1\",\"fields\":{\"socialName\":\"facebook\",\"address\":\"https:\\/\\/www.facebook.com\\/KentWired\\/\"}},\"230\":{\"type\":\"socialMediaBlock\",\"enabled\":\"1\",\"fields\":{\"socialName\":\"website\",\"address\":\"http:\\/\\/www.kentwired.com\\/\"}}},\"21\":\"\"}}', '2017-06-02 21:03:32', '2017-06-02 21:03:32', '2d579c7a-8fe7-4108-9201-bd3308a3e12b'),
 ('444', '15', '4', '235', 'en_us', '16', '', '{\"typeId\":\"4\",\"authorId\":\"1\",\"title\":\"The Kent Stater\",\"slug\":\"kent-stater\",\"postDate\":1488208860,\"expiryDate\":null,\"enabled\":1,\"parentId\":null,\"fields\":{\"31\":[\"68\"],\"1\":\"<p>The Kent Stater is an award-winning student-run newspaper. Reaching more than 9,500 people per issue, the Stater keeps the community up-to-date with campus, local and national news, sports and features. The Stater publishes on Monday, Wednesday and Thursday and has a&nbsp;circulation of 6,000 per day. During the summer months, The Kent Stater runs special print issues and the a special start of the school year issue. The Kent Stater publishes online with media partner, TV2, at KentWired.com\\r\\n      <\\/p>\",\"4\":\"kentwired@gmail.com\",\"36\":\"1\",\"13\":[\"244\"],\"14\":[\"51\"],\"68\":\"\",\"10\":\"330-672-2586\",\"29\":\"The Kent Stater is the award-winning, student-run newspaper at Kent State University. \",\"26\":{\"227\":{\"type\":\"socialMediaBlock\",\"enabled\":\"1\",\"fields\":{\"socialName\":\"twitter\",\"address\":\" https:\\/\\/twitter.com\\/kentwired\"}},\"228\":{\"type\":\"socialMediaBlock\",\"enabled\":\"1\",\"fields\":{\"socialName\":\"instagram\",\"address\":\"https:\\/\\/www.instagram.com\\/kentwired\\/\"}},\"229\":{\"type\":\"socialMediaBlock\",\"enabled\":\"1\",\"fields\":{\"socialName\":\"facebook\",\"address\":\"https:\\/\\/www.facebook.com\\/KentWired\\/\"}},\"230\":{\"type\":\"socialMediaBlock\",\"enabled\":\"1\",\"fields\":{\"socialName\":\"website\",\"address\":\"http:\\/\\/www.kentwired.com\\/\"}}},\"21\":\"\"}}', '2017-06-02 21:08:30', '2017-06-02 21:08:30', 'cd53bfb4-6ce5-4e82-980e-8a716d1a2a99'),
 ('445', '14', '4', '235', 'en_us', '9', '', '{\"typeId\":\"4\",\"authorId\":\"1\",\"title\":\"The Burr\",\"slug\":\"the-burr\",\"postDate\":1488208860,\"expiryDate\":null,\"enabled\":1,\"parentId\":null,\"fields\":{\"31\":[\"68\"],\"1\":\"<p>The Burr is Kent State University\'s first student magazine. Published once a semester, The Burr looks into current trends, issues and people in Kent and the surrounding communities. Each issue contains a compelling mix of original reporting, in depth issue coverage, profiles and personal essays. The web counterpoint, TheBurr.com, features online feature stories and multimedia as well as weekly blogs on topics such as relationships, fashion, health and entertainment. The Burr has been producing strong, award-winning journalism since 1986.<\\/p>\",\"4\":\"theburrmagazine@gmail.com\",\"36\":\"1\",\"13\":[\"242\"],\"14\":[\"48\"],\"68\":\"\",\"10\":\"330-672-2947\",\"29\":\"The Burr is Kent State\\u2019s first student-produced magazine made for those who have made a home in Kent.\",\"26\":{\"145\":{\"type\":\"socialMediaBlock\",\"enabled\":\"1\",\"fields\":{\"socialName\":\"instagram\",\"address\":\"https:\\/\\/www.instagram.com\\/theburrmagazine\\/\"}},\"146\":{\"type\":\"socialMediaBlock\",\"enabled\":\"1\",\"fields\":{\"socialName\":\"twitter\",\"address\":\"https:\\/\\/twitter.com\\/TheBurrMagazine\"}},\"147\":{\"type\":\"socialMediaBlock\",\"enabled\":\"1\",\"fields\":{\"socialName\":\"facebook\",\"address\":\"https:\\/\\/facebook.com\\/theburrmagazine\\/\"}},\"148\":{\"type\":\"socialMediaBlock\",\"enabled\":\"1\",\"fields\":{\"socialName\":\"website\",\"address\":\"http:\\/\\/theburr.com\\/\"}}},\"21\":\"\"}}', '2017-06-02 21:08:52', '2017-06-02 21:08:52', '2d648b02-bdb8-4f79-9f14-59d00c77fbda'),
 ('446', '14', '4', '235', 'en_us', '10', '', '{\"typeId\":\"4\",\"authorId\":\"1\",\"title\":\"The Burr\",\"slug\":\"the-burr\",\"postDate\":1488208860,\"expiryDate\":null,\"enabled\":1,\"parentId\":null,\"fields\":{\"31\":[\"68\"],\"1\":\"<p>The Burr is Kent State University\'s first student magazine. Published once a semester, The Burr looks into current trends, issues and people in Kent and the surrounding communities. Each issue contains a compelling mix of original reporting, in depth issue coverage, profiles and personal essays. The web counterpoint, TheBurr.com, features online feature stories and multimedia as well as weekly blogs on topics such as relationships, fashion, health and entertainment. The Burr has been producing strong, award-winning journalism since 1986.<\\/p>\",\"4\":\"theburrmagazine@gmail.com\",\"36\":\"1\",\"13\":[\"242\"],\"14\":[\"48\"],\"68\":\"\",\"10\":\"330-672-2947\",\"29\":\"The Burr is Kent State\\u2019s first student-produced magazine made for those who have made a home in Kent.\",\"26\":{\"145\":{\"type\":\"socialMediaBlock\",\"enabled\":\"1\",\"fields\":{\"socialName\":\"instagram\",\"address\":\"https:\\/\\/www.instagram.com\\/theburrmagazine\\/\"}},\"146\":{\"type\":\"socialMediaBlock\",\"enabled\":\"1\",\"fields\":{\"socialName\":\"twitter\",\"address\":\"https:\\/\\/twitter.com\\/TheBurrMagazine\"}},\"147\":{\"type\":\"socialMediaBlock\",\"enabled\":\"1\",\"fields\":{\"socialName\":\"facebook\",\"address\":\"https:\\/\\/facebook.com\\/theburrmagazine\\/\"}},\"148\":{\"type\":\"socialMediaBlock\",\"enabled\":\"1\",\"fields\":{\"socialName\":\"website\",\"address\":\"http:\\/\\/theburr.com\\/\"}}},\"21\":\"\"}}', '2017-06-02 21:08:59', '2017-06-02 21:08:59', '3439f7de-a4b3-4ee1-9e95-4afd4054852c');
INSERT INTO `craft_entryversions` (`id`, `entryId`, `sectionId`, `creatorId`, `locale`, `num`, `notes`, `data`, `dateCreated`, `dateUpdated`, `uid`) VALUES
 ('447', '22', '4', '235', 'en_us', '11', '', '{\"typeId\":\"4\",\"authorId\":\"1\",\"title\":\"Uhuru\",\"slug\":\"uhuru\",\"postDate\":1488483960,\"expiryDate\":null,\"enabled\":1,\"parentId\":null,\"fields\":{\"31\":[\"68\"],\"1\":\"<p>Uhuru is an award-winning magazine that aims to promote innovation, creativity, and culture through the voice of marginalized students on the Kent State University campus. Having a history of pan-African teachings and values, Uhuru magazine focuses on the plight of all students around the globe.\\r\\n  <\\/p>\\r\\n<p>Uhuru, which is Kiswahili for \\u2018freedom,\\u2019 serves as a platform for student creation and expression in art, writing, photography&nbsp;and graphic design, while discussing racial, social and\\/or political ignorance.\\r\\n      <\\/p>\",\"4\":\"uhurumag1@gmail.com\",\"36\":\"1\",\"13\":[\"270\"],\"14\":[\"56\"],\"68\":\"\",\"10\":\"\",\"29\":\"Uhuru is the magazine that promotes innovation, creativity and culture through the voice of marginalized students at Kent State.\",\"26\":{\"133\":{\"type\":\"socialMediaBlock\",\"enabled\":\"1\",\"fields\":{\"socialName\":\"instagram\",\"address\":\"https:\\/\\/www.instagram.com\\/uhurumag\\/\"}},\"134\":{\"type\":\"socialMediaBlock\",\"enabled\":\"1\",\"fields\":{\"socialName\":\"twitter\",\"address\":\"https:\\/\\/twitter.com\\/UhuruMag\"}},\"135\":{\"type\":\"socialMediaBlock\",\"enabled\":\"1\",\"fields\":{\"socialName\":\"facebook\",\"address\":\"https:\\/\\/facebook.com\\/uhurumagazine\\/\"}},\"136\":{\"type\":\"socialMediaBlock\",\"enabled\":\"1\",\"fields\":{\"socialName\":\"website\",\"address\":\"Uhurumag.com\"}}},\"21\":\"\"}}', '2017-06-02 21:09:14', '2017-06-02 21:09:14', '65421ff5-13f7-46aa-ac8e-a58dd6338d80'),
 ('448', '21', '4', '235', 'en_us', '14', '', '{\"typeId\":\"4\",\"authorId\":\"1\",\"title\":\"Fusion Magazine\",\"slug\":\"fusion-magazine\",\"postDate\":1488483960,\"expiryDate\":null,\"enabled\":1,\"parentId\":null,\"fields\":{\"31\":[\"68\"],\"1\":\"<p>Fusion is Kent State University\'s LGBTQ magazine. We publish news, entertainment, opinions and interviews for and about the LGBTQ community. Each spring, we release a print issue and we regularly update our website year-round. <\\/p>\\r\\n<p>Our mission is to promote equality, education and community through journalism. When Fusion was founded, in 2003, marriage equality was not yet legal anywhere in the United States and laws against consensual sex between gay men were overturned that year. LGBTQ rights have significantly advanced since trans women, drag queens and street kids fought back against police violence in 1959. But the community, particularly trans people and people of color, still face substantial adversity. Journalism and storytelling helps humanize the community and its struggle. By publicizing their perspectives and experiences, Fusion helps demonstrate why LGBTQ people need an equal place in society.<\\/p>\",\"4\":\"meckhous@kent.edu\",\"36\":\"1\",\"13\":[\"241\"],\"14\":[\"49\"],\"68\":\"\",\"10\":\"\",\"29\":\"Fusion is Kent State\'s lesbian, gay, bisexual, transgender and queer\\/questioning student advocacy and entertainment magazine.\",\"26\":{\"137\":{\"type\":\"socialMediaBlock\",\"enabled\":\"1\",\"fields\":{\"socialName\":\"twitter\",\"address\":\"https:\\/\\/twitter.com\\/ohiofusion\"}},\"138\":{\"type\":\"socialMediaBlock\",\"enabled\":\"1\",\"fields\":{\"socialName\":\"facebook\",\"address\":\"https:\\/\\/facebook.com\\/ohiofusion\\/\"}},\"139\":{\"type\":\"socialMediaBlock\",\"enabled\":\"1\",\"fields\":{\"socialName\":\"website\",\"address\":\"http:\\/\\/ohiofusion.com\\/\"}}},\"21\":\"\"}}', '2017-06-02 21:09:23', '2017-06-02 21:09:23', '12810954-d535-4b8c-b3c9-19e83fce960c'),
 ('449', '20', '4', '235', 'en_us', '13', '', '{\"typeId\":\"4\",\"authorId\":\"1\",\"title\":\"TV2\",\"slug\":\"tv2\",\"postDate\":1488483960,\"expiryDate\":null,\"enabled\":1,\"parentId\":null,\"fields\":{\"31\":[\"42\"],\"1\":\"<p>TV2 is Kent State\'s award-winning television station that strives to be Truly Portage County. From local news and sports to entertainment buzz and important social issues surrounding the region, TV2 covers the Kent State and Portage County area like no other television station can, while educating and preparing students for the future. TV2 is found online with media partner The Kent Stater at kentwired.com.&nbsp;<\\/p>\",\"4\":\"lkober@kent.edu\",\"36\":\"1\",\"13\":[\"240\"],\"14\":[\"55\"],\"68\":\"\",\"10\":\"330-672-2584\",\"29\":\"TV2 is Kent State\'s award winning television station that strives to be Truly Portage County.\",\"26\":{\"153\":{\"type\":\"socialMediaBlock\",\"enabled\":\"1\",\"fields\":{\"socialName\":\"instagram\",\"address\":\"https:\\/\\/www.instagram.com\\/tv2ksu\\/\"}},\"154\":{\"type\":\"socialMediaBlock\",\"enabled\":\"1\",\"fields\":{\"socialName\":\"twitter\",\"address\":\"https:\\/\\/twitter.com\\/TV2KSU\"}},\"155\":{\"type\":\"socialMediaBlock\",\"enabled\":\"1\",\"fields\":{\"socialName\":\"facebook\",\"address\":\"https:\\/\\/www.facebook.com\\/tv2ksu\\/\"}},\"222\":{\"type\":\"socialMediaBlock\",\"enabled\":\"1\",\"fields\":{\"socialName\":\"website\",\"address\":\"http:\\/\\/www.kentwired.com\\/tv2\\/\"}}},\"21\":\"\"}}', '2017-06-02 21:11:57', '2017-06-02 21:11:57', '56063069-418e-4bd4-a0b4-d8b3fa9e8930'),
 ('450', '61', '12', '235', 'en_us', '10', '', '{\"typeId\":\"12\",\"authorId\":null,\"title\":\"Advertising, Marketing & Creative Services\",\"slug\":\"advertising\",\"postDate\":1492961215,\"expiryDate\":null,\"enabled\":1,\"parentId\":null,\"fields\":{\"1\":\"<p>We are your direct access to more than 70,000 people. We connect you to our audience through award-winning digital, print, film and broadcast media.<\\/p>\\r\\n<p>We have been serving Kent State University and the Kent community for more than 80 years with independent student-produced media. We have the outlets you need to reach the target audience you want.<\\/p>\\r\\n<p>We look forward to partnering with you and look forward to your success.<\\/p>\",\"66\":\"<p>Whatever your business needs, Kent State Student Media has the creative service to attain your goal. We offer video and audio production, design services, photography, DJ services, writing and marketing services. We manage projects and budgets of all sizes. Kent State Student Media provides high quality work at a competitive price. Contact our office today to find out how we can help you excel in your field. &nbsp;\\r\\n  <\\/p>\",\"67\":[\"268\"],\"21\":\"It starts with you. \"}}', '2017-06-05 16:38:00', '2017-06-05 16:38:00', 'b2d7e55e-684e-4936-a3d5-f8f2bf60c0ff'),
 ('451', '61', '12', '235', 'en_us', '11', '', '{\"typeId\":\"12\",\"authorId\":null,\"title\":\"Advertising, Marketing & Creative Services\",\"slug\":\"advertising\",\"postDate\":1492961215,\"expiryDate\":null,\"enabled\":1,\"parentId\":null,\"fields\":{\"1\":\"<p>We are your direct access to more than 70,000 people. We connect you to our audience through award-winning digital, print, film and broadcast media.<\\/p>\\r\\n<p>We have been serving Kent State University and the Kent community for more than 80 years with independent student-produced media. We have the outlets you need to reach the target audience you want.<\\/p>\\r\\n<p>We look forward to partnering with you and look forward to your success.<\\/p>\",\"66\":\"<p>Whatever your business needs, Kent State Student Media has the creative service to attain your goal. We offer video and audio production, design services, photography, DJ services, writing and marketing services. We manage projects and budgets of all sizes. Kent State Student Media provides high quality work at a competitive price. Contact our office today to find out how we can help you excel in your field. &nbsp;\\r\\n  <\\/p>\",\"67\":[\"268\"],\"21\":\"It starts with you. \"}}', '2017-06-05 16:46:28', '2017-06-05 16:46:28', '08c43817-d322-410b-9f4f-f080e144516a'),
 ('452', '62', '13', '235', 'en_us', '12', '', '{\"typeId\":null,\"authorId\":null,\"title\":\"Contact Student Media\",\"slug\":\"contact\",\"postDate\":1489688145,\"expiryDate\":null,\"enabled\":1,\"parentId\":null,\"fields\":{\"1\":\"<p>We\'d love to hear from you, whether it\'s about getting involved with Student Media, reaching out about individual partners and their content, or for advertising opportunities.&nbsp;<\\/p><ul><li>For advertising &nbsp;contact us at &nbsp;<a href=\\\"mailto:ads@ksustudentmedia.com\\\">ads@ksustudentmedia.com<\\/a>, 330-672-6306, or drop by our office during business hours, Monday through Friday 8 a.m to 5 p.m. in 205 Franklin Hall on the Kent State University Kent campus.&nbsp;<\\/li><li>For general Student Media questions, reach out to Director of Student Media, Kevin Dilley, at kdilley@kent.edu or 330-672-0887. You\'ll also find him in 205 Franklin Hall.&nbsp;<\\/li><\\/ul>\",\"13\":[\"247\"],\"21\":\"How can we help?\"}}', '2017-06-05 16:49:30', '2017-06-05 16:49:30', '8c43740c-7ea3-48cd-a8e0-aae67136a025'),
 ('453', '62', '13', '235', 'en_us', '13', '', '{\"typeId\":null,\"authorId\":null,\"title\":\"Contact Student Media\",\"slug\":\"contact\",\"postDate\":1489688145,\"expiryDate\":null,\"enabled\":1,\"parentId\":null,\"fields\":{\"1\":\"<p>We\'d love to hear from you, whether it\'s about getting involved with Student Media, reaching out about individual partners and their content, or for advertising opportunities.&nbsp;<\\/p>\\r\\n<ul><li>For advertising contact us at &nbsp;<a href=\\\"mailto:ads@ksustudentmedia.com\\\">ads@ksustudentmedia.com<\\/a>, 330-672-6306, or drop by our office during business hours, Monday through Friday 8 a.m to 5 p.m. in 205 Franklin Hall on the Kent State University Kent campus.&nbsp;<\\/li><li>For general Student Media questions, reach out to Director of Student Media, Kevin Dilley, at kdilley@kent.edu or 330-672-0887. You\'ll also find him in 205 Franklin Hall.&nbsp;<\\/li><\\/ul>\",\"13\":[\"247\"],\"21\":\"How can we help?\"}}', '2017-06-05 16:50:19', '2017-06-05 16:50:19', 'bf6af8a0-b4cd-4ffb-b7ab-cc2449e8be3a'),
 ('454', '62', '13', '235', 'en_us', '14', '', '{\"typeId\":null,\"authorId\":null,\"title\":\"Contact Student Media\",\"slug\":\"contact\",\"postDate\":1489688145,\"expiryDate\":null,\"enabled\":1,\"parentId\":null,\"fields\":{\"1\":\"<p>We\'d love to hear from you, whether it\'s about getting involved with Student Media, reaching out about individual partners and their content, or for advertising opportunities.&nbsp;<\\/p>\\r\\n<ul><li>For advertising contact us at <a href=\\\"mailto:ads@ksustudentmedia.com\\\">ads@ksustudentmedia.com<\\/a>, 330-672-6306, or drop by our office during business hours, Monday through Friday 8 a.m to 5 p.m. in 205 Franklin Hall on the Kent State University Kent campus.&nbsp;<\\/li><li>For general Student Media questions, reach out to Director of Student Media, Kevin Dilley, at kdilley@kent.edu or 330-672-0887. You\'ll also find him in 205 Franklin Hall.&nbsp;<\\/li><\\/ul>\",\"13\":[\"247\"],\"21\":\"How can we help?\"}}', '2017-06-05 16:50:24', '2017-06-05 16:50:24', 'e16a08fb-0426-4617-8e18-928a18ac5dbb'),
 ('455', '62', '13', '235', 'en_us', '15', '', '{\"typeId\":null,\"authorId\":null,\"title\":\"Contact Student Media\",\"slug\":\"contact\",\"postDate\":1489688145,\"expiryDate\":null,\"enabled\":1,\"parentId\":null,\"fields\":{\"1\":\"<p>We\'d love to hear from you, whether it\'s about getting involved with Student Media, reaching out about individual partners and their content, or for advertising opportunities.&nbsp;<\\/p>\\r\\n<ul><li>For advertising contact us at <a href=\\\"mailto:ads@ksustudentmedia.com\\\">ads@ksustudentmedia.com<\\/a>, 330-672-6306, or drop by our office during business hours, Monday through Friday 8 a.m to 5 p.m. in 205 Franklin Hall on the Kent State University Kent campus.&nbsp;<\\/li><li>For general Student Media questions, reach out to Director of Student Media, Kevin Dilley, at kdilley@kent.edu or 330-672-0887. You\'ll also find him in 205 Franklin Hall.&nbsp;<\\/li><\\/ul>\",\"13\":[\"247\",\"271\"],\"21\":\"How can we help?\"}}', '2017-06-05 17:03:39', '2017-06-05 17:03:39', '7ef31e4e-2d9d-4c59-9d2a-d2251a7e848c'),
 ('456', '62', '13', '235', 'en_us', '16', '', '{\"typeId\":null,\"authorId\":null,\"title\":\"Contact Student Media\",\"slug\":\"contact\",\"postDate\":1489688145,\"expiryDate\":null,\"enabled\":1,\"parentId\":null,\"fields\":{\"1\":\"<p>We\'d love to hear from you, whether it\'s about getting involved with Student Media, reaching out about individual partners and their content, or for advertising opportunities.&nbsp;<\\/p>\\r\\n<ul><li>For advertising contact us at <a href=\\\"mailto:ads@ksustudentmedia.com\\\">ads@ksustudentmedia.com<\\/a>, 330-672-6306, or drop by our office during business hours, Monday through Friday 8 a.m to 5 p.m. in 205 Franklin Hall on the Kent State University Kent campus.&nbsp;<\\/li><li>For general Student Media questions, reach out to Director of Student Media, Kevin Dilley, at kdilley@kent.edu or 330-672-0887. You\'ll also find him in 205 Franklin Hall.&nbsp;<\\/li><\\/ul>\",\"13\":[\"271\"],\"21\":\"How can we help?\"}}', '2017-06-05 17:36:18', '2017-06-05 17:36:18', '21f77220-8474-4f3d-8438-d42d91868ef9'),
 ('457', '62', '13', '235', 'en_us', '17', '', '{\"typeId\":null,\"authorId\":null,\"title\":\"Contact Student Media\",\"slug\":\"contact\",\"postDate\":1489688145,\"expiryDate\":null,\"enabled\":1,\"parentId\":null,\"fields\":{\"1\":\"<p>We\'d love to hear from you, whether it\'s about getting involved with Student Media, reaching out about individual partners and their content, or for advertising opportunities.&nbsp;<\\/p>\\r\\n<ul><li>For advertising contact us at <a href=\\\"mailto:ads@ksustudentmedia.com\\\">ads@ksustudentmedia.com<\\/a>, 330-672-6306, or drop by our office during business hours, Monday through Friday 8 a.m to 5 p.m. in 205 Franklin Hall on the Kent State University Kent campus.&nbsp;<\\/li><li>For general Student Media questions, reach out to Director of Student Media, Kevin Dilley, at kdilley@kent.edu or 330-672-0887. You\'ll also find him in 205 Franklin Hall.&nbsp;<\\/li><\\/ul>\",\"13\":[\"271\"],\"21\":\"How can we help?\"}}', '2017-06-05 17:37:25', '2017-06-05 17:37:25', 'a921901d-1d82-4876-a5f7-4e0d7a3077d9'),
 ('458', '61', '12', '235', 'en_us', '12', '', '{\"typeId\":\"12\",\"authorId\":null,\"title\":\"Advertising\",\"slug\":\"advertising\",\"postDate\":1492961215,\"expiryDate\":null,\"enabled\":1,\"parentId\":null,\"fields\":{\"1\":\"<p>We are your direct access to more than 70,000 people. We connect you to our audience through award-winning digital, print, film and broadcast media.<\\/p>\\r\\n<p>We have been serving Kent State University and the Kent community for more than 80 years with independent student-produced media. We have the outlets you need to reach the target audience you want.<\\/p>\\r\\n<p>We look forward to partnering with you and look forward to your success.<\\/p>\",\"66\":\"<p>Whatever your business needs, Kent State Student Media has the creative service to attain your goal. We offer video and audio production, design services, photography, DJ services, writing and marketing services. We manage projects and budgets of all sizes. Kent State Student Media provides high quality work at a competitive price. Contact our office today to find out how we can help you excel in your field. &nbsp;\\r\\n  <\\/p>\",\"67\":[\"268\"],\"21\":\"It starts with you. \"}}', '2017-06-05 17:37:35', '2017-06-05 17:37:35', '3ce05896-862a-4aa1-ba27-d20c8d16cff4'),
 ('459', '60', '11', '235', 'en_us', '17', '', '{\"typeId\":\"11\",\"authorId\":null,\"title\":\"Get Involved\",\"slug\":\"get-involved\",\"postDate\":1492711027,\"expiryDate\":null,\"enabled\":1,\"parentId\":null,\"fields\":{\"1\":\"<p>Student Media is open to any students, staff or faculty at Kent State. Start as early as your freshman year and get involved in any of dozens of positions across our 10 Student Media partners. Gain important experience that will set you apart from your fellow students. Come share your voice and gain practical experience to help launch your career. To get started, check out current openings below or contact Kevin Dilley, director of Student Media, at kdilley@kent.edu.<\\/p>\",\"51\":{\"231\":{\"type\":\"faqs\",\"enabled\":\"1\",\"fields\":{\"question\":\"How can I become a student media leader?\",\"answer\":\"<p>Leaders of each Student Media partner are selected by the Student Media Board in the fall and spring of each year for the following semester or semesters. To be considered, you must be must have at least a verified cumulative 2.25 Grade Point Average at the time of application and maintain a cumulative 2.25 GPA and be in good standing with the University during your term as leader. &nbsp;To be a compensated student leader, you must be enrolled in a minimum of eight credit hours as an undergraduate student and a minimum of six as a graduate student during their term. You&nbsp;do not need to be majors enrolled in the School of Journalism and Mass Communication. &nbsp;Candidates applying for leadership positions in the JMC-co-curricular units must have related experience to be considered an applicant.<\\/p>\"}},\"261\":{\"type\":\"faqs\",\"enabled\":\"1\",\"fields\":{\"question\":\"Can I get paid while working for Student Media?\",\"answer\":\"<p>Yes. Student Media offers hundreds of paid positions each semester across our 10 Student Media partners. Contact us for more information. <\\/p>\"}},\"262\":{\"type\":\"faqs\",\"enabled\":\"1\",\"fields\":{\"question\":\"Can I study abroad and still be involved in Student Media?\",\"answer\":\"<p>Yes. Student Media supports students who opt for a semester abroad. Sometimes this can fit into a media outlet\'s content plan for that semester. Also, studying abroad will not affect your ability to continue on a path to a leadership position, if you so choose. <\\/p>\"}},\"263\":{\"type\":\"faqs\",\"enabled\":\"1\",\"fields\":{\"question\":\"Who makes the hiring decisions for Student Media?\",\"answer\":\"<p>It depends on the position you are seeking:<\\/p>\\r\\n<ul><li>Top leaders for each media partner are selected by the Student Media Board<\\/li><li>Staff members within each media partner are selected by the student leader in consultation with the adviser<\\/li><li>Staff members in the Student Media office are selected by the professional staff. <\\/li><\\/ul>\"}},\"264\":{\"type\":\"faqs\",\"enabled\":\"1\",\"fields\":{\"question\":\"How many hours can I work?\",\"answer\":\"<p>That depends on your position and the needs of your outlet. You should talk with your student leader and adviser about the specific needs of each position. If you are in a paid position, you cannot work more than 28 hours each week. &nbsp;<\\/p>\"}},\"265\":{\"type\":\"faqs\",\"enabled\":\"1\",\"fields\":{\"question\":\"If I don\'t see a position I like, can I still work in Student Media?\",\"answer\":\"<p>Probably, let\'s talk. &nbsp;Student Media is growing and changing as rapidly as the professional fields we strive to emulate. So, if a position doesn\'t exist (and it\'s generally within the wheelhouse of media and communications), let\'s talk and figure out how to make it happen.&nbsp;<\\/p>\"}}},\"13\":[\"272\"],\"56\":{\"232\":{\"type\":\"employeeOpportunities\",\"enabled\":\"1\",\"fields\":{\"hiring\":\"A Magazine\",\"position\":\"Graphic Designer\",\"positionDescription\":\"description\",\"contactInformation\":\"Mary Smith\"}}},\"21\":\"Start your freshman year. Stay until you graduate. \"}}', '2017-06-05 17:39:13', '2017-06-05 17:39:13', '1f8938c9-32c2-4723-904a-634d3008fe87'),
 ('460', '60', '11', '235', 'en_us', '18', '', '{\"typeId\":\"11\",\"authorId\":null,\"title\":\"Get Involved\",\"slug\":\"get-involved\",\"postDate\":1492711027,\"expiryDate\":null,\"enabled\":1,\"parentId\":null,\"fields\":{\"1\":\"<p>Student Media is open to any students, staff or faculty at Kent State. Start as early as your freshman year and get involved in any of dozens of positions across our 10 Student Media partners. Gain important experience that will set you apart from your fellow students. Come share your voice and gain practical experience to help launch your career. To get started, check out current openings below or contact Kevin Dilley, director of Student Media, at kdilley@kent.edu.<\\/p>\",\"51\":{\"231\":{\"type\":\"faqs\",\"enabled\":\"1\",\"fields\":{\"question\":\"How can I become a student media leader?\",\"answer\":\"<p>Leaders of each Student Media partner are selected by the Student Media Board in the fall and spring of each year for the following semester or semesters. To be considered, you must be must have at least a verified cumulative 2.25 Grade Point Average at the time of application and maintain a cumulative 2.25 GPA and be in good standing with the University during your term as leader. &nbsp;To be a compensated student leader, you must be enrolled in a minimum of eight credit hours as an undergraduate student and a minimum of six as a graduate student during their term. You&nbsp;do not need to be majors enrolled in the School of Journalism and Mass Communication. &nbsp;Candidates applying for leadership positions in the JMC-co-curricular units must have related experience to be considered an applicant.<\\/p>\"}},\"261\":{\"type\":\"faqs\",\"enabled\":\"1\",\"fields\":{\"question\":\"Can I get paid while working for Student Media?\",\"answer\":\"<p>Yes. Student Media offers hundreds of paid positions each semester across our 10 Student Media partners. Contact us for more information. <\\/p>\"}},\"262\":{\"type\":\"faqs\",\"enabled\":\"1\",\"fields\":{\"question\":\"Can I study abroad and still be involved in Student Media?\",\"answer\":\"<p>Yes. Student Media supports students who opt for a semester abroad. Sometimes this can fit into a media outlet\'s content plan for that semester. Also, studying abroad will not affect your ability to continue on a path to a leadership position, if you so choose. <\\/p>\"}},\"263\":{\"type\":\"faqs\",\"enabled\":\"1\",\"fields\":{\"question\":\"Who makes the hiring decisions for Student Media?\",\"answer\":\"<p>It depends on the position you are seeking:<\\/p>\\r\\n<ul><li>Top leaders for each media partner are selected by the Student Media Board<\\/li><li>Staff members within each media partner are selected by the student leader in consultation with the adviser<\\/li><li>Staff members in the Student Media office are selected by the professional staff. <\\/li><\\/ul>\"}},\"264\":{\"type\":\"faqs\",\"enabled\":\"1\",\"fields\":{\"question\":\"How many hours can I work?\",\"answer\":\"<p>That depends on your position and the needs of your outlet. You should talk with your student leader and adviser about the specific needs of each position. If you are in a paid position, you cannot work more than 28 hours each week. &nbsp;<\\/p>\"}},\"265\":{\"type\":\"faqs\",\"enabled\":\"1\",\"fields\":{\"question\":\"If I don\'t see a position I like, can I still work in Student Media?\",\"answer\":\"<p>Probably, let\'s talk. &nbsp;Student Media is growing and changing as rapidly as the professional fields we strive to emulate. So, if a position doesn\'t exist (and it\'s generally within the wheelhouse of media and communications), let\'s talk and figure out how to make it happen.&nbsp;<\\/p>\"}}},\"13\":[\"248\"],\"56\":{\"232\":{\"type\":\"employeeOpportunities\",\"enabled\":\"1\",\"fields\":{\"hiring\":\"A Magazine\",\"position\":\"Graphic Designer\",\"positionDescription\":\"description\",\"contactInformation\":\"Mary Smith\"}}},\"21\":\"Start your freshman year. Stay until you graduate. \"}}', '2017-06-05 17:39:45', '2017-06-05 17:39:45', '1b908a9f-26fa-4c20-ba94-fc43b32f6f9f'),
 ('461', '59', '10', '235', 'en_us', '8', '', '{\"typeId\":null,\"authorId\":null,\"title\":\"Media Partners\",\"slug\":\"media-partners-home\",\"postDate\":1489687966,\"expiryDate\":null,\"enabled\":1,\"parentId\":null,\"fields\":{\"1\":\"<p>Ten distinct media partners make up the engine that drive Kent State Student Media. Each partner is a unique and independent student organization that has opted to join together for mutual benefit under the banner of Student Media. At the top of each group is the selected editor, general manager or president who each \\\"have sole authority to determine content for the media they lead and in turn take full responsibility for the content decisions made.\\\" &nbsp;They work with their faculty advisers to provide professional and top-notch content for their audiences.&nbsp;<\\/p>\",\"13\":[\"249\"],\"21\":\"Subhead Goes Here\"}}', '2017-06-05 19:51:12', '2017-06-05 19:51:12', 'f935c6df-c8f5-495d-9d0a-b3e57df97a5f'),
 ('462', '59', '10', '235', 'en_us', '9', '', '{\"typeId\":null,\"authorId\":null,\"title\":\"Media Partners\",\"slug\":\"media-partners-home\",\"postDate\":1489687966,\"expiryDate\":null,\"enabled\":1,\"parentId\":null,\"fields\":{\"1\":\"<p>Ten distinct media partners make up the engine that drive Kent State Student Media. Each partner is a unique and independent student organization that has opted to join together for mutual benefit under the banner of Student Media. At the top of each group is the selected editor, general manager or president who each \\\"have sole authority to determine content for the media they lead and in turn take full responsibility for the content decisions made.\\\" &nbsp;They work with their faculty advisers to provide professional and top-notch content for their audiences.&nbsp;<\\/p>\",\"13\":[\"249\"],\"21\":\"The engine of Student Media\"}}', '2017-06-05 19:51:32', '2017-06-05 19:51:32', 'ca3f74ad-8915-4833-8a4f-efa8fa18e9fa'),
 ('463', '59', '10', '235', 'en_us', '10', '', '{\"typeId\":null,\"authorId\":null,\"title\":\"Media Partners\",\"slug\":\"media-partners-home\",\"postDate\":1489687966,\"expiryDate\":null,\"enabled\":1,\"parentId\":null,\"fields\":{\"1\":\"<p>Ten distinct media partners make up the engine that drives Kent State Student Media forward. Each partner is a unique and independent student organization that has opted to join together for mutual benefit under the banner of Student Media. At the top of each group is the selected editor, general manager or president who each \\\"have sole authority to determine content for the media they lead and in turn take full responsibility for the content decisions made.\\\" &nbsp;They work with their faculty advisers, and others, to provide professional and top-notch content for their audiences. Learn about each media partner below.&nbsp;<\\/p>\",\"13\":[\"249\"],\"21\":\"The engine of Student Media\"}}', '2017-06-05 19:56:43', '2017-06-05 19:56:43', '26e112d5-6b09-4fc9-9d11-b4124dbfaa55'),
 ('464', '59', '10', '235', 'en_us', '11', '', '{\"typeId\":null,\"authorId\":null,\"title\":\"Media Partners\",\"slug\":\"media-partners-home\",\"postDate\":1489687966,\"expiryDate\":null,\"enabled\":1,\"parentId\":null,\"fields\":{\"1\":\"<p>Ten distinct media partners make up the engine that drives Kent State Student Media forward. Each partner is a unique and independent student organization that has opted to join together for mutual benefit under the banner of Student Media. At the top of each group is the selected editor, general manager or president who each \\\"have sole authority to determine content for the media they lead and in turn take full responsibility for the content decisions made.\\\" &nbsp;They work with their faculty advisers, and others, to provide professional and top-notch content for their audiences. Learn about each media partner below.&nbsp;<\\/p>\",\"13\":[\"249\"],\"21\":\"The engine of Student Media\"}}', '2017-06-05 19:58:02', '2017-06-05 19:58:02', '76fde7d2-b0ff-4679-9d08-e74430b5fbed'),
 ('465', '101', '4', '235', 'en_us', '5', '', '{\"typeId\":\"4\",\"authorId\":\"1\",\"title\":\"Student Media Advertising\",\"slug\":\"student-media-ad-sales\",\"postDate\":1492116120,\"expiryDate\":null,\"enabled\":1,\"parentId\":null,\"fields\":{\"31\":\"\",\"1\":\"\",\"4\":\"ads@ksustudentmedia.com\",\"36\":\"1\",\"13\":[\"220\"],\"14\":\"\",\"68\":\"\",\"10\":\"330-672-6303\",\"29\":\"\",\"26\":\"\",\"21\":\"\"}}', '2017-06-05 20:01:17', '2017-06-05 20:01:17', '9c0bb15b-96ec-4f7f-b365-d134c89d3962'),
 ('466', '101', '4', '235', 'en_us', '6', '', '{\"typeId\":\"4\",\"authorId\":\"1\",\"title\":\"Student Media Advertising\",\"slug\":\"student-media-ad-sales\",\"postDate\":1492116120,\"expiryDate\":null,\"enabled\":1,\"parentId\":null,\"fields\":{\"31\":\"\",\"1\":\"<p>Our Student Media Sales and Marketing team can help your campus department or local business reach the audience you are seeking. Our staff of account executives will work hand-in-hand to ensure your message is delivered effectively, efficiently and within your budget. Kent State Student Media has 10 different media partners and more than 30 outlets to reach your target market. We provide advertising, promotional item design and ordering, design services, video and audio production, and mobile DJ services. Contact our team today at&nbsp;<a href=\\\"mailto:ads@ksustudentmedia.com\\\">ads@ksustudentmedia.com<\\/a>&nbsp;to get started.&nbsp;<\\/p>\",\"4\":\"ads@ksustudentmedia.com\",\"36\":\"1\",\"13\":[\"220\"],\"14\":\"\",\"68\":\"\",\"10\":\"330-672-6303\",\"29\":\"\",\"26\":\"\",\"21\":\"\"}}', '2017-06-05 20:06:43', '2017-06-05 20:06:43', '4d555f87-6138-4c93-a3a0-b7864cce79f6'),
 ('467', '101', '4', '235', 'en_us', '7', '', '{\"typeId\":\"4\",\"authorId\":\"1\",\"title\":\"Student Media Advertising\",\"slug\":\"student-media-ad-sales\",\"postDate\":1492116120,\"expiryDate\":null,\"enabled\":1,\"parentId\":null,\"fields\":{\"31\":\"\",\"1\":\"<p>Our Student Media Sales and Marketing team can help your campus department or local business reach the audience you are seeking. Our staff of account executives will work hand-in-hand to ensure your message is delivered effectively, efficiently and within your budget. Kent State Student Media has 10 different media partners and more than 30 outlets to reach your target market. We provide advertising, promotional item design and ordering, design services, video and audio production, and mobile DJ services. Contact our team today at&nbsp;<a href=\\\"mailto:ads@ksustudentmedia.com\\\">ads@ksustudentmedia.com<\\/a>&nbsp;to get started.&nbsp;<\\/p>\",\"4\":\"ads@ksustudentmedia.com\",\"36\":\"1\",\"13\":[\"220\"],\"14\":\"\",\"68\":\"\",\"10\":\"330-672-6303\",\"29\":\"\",\"26\":\"\",\"21\":\"Something here\"}}', '2017-06-05 20:07:05', '2017-06-05 20:07:05', '94ac8fdf-724e-4b1a-aef9-f13801dfdb5b'),
 ('468', '101', '4', '235', 'en_us', '8', '', '{\"typeId\":\"4\",\"authorId\":\"1\",\"title\":\"Student Media Advertising\",\"slug\":\"student-media-ad-sales\",\"postDate\":1492116120,\"expiryDate\":null,\"enabled\":1,\"parentId\":null,\"fields\":{\"31\":\"\",\"1\":\"<p>Our Student Media Sales and Marketing team can help your campus department or local business reach the audience you are seeking. Our staff of account executives will work hand-in-hand to ensure your message is delivered effectively, efficiently and within your budget. Kent State Student Media has 10 different media partners and more than 30 outlets to reach your target market. We provide advertising, promotional item design and ordering, design services, video and audio production, and mobile DJ services. Contact our team today at&nbsp;<a href=\\\"mailto:ads@ksustudentmedia.com\\\">ads@ksustudentmedia.com<\\/a>&nbsp;to get started.&nbsp;<\\/p>\",\"4\":\"ads@ksustudentmedia.com\",\"36\":\"1\",\"13\":[\"220\"],\"14\":\"\",\"68\":\"\",\"10\":\"330-672-6303\",\"29\":\"\",\"26\":\"\",\"21\":\"A multi-service, multim-platform solution\"}}', '2017-06-05 20:08:52', '2017-06-05 20:08:52', '706dd75d-1945-49a1-befb-997a82fca95e'),
 ('469', '101', '4', '235', 'en_us', '9', '', '{\"typeId\":\"4\",\"authorId\":\"1\",\"title\":\"Student Media Advertising\",\"slug\":\"student-media-ad-sales\",\"postDate\":1492116120,\"expiryDate\":null,\"enabled\":1,\"parentId\":null,\"fields\":{\"31\":\"\",\"1\":\"<p>Our Student Media Sales and Marketing team can help your campus department or local business reach the audience you are seeking. Our staff of account executives will work hand-in-hand to ensure your message is delivered effectively, efficiently and within your budget. Kent State Student Media has 10 different media partners and more than 30 outlets to reach your target market. We provide advertising, promotional item design and ordering, design services, video and audio production, and mobile DJ services. Contact our team today to get started.&nbsp;<\\/p>\",\"4\":\"ads@ksustudentmedia.com\",\"36\":\"1\",\"13\":[\"220\"],\"14\":\"\",\"68\":\"\",\"10\":\"330-672-6303\",\"29\":\"\",\"26\":\"\",\"21\":\"A multi-service, multim-platform solution\"}}', '2017-06-05 20:09:21', '2017-06-05 20:09:21', 'f4d27396-3d31-4efb-bf8f-6392ea0483df'),
 ('470', '101', '4', '235', 'en_us', '10', '', '{\"typeId\":\"4\",\"authorId\":\"1\",\"title\":\"Student Media Advertising\",\"slug\":\"student-media-ad-sales\",\"postDate\":1492116120,\"expiryDate\":null,\"enabled\":1,\"parentId\":null,\"fields\":{\"31\":\"\",\"1\":\"<p>Our Student Media Sales and Marketing team can help your campus department or local business reach the audience you are seeking. Our staff of account executives will work hand-in-hand to ensure your message is delivered effectively, efficiently and within your budget. Kent State Student Media has 10 different media partners and more than 30 outlets to reach your target market. We provide advertising, promotional item design and ordering, design services, video and audio production, and mobile DJ services. Contact our team today to get started.&nbsp;<\\/p>\",\"4\":\"ads@ksustudentmedia.com\",\"36\":\"1\",\"13\":[\"220\"],\"14\":\"\",\"68\":\"\",\"10\":\"330-672-6303\",\"29\":\"\",\"26\":\"\",\"21\":\"A multi-service, multim-platform solution\"}}', '2017-06-05 20:09:51', '2017-06-05 20:09:51', '52b48938-34ec-4a27-b0c3-c367c0de08dc'),
 ('471', '93', '4', '235', 'en_us', '8', '', '{\"typeId\":\"4\",\"authorId\":\"1\",\"title\":\"Transitions\",\"slug\":\"transitions\",\"postDate\":1492115640,\"expiryDate\":null,\"enabled\":1,\"parentId\":null,\"fields\":{\"31\":[\"68\"],\"1\":\"<p>Transitions magazine is a go-to guide about area restaurants, shopping, banks, ATMs, hotels, transportation and other tips to make the first year at Kent State successful. It is endorsed by Destination Kent State and is given to students and their parents\\/guardians during the freshman orientation program.<\\/p>\",\"4\":\"\",\"36\":\"\",\"13\":[\"233\"],\"14\":\"\",\"68\":\"\",\"10\":\"\",\"29\":\"Transitions magazine is the freshman\'s go-to guide for everything Kent.\",\"26\":\"\",\"21\":\"\"}}', '2017-06-05 20:10:05', '2017-06-05 20:10:05', 'eef759b2-0838-46d3-b02d-fbc18e3b20ef'),
 ('472', '24', '4', '235', 'en_us', '15', '', '{\"typeId\":\"4\",\"authorId\":\"1\",\"title\":\"Luna Negra\",\"slug\":\"luna-negra\",\"postDate\":1488484140,\"expiryDate\":null,\"enabled\":1,\"parentId\":null,\"fields\":{\"31\":[\"68\"],\"1\":\"<p>Luna Negra, though sometimes under different names, has been around since 1956. It began under the English department, where it found its footing within the campus\\u2019s cultural atmosphere. Since then, the publication has been a staple of the university, witnessing the path Kent State has taken through the decades. We have published works describing the culture of collegiate 1950s, the Kent State shootings, and 9\\/11; the literary pieces published by Luna Negra, written by the students themselves, have chronicled every major cultural and historical event of America. Since its inception, and still to today, Luna Negra is run by students and filled with student content. We strive to foster creative activity across campus and seek to be the keeper and encourager of the student body\\u2019s creative spirit.<\\/p>\",\"4\":\"lunanegramag@gmail.com\",\"36\":\"1\",\"13\":[\"90\"],\"14\":[\"53\"],\"68\":\"\",\"10\":\"\",\"29\":\"Luna Negra is Kent State\\u2019s literary student magazine that publishes a blend of poetry, prose, photography and illustration. \",\"26\":{\"129\":{\"type\":\"socialMediaBlock\",\"enabled\":\"1\",\"fields\":{\"socialName\":\"facebook\",\"address\":\"https:\\/\\/www.facebook.com\\/lunanegramag\\/\"}},\"130\":{\"type\":\"socialMediaBlock\",\"enabled\":\"1\",\"fields\":{\"socialName\":\"instagram\",\"address\":\"https:\\/\\/www.instagram.com\\/lunanegramagazine\\/\"}},\"131\":{\"type\":\"socialMediaBlock\",\"enabled\":\"1\",\"fields\":{\"socialName\":\"twitter\",\"address\":\"https:\\/\\/twitter.com\\/lunanegramag\"}},\"132\":{\"type\":\"socialMediaBlock\",\"enabled\":\"1\",\"fields\":{\"socialName\":\"website\",\"address\":\"http:\\/\\/www.lunanegramag.com\\/\"}}},\"21\":\"Kent State\'s Literary and Arts Journal\"}}', '2017-06-05 20:12:08', '2017-06-05 20:12:08', 'de823de1-692b-4030-9e22-b1ca8a8929fe'),
 ('473', '24', '4', '235', 'en_us', '16', '', '{\"typeId\":\"4\",\"authorId\":\"1\",\"title\":\"Luna Negra\",\"slug\":\"luna-negra\",\"postDate\":1488484140,\"expiryDate\":null,\"enabled\":1,\"parentId\":null,\"fields\":{\"31\":[\"68\"],\"1\":\"<p>Luna Negra, though sometimes under different names, has been around since 1956. It began under the English department, where it found its footing within the campus\\u2019s cultural atmosphere. Since then, the publication has been a staple of the university, witnessing the path Kent State has taken through the decades. We have published works describing the culture of collegiate 1950s, the Kent State shootings, and 9\\/11; the literary pieces published by Luna Negra, written by the students themselves, have chronicled every major cultural and historical event of America. Since its inception, and still to today, Luna Negra is run by students and filled with student content. We strive to foster creative activity across campus and seek to be the keeper and encourager of the student body\\u2019s creative spirit.<\\/p>\",\"4\":\"lunanegramag@gmail.com\",\"36\":\"1\",\"13\":[\"90\"],\"14\":[\"53\"],\"68\":\"\",\"10\":\"\",\"29\":\"Luna Negra is Kent State\\u2019s literary student magazine that publishes a blend of poetry, prose, photography and illustration. \",\"26\":{\"129\":{\"type\":\"socialMediaBlock\",\"enabled\":\"1\",\"fields\":{\"socialName\":\"facebook\",\"address\":\"https:\\/\\/www.facebook.com\\/lunanegramag\\/\"}},\"130\":{\"type\":\"socialMediaBlock\",\"enabled\":\"1\",\"fields\":{\"socialName\":\"instagram\",\"address\":\"https:\\/\\/www.instagram.com\\/lunanegramagazine\\/\"}},\"131\":{\"type\":\"socialMediaBlock\",\"enabled\":\"1\",\"fields\":{\"socialName\":\"twitter\",\"address\":\"https:\\/\\/twitter.com\\/lunanegramag\"}},\"132\":{\"type\":\"socialMediaBlock\",\"enabled\":\"1\",\"fields\":{\"socialName\":\"website\",\"address\":\"http:\\/\\/www.lunanegramag.com\\/\"}}},\"21\":\"Kent State\'s Literary and Arts Journal\"}}', '2017-06-05 20:12:24', '2017-06-05 20:12:24', '53ca407c-a672-4dac-981b-5fa7a64e848c'),
 ('474', '25', '4', '235', 'en_us', '17', '', '{\"typeId\":\"4\",\"authorId\":\"1\",\"title\":\"KSU Independent Films\",\"slug\":\"ksu-independent-films\",\"postDate\":1488484140,\"expiryDate\":null,\"enabled\":1,\"parentId\":null,\"fields\":{\"31\":[\"42\"],\"1\":\"<p>Kent State University Independent Films (KSUIF) is an organization fueled by students\\u2019 passion for film. In 2008, professors Traci E. Williams and David Smeltzer collaborated to create this wonderful program, which is designed to give students real-world film experience. Today, nearly 500 people are currently involved in the organization.<\\/p>\",\"4\":\"kentstatefilms@gmail.com\",\"36\":\"1\",\"13\":[\"238\"],\"14\":[\"52\"],\"68\":\"\",\"10\":\"330-672-8198\",\"29\":\"Kent State University Independent Films (KSUIF) is a student-run production company that teaches, inspires and prepares filmmakers for the real-world industry. \",\"26\":{\"37\":{\"type\":\"socialMediaBlock\",\"enabled\":\"1\",\"fields\":{\"socialName\":\"twitter\",\"address\":\"http:\\/\\/www.twitter.com\\/ksuif\"}},\"225\":{\"type\":\"socialMediaBlock\",\"enabled\":\"1\",\"fields\":{\"socialName\":\"facebook\",\"address\":\"https:\\/\\/www.facebook.com\\/ksuindependentfilms\\/\"}},\"226\":{\"type\":\"socialMediaBlock\",\"enabled\":\"1\",\"fields\":{\"socialName\":\"website\",\"address\":\"http:\\/\\/kentstatefilms.com\\/\"}}},\"21\":\"Making movies and more \"}}', '2017-06-05 20:12:57', '2017-06-05 20:12:57', '07ef3963-5248-456a-904a-c55c2f66e976'),
 ('475', '23', '4', '235', 'en_us', '13', '', '{\"typeId\":\"4\",\"authorId\":\"1\",\"title\":\"KentWired\",\"slug\":\"kentwired\",\"postDate\":1488484080,\"expiryDate\":null,\"enabled\":1,\"parentId\":null,\"fields\":{\"31\":[\"69\"],\"1\":\"<p>KentWired.com is shared website for The Kent Stater and TV2 KSU. Featuring top news, entertainment, community and campus news, sports and video, KentWired is the place to turn to for everything Kent and Portage County. The site also features classifieds, TV2 newscasts and entertainment shows and a live stream to TV2. KentWired is also the key source to news over the summer months.<\\/p>\",\"4\":\"kentwired@gmail.com\",\"36\":\"1\",\"13\":[\"219\"],\"14\":\"\",\"68\":\"\",\"10\":\"330-672-2586\",\"29\":\"KentWired.com is a news organization that holds content created by students working in student media at Kent State University. \",\"26\":{\"149\":{\"type\":\"socialMediaBlock\",\"enabled\":\"1\",\"fields\":{\"socialName\":\"instagram\",\"address\":\"https:\\/\\/www.instagram.com\\/kentwired\\/\"}},\"150\":{\"type\":\"socialMediaBlock\",\"enabled\":\"1\",\"fields\":{\"socialName\":\"twitter\",\"address\":\"https:\\/\\/twitter.com\\/kentwired\"}},\"151\":{\"type\":\"socialMediaBlock\",\"enabled\":\"1\",\"fields\":{\"socialName\":\"facebook\",\"address\":\"https:\\/\\/www.facebook.com\\/KentWired\\/\"}},\"152\":{\"type\":\"socialMediaBlock\",\"enabled\":\"1\",\"fields\":{\"socialName\":\"website\",\"address\":\"http:\\/\\/www.kentwired.com\\/\"}}},\"21\":\"\"}}', '2017-06-05 20:15:12', '2017-06-05 20:15:12', '95f4a8f5-5b0a-44d4-bf36-2a680f743983'),
 ('476', '23', '4', '235', 'en_us', '14', '', '{\"typeId\":\"4\",\"authorId\":\"1\",\"title\":\"KentWired\",\"slug\":\"kentwired\",\"postDate\":1488484080,\"expiryDate\":null,\"enabled\":1,\"parentId\":null,\"fields\":{\"31\":[\"69\"],\"1\":\"<p>KentWired.com is shared website for The Kent Stater and TV2 KSU. Featuring top news, entertainment, community and campus news, sports and video, KentWired is the place to turn to for everything Kent and Portage County. The site also features classifieds, TV2 newscasts and entertainment shows and a live stream to TV2. KentWired is also the key source to news over the summer months.<\\/p>\",\"4\":\"kentwired@gmail.com\",\"36\":\"1\",\"13\":[\"221\"],\"14\":\"\",\"68\":\"\",\"10\":\"330-672-2586\",\"29\":\"KentWired.com is a news organization that holds content created by students working in student media at Kent State University. \",\"26\":{\"149\":{\"type\":\"socialMediaBlock\",\"enabled\":\"1\",\"fields\":{\"socialName\":\"instagram\",\"address\":\"https:\\/\\/www.instagram.com\\/kentwired\\/\"}},\"150\":{\"type\":\"socialMediaBlock\",\"enabled\":\"1\",\"fields\":{\"socialName\":\"twitter\",\"address\":\"https:\\/\\/twitter.com\\/kentwired\"}},\"151\":{\"type\":\"socialMediaBlock\",\"enabled\":\"1\",\"fields\":{\"socialName\":\"facebook\",\"address\":\"https:\\/\\/www.facebook.com\\/KentWired\\/\"}},\"152\":{\"type\":\"socialMediaBlock\",\"enabled\":\"1\",\"fields\":{\"socialName\":\"website\",\"address\":\"http:\\/\\/www.kentwired.com\\/\"}}},\"21\":\"\"}}', '2017-06-05 20:15:53', '2017-06-05 20:15:53', 'c92a74f5-857c-4cdc-996b-0c60a2f708a9'),
 ('477', '23', '4', '235', 'en_us', '15', '', '{\"typeId\":\"4\",\"authorId\":\"1\",\"title\":\"KentWired\",\"slug\":\"kentwired\",\"postDate\":1488484080,\"expiryDate\":null,\"enabled\":1,\"parentId\":null,\"fields\":{\"31\":[\"69\"],\"1\":\"<p>KentWired.com is shared website for The Kent Stater and TV2 KSU. Featuring top news, entertainment, community and campus news, sports and video, KentWired is the place to turn to for everything Kent and Portage County. The site also features classifieds, TV2 newscasts and entertainment shows and a live stream to TV2. KentWired is also the key source to news over the summer months.<\\/p>\",\"4\":\"kentwired@gmail.com\",\"36\":\"1\",\"13\":[\"221\"],\"14\":\"\",\"68\":\"\",\"10\":\"330-672-2586\",\"29\":\"KentWired.com is a news organization that holds content created by students working in student media at Kent State University. \",\"26\":{\"149\":{\"type\":\"socialMediaBlock\",\"enabled\":\"1\",\"fields\":{\"socialName\":\"instagram\",\"address\":\"https:\\/\\/www.instagram.com\\/kentwired\\/\"}},\"150\":{\"type\":\"socialMediaBlock\",\"enabled\":\"1\",\"fields\":{\"socialName\":\"twitter\",\"address\":\"https:\\/\\/twitter.com\\/kentwired\"}},\"151\":{\"type\":\"socialMediaBlock\",\"enabled\":\"1\",\"fields\":{\"socialName\":\"facebook\",\"address\":\"https:\\/\\/www.facebook.com\\/KentWired\\/\"}},\"152\":{\"type\":\"socialMediaBlock\",\"enabled\":\"1\",\"fields\":{\"socialName\":\"website\",\"address\":\"http:\\/\\/www.kentwired.com\\/\"}}},\"21\":\"\"}}', '2017-06-05 20:16:46', '2017-06-05 20:16:46', '3236dd05-5355-4cbb-8f84-af1f7fa75ffc'),
 ('478', '19', '4', '235', 'en_us', '17', '', '{\"typeId\":\"4\",\"authorId\":\"1\",\"title\":\"Black Squirrel Radio\",\"slug\":\"black-squirrel-radio\",\"postDate\":1488483960,\"expiryDate\":null,\"enabled\":1,\"parentId\":null,\"fields\":{\"31\":[\"42\"],\"1\":\"<p>Black Squirrel Radio is a student-run radio station committed to providing innovative media content inspired by the community of Kent, Ohio, dedicated to professionalism, integrity, creativity and diversity. With 56 different student-hosted shows airing from 10 a.m. to 2 a.m. everyday, we are&nbsp;committed to providing professional industry experience while continuing to be a platform for experimental programming. Through alternative media content, we aim to grow our audience by becoming the destination for students and alumni to remember what was and experience what is college life in Kent, Ohio.<\\/p>\",\"4\":\"general email address goes here\",\"36\":\"1\",\"13\":[\"239\"],\"14\":[\"47\"],\"68\":[\"236\"],\"10\":\"330-xxx-xxxx\",\"29\":\"Black Squirrel Radio (BSR) is the student-run radio station on Kent State\\u2019s campus and provides innovative media content inspired by the community of Kent, Ohio.\",\"26\":{\"156\":{\"type\":\"socialMediaBlock\",\"enabled\":\"1\",\"fields\":{\"socialName\":\"instagram\",\"address\":\"https:\\/\\/www.instagram.com\\/bsrkent\\/\"}},\"157\":{\"type\":\"socialMediaBlock\",\"enabled\":\"1\",\"fields\":{\"socialName\":\"twitter\",\"address\":\" https:\\/\\/twitter.com\\/BSRKent\"}},\"158\":{\"type\":\"socialMediaBlock\",\"enabled\":\"1\",\"fields\":{\"socialName\":\"facebook\",\"address\":\"https:\\/\\/www.facebook.com\\/blacksquirrelradio\\/\"}},\"159\":{\"type\":\"socialMediaBlock\",\"enabled\":\"1\",\"fields\":{\"socialName\":\"website\",\"address\":\"http:\\/\\/blacksquirrelradio.com\\/\"}}},\"21\":\"Kent State\'s Student-Run Radio Station\"}}', '2017-06-05 20:18:18', '2017-06-05 20:18:18', '67403d5d-3d42-4a3a-8bbf-adc0162be654'),
 ('479', '19', '4', '235', 'en_us', '18', '', '{\"typeId\":\"4\",\"authorId\":\"1\",\"title\":\"Black Squirrel Radio\",\"slug\":\"black-squirrel-radio\",\"postDate\":1488483960,\"expiryDate\":null,\"enabled\":1,\"parentId\":null,\"fields\":{\"31\":[\"42\"],\"1\":\"<p>Black Squirrel Radio is a student-run radio station committed to providing innovative media content inspired by the community of Kent, Ohio, dedicated to professionalism, integrity, creativity and diversity. With 56 different student-hosted shows airing from 10 a.m. to 2 a.m. everyday, we are&nbsp;committed to providing professional industry experience while continuing to be a platform for experimental programming. Through alternative media content, we aim to grow our audience by becoming the destination for students and alumni to remember what was and experience what is college life in Kent, Ohio.<\\/p>\",\"4\":\"general email address goes here\",\"36\":\"1\",\"13\":[\"239\"],\"14\":[\"47\"],\"68\":[\"236\"],\"10\":\"330-xxx-xxxx\",\"29\":\"Black Squirrel Radio (BSR) is the student-run radio station on Kent State\\u2019s campus and provides innovative media content inspired by the community of Kent, Ohio.\",\"26\":{\"156\":{\"type\":\"socialMediaBlock\",\"enabled\":\"1\",\"fields\":{\"socialName\":\"instagram\",\"address\":\"https:\\/\\/www.instagram.com\\/bsrkent\\/\"}},\"157\":{\"type\":\"socialMediaBlock\",\"enabled\":\"1\",\"fields\":{\"socialName\":\"twitter\",\"address\":\" https:\\/\\/twitter.com\\/BSRKent\"}},\"158\":{\"type\":\"socialMediaBlock\",\"enabled\":\"1\",\"fields\":{\"socialName\":\"facebook\",\"address\":\"https:\\/\\/www.facebook.com\\/blacksquirrelradio\\/\"}},\"159\":{\"type\":\"socialMediaBlock\",\"enabled\":\"1\",\"fields\":{\"socialName\":\"website\",\"address\":\"http:\\/\\/blacksquirrelradio.com\\/\"}}},\"21\":\"Kent State\'s Student-Run Radio Station\"}}', '2017-06-05 20:20:54', '2017-06-05 20:20:54', '5a881c67-44ef-4446-87ae-cb8ce997538e'),
 ('480', '20', '4', '235', 'en_us', '14', '', '{\"typeId\":\"4\",\"authorId\":\"1\",\"title\":\"TV2\",\"slug\":\"tv2\",\"postDate\":1488483960,\"expiryDate\":null,\"enabled\":1,\"parentId\":null,\"fields\":{\"31\":[\"42\"],\"1\":\"<p>TV2 is Kent State\'s award-winning television station that strives to be Truly Portage County. From local news and sports to entertainment buzz and important social issues surrounding the region, TV2 covers the Kent State and Portage County area like no other television station can, while educating and preparing students for the future. TV2 is found online with media partner The Kent Stater at kentwired.com.&nbsp;<\\/p>\",\"4\":\"lkober@kent.edu\",\"36\":\"1\",\"13\":[\"240\"],\"14\":[\"55\"],\"68\":\"\",\"10\":\"330-672-2584\",\"29\":\"TV2 is Kent State\'s award winning television station that strives to be Truly Portage County.\",\"26\":{\"153\":{\"type\":\"socialMediaBlock\",\"enabled\":\"1\",\"fields\":{\"socialName\":\"instagram\",\"address\":\"https:\\/\\/www.instagram.com\\/tv2ksu\\/\"}},\"154\":{\"type\":\"socialMediaBlock\",\"enabled\":\"1\",\"fields\":{\"socialName\":\"twitter\",\"address\":\"https:\\/\\/twitter.com\\/TV2KSU\"}},\"155\":{\"type\":\"socialMediaBlock\",\"enabled\":\"1\",\"fields\":{\"socialName\":\"facebook\",\"address\":\"https:\\/\\/www.facebook.com\\/tv2ksu\\/\"}},\"222\":{\"type\":\"socialMediaBlock\",\"enabled\":\"1\",\"fields\":{\"socialName\":\"website\",\"address\":\"http:\\/\\/www.kentwired.com\\/tv2\\/\"}}},\"21\":\"\"}}', '2017-06-05 20:22:28', '2017-06-05 20:22:28', 'aae15c6f-b04a-4c69-a739-dfeb27f9b21f'),
 ('481', '20', '4', '235', 'en_us', '15', '', '{\"typeId\":\"4\",\"authorId\":\"1\",\"title\":\"TV2\",\"slug\":\"tv2\",\"postDate\":1488483960,\"expiryDate\":null,\"enabled\":1,\"parentId\":null,\"fields\":{\"31\":[\"42\"],\"1\":\"<p>TV2 is Kent State\'s award-winning television station that strives to be Truly Portage County. From local news and sports to entertainment buzz and important social issues surrounding the region, TV2 covers the Kent State and Portage County area like no other television station can, while educating and preparing students for the future. TV2 is found online with media partner The Kent Stater at kentwired.com,&nbsp;reaches more than 26,000 homes on Spectrum Cable channel 16 and more than 7500 KSU students on campus television station 2-2.&nbsp;<\\/p>\",\"4\":\"lkober@kent.edu\",\"36\":\"1\",\"13\":[\"240\"],\"14\":[\"55\"],\"68\":\"\",\"10\":\"330-672-2584\",\"29\":\"TV2 is Kent State\'s award winning television station that strives to be Truly Portage County.\",\"26\":{\"153\":{\"type\":\"socialMediaBlock\",\"enabled\":\"1\",\"fields\":{\"socialName\":\"instagram\",\"address\":\"https:\\/\\/www.instagram.com\\/tv2ksu\\/\"}},\"154\":{\"type\":\"socialMediaBlock\",\"enabled\":\"1\",\"fields\":{\"socialName\":\"twitter\",\"address\":\"https:\\/\\/twitter.com\\/TV2KSU\"}},\"155\":{\"type\":\"socialMediaBlock\",\"enabled\":\"1\",\"fields\":{\"socialName\":\"facebook\",\"address\":\"https:\\/\\/www.facebook.com\\/tv2ksu\\/\"}},\"222\":{\"type\":\"socialMediaBlock\",\"enabled\":\"1\",\"fields\":{\"socialName\":\"website\",\"address\":\"http:\\/\\/www.kentwired.com\\/tv2\\/\"}}},\"21\":\"Truly Portage County \"}}', '2017-06-05 20:24:05', '2017-06-05 20:24:05', '71dfc3fe-b32d-412b-82c1-4111ac528474'),
 ('482', '20', '4', '235', 'en_us', '16', '', '{\"typeId\":\"4\",\"authorId\":\"1\",\"title\":\"TV2\",\"slug\":\"tv2\",\"postDate\":1488483960,\"expiryDate\":null,\"enabled\":1,\"parentId\":null,\"fields\":{\"31\":[\"42\"],\"1\":\"<p>TV2 is Kent State\'s award-winning television station that strives to be Truly Portage County. From local news and sports to entertainment buzz and important social issues surrounding the region, TV2 covers the Kent State and Portage County area like no other television station can, while educating and preparing students for the future. TV2 is found online with media partner The Kent Stater at kentwired.com,&nbsp;reaches more than 26,000 homes on Spectrum Cable channel 16 and more than 7500 KSU students on campus television station 2-2.&nbsp;<\\/p>\",\"4\":\"lkober@kent.edu\",\"36\":\"1\",\"13\":[\"240\"],\"14\":[\"55\"],\"68\":\"\",\"10\":\"330-672-2584\",\"29\":\"TV2 is Kent State\'s award winning television station that strives to be Truly Portage County.\",\"26\":{\"153\":{\"type\":\"socialMediaBlock\",\"enabled\":\"1\",\"fields\":{\"socialName\":\"instagram\",\"address\":\"https:\\/\\/www.instagram.com\\/tv2ksu\\/\"}},\"154\":{\"type\":\"socialMediaBlock\",\"enabled\":\"1\",\"fields\":{\"socialName\":\"twitter\",\"address\":\"https:\\/\\/twitter.com\\/TV2KSU\"}},\"155\":{\"type\":\"socialMediaBlock\",\"enabled\":\"1\",\"fields\":{\"socialName\":\"facebook\",\"address\":\"https:\\/\\/www.facebook.com\\/tv2ksu\\/\"}},\"222\":{\"type\":\"socialMediaBlock\",\"enabled\":\"1\",\"fields\":{\"socialName\":\"website\",\"address\":\"http:\\/\\/www.kentwired.com\\/tv2\\/\"}}},\"21\":\"Truly Portage County \"}}', '2017-06-05 20:25:08', '2017-06-05 20:25:08', '0837449b-a6fa-4563-8860-c4bc9381e59f'),
 ('483', '21', '4', '235', 'en_us', '15', '', '{\"typeId\":\"4\",\"authorId\":\"1\",\"title\":\"Fusion Magazine\",\"slug\":\"fusion-magazine\",\"postDate\":1488483960,\"expiryDate\":null,\"enabled\":1,\"parentId\":null,\"fields\":{\"31\":[\"68\"],\"1\":\"<p>Fusion is Kent State University\'s LGBTQ magazine. We publish news, entertainment, opinions and interviews for and about the LGBTQ community. Each spring, we release a print issue and we regularly update our website and social media channels year-round. <\\/p>\\r\\n<p>Our mission is to promote equality, education and community through journalism. When Fusion was founded, in 2003, marriage equality was not yet legal anywhere in the United States and laws against consensual sex between gay men were overturned that year. LGBTQ rights have significantly advanced since trans women, drag queens and street kids fought back against police violence in 1959. But the community, particularly trans people and people of color, still face substantial adversity. Journalism and storytelling helps humanize the community and its struggle. By publicizing their perspectives and experiences, Fusion helps demonstrate why LGBTQ people need an equal place in society.<\\/p>\",\"4\":\"meckhous@kent.edu\",\"36\":\"1\",\"13\":[\"241\"],\"14\":[\"49\"],\"68\":\"\",\"10\":\"\",\"29\":\"Fusion is Kent State\'s lesbian, gay, bisexual, transgender and queer\\/questioning student advocacy and entertainment magazine.\",\"26\":{\"137\":{\"type\":\"socialMediaBlock\",\"enabled\":\"1\",\"fields\":{\"socialName\":\"twitter\",\"address\":\"https:\\/\\/twitter.com\\/ohiofusion\"}},\"138\":{\"type\":\"socialMediaBlock\",\"enabled\":\"1\",\"fields\":{\"socialName\":\"facebook\",\"address\":\"https:\\/\\/facebook.com\\/ohiofusion\\/\"}},\"139\":{\"type\":\"socialMediaBlock\",\"enabled\":\"1\",\"fields\":{\"socialName\":\"website\",\"address\":\"http:\\/\\/ohiofusion.com\\/\"}}},\"21\":\"That Gay Magazine\"}}', '2017-06-05 20:26:01', '2017-06-05 20:26:01', '773d26ae-3722-4794-afbc-c48ee3b9a5a5'),
 ('484', '21', '4', '235', 'en_us', '16', '', '{\"typeId\":\"4\",\"authorId\":\"1\",\"title\":\"Fusion Magazine\",\"slug\":\"fusion-magazine\",\"postDate\":1488483960,\"expiryDate\":null,\"enabled\":1,\"parentId\":null,\"fields\":{\"31\":[\"68\"],\"1\":\"<p>Fusion is Kent State University\'s LGBTQ magazine. We publish news, entertainment, opinions and interviews for and about the LGBTQ community. Each spring, we release a print issue and we regularly update our website (www.thatgaymagazine.com) and social media channels year-round. <\\/p>\\r\\n<p>Our mission is to promote equality, education and community through journalism. When Fusion was founded, in 2003, marriage equality was not yet legal anywhere in the United States and laws against consensual sex between gay men were overturned that year. LGBTQ rights have significantly advanced since trans women, drag queens and street kids fought back against police violence in 1959. But the community, particularly trans people and people of color, still face substantial adversity. Journalism and storytelling helps humanize the community and its struggle. By publicizing their perspectives and experiences, Fusion helps demonstrate why LGBTQ people need an equal place in society.<\\/p>\",\"4\":\"meckhous@kent.edu\",\"36\":\"1\",\"13\":[\"241\"],\"14\":[\"49\"],\"68\":\"\",\"10\":\"\",\"29\":\"Fusion is Kent State\'s lesbian, gay, bisexual, transgender and queer\\/questioning student advocacy and entertainment magazine.\",\"26\":{\"137\":{\"type\":\"socialMediaBlock\",\"enabled\":\"1\",\"fields\":{\"socialName\":\"twitter\",\"address\":\"https:\\/\\/twitter.com\\/ohiofusion\"}},\"138\":{\"type\":\"socialMediaBlock\",\"enabled\":\"1\",\"fields\":{\"socialName\":\"facebook\",\"address\":\"https:\\/\\/facebook.com\\/ohiofusion\\/\"}},\"139\":{\"type\":\"socialMediaBlock\",\"enabled\":\"1\",\"fields\":{\"socialName\":\"website\",\"address\":\"http:\\/\\/ohiofusion.com\\/\"}}},\"21\":\"That Gay Magazine\"}}', '2017-06-05 20:26:35', '2017-06-05 20:26:35', 'f5cc66ee-7b86-41ef-8c5e-81832c3e91c9'),
 ('485', '21', '4', '235', 'en_us', '17', '', '{\"typeId\":\"4\",\"authorId\":\"1\",\"title\":\"Fusion Magazine\",\"slug\":\"fusion-magazine\",\"postDate\":1488483960,\"expiryDate\":null,\"enabled\":1,\"parentId\":null,\"fields\":{\"31\":[\"68\"],\"1\":\"<p>Fusion is Kent State University\'s LGBTQ magazine. We publish news, entertainment, opinions and interviews for and about the LGBTQ community. Each spring, we release a print issue and we regularly update our website (<a href=\\\"http:\\/\\/www.thatgaymagazine.com\\\">www.thatgaymagazine.com<\\/a>) and social media channels year-round. <\\/p>\\r\\n<p>Our mission is to promote equality, education and community through journalism. When Fusion was founded, in 2003, marriage equality was not yet legal anywhere in the United States and laws against consensual sex between gay men were overturned that year. LGBTQ rights have significantly advanced since trans women, drag queens and street kids fought back against police violence in 1959. But the community, particularly trans people and people of color, still face substantial adversity. Journalism and storytelling helps humanize the community and its struggle. By publicizing their perspectives and experiences, Fusion helps demonstrate why LGBTQ people need an equal place in society.<\\/p>\",\"4\":\"meckhous@kent.edu\",\"36\":\"1\",\"13\":[\"241\"],\"14\":[\"49\"],\"68\":\"\",\"10\":\"\",\"29\":\"Fusion is Kent State\'s lesbian, gay, bisexual, transgender and queer\\/questioning student advocacy and entertainment magazine.\",\"26\":{\"137\":{\"type\":\"socialMediaBlock\",\"enabled\":\"1\",\"fields\":{\"socialName\":\"twitter\",\"address\":\"https:\\/\\/twitter.com\\/ohiofusion\"}},\"138\":{\"type\":\"socialMediaBlock\",\"enabled\":\"1\",\"fields\":{\"socialName\":\"facebook\",\"address\":\"https:\\/\\/facebook.com\\/ohiofusion\\/\"}},\"139\":{\"type\":\"socialMediaBlock\",\"enabled\":\"1\",\"fields\":{\"socialName\":\"website\",\"address\":\"http:\\/\\/ohiofusion.com\\/\"}}},\"21\":\"That Gay Magazine\"}}', '2017-06-05 20:29:06', '2017-06-05 20:29:06', '2ce1ebe2-dc63-471a-8e97-6eca9e4dba28'),
 ('486', '22', '4', '235', 'en_us', '12', '', '{\"typeId\":\"4\",\"authorId\":\"1\",\"title\":\"Uhuru\",\"slug\":\"uhuru\",\"postDate\":1488483960,\"expiryDate\":null,\"enabled\":1,\"parentId\":null,\"fields\":{\"31\":[\"68\"],\"1\":\"<p>Uhuru is an award-winning magazine that aims to promote innovation, creativity, and culture through the voice of marginalized students on the Kent State University campus. Having a history of pan-African teachings and values, Uhuru magazine focuses on the plight of all students around the globe.\\r\\n  <\\/p>\\r\\n<p>Uhuru, which is Kiswahili for \\u2018freedom,\\u2019 serves as a platform for student creation and expression in art, writing, photography&nbsp;and graphic design, while discussing racial, social and\\/or political ignorance.\\r\\n      <\\/p>\",\"4\":\"uhurumag1@gmail.com\",\"36\":\"1\",\"13\":[\"270\"],\"14\":[\"56\"],\"68\":\"\",\"10\":\"\",\"29\":\"Uhuru is the magazine that promotes innovation, creativity and culture through the voice of marginalized students at Kent State.\",\"26\":{\"133\":{\"type\":\"socialMediaBlock\",\"enabled\":\"1\",\"fields\":{\"socialName\":\"instagram\",\"address\":\"https:\\/\\/www.instagram.com\\/uhurumag\\/\"}},\"134\":{\"type\":\"socialMediaBlock\",\"enabled\":\"1\",\"fields\":{\"socialName\":\"twitter\",\"address\":\"https:\\/\\/twitter.com\\/UhuruMag\"}},\"135\":{\"type\":\"socialMediaBlock\",\"enabled\":\"1\",\"fields\":{\"socialName\":\"facebook\",\"address\":\"https:\\/\\/facebook.com\\/uhurumagazine\\/\"}},\"136\":{\"type\":\"socialMediaBlock\",\"enabled\":\"1\",\"fields\":{\"socialName\":\"website\",\"address\":\"Uhurumag.com\"}}},\"21\":\"Voice of the People \"}}', '2017-06-05 20:30:19', '2017-06-05 20:30:19', 'e133bf21-a9a3-4866-9f57-fff289d1409e'),
 ('487', '22', '4', '235', 'en_us', '13', '', '{\"typeId\":\"4\",\"authorId\":\"1\",\"title\":\"Uhuru\",\"slug\":\"uhuru\",\"postDate\":1488483960,\"expiryDate\":null,\"enabled\":1,\"parentId\":null,\"fields\":{\"31\":[\"68\"],\"1\":\"<p>Uhuru is an award-winning magazine that aims to promote innovation, creativity, and culture through the voice of marginalized students on the Kent State University campus. Having a history of pan-African teachings and values, Uhuru magazine focuses on the plight of all students around the globe.\\r\\n  <\\/p>\\r\\n<p>Uhuru, which is Kiswahili for \\u2018freedom,\\u2019 serves as a platform for student creation and expression in art, writing, photography&nbsp;and graphic design, while discussing racial, social and\\/or political ignorance.\\r\\n      <\\/p>\",\"4\":\"uhurumag1@gmail.com\",\"36\":\"1\",\"13\":[\"270\"],\"14\":[\"56\"],\"68\":\"\",\"10\":\"\",\"29\":\"Uhuru is the magazine that promotes innovation, creativity and culture through the voice of marginalized students at Kent State.\",\"26\":{\"133\":{\"type\":\"socialMediaBlock\",\"enabled\":\"1\",\"fields\":{\"socialName\":\"instagram\",\"address\":\"https:\\/\\/www.instagram.com\\/uhurumag\\/\"}},\"134\":{\"type\":\"socialMediaBlock\",\"enabled\":\"1\",\"fields\":{\"socialName\":\"twitter\",\"address\":\"https:\\/\\/twitter.com\\/UhuruMag\"}},\"135\":{\"type\":\"socialMediaBlock\",\"enabled\":\"1\",\"fields\":{\"socialName\":\"facebook\",\"address\":\"https:\\/\\/facebook.com\\/uhurumagazine\\/\"}},\"136\":{\"type\":\"socialMediaBlock\",\"enabled\":\"1\",\"fields\":{\"socialName\":\"website\",\"address\":\"Uhurumag.com\"}}},\"21\":\"Voice of the People \"}}', '2017-06-05 20:30:25', '2017-06-05 20:30:25', 'd6c892b0-2284-4478-b55f-fc80fb02dca2'),
 ('488', '22', '4', '235', 'en_us', '14', '', '{\"typeId\":\"4\",\"authorId\":\"1\",\"title\":\"Uhuru\",\"slug\":\"uhuru\",\"postDate\":1488483960,\"expiryDate\":null,\"enabled\":1,\"parentId\":null,\"fields\":{\"31\":[\"68\"],\"1\":\"<p>Uhuru is an award-winning magazine that aims to promote innovation, creativity, and culture through the voice of marginalized students on the Kent State University campus. Having a history of pan-African teachings and values, Uhuru magazine focuses on the plight of all students around the globe.\\r\\n  <\\/p>\\r\\n<p>Uhuru, which is Kiswahili for \\u2018freedom,\\u2019 serves as a platform for student creation and expression in art, writing, photography&nbsp;and graphic design, while discussing racial, social and\\/or political ignorance.\\r\\n      <\\/p>\",\"4\":\"uhurumag1@gmail.com\",\"36\":\"1\",\"13\":[\"270\"],\"14\":[\"56\"],\"68\":\"\",\"10\":\"\",\"29\":\"Uhuru is the magazine that promotes innovation, creativity and culture through the voice of marginalized students at Kent State.\",\"26\":{\"133\":{\"type\":\"socialMediaBlock\",\"enabled\":\"1\",\"fields\":{\"socialName\":\"instagram\",\"address\":\"https:\\/\\/www.instagram.com\\/uhurumag\\/\"}},\"134\":{\"type\":\"socialMediaBlock\",\"enabled\":\"1\",\"fields\":{\"socialName\":\"twitter\",\"address\":\"https:\\/\\/twitter.com\\/UhuruMag\"}},\"135\":{\"type\":\"socialMediaBlock\",\"enabled\":\"1\",\"fields\":{\"socialName\":\"facebook\",\"address\":\"https:\\/\\/facebook.com\\/uhurumagazine\\/\"}},\"136\":{\"type\":\"socialMediaBlock\",\"enabled\":\"1\",\"fields\":{\"socialName\":\"website\",\"address\":\"Uhurumag.com\"}}},\"21\":\"Voice of the People \"}}', '2017-06-05 20:32:35', '2017-06-05 20:32:35', 'b733d1ed-eb6c-40cb-b106-0366e890196f'),
 ('489', '14', '4', '235', 'en_us', '11', '', '{\"typeId\":\"4\",\"authorId\":\"1\",\"title\":\"The Burr\",\"slug\":\"the-burr\",\"postDate\":1488208860,\"expiryDate\":null,\"enabled\":1,\"parentId\":null,\"fields\":{\"31\":[\"68\"],\"1\":\"<p>The Burr Magazine is Kent State University\\u2019s first student magazine, made by the students for the students. The Burr publishes a semesterly&nbsp;magazine that explores big issues and burning ideas, as well as fascinating people and the consuming preoccupations of its college audience. Each issue contains a compelling mix of how-to articles, original reporting and personal essays. TheBurr.com features Web and multimedia stories, as well as blogs on lifestyle issues, including relationships, fashion and entertainment.&nbsp;<\\/p><p><br><\\/p><p><br><\\/p><p><br><\\/p>\",\"4\":\"theburrmagazine@gmail.com\",\"36\":\"1\",\"13\":[\"242\"],\"14\":[\"48\"],\"68\":\"\",\"10\":\"330-672-2947\",\"29\":\"The Burr is Kent State\\u2019s first student-produced magazine made for those who have made a home in Kent.\",\"26\":{\"145\":{\"type\":\"socialMediaBlock\",\"enabled\":\"1\",\"fields\":{\"socialName\":\"instagram\",\"address\":\"https:\\/\\/www.instagram.com\\/theburrmagazine\\/\"}},\"146\":{\"type\":\"socialMediaBlock\",\"enabled\":\"1\",\"fields\":{\"socialName\":\"twitter\",\"address\":\"https:\\/\\/twitter.com\\/TheBurrMagazine\"}},\"147\":{\"type\":\"socialMediaBlock\",\"enabled\":\"1\",\"fields\":{\"socialName\":\"facebook\",\"address\":\"https:\\/\\/facebook.com\\/theburrmagazine\\/\"}},\"148\":{\"type\":\"socialMediaBlock\",\"enabled\":\"1\",\"fields\":{\"socialName\":\"website\",\"address\":\"http:\\/\\/theburr.com\\/\"}}},\"21\":\"Providing award-winning student journalism since 1986\"}}', '2017-06-05 20:35:40', '2017-06-05 20:35:40', '88d4d7ad-6fd3-4bd5-8426-91fee6adcf62'),
 ('490', '15', '4', '235', 'en_us', '17', '', '{\"typeId\":\"4\",\"authorId\":\"1\",\"title\":\"The Kent Stater\",\"slug\":\"kent-stater\",\"postDate\":1488208860,\"expiryDate\":null,\"enabled\":1,\"parentId\":null,\"fields\":{\"31\":[\"68\"],\"1\":\"<p>The Kent Stater is an award-winning student-run newspaper. Reaching more than 9,500 people per issue, the Stater keeps the community up-to-date with campus, local and national news, sports and features. The Stater publishes on Monday and Thursday and has a&nbsp;circulation of 6,000 per day. During the summer months, The Kent Stater runs special print issues and a special start of the school year issue. The Kent Stater publishes online with media partner, TV2 KSU, at KentWired.com.<\\/p>\",\"4\":\"kentwired@gmail.com\",\"36\":\"1\",\"13\":[\"244\"],\"14\":[\"51\"],\"68\":\"\",\"10\":\"330-672-2586\",\"29\":\"The Kent Stater is the award-winning, student-run newspaper at Kent State University. \",\"26\":{\"227\":{\"type\":\"socialMediaBlock\",\"enabled\":\"1\",\"fields\":{\"socialName\":\"twitter\",\"address\":\" https:\\/\\/twitter.com\\/kentwired\"}},\"228\":{\"type\":\"socialMediaBlock\",\"enabled\":\"1\",\"fields\":{\"socialName\":\"instagram\",\"address\":\"https:\\/\\/www.instagram.com\\/kentwired\\/\"}},\"229\":{\"type\":\"socialMediaBlock\",\"enabled\":\"1\",\"fields\":{\"socialName\":\"facebook\",\"address\":\"https:\\/\\/www.facebook.com\\/KentWired\\/\"}},\"230\":{\"type\":\"socialMediaBlock\",\"enabled\":\"1\",\"fields\":{\"socialName\":\"website\",\"address\":\"http:\\/\\/www.kentwired.com\\/\"}}},\"21\":\"\"}}', '2017-06-05 20:37:26', '2017-06-05 20:37:26', 'c3d0c418-3a95-4d07-a24e-1212863a9612'),
 ('491', '15', '4', '235', 'en_us', '18', '', '{\"typeId\":\"4\",\"authorId\":\"1\",\"title\":\"The Kent Stater\",\"slug\":\"kent-stater\",\"postDate\":1488208860,\"expiryDate\":null,\"enabled\":1,\"parentId\":null,\"fields\":{\"31\":[\"68\"],\"1\":\"<p>The Kent Stater is an award-winning student-run newspaper. Reaching more than 9,500 people per issue, the Stater keeps the community up-to-date with campus, local and national news, sports and features. The Stater publishes on Monday and Thursday and has a&nbsp;circulation of 6,000 per day. During the summer months, The Kent Stater runs special print issues and a special start of the school year issue. The Kent Stater publishes online with media partner, TV2 KSU, at KentWired.com.<\\/p>\",\"4\":\"kentwired@gmail.com\",\"36\":\"1\",\"13\":[\"244\"],\"14\":[\"51\"],\"68\":\"\",\"10\":\"330-672-2586\",\"29\":\"The Kent Stater is the award-winning, student-run newspaper at Kent State University. \",\"26\":{\"227\":{\"type\":\"socialMediaBlock\",\"enabled\":\"1\",\"fields\":{\"socialName\":\"twitter\",\"address\":\" https:\\/\\/twitter.com\\/kentwired\"}},\"228\":{\"type\":\"socialMediaBlock\",\"enabled\":\"1\",\"fields\":{\"socialName\":\"instagram\",\"address\":\"https:\\/\\/www.instagram.com\\/kentwired\\/\"}},\"229\":{\"type\":\"socialMediaBlock\",\"enabled\":\"1\",\"fields\":{\"socialName\":\"facebook\",\"address\":\"https:\\/\\/www.facebook.com\\/KentWired\\/\"}},\"230\":{\"type\":\"socialMediaBlock\",\"enabled\":\"1\",\"fields\":{\"socialName\":\"website\",\"address\":\"http:\\/\\/www.kentwired.com\\/\"}}},\"21\":\"\"}}', '2017-06-05 20:37:32', '2017-06-05 20:37:32', 'c23c179f-9579-4bf5-97df-9128d05646bb'),
 ('492', '15', '4', '235', 'en_us', '19', '', '{\"typeId\":\"4\",\"authorId\":\"1\",\"title\":\"The Kent Stater\",\"slug\":\"kent-stater\",\"postDate\":1488208860,\"expiryDate\":null,\"enabled\":1,\"parentId\":null,\"fields\":{\"31\":[\"68\"],\"1\":\"<p>The Kent Stater is an award-winning student-run newspaper. Reaching more than 9,500 people per issue, the Stater keeps the community up-to-date with campus, local and national news, sports and features. The Stater publishes on Monday and Thursday and has a&nbsp;circulation of 6,000 per day. During the summer months, The Kent Stater runs special print issues and a special start of the school year issue. The Kent Stater publishes online with media partner, TV2 KSU, at KentWired.com.<\\/p>\",\"4\":\"kentwired@gmail.com\",\"36\":\"1\",\"13\":[\"244\"],\"14\":[\"51\"],\"68\":\"\",\"10\":\"330-672-2586\",\"29\":\"The Kent Stater is the award-winning, student-run newspaper at Kent State University. \",\"26\":{\"227\":{\"type\":\"socialMediaBlock\",\"enabled\":\"1\",\"fields\":{\"socialName\":\"twitter\",\"address\":\" https:\\/\\/twitter.com\\/kentwired\"}},\"228\":{\"type\":\"socialMediaBlock\",\"enabled\":\"1\",\"fields\":{\"socialName\":\"instagram\",\"address\":\"https:\\/\\/www.instagram.com\\/kentwired\\/\"}},\"229\":{\"type\":\"socialMediaBlock\",\"enabled\":\"1\",\"fields\":{\"socialName\":\"facebook\",\"address\":\"https:\\/\\/www.facebook.com\\/KentWired\\/\"}},\"230\":{\"type\":\"socialMediaBlock\",\"enabled\":\"1\",\"fields\":{\"socialName\":\"website\",\"address\":\"http:\\/\\/www.kentwired.com\\/\"}}},\"21\":\"The Independent Student Newspaper of Kent State University\"}}', '2017-06-05 20:38:31', '2017-06-05 20:38:31', '1b138a7f-ce27-487c-99f0-ec0d73942dc6'),
 ('493', '15', '4', '235', 'en_us', '20', '', '{\"typeId\":\"4\",\"authorId\":\"1\",\"title\":\"The Kent Stater\",\"slug\":\"kent-stater\",\"postDate\":1488208860,\"expiryDate\":null,\"enabled\":1,\"parentId\":null,\"fields\":{\"31\":[\"68\"],\"1\":\"<p>The Kent Stater is an award-winning student-run newspaper. Reaching more than 9,500 people per issue, the Stater keeps the community up-to-date with campus, local and national news, sports and features. The Stater publishes on Monday and Thursday and has a&nbsp;circulation of 6,000 per day. During the summer months, The Kent Stater runs special print issues and a special start of the school year issue. The Kent Stater publishes online with media partner, TV2 KSU, at KentWired.com.<\\/p>\",\"4\":\"kentwired@gmail.com\",\"36\":\"1\",\"13\":[\"244\"],\"14\":[\"51\"],\"68\":\"\",\"10\":\"330-672-2586\",\"29\":\"The Kent Stater is the award-winning, student-run newspaper at Kent State University. \",\"26\":{\"227\":{\"type\":\"socialMediaBlock\",\"enabled\":\"1\",\"fields\":{\"socialName\":\"twitter\",\"address\":\" https:\\/\\/twitter.com\\/kentwired\"}},\"228\":{\"type\":\"socialMediaBlock\",\"enabled\":\"1\",\"fields\":{\"socialName\":\"instagram\",\"address\":\"https:\\/\\/www.instagram.com\\/kentwired\\/\"}},\"229\":{\"type\":\"socialMediaBlock\",\"enabled\":\"1\",\"fields\":{\"socialName\":\"facebook\",\"address\":\"https:\\/\\/www.facebook.com\\/KentWired\\/\"}},\"230\":{\"type\":\"socialMediaBlock\",\"enabled\":\"1\",\"fields\":{\"socialName\":\"website\",\"address\":\"http:\\/\\/www.kentwired.com\\/\"}}},\"21\":\"The Independent Student Newspaper of Kent State University\"}}', '2017-06-05 20:39:08', '2017-06-05 20:39:08', '8e08acf6-240b-4b0d-b073-1928284a773e'),
 ('494', '10', '4', '235', 'en_us', '19', '', '{\"typeId\":\"4\",\"authorId\":\"1\",\"title\":\"A Magazine\",\"slug\":\"a-magazine\",\"postDate\":1487886960,\"expiryDate\":null,\"enabled\":1,\"parentId\":null,\"fields\":{\"31\":[\"68\"],\"1\":\"<p>A Magazine is Kent State\'s publication for all things fashion, beauty and culture on campus and beyond. A Magazine focuses on women\'s and men\'s fashion and has a companion website that is updated regularly, providing students with the latest fashion industry news and more. It is distributed at Kent State and the Fashion School\\u2019s New York studio.<br><\\/p>\",\"4\":\"amagksu@gmail.com\",\"36\":\"1\",\"13\":[\"243\"],\"14\":[\"46\"],\"68\":\"\",\"10\":\"\",\"29\":\"A Magazine is Kent State\\u2019s student-run fashion magazine and is the hub for all things fashion, beauty and culture related.\",\"26\":{\"140\":{\"type\":\"socialMediaBlock\",\"enabled\":\"1\",\"fields\":{\"socialName\":\"instagram\",\"address\":\"https:\\/\\/www.instagram.com\\/amagksu\\/\"}},\"141\":{\"type\":\"socialMediaBlock\",\"enabled\":\"1\",\"fields\":{\"socialName\":\"twitter\",\"address\":\"https:\\/\\/twitter.com\\/AMagKSU\"}},\"142\":{\"type\":\"socialMediaBlock\",\"enabled\":\"1\",\"fields\":{\"socialName\":\"facebook\",\"address\":\" http:\\/\\/facebook.com\\/amagksu\\/\"}},\"143\":{\"type\":\"socialMediaBlock\",\"enabled\":\"1\",\"fields\":{\"socialName\":\"website\",\"address\":\"http:\\/\\/theamag.com\\/\"}}},\"21\":\"Fashion. Beauty. Culture. \"}}', '2017-06-05 20:39:30', '2017-06-05 20:39:30', '77e4d5ea-b897-4d3e-984b-ae8b0dd06218'),
 ('495', '10', '4', '235', 'en_us', '20', '', '{\"typeId\":\"4\",\"authorId\":\"1\",\"title\":\"A Magazine\",\"slug\":\"a-magazine\",\"postDate\":1487886960,\"expiryDate\":null,\"enabled\":1,\"parentId\":null,\"fields\":{\"31\":[\"68\"],\"1\":\"<p>A Magazine is Kent State\'s publication for all things fashion, beauty and culture on campus and beyond. A Magazine focuses on women\'s and men\'s fashion providing its audience with the latest fashion industry news and more in print, online and through social media. It is distributed at Kent State and the Fashion School\\u2019s New York studio.&nbsp;A Magazine steps outside just the Kent State campus. From New York City to Florence, Italy and Hong Kong, back to Kent, Ohio, we have students studying and producing content from all over the world<br><\\/p>\",\"4\":\"amagksu@gmail.com\",\"36\":\"1\",\"13\":[\"243\"],\"14\":[\"46\"],\"68\":\"\",\"10\":\"\",\"29\":\"A Magazine is Kent State\\u2019s student-run fashion magazine and is the hub for all things fashion, beauty and culture related.\",\"26\":{\"140\":{\"type\":\"socialMediaBlock\",\"enabled\":\"1\",\"fields\":{\"socialName\":\"instagram\",\"address\":\"https:\\/\\/www.instagram.com\\/amagksu\\/\"}},\"141\":{\"type\":\"socialMediaBlock\",\"enabled\":\"1\",\"fields\":{\"socialName\":\"twitter\",\"address\":\"https:\\/\\/twitter.com\\/AMagKSU\"}},\"142\":{\"type\":\"socialMediaBlock\",\"enabled\":\"1\",\"fields\":{\"socialName\":\"facebook\",\"address\":\" http:\\/\\/facebook.com\\/amagksu\\/\"}},\"143\":{\"type\":\"socialMediaBlock\",\"enabled\":\"1\",\"fields\":{\"socialName\":\"website\",\"address\":\"http:\\/\\/theamag.com\\/\"}}},\"21\":\"Fashion. Beauty. Culture. \"}}', '2017-06-05 20:42:01', '2017-06-05 20:42:01', '5681adf9-cc04-407e-b339-e8d21f7cd330'),
 ('496', '10', '4', '235', 'en_us', '21', '', '{\"typeId\":\"4\",\"authorId\":\"1\",\"title\":\"A Magazine\",\"slug\":\"a-magazine\",\"postDate\":1487886960,\"expiryDate\":null,\"enabled\":1,\"parentId\":null,\"fields\":{\"31\":[\"68\"],\"1\":\"<p>A Magazine is Kent State\'s publication for all things fashion, beauty and culture on campus and beyond. A Magazine focuses on women\'s and men\'s fashion providing its audience with the latest fashion industry news and more in print, online and through social media. It is distributed at Kent State and the Fashion School\\u2019s New York studio.&nbsp;A Magazine steps outside just the Kent State campus. From New York City to Florence, Italy and Hong Kong, back to Kent, Ohio, we have students studying and producing content from all over the world<br><\\/p>\",\"4\":\"amagksu@gmail.com\",\"36\":\"1\",\"13\":[\"243\"],\"14\":[\"46\"],\"68\":\"\",\"10\":\"\",\"29\":\"A Magazine is Kent State\\u2019s student-run fashion magazine and is the hub for all things fashion, beauty and culture related.\",\"26\":{\"140\":{\"type\":\"socialMediaBlock\",\"enabled\":\"1\",\"fields\":{\"socialName\":\"instagram\",\"address\":\"https:\\/\\/www.instagram.com\\/amagksu\\/\"}},\"141\":{\"type\":\"socialMediaBlock\",\"enabled\":\"1\",\"fields\":{\"socialName\":\"twitter\",\"address\":\"https:\\/\\/twitter.com\\/AMagKSU\"}},\"142\":{\"type\":\"socialMediaBlock\",\"enabled\":\"1\",\"fields\":{\"socialName\":\"facebook\",\"address\":\" http:\\/\\/facebook.com\\/amagksu\\/\"}},\"143\":{\"type\":\"socialMediaBlock\",\"enabled\":\"1\",\"fields\":{\"socialName\":\"website\",\"address\":\"http:\\/\\/theamag.com\\/\"}}},\"21\":\"Fashion. Beauty. Culture. \"}}', '2017-06-05 20:42:04', '2017-06-05 20:42:04', '8354f483-f869-4d43-9f9b-02e683df6e1f'),
 ('497', '160', '20', '235', 'en_us', '5', '', '{\"typeId\":\"20\",\"authorId\":null,\"title\":\"News\",\"slug\":\"about-student-media-news\",\"postDate\":1493234230,\"expiryDate\":null,\"enabled\":1,\"parentId\":null,\"fields\":{\"12\":\"Learn more about Student Media news. \",\"13\":[\"247\"]}}', '2017-06-05 20:44:14', '2017-06-05 20:44:14', '765ce70b-e757-4fb3-b45f-672960bc4e5c'),
 ('498', '161', '21', '235', 'en_us', '13', '', '{\"typeId\":\"21\",\"authorId\":null,\"title\":\"Student Media Board \",\"slug\":\"board-members\",\"postDate\":1494414895,\"expiryDate\":null,\"enabled\":1,\"parentId\":null,\"fields\":{\"1\":\"<p>The Student Media Board is a standing University committee. The members of the committee&nbsp;serve \\\"as the institutional publisher or de facto licensee and acts in all matters pertaining to those media that are written or broadcast primarily by students and financed primarily by university-sanctioned student fees.\\\" &nbsp;The SMB reports to the vice president for student affairs and the dean of the College of Communication and Information.<\\/p>\\r\\n<p>The SMB is primarily responsible for selecting student leaders, approving annual budgets and hearing any grievances that cannot be otherwise resolved. The SMB does not dictate or determine editorial content for Student Media partners and gives responsibility for day-to-day editorial operations to the selected student leaders. The SMB gives day-to-day business operation responsibility to the director of Student Media.&nbsp;<\\/p>\\r\\n<p>The board is made up of students, staff and faculty across the university, as well as media professionals outside of KSU. Voting members include faculty members appointed by the faculty senate, faculty members appointed by the school of journalism and mass communication faculty advisory committee, the JMC director, the CSI director, USG appointees, a graduate senate appointee, JMC undergraduate students, a JMC graduate student and a media professional. All student leaders, student media advisors and the director of student media serve as non-voting members.&nbsp;<\\/p>\\r\\n<p>Check out the guidelines, members and meeting minutes below.<br><\\/p>\",\"49\":[\"204\"],\"13\":[\"246\"],\"21\":\"We\'ll go farther together \"}}', '2017-06-05 20:45:26', '2017-06-05 20:45:26', 'a3fba361-0df2-4568-b8c6-f19bdf0b977f'),
 ('499', '58', '9', '235', 'en_us', '30', '', '{\"typeId\":\"9\",\"authorId\":null,\"title\":\"About us\",\"slug\":\"about\",\"postDate\":1492560894,\"expiryDate\":null,\"enabled\":1,\"parentId\":null,\"fields\":{\"55\":\"<p>Advertise with us!<\\/p>\",\"1\":\"<p>We are more than 700 students working with 10 distinct and independent Student Media partners who create unique content distributed across 34 different outlets on multiple platforms. Our students are supported in their efforts by a strong fabric of faculty advisers, professional staff, university support and, of course, financial support from the students of Kent State University.&nbsp;<br><\\/p>\\r\\n<p><strong>Our mission-driven leadership begins here:<\\/strong><strong><em><br><\\/em><\\/strong><\\/p>\\r\\n<p><strong><em>Student Media empowers students<\\/em><\\/strong> through practical, collaborative and professional learning opportunities within an independent, student-led and multi-platform media framework.<strong><em><br><\\/em><\\/strong><\\/p>\\r\\n<p><strong><em>Our students create valued sources<\\/em><\\/strong> of journalism, information, entertainment and advertising and develop meaningful connections with our core audiences.<strong><em><br><\\/em><\\/strong><\\/p>\\r\\n<p><strong><em>We encourage excellence, leadership and accountability<\\/em><\\/strong> as students become innovative, ethical and skilled media producers within a diverse and global society. <br><\\/p>\",\"11\":[\"166\"],\"13\":[\"246\"],\"47\":\"<p>We often have larger ideas than our budget will support. Your generous gift will help our students build on their big ideas. Your gift can be directed at a specific media partner or go to support Student Media in general. &nbsp;<br><\\/p>\",\"21\":\"Through the combined effort of students and faculty, our mission is to provide a professional learning foundation for all.\"}}', '2017-06-05 20:45:42', '2017-06-05 20:45:42', 'ba118ec5-2f3b-4e1a-9601-4ae69b76bf24'),
 ('500', '58', '9', '235', 'en_us', '31', '', '{\"typeId\":\"9\",\"authorId\":null,\"title\":\"About us\",\"slug\":\"about\",\"postDate\":1492560894,\"expiryDate\":null,\"enabled\":1,\"parentId\":null,\"fields\":{\"55\":\"<p>Advertise with us!<\\/p>\",\"1\":\"<p>We are more than 700 students working with 10 distinct and independent Student Media partners who create unique content distributed across 34 different outlets on multiple platforms. Our students are supported in their efforts by a strong fabric of faculty advisers, professional staff, university support and, of course, financial support from the students of Kent State University.&nbsp;<br><\\/p>\\r\\n<p><strong>Our mission-driven leadership begins here:<\\/strong><strong><em><br><\\/em><\\/strong><\\/p>\\r\\n<p><strong><em>Student Media empowers students<\\/em><\\/strong> through practical, collaborative and professional learning opportunities within an independent, student-led and multi-platform media framework.<strong><em><br><\\/em><\\/strong><\\/p>\\r\\n<p><strong><em>Our students create valued sources<\\/em><\\/strong> of journalism, information, entertainment and advertising and develop meaningful connections with our core audiences.<strong><em><br><\\/em><\\/strong><\\/p>\\r\\n<p><strong><em>We encourage excellence, leadership and accountability<\\/em><\\/strong> as students become innovative, ethical and skilled media producers within a diverse and global society. <br><\\/p>\",\"11\":[\"166\"],\"13\":[\"246\"],\"47\":\"<p>We like to think big. And sometimes our budget can\'t keep up. Your generous gift helps our students build on their big ideas. Your gift can be directed at a specific media partner or go directly to support Student Media in general. &nbsp;<br><\\/p>\",\"21\":\"Through the combined effort of students and faculty, our mission is to provide a professional learning foundation for all.\"}}', '2017-06-05 20:47:00', '2017-06-05 20:47:00', '7bc58cd5-5516-49c4-839b-6c11cd6d8137'),
 ('501', '58', '9', '235', 'en_us', '32', '', '{\"typeId\":\"9\",\"authorId\":null,\"title\":\"About us\",\"slug\":\"about\",\"postDate\":1492560894,\"expiryDate\":null,\"enabled\":1,\"parentId\":null,\"fields\":{\"55\":\"<p>Advertise with us!<\\/p>\",\"1\":\"<p>We are more than 700 students working with 10 distinct and independent Student Media partners who create unique content distributed across 34 different outlets on multiple platforms. Our students are supported in their efforts by a strong fabric of faculty advisers, professional staff, university support and, of course, financial support from the students of Kent State University.&nbsp;<br><\\/p>\\r\\n<p><strong>Our mission-driven leadership begins here:<\\/strong><strong><em><br><\\/em><\\/strong><\\/p>\\r\\n<p><strong><em>Student Media empowers students<\\/em><\\/strong> through practical, collaborative and professional learning opportunities within an independent, student-led and multi-platform media framework.<strong><em><br><\\/em><\\/strong><\\/p>\\r\\n<p><strong><em>Our students create valued sources<\\/em><\\/strong> of journalism, information, entertainment and advertising and develop meaningful connections with our core audiences.<strong><em><br><\\/em><\\/strong><\\/p>\\r\\n<p><strong><em>We encourage excellence, leadership and accountability<\\/em><\\/strong> as students become innovative, ethical and skilled media producers within a diverse and global society. <br><\\/p>\",\"11\":[\"166\"],\"13\":[\"246\"],\"47\":\"<p>We like to think big. And sometimes our budget can\'t keep up. Your generous gift helps our students build on their big ideas. Your gift can be directed at a specific media partner or go directly to support Student Media in general. &nbsp;<br><\\/p>\",\"21\":\"Through the combined effort of students and faculty, our mission is to provide a professional learning foundation for all.\"}}', '2017-06-05 20:47:35', '2017-06-05 20:47:35', '1187ff36-c15b-4959-acfb-ef94faeb6b72'),
 ('502', '117', '6', '235', 'en_us', '2', '', '{\"typeId\":\"6\",\"authorId\":\"1\",\"title\":\"Newsroom Training Week\",\"slug\":\"release-date\",\"postDate\":1492710660,\"expiryDate\":null,\"enabled\":1,\"parentId\":null,\"fields\":{\"20\":[\"20\",\"15\"],\"12\":\"Week worth of training opportunities for staff, editors and producers involved with The Kent Stater and TV2. \",\"19\":\"\",\"24\":\"Franklin Hall, various locations. \",\"23\":{\"date\":\"8\\/21\\/2017\"}}}', '2017-06-05 20:51:42', '2017-06-05 20:51:42', '81ba5006-151c-4959-be46-912c69267acf'),
 ('503', '117', '6', '235', 'en_us', '3', '', '{\"typeId\":\"6\",\"authorId\":\"1\",\"title\":\"Newsroom Training Week\",\"slug\":\"release-date\",\"postDate\":1492710660,\"expiryDate\":null,\"enabled\":1,\"parentId\":null,\"fields\":{\"20\":[\"20\",\"15\"],\"12\":\"Week worth of training opportunities for staff, editors and producers involved with The Kent Stater and TV2. \",\"19\":\"\",\"24\":\"Franklin Hall, various locations. \",\"23\":{\"date\":\"8\\/21\\/2017\"}}}', '2017-06-05 20:52:42', '2017-06-05 20:52:42', 'f666631b-b817-49da-ba55-9d45e8d3d4c3'),
 ('504', '116', '6', '235', 'en_us', '2', '', '{\"typeId\":\"6\",\"authorId\":\"1\",\"title\":\"Back to School Blastoff\",\"slug\":\"applications-due\",\"postDate\":1492710660,\"expiryDate\":null,\"enabled\":1,\"parentId\":null,\"fields\":{\"20\":[\"101\",\"24\",\"25\",\"19\",\"20\",\"21\",\"22\",\"14\",\"15\",\"10\"],\"12\":\"Come find out about Kent State Student Media and the 10 media partners that make up Student Media. We\'ll be at Kent State\'s annual Blastoff event. \",\"19\":\"\",\"24\":\"Risman Plaza from 6 to 8 p.m. \",\"23\":{\"date\":\"8\\/27\\/2017\"}}}', '2017-06-05 20:55:05', '2017-06-05 20:55:05', '516deada-12d0-49f9-8af3-44a2c9209a04'),
 ('505', '116', '6', '235', 'en_us', '3', '', '{\"typeId\":\"6\",\"authorId\":\"1\",\"title\":\"Back to School Blastoff\",\"slug\":\"applications-due\",\"postDate\":1492710660,\"expiryDate\":null,\"enabled\":1,\"parentId\":null,\"fields\":{\"20\":[\"101\",\"24\",\"25\",\"19\",\"20\",\"21\",\"22\",\"14\",\"15\",\"10\"],\"12\":\"Come find out about Kent State Student Media and the 10 media partners that make up Student Media. We\'ll be at Kent State\'s annual Blastoff event. \",\"19\":\"\",\"24\":\"Risman Plaza from 6 to 8 p.m. \",\"23\":{\"date\":\"8\\/27\\/2017\"}}}', '2017-06-05 20:55:53', '2017-06-05 20:55:53', '8bc089e7-5418-4f8a-b3f9-d98d740ec962'),
 ('506', '273', '8', '235', 'en_us', '1', '', '{\"typeId\":null,\"authorId\":\"235\",\"title\":\"Lydia Taylor\",\"slug\":\"lydia-taylor\",\"postDate\":1496696428,\"expiryDate\":null,\"enabled\":1,\"parentId\":null,\"fields\":{\"20\":[\"15\"],\"1\":\"\",\"4\":\"ltaylo49@kent.edu\",\"5\":[\"studentMediaLeader\"],\"6\":\"Lydia\",\"19\":\"\",\"8\":\"Editor\",\"7\":\"Taylor\",\"10\":\"\"}}', '2017-06-05 21:00:28', '2017-06-05 21:00:28', 'af43facc-92cc-4b65-8001-b86c6d1a23f1'),
 ('507', '197', '8', '235', 'en_us', '2', '', '{\"typeId\":\"8\",\"authorId\":\"1\",\"title\":\"Anna Huntsman\",\"slug\":\"leisel-kober\",\"postDate\":1493931240,\"expiryDate\":null,\"enabled\":1,\"parentId\":null,\"fields\":{\"20\":[\"20\"],\"1\":\"\",\"4\":\"ahuntsm1@kent.edu\",\"5\":[\"nonVoting\",\"studentMediaLeader\"],\"6\":\"Anna \",\"19\":\"\",\"8\":\"TV2 General Manager\",\"7\":\"Hunstman\",\"10\":\"\"}}', '2017-06-05 21:03:41', '2017-06-05 21:03:41', '265a0952-e0bb-4d4c-b063-628813b84155'),
 ('508', '273', '8', '235', 'en_us', '2', '', '{\"typeId\":\"8\",\"authorId\":\"235\",\"title\":\"Lydia Taylor\",\"slug\":\"lydia-taylor\",\"postDate\":1496696400,\"expiryDate\":null,\"enabled\":1,\"parentId\":null,\"fields\":{\"20\":[\"15\"],\"1\":\"\",\"4\":\"ltaylo49@kent.edu\",\"5\":[\"nonVoting\",\"studentMediaLeader\"],\"6\":\"Lydia\",\"19\":\"\",\"8\":\"Editor\",\"7\":\"Taylor\",\"10\":\"\"}}', '2017-06-05 21:03:46', '2017-06-05 21:03:46', '29237ccb-f6ac-4500-9394-88c8c38f654c'),
 ('509', '274', '8', '235', 'en_us', '1', '', '{\"typeId\":null,\"authorId\":\"235\",\"title\":\"Benjamin VanHoose\",\"slug\":\"benjamin-vanhoose\",\"postDate\":1496696674,\"expiryDate\":null,\"enabled\":1,\"parentId\":null,\"fields\":{\"20\":\"\",\"1\":\"\",\"4\":\"bvanhoos@kent.edu\",\"5\":[\"nonVoting\",\"studentMediaLeader\"],\"6\":\"Benjamin\",\"19\":\"\",\"8\":\"Burr Editor\",\"7\":\"VanHoose\",\"10\":\"\"}}', '2017-06-05 21:04:34', '2017-06-05 21:04:34', 'be442ffe-cd7c-472b-b50b-3aff39b3a23d'),
 ('510', '275', '8', '235', 'en_us', '1', '', '{\"typeId\":null,\"authorId\":\"235\",\"title\":\"Kendall Becker\",\"slug\":\"kendall-becker\",\"postDate\":1496696726,\"expiryDate\":null,\"enabled\":1,\"parentId\":null,\"fields\":{\"20\":[\"10\"],\"1\":\"\",\"4\":\"kbecke15@kent.edu\",\"5\":[\"nonVoting\",\"studentMediaLeader\"],\"6\":\"Kendall \",\"19\":\"\",\"8\":\"A Magazine Editor\",\"7\":\"Becker\",\"10\":\"\"}}', '2017-06-05 21:05:26', '2017-06-05 21:05:26', 'c36c3f24-26e9-4cfe-9ae6-18e06825a9de'),
 ('511', '274', '8', '235', 'en_us', '2', '', '{\"typeId\":\"8\",\"authorId\":\"235\",\"title\":\"Benjamin VanHoose\",\"slug\":\"benjamin-vanhoose\",\"postDate\":1496696640,\"expiryDate\":null,\"enabled\":1,\"parentId\":null,\"fields\":{\"20\":[\"14\"],\"1\":\"\",\"4\":\"bvanhoos@kent.edu\",\"5\":[\"nonVoting\",\"studentMediaLeader\"],\"6\":\"Benjamin\",\"19\":\"\",\"8\":\"Burr Editor\",\"7\":\"VanHoose\",\"10\":\"\"}}', '2017-06-05 21:05:38', '2017-06-05 21:05:38', 'f4b992f9-dc53-439d-b8b0-3d2c9ec7c0d1'),
 ('512', '276', '8', '235', 'en_us', '1', '', '{\"typeId\":null,\"authorId\":\"235\",\"title\":\"Carrie George\",\"slug\":\"carrie-george\",\"postDate\":1496696817,\"expiryDate\":null,\"enabled\":1,\"parentId\":null,\"fields\":{\"20\":[\"24\"],\"1\":\"\",\"4\":\"cgeorg21@kent.edu\",\"5\":[\"nonVoting\",\"studentMediaLeader\"],\"6\":\"Carrie\",\"19\":\"\",\"8\":\"Luna Negra Editor\",\"7\":\"George\",\"10\":\"\"}}', '2017-06-05 21:06:57', '2017-06-05 21:06:57', '8301792e-3859-40b1-bd87-edc19dc4f1df'),
 ('513', '277', '8', '235', 'en_us', '1', '', '{\"typeId\":null,\"authorId\":\"235\",\"title\":\"Brooke Forrest\",\"slug\":\"brooke-forrest\",\"postDate\":1496696865,\"expiryDate\":null,\"enabled\":1,\"parentId\":null,\"fields\":{\"20\":[\"19\"],\"1\":\"\",\"4\":\"bforres3@kent.edu\",\"5\":[\"nonVoting\",\"studentMediaLeader\"],\"6\":\"Brooke\",\"19\":\"\",\"8\":\"Black Squirrel Radio General Manager\",\"7\":\"Forrest \",\"10\":\"\"}}', '2017-06-05 21:07:45', '2017-06-05 21:07:45', '4fdc7c6e-9248-473d-a989-991aeed7bdd4'),
 ('514', '187', '8', '235', 'en_us', '3', '', '{\"typeId\":\"8\",\"authorId\":\"1\",\"title\":\"M.J. Eckhouse\",\"slug\":\"m-j-eckhouse\",\"postDate\":1493930460,\"expiryDate\":null,\"enabled\":1,\"parentId\":null,\"fields\":{\"20\":[\"21\"],\"1\":\"\",\"4\":\"meckhous@kent.edu\",\"5\":[\"nonVoting\",\"studentMediaLeader\"],\"6\":\"M.J.\",\"19\":\"\",\"8\":\"Fusion Editor\",\"7\":\"Eckhouse\",\"10\":\"\"}}', '2017-06-05 21:08:10', '2017-06-05 21:08:10', '6a52adee-cdda-445f-b3a7-cd205d19fb2f'),
 ('515', '278', '8', '235', 'en_us', '1', '', '{\"typeId\":null,\"authorId\":\"235\",\"title\":\"Ile-Ife Okantah\",\"slug\":\"ile-ife-okantah\",\"postDate\":1496696966,\"expiryDate\":null,\"enabled\":1,\"parentId\":null,\"fields\":{\"20\":[\"22\"],\"1\":\"\",\"4\":\"iokantah@kent.edu\",\"5\":[\"nonVoting\",\"studentMediaLeader\"],\"6\":\"Ile-Ife \",\"19\":\"\",\"8\":\"Co-Editor Uhuru \",\"7\":\"Okantah\",\"10\":\"\"}}', '2017-06-05 21:09:26', '2017-06-05 21:09:26', '971f47e8-39a8-4668-b459-ca2711c29198'),
 ('516', '279', '8', '235', 'en_us', '1', '', '{\"typeId\":null,\"authorId\":\"235\",\"title\":\"Alyssa Standen\",\"slug\":\"alyssa-standen\",\"postDate\":1496697000,\"expiryDate\":null,\"enabled\":1,\"parentId\":null,\"fields\":{\"20\":\"\",\"1\":\"\",\"4\":\"astanden@kent.edu\",\"5\":[\"nonVoting\",\"studentMediaLeader\"],\"6\":\"Alyssa\",\"19\":\"\",\"8\":\"President KSU Independent Films\",\"7\":\"Standen\",\"10\":\"\"}}', '2017-06-05 21:10:00', '2017-06-05 21:10:00', '8ef8851a-3ded-452a-90c4-f75967f196ae'),
 ('517', '279', '8', '235', 'en_us', '2', '', '{\"typeId\":\"8\",\"authorId\":\"235\",\"title\":\"Alyssa Standen\",\"slug\":\"alyssa-standen\",\"postDate\":1496697000,\"expiryDate\":null,\"enabled\":1,\"parentId\":null,\"fields\":{\"20\":[\"25\"],\"1\":\"\",\"4\":\"astanden@kent.edu\",\"5\":[\"nonVoting\",\"studentMediaLeader\"],\"6\":\"Alyssa\",\"19\":\"\",\"8\":\"President KSU Independent Films\",\"7\":\"Standen\",\"10\":\"\"}}', '2017-06-05 21:10:11', '2017-06-05 21:10:11', 'ca43bd49-cdd8-4e2c-ac59-c55119f9e11c'),
 ('518', '25', '4', '235', 'en_us', '18', '', '{\"typeId\":\"4\",\"authorId\":\"1\",\"title\":\"KSU Independent Films\",\"slug\":\"ksu-independent-films\",\"postDate\":1488484140,\"expiryDate\":null,\"enabled\":1,\"parentId\":null,\"fields\":{\"31\":[\"42\"],\"1\":\"<p>Kent State University Independent Films (KSUIF) is an organization fueled by students\\u2019 passion for film. In 2008, professors Traci E. Williams and David Smeltzer collaborated to create this wonderful program, which is designed to give students real-world film experience. Today, nearly 500 people are currently involved in the organization.<\\/p>\",\"4\":\"kentstatefilms@gmail.com\",\"36\":\"1\",\"13\":[\"238\"],\"14\":[\"52\"],\"68\":\"\",\"10\":\"330-672-8198\",\"29\":\"Kent State University Independent Films (KSUIF) is a student-run production company that teaches, inspires and prepares filmmakers for the real-world industry. \",\"26\":{\"37\":{\"type\":\"socialMediaBlock\",\"enabled\":\"1\",\"fields\":{\"socialName\":\"twitter\",\"address\":\"http:\\/\\/www.twitter.com\\/ksuif\"}},\"225\":{\"type\":\"socialMediaBlock\",\"enabled\":\"1\",\"fields\":{\"socialName\":\"facebook\",\"address\":\"https:\\/\\/www.facebook.com\\/ksuindependentfilms\\/\"}},\"226\":{\"type\":\"socialMediaBlock\",\"enabled\":\"1\",\"fields\":{\"socialName\":\"website\",\"address\":\"http:\\/\\/kentstatefilms.com\\/\"}}},\"21\":\"Making movies and more \"}}', '2017-06-05 21:14:20', '2017-06-05 21:14:20', '295c4cf2-84eb-4704-817b-b090bbef7a63'),
 ('519', '161', '21', '235', 'en_us', '14', '', '{\"typeId\":\"21\",\"authorId\":null,\"title\":\"Student Media Board \",\"slug\":\"board-members\",\"postDate\":1494414895,\"expiryDate\":null,\"enabled\":1,\"parentId\":null,\"fields\":{\"1\":\"<p>The Student Media Board is a standing University committee. The members of the committee&nbsp;serve \\\"as the institutional publisher or de facto licensee and acts in all matters pertaining to those media that are written or broadcast primarily by students and financed primarily by university-sanctioned student fees.\\\" &nbsp;The SMB reports to the vice president for student affairs and the dean of the College of Communication and Information.<\\/p>\\r\\n<p>The SMB is primarily responsible for selecting student leaders, approving annual budgets and hearing any grievances that cannot be otherwise resolved. The SMB does not dictate or determine editorial content for Student Media partners and gives responsibility for day-to-day editorial operations to the selected student leaders. The SMB gives day-to-day business operation responsibility to the director of Student Media.&nbsp;<\\/p>\\r\\n<p>The board is made up of students, staff and faculty across the university, as well as media professionals outside of KSU. Voting members include faculty members appointed by the faculty senate, faculty members appointed by the school of journalism and mass communication faculty advisory committee, the JMC director, the CSI director, USG appointees, a graduate senate appointee, JMC undergraduate students, a JMC graduate student and a media professional. All student leaders, student media advisors and the director of student media serve as non-voting members.&nbsp;<\\/p>\\r\\n<p>Check out the guidelines, members and meeting minutes below.<br><\\/p>\",\"49\":[\"204\"],\"13\":[\"246\"],\"21\":\"We\'ll go farther together \"}}', '2017-06-05 21:15:38', '2017-06-05 21:15:38', '6832c919-f0ea-4435-b081-3f89b1c9a950'),
 ('520', '280', '8', '235', 'en_us', '1', '', '{\"typeId\":null,\"authorId\":\"235\",\"title\":\"Jacquie Marino\",\"slug\":\"jacquie-marino\",\"postDate\":1496697435,\"expiryDate\":null,\"enabled\":1,\"parentId\":null,\"fields\":{\"20\":[\"14\",\"10\"],\"1\":\"\",\"4\":\"jmarino7@kent.edu\",\"5\":[\"nonVoting\"],\"6\":\"Jacquie \",\"19\":\"\",\"8\":\"Adviser - A Magazine & The Burr\",\"7\":\"Marino\",\"10\":\"\"}}', '2017-06-05 21:17:15', '2017-06-05 21:17:15', 'd96676a6-abf5-4d0c-858d-0ce2dec70361'),
 ('521', '281', '8', '235', 'en_us', '1', '', '{\"typeId\":null,\"authorId\":\"235\",\"title\":\"Shannon Christen-Syed\",\"slug\":\"shannon-christen-syed\",\"postDate\":1496697493,\"expiryDate\":null,\"enabled\":1,\"parentId\":null,\"fields\":{\"20\":[\"22\"],\"1\":\"\",\"4\":\"schriste@kent.edu\",\"5\":[\"nonVoting\"],\"6\":\"Shannon\",\"19\":\"\",\"8\":\"Adviser - Uhuru\",\"7\":\"Christen-Syed\",\"10\":\"\"}}', '2017-06-05 21:18:13', '2017-06-05 21:18:13', '7f5cc6db-76a0-4ad9-8d8e-4fb0fab36285'),
 ('522', '196', '8', '235', 'en_us', '2', '', '{\"typeId\":\"8\",\"authorId\":\"1\",\"title\":\"Kim Winebrenner\",\"slug\":\"kim-winebrenner\",\"postDate\":1493931120,\"expiryDate\":null,\"enabled\":1,\"parentId\":null,\"fields\":{\"20\":[\"24\"],\"1\":\"\",\"4\":\"\",\"5\":[\"nonVoting\"],\"6\":\"Kim\",\"19\":\"\",\"8\":\"Luna Negra Adviser\",\"7\":\"Winebrenner\",\"10\":\"\"}}', '2017-06-05 21:18:26', '2017-06-05 21:18:26', '07e5004c-bd51-4a21-934a-c8ba8cbe6dc2'),
 ('523', '60', '11', '267', 'en_us', '19', '', '{\"typeId\":\"11\",\"authorId\":null,\"title\":\"Get Involved\",\"slug\":\"get-involved\",\"postDate\":1492711027,\"expiryDate\":null,\"enabled\":1,\"parentId\":null,\"fields\":{\"1\":\"<p>Student Media is open to any students, staff or faculty at Kent State. Start as early as your freshman year and get involved in any of dozens of positions across our 10 Student Media partners. Gain important experience that will set you apart from your fellow students. Come share your voice and gain practical experience to help launch your career. To get started, check out current openings below or contact Kevin Dilley, director of Student Media, at kdilley@kent.edu.<\\/p>\",\"51\":{\"231\":{\"type\":\"faqs\",\"enabled\":\"1\",\"fields\":{\"question\":\"How can I become a student media leader?\",\"answer\":\"<p>Leaders of each Student Media partner are selected by the Student Media Board in the fall and spring of each year for the following semester or semesters. To be considered, you must be must have at least a verified cumulative 2.25 Grade Point Average at the time of application and maintain a cumulative 2.25 GPA and be in good standing with the University during your term as leader. &nbsp;To be a compensated student leader, you must be enrolled in a minimum of eight credit hours as an undergraduate student and a minimum of six as a graduate student during their term. You&nbsp;do not need to be majors enrolled in the School of Journalism and Mass Communication. &nbsp;Candidates applying for leadership positions in the JMC-co-curricular units must have related experience to be considered an applicant.<\\/p>\"}},\"261\":{\"type\":\"faqs\",\"enabled\":\"1\",\"fields\":{\"question\":\"Can I get paid while working for Student Media?\",\"answer\":\"<p>Yes. Student Media offers hundreds of paid positions each semester across our 10 Student Media partners. Contact us for more information. <\\/p>\"}},\"262\":{\"type\":\"faqs\",\"enabled\":\"1\",\"fields\":{\"question\":\"Can I study abroad and still be involved in Student Media?\",\"answer\":\"<p>Yes. Student Media supports students who opt for a semester abroad. Sometimes this can fit into a media outlet\'s content plan for that semester. Also, studying abroad will not affect your ability to continue on a path to a leadership position, if you so choose. <\\/p>\"}},\"263\":{\"type\":\"faqs\",\"enabled\":\"1\",\"fields\":{\"question\":\"Who makes the hiring decisions for Student Media?\",\"answer\":\"<p>It depends on the position you are seeking:<\\/p>\\r\\n<ul><li>Top leaders for each media partner are selected by the Student Media Board<\\/li><li>Staff members within each media partner are selected by the student leader in consultation with the adviser<\\/li><li>Staff members in the Student Media office are selected by the professional staff. <\\/li><\\/ul>\"}},\"264\":{\"type\":\"faqs\",\"enabled\":\"1\",\"fields\":{\"question\":\"How many hours can I work?\",\"answer\":\"<p>That depends on your position and the needs of your outlet. You should talk with your student leader and adviser about the specific needs of each position. If you are in a paid position, you cannot work more than 28 hours each week. &nbsp;<\\/p>\"}},\"265\":{\"type\":\"faqs\",\"enabled\":\"1\",\"fields\":{\"question\":\"If I don\'t see a position I like, can I still work in Student Media?\",\"answer\":\"<p>Probably, let\'s talk. &nbsp;Student Media is growing and changing as rapidly as the professional fields we strive to emulate. So, if a position doesn\'t exist (and it\'s generally within the wheelhouse of media and communications), let\'s talk and figure out how to make it happen.&nbsp;<\\/p>\"}},\"new1\":{\"type\":\"faqs\",\"enabled\":\"1\",\"fields\":{\"question\":\"Can I earn academic credit for my work in Student Media?\",\"answer\":\"\"}},\"new2\":{\"type\":\"faqs\",\"enabled\":\"1\",\"fields\":{\"question\":\"How long does my employment last once I\'m hired in Student Media?\",\"answer\":\"\"}},\"new3\":{\"type\":\"faqs\",\"enabled\":\"1\",\"fields\":{\"question\":\"Do I have to reapply for a job in Student Media every semester?\",\"answer\":\"\"}},\"new4\":{\"type\":\"faqs\",\"enabled\":\"1\",\"fields\":{\"question\":\"Can I work for more than one outlet at the same time during a semester?\",\"answer\":\"\"}},\"new5\":{\"type\":\"faqs\",\"enabled\":\"1\",\"fields\":{\"question\":\"Can I volunteer at a Student Media publication?\",\"answer\":\"\"}},\"new6\":{\"type\":\"faqs\",\"enabled\":\"1\",\"fields\":{\"question\":\"Who has editorial control over content?\",\"answer\":\"\"}},\"new7\":{\"type\":\"faqs\",\"enabled\":\"1\",\"fields\":{\"question\":\"Where can I listen to Black Squirrel Radio?\",\"answer\":\"\"}},\"new8\":{\"type\":\"faqs\",\"enabled\":\"1\",\"fields\":{\"question\":\"On which channel is TV2 broadcast?\",\"answer\":\"\"}}},\"13\":[\"248\"],\"56\":{\"232\":{\"type\":\"employeeOpportunities\",\"enabled\":\"1\",\"fields\":{\"hiring\":\"A Magazine\",\"position\":\"Graphic Designer\",\"positionDescription\":\"description\",\"contactInformation\":\"Mary Smith\"}}},\"21\":\"Start your freshman year. Stay until you graduate. \"}}', '2017-06-06 15:54:11', '2017-06-06 15:54:11', '82b20725-d0ec-4610-aad7-a799ff4081f6'),
 ('524', '60', '11', '267', 'en_us', '20', '', '{\"typeId\":\"11\",\"authorId\":null,\"title\":\"Get Involved\",\"slug\":\"get-involved\",\"postDate\":1492711027,\"expiryDate\":null,\"enabled\":1,\"parentId\":null,\"fields\":{\"1\":\"<p>Student Media is open to any students, staff or faculty at Kent State. Start as early as your freshman year and get involved in any of dozens of positions across our 10 Student Media partners. Gain important experience that will set you apart from your fellow students. Come share your voice and gain practical experience to help launch your career. To get started, check out current openings below or contact Kevin Dilley, director of Student Media, at kdilley@kent.edu.<\\/p>\",\"51\":{\"231\":{\"type\":\"faqs\",\"enabled\":\"1\",\"fields\":{\"question\":\"How can I become a student media leader?\",\"answer\":\"<p>Leaders of each Student Media partner are selected by the Student Media Board in the fall and spring of each year for the following semester or semesters. To be considered, you must be must have at least a verified cumulative 2.25 Grade Point Average at the time of application and maintain a cumulative 2.25 GPA and be in good standing with the University during your term as leader. &nbsp;To be a compensated student leader, you must be enrolled in a minimum of eight credit hours as an undergraduate student and a minimum of six as a graduate student during their term. You&nbsp;do not need to be majors enrolled in the School of Journalism and Mass Communication. &nbsp;Candidates applying for leadership positions in the JMC-co-curricular units must have related experience to be considered an applicant.<\\/p>\"}},\"261\":{\"type\":\"faqs\",\"enabled\":\"1\",\"fields\":{\"question\":\"Can I get paid while working for Student Media?\",\"answer\":\"<p>Yes. Student Media offers hundreds of paid positions each semester across our 10 Student Media partners. Contact us for more information. <\\/p>\"}},\"262\":{\"type\":\"faqs\",\"enabled\":\"1\",\"fields\":{\"question\":\"Can I study abroad and still be involved in Student Media?\",\"answer\":\"<p>Yes. Student Media supports students who opt for a semester abroad. Sometimes this can fit into a media outlet\'s content plan for that semester. Also, studying abroad will not affect your ability to continue on a path to a leadership position, if you so choose. <\\/p>\"}},\"263\":{\"type\":\"faqs\",\"enabled\":\"1\",\"fields\":{\"question\":\"Who makes the hiring decisions for Student Media?\",\"answer\":\"<p>It depends on the position you are seeking:<\\/p>\\r\\n<ul><li>Top leaders for each media partner are selected by the Student Media Board<\\/li><li>Staff members within each media partner are selected by the student leader in consultation with the adviser<\\/li><li>Staff members in the Student Media office are selected by the professional staff. <\\/li><\\/ul>\"}},\"264\":{\"type\":\"faqs\",\"enabled\":\"1\",\"fields\":{\"question\":\"How many hours can I work?\",\"answer\":\"<p>That depends on your position and the needs of your outlet. You should talk with your student leader and adviser about the specific needs of each position. If you are in a paid position, you cannot work more than 28 hours each week. &nbsp;<\\/p>\"}},\"265\":{\"type\":\"faqs\",\"enabled\":\"1\",\"fields\":{\"question\":\"If I don\'t see a position I like, can I still work in Student Media?\",\"answer\":\"<p>Probably, let\'s talk. &nbsp;Student Media is growing and changing as rapidly as the professional fields we strive to emulate. So, if a position doesn\'t exist (and it\'s generally within the wheelhouse of media and communications), let\'s talk and figure out how to make it happen.&nbsp;<\\/p>\"}},\"282\":{\"type\":\"faqs\",\"enabled\":\"1\",\"fields\":{\"question\":\"Can I earn academic credit for my work in Student Media?\",\"answer\":\"\"}},\"283\":{\"type\":\"faqs\",\"enabled\":\"1\",\"fields\":{\"question\":\"How long does my employment last once I\'m hired in Student Media?\",\"answer\":\"\"}},\"284\":{\"type\":\"faqs\",\"enabled\":\"1\",\"fields\":{\"question\":\"Do I have to reapply for a job in Student Media every semester?\",\"answer\":\"\"}},\"285\":{\"type\":\"faqs\",\"enabled\":\"1\",\"fields\":{\"question\":\"Can I work for more than one outlet at the same time during a semester?\",\"answer\":\"\"}},\"286\":{\"type\":\"faqs\",\"enabled\":\"1\",\"fields\":{\"question\":\"Can I volunteer at a Student Media publication?\",\"answer\":\"\"}},\"287\":{\"type\":\"faqs\",\"enabled\":\"1\",\"fields\":{\"question\":\"Who has editorial control over content?\",\"answer\":\"\"}},\"288\":{\"type\":\"faqs\",\"enabled\":\"1\",\"fields\":{\"question\":\"Where can I listen to Black Squirrel Radio?\",\"answer\":\"\"}},\"289\":{\"type\":\"faqs\",\"enabled\":\"1\",\"fields\":{\"question\":\"On which channel is TV2 broadcast?\",\"answer\":\"\"}}},\"13\":[\"248\"],\"56\":{\"232\":{\"type\":\"employeeOpportunities\",\"enabled\":\"1\",\"fields\":{\"hiring\":\"A Magazine\",\"position\":\"Graphic Designer\",\"positionDescription\":\"description\",\"contactInformation\":\"Mary Smith\"}}},\"21\":\"Start your freshman year. Stay until you graduate. \"}}', '2017-06-06 15:54:31', '2017-06-06 15:54:31', '10411f78-fef2-49d5-982a-10c1d27a2bf8'),
 ('525', '58', '9', '235', 'en_us', '33', '', '{\"typeId\":\"9\",\"authorId\":null,\"title\":\"About us\",\"slug\":\"about\",\"postDate\":1492560894,\"expiryDate\":null,\"enabled\":1,\"parentId\":null,\"fields\":{\"55\":\"<p>Advertise with us!<\\/p>\",\"1\":\"<p>We are more than 700 students working with 10 distinct and independent Student Media partners who create unique content distributed across 34 different outlets on multiple platforms. Our students are supported in their efforts by a strong fabric of faculty advisers, professional staff, university support and, of course, financial support from the students of Kent State University.&nbsp;<br><\\/p>\\r\\n<p><strong>Our mission-driven leadership begins here:<\\/strong><strong><em><br><\\/em><\\/strong><\\/p>\\r\\n<p><strong><strong>Student Media empowers students<\\/strong> through practical, collaborative and professional learning opportunities within an independent, student-led and multi-platform media framework.<br><\\/strong><\\/p>\\r\\n<p><strong>Our students create valued sources of journalism, information, entertainment and advertising and develop meaningful connections with our core audiences.<br><\\/strong><\\/p>\\r\\n<p><strong>We encourage excellence, leadership and accountability as students become innovative, ethical and skilled media producers within a diverse and global society.<\\/strong> <br><\\/p>\",\"11\":[\"166\"],\"13\":[\"246\"],\"71\":\"\",\"70\":\"\",\"47\":\"<p>We like to think big. And sometimes our budget can\'t keep up. Your generous gift helps our students build on their big ideas. Your gift can be directed at a specific media partner or go directly to support Student Media in general. &nbsp;<br><\\/p>\",\"21\":\"Through the combined effort of students and faculty, our mission is to provide a professional learning foundation for all.\"}}', '2017-06-07 18:43:55', '2017-06-07 18:43:55', '4bc125fa-08a7-43e5-b00b-9dee5063757f'),
 ('526', '58', '9', '235', 'en_us', '34', '', '{\"typeId\":\"9\",\"authorId\":null,\"title\":\"About us\",\"slug\":\"about\",\"postDate\":1492560894,\"expiryDate\":null,\"enabled\":1,\"parentId\":null,\"fields\":{\"55\":\"<p>Advertise with us!<\\/p>\",\"1\":\"<p>We are more than 700 students working with 10 distinct and independent Student Media partners who create unique content distributed across 34 different outlets on multiple platforms. Our students are supported in their efforts by a strong fabric of faculty advisers, professional staff, university support and, of course, financial support from the students of Kent State University.&nbsp;<br><\\/p>\\r\\n<hr><p><strong>Our mission-driven leadership begins here:<\\/strong><strong><em><br><\\/em><\\/strong><\\/p>\\r\\n<p>Student Media empowers students through practical, collaborative and professional learning opportunities within an independent, student-led and multi-platform media framework.<br><\\/p>\\r\\n<p>Our students create valued sources of journalism, information, entertainment and advertising and develop meaningful connections with our core audiences.<br><\\/p>\\r\\n<p>We encourage excellence, leadership and accountability as students become innovative, ethical and skilled media producers within a diverse and global society. <br><\\/p>\",\"11\":[\"166\"],\"13\":[\"246\"],\"71\":\"\",\"70\":\"\",\"47\":\"<p>We like to think big. And sometimes our budget can\'t keep up. Your generous gift helps our students build on their big ideas. Your gift can be directed at a specific media partner or go directly to support Student Media in general. &nbsp;<br><\\/p>\",\"21\":\"Through the combined effort of students and faculty, our mission is to provide a professional learning foundation for all.\"}}', '2017-06-07 18:45:16', '2017-06-07 18:45:16', 'e81465fc-32f0-433e-92bd-807d7405d2b2'),
 ('527', '58', '9', '235', 'en_us', '35', '', '{\"typeId\":\"9\",\"authorId\":null,\"title\":\"About us\",\"slug\":\"about\",\"postDate\":1492560894,\"expiryDate\":null,\"enabled\":1,\"parentId\":null,\"fields\":{\"55\":\"<p>Advertise with us!<\\/p>\",\"1\":\"<p>We are more than 700 students working with 10 distinct and independent Student Media partners who create unique content distributed across 34 different outlets on multiple platforms. Our students are supported in their efforts by a strong fabric of faculty advisers, professional staff, university support and, of course, financial support from the students of Kent State University.&nbsp;<br><\\/p>\\r\\n<hr>\\r\\n<p><strong>Our mission-driven leadership begins here:<\\/strong><strong><em><br><\\/em><\\/strong><\\/p>\\r\\n<p><b>STUDENT MEDIA EMPOWERS STUDENTS<\\/b> through practical, collaborative and professional learning opportunities within an independent, student-led and multi-platform media framework.<br><\\/p>\\r\\n<p><strong>OUR STUDENTS CREATE <\\/strong>valued sources of journalism, information, entertainment and advertising and develop meaningful connections with our core audiences.<br><\\/p>\\r\\n<p><b>WE ENCOURAGE EXCELLENCE<\\/b>, leadership and accountability as students become innovative, ethical and skilled media producers within a diverse and global society. <br><\\/p>\",\"11\":[\"166\"],\"13\":[\"246\"],\"71\":\"\",\"70\":\"\",\"47\":\"<p>We like to think big. And sometimes our budget can\'t keep up. Your generous gift helps our students build on their big ideas. Your gift can be directed at a specific media partner or go directly to support Student Media in general. &nbsp;<br><\\/p>\",\"21\":\"Through the combined effort of students and faculty, our mission is to provide a professional learning foundation for all.\"}}', '2017-06-07 18:46:18', '2017-06-07 18:46:18', '638223af-dd22-42af-be75-4e3a20ed7c60'),
 ('528', '58', '9', '235', 'en_us', '36', '', '{\"typeId\":\"9\",\"authorId\":null,\"title\":\"About us\",\"slug\":\"about\",\"postDate\":1492560894,\"expiryDate\":null,\"enabled\":1,\"parentId\":null,\"fields\":{\"55\":\"<p>Advertise with us!<\\/p>\",\"1\":\"<p>We are more than 700 students working with 10 distinct and independent Student Media partners who create unique content distributed across 34 different outlets on multiple platforms. Our students are supported in their efforts by a strong fabric of faculty advisers, professional staff, university support and, of course, financial support from the students of Kent State University.&nbsp;<br><\\/p>\\r\\n<hr>\\r\\n<p><strong>Our mission-driven leadership begins here:<\\/strong><strong><em><br><\\/em><\\/strong><\\/p>\\r\\n<p><strong>STUDENT MEDIA EMPOWERS STUDENTS<\\/strong> through practical, collaborative and professional learning opportunities within an independent, student-led and multi-platform media framework.<br><\\/p>\\r\\n<p><strong>OUR STUDENTS CREATE <\\/strong>valued sources of journalism, information, entertainment and advertising and develop meaningful connections with our core audiences.<br><\\/p>\\r\\n<p><strong>WE ENCOURAGE EXCELLENCE<\\/strong>, leadership and accountability as students become innovative, ethical and skilled media producers within a diverse and global society. <br><\\/p>\",\"11\":[\"166\"],\"13\":[\"246\"],\"71\":\"\",\"70\":[\"243\"],\"47\":\"<p>We like to think big. And sometimes our budget can\'t keep up. Your generous gift helps our students build on their big ideas. Your gift can be directed at a specific media partner or go directly to support Student Media in general. &nbsp;<br><\\/p>\",\"21\":\"Through the combined effort of students and faculty, our mission is to provide a professional learning foundation for all.\"}}', '2017-06-07 18:48:56', '2017-06-07 18:48:56', 'ba347b2f-98e6-4549-9a5a-3aabc1d7a69b'),
 ('529', '58', '9', '235', 'en_us', '37', '', '{\"typeId\":\"9\",\"authorId\":null,\"title\":\"About us\",\"slug\":\"about\",\"postDate\":1492560894,\"expiryDate\":null,\"enabled\":1,\"parentId\":null,\"fields\":{\"55\":\"<p>Advertise with us!<\\/p>\",\"1\":\"<p>We are more than 700 students working with 10 distinct and independent Student Media partners who create unique content distributed across 34 different outlets on multiple platforms. Our students are supported in their efforts by a strong fabric of faculty advisers, professional staff, university support and, of course, financial support from the students of Kent State University.&nbsp;<br><\\/p>\\r\\n<hr>\\r\\n<p><strong>Our mission-driven leadership begins here:<\\/strong><strong><em><br><\\/em><\\/strong><\\/p>\\r\\n<p><strong>STUDENT MEDIA EMPOWERS STUDENTS<\\/strong> through practical, collaborative and professional learning opportunities within an independent, student-led and multi-platform media framework.<br><\\/p>\\r\\n<p><strong>OUR STUDENTS CREATE <\\/strong>valued sources of journalism, information, entertainment and advertising and develop meaningful connections with our core audiences.<br><\\/p>\\r\\n<p><strong>WE ENCOURAGE EXCELLENCE<\\/strong>, leadership and accountability as students become innovative, ethical and skilled media producers within a diverse and global society. <br><\\/p>\",\"11\":[\"166\"],\"13\":[\"246\"],\"71\":\"\",\"70\":\"\",\"47\":\"<p>We like to think big. And sometimes our budget can\'t keep up. Your generous gift helps our students build on their big ideas. Your gift can be directed at a specific media partner or go directly to support Student Media in general. &nbsp;<br><\\/p>\",\"21\":\"Through the combined effort of students and faculty, our mission is to provide a professional learning foundation for all.\"}}', '2017-06-07 18:54:01', '2017-06-07 18:54:01', 'c1f8b7f1-2444-45cb-859f-9caea39a42df'),
 ('530', '166', '22', '235', 'en_us', '5', '', '{\"typeId\":\"22\",\"authorId\":null,\"title\":\"Your support makes a difference\",\"slug\":\"support-us\",\"postDate\":1493318469,\"expiryDate\":null,\"enabled\":1,\"parentId\":null,\"fields\":{\"1\":\"<p>We like to think big. And sometimes our budget can\'t keep up. Your generous gift helps our students build on their big ideas. Your gift can be directed at a specific media partner or go directly to support Student Media in general. &nbsp;<\\/p>\",\"13\":[\"248\"],\"21\":\"\"}}', '2017-06-07 18:59:09', '2017-06-07 18:59:09', '4c807094-69fa-4d9c-b74d-b8388744e9da'),
 ('531', '166', '22', '235', 'en_us', '6', '', '{\"typeId\":\"22\",\"authorId\":null,\"title\":\"Your support makes a difference\",\"slug\":\"support-us\",\"postDate\":1493318469,\"expiryDate\":null,\"enabled\":1,\"parentId\":null,\"fields\":{\"1\":\"<p>We like to think big. And sometimes our budget can\'t keep up. Your generous gift helps our students build on their big ideas. Your gift can be directed at a specific media partner or go directly to support Student Media in general. &nbsp;Past support has helped us send students to cover election night 2016 in New York City and send other students to California to cover the NCAA basketball tournament. We have produced full-length feature films with your help. &nbsp;<\\/p>\",\"13\":[\"248\"],\"21\":\"\"}}', '2017-06-07 19:01:06', '2017-06-07 19:01:06', '9333b6cc-8aae-486d-bce1-0941df208aab'),
 ('532', '62', '13', '235', 'en_us', '18', '', '{\"typeId\":null,\"authorId\":null,\"title\":\"Contact Student Media\",\"slug\":\"contact\",\"postDate\":1489688145,\"expiryDate\":null,\"enabled\":1,\"parentId\":null,\"fields\":{\"1\":\"<p>We\'d love to hear from you, whether it\'s about getting involved with Student Media, reaching out about individual partners and their content, or for advertising opportunities.&nbsp;<\\/p>\\r\\n<ul><li>For advertising contact us at <a href=\\\"mailto:ads@ksustudentmedia.com\\\">ads@ksustudentmedia.com<\\/a>, 330-672-6306, or drop by our office during business hours, Monday through Friday 8 a.m to 5 p.m. in 205 Franklin Hall on the Kent State University Kent campus.&nbsp;<\\/li><li>For general Student Media questions, reach out to Director of Student Media, Kevin Dilley, at <a href=\\\"mailto:kdilley@kent.edu\\\">kdilley@kent.edu<\\/a>  or 330-672-0887. You\'ll also find him in 205 Franklin Hall.&nbsp;<\\/li><\\/ul>\",\"13\":[\"271\"],\"21\":\"How can we help?\"}}', '2017-06-07 19:04:12', '2017-06-07 19:04:12', '12e8b2c3-bdd3-45f5-852d-0552c750ffe2'),
 ('533', '62', '13', '235', 'en_us', '19', '', '{\"typeId\":null,\"authorId\":null,\"title\":\"Contact Student Media\",\"slug\":\"contact\",\"postDate\":1489688145,\"expiryDate\":null,\"enabled\":1,\"parentId\":null,\"fields\":{\"1\":\"<p>We\'d love to hear from you, whether it\'s about getting involved with Student Media, reaching out about individual partners and their content, or for advertising opportunities.&nbsp;<\\/p>\\r\\n<ul><li>For advertising contact us at <a href=\\\"mailto:ads@ksustudentmedia.com\\\">ads@ksustudentmedia.com<\\/a>, 330-672-6306, or drop by our office during business hours, Monday through Friday 8 a.m to 5 p.m. in 205 Franklin Hall on the Kent State University Kent campus.&nbsp;<\\/li><li>For general Student Media questions, reach out to Director of Student Media, Kevin Dilley, at <a href=\\\"mailto:kdilley@kent.edu\\\">kdilley@kent.edu<\\/a>  or 330-672-0887. You\'ll also find him in 205 Franklin Hall.&nbsp;<\\/li><\\/ul>\",\"13\":[\"271\"],\"21\":\"How can we help?\"}}', '2017-06-07 19:09:53', '2017-06-07 19:09:53', 'fa0dd7f4-6d17-4750-8a58-41be6d77098c'),
 ('534', '60', '11', '235', 'en_us', '21', '', '{\"typeId\":\"11\",\"authorId\":null,\"title\":\"Get Involved\",\"slug\":\"get-involved\",\"postDate\":1492711027,\"expiryDate\":null,\"enabled\":1,\"parentId\":null,\"fields\":{\"1\":\"<p>Student Media is open to any students, staff or faculty at Kent State. Start as early as your freshman year and get involved in any of dozens of positions across our 10 Student Media partners. Gain important experience that will set you apart from your fellow students. Come share your voice and gain practical experience to help launch your career. To get started, check out current openings below or contact Kevin Dilley, director of Student Media, at kdilley@kent.edu.<\\/p>\",\"51\":{\"231\":{\"type\":\"faqs\",\"enabled\":\"1\",\"fields\":{\"question\":\"How can I become a student media leader?\",\"answer\":\"<p>Leaders of each Student Media partner are selected by the Student Media Board in the fall and spring of each year for the following semester or semesters. To be considered, you must be must have at least a verified cumulative 2.25 Grade Point Average at the time of application and maintain a cumulative 2.25 GPA and be in good standing with the University during your term as leader. &nbsp;To be a compensated student leader, you must be enrolled in a minimum of eight credit hours as an undergraduate student and a minimum of six as a graduate student during their term. You&nbsp;do not need to be majors enrolled in the School of Journalism and Mass Communication. &nbsp;Candidates applying for leadership positions in the JMC-co-curricular units must have related experience to be considered an applicant.<\\/p>\"}},\"261\":{\"type\":\"faqs\",\"enabled\":\"1\",\"fields\":{\"question\":\"Can I get paid while working for Student Media?\",\"answer\":\"<p>Yes. Student Media offers hundreds of paid positions each semester across our 10 Student Media partners. Contact us for more information. <\\/p>\"}},\"262\":{\"type\":\"faqs\",\"enabled\":\"1\",\"fields\":{\"question\":\"Can I study abroad and still be involved in Student Media?\",\"answer\":\"<p>Yes. Student Media supports students who opt for a semester abroad. Sometimes this can fit into a media outlet\'s content plan for that semester. Also, studying abroad will not affect your ability to continue on a path to a leadership position, if you so choose. <\\/p>\"}},\"263\":{\"type\":\"faqs\",\"enabled\":\"1\",\"fields\":{\"question\":\"Who makes the hiring decisions for Student Media?\",\"answer\":\"<p>It depends on the position you are seeking:<\\/p>\\r\\n<ul><li>Top leaders for each media partner are selected by the Student Media Board<\\/li><li>Staff members within each media partner are selected by the student leader in consultation with the adviser<\\/li><li>Staff members in the Student Media office are selected by the professional staff. <\\/li><\\/ul>\"}},\"264\":{\"type\":\"faqs\",\"enabled\":\"1\",\"fields\":{\"question\":\"How many hours can I work?\",\"answer\":\"<p>That depends on your position and the needs of your outlet. You should talk with your student leader and adviser about the specific needs of each position. If you are in a paid position, you cannot work more than 28 hours each week. &nbsp;<\\/p>\"}},\"265\":{\"type\":\"faqs\",\"enabled\":\"1\",\"fields\":{\"question\":\"If I don\'t see a position I like, can I still work in Student Media?\",\"answer\":\"<p>Probably, let\'s talk. &nbsp;Student Media is growing and changing as rapidly as the professional fields we strive to emulate. So, if a position doesn\'t exist (and it\'s generally within the wheelhouse of media and communications), let\'s talk and figure out how to make it happen.&nbsp;<\\/p>\"}},\"282\":{\"type\":\"faqs\",\"enabled\":\"1\",\"fields\":{\"question\":\"Can I earn academic credit for my work in Student Media?\",\"answer\":\"\"}},\"283\":{\"type\":\"faqs\",\"enabled\":\"1\",\"fields\":{\"question\":\"How long does my employment last once I\'m hired in Student Media?\",\"answer\":\"\"}},\"284\":{\"type\":\"faqs\",\"enabled\":\"1\",\"fields\":{\"question\":\"Do I have to reapply for a job in Student Media every semester?\",\"answer\":\"\"}},\"285\":{\"type\":\"faqs\",\"enabled\":\"1\",\"fields\":{\"question\":\"Can I work for more than one outlet at the same time during a semester?\",\"answer\":\"\"}},\"286\":{\"type\":\"faqs\",\"enabled\":\"1\",\"fields\":{\"question\":\"Can I volunteer at a Student Media publication?\",\"answer\":\"<p>Yes. Some jobs are paid, others are volunteer or on a contributor basis. Check with the student leader for each organization to see what opportunities exist at the moment for that media partner.&nbsp;<\\/p>\"}},\"287\":{\"type\":\"faqs\",\"enabled\":\"1\",\"fields\":{\"question\":\"Who has editorial control over content?\",\"answer\":\"\"}},\"288\":{\"type\":\"faqs\",\"enabled\":\"1\",\"fields\":{\"question\":\"Where can I listen to Black Squirrel Radio?\",\"answer\":\"\"}},\"289\":{\"type\":\"faqs\",\"enabled\":\"1\",\"fields\":{\"question\":\"On which channel is TV2 broadcast?\",\"answer\":\"\"}}},\"13\":[\"248\"],\"56\":{\"232\":{\"type\":\"employeeOpportunities\",\"enabled\":\"1\",\"fields\":{\"hiring\":\"A Magazine\",\"position\":\"Graphic Designer\",\"positionDescription\":\"description\",\"contactInformation\":\"Mary Smith\"}}},\"21\":\"Start your freshman year. Stay until you graduate. \"}}', '2017-06-07 19:15:55', '2017-06-07 19:15:55', '416a6772-537f-43d7-874b-8474cd43208d'),
 ('535', '2', '1', '235', 'en_us', '48', '', '{\"typeId\":\"1\",\"authorId\":null,\"title\":\"Kent State Student Media\",\"slug\":\"homepage\",\"postDate\":1495818871,\"expiryDate\":null,\"enabled\":1,\"parentId\":null,\"fields\":{\"61\":[\"58\"],\"55\":\"<p>We are your direct access to more than 70,000 people. We connect you to our audience through award-winning digital, print, film and broadcast media.<\\/p>\\r\\n<p>We have been serving Kent State University and the Kent community for more than 80 years with independent student-produced media. We have the outlets you need to reach the target audience you want.<\\/p>\\r\\n<p>We look forward to partnering with you and look forward to your success.<\\/p>\",\"62\":[\"61\"],\"63\":\"Advertise With Us\",\"1\":\"<p>Kent State Student Media makes the connections you need. Whether you are a student looking for media experience, a community member wanting to share your story, or an audience member after quality news, information and entertainment, we deliver for you across 34 outlets through print, digital and social media platforms. &nbsp;<br><\\/p>\",\"12\":\"Student Media Connects\",\"13\":[\"238\",\"240\",\"242\",\"243\",\"241\",\"244\"],\"17\":\"\",\"64\":\"Our Media Partners\",\"21\":\"Seven hundred students.       Ten partners. One mission. \",\"22\":\"https:\\/\\/player.vimeo.com\\/video\\/210945217\",\"65\":\"Take a 90-second tour of Kent State Student Media \"}}', '2017-06-07 19:19:25', '2017-06-07 19:19:25', '7eeee7b8-7f0a-49cc-b5ba-558c1a4a2761'),
 ('536', '166', '22', '235', 'en_us', '7', '', '{\"typeId\":\"22\",\"authorId\":null,\"title\":\"Your support makes a difference\",\"slug\":\"support-us\",\"postDate\":1493318469,\"expiryDate\":null,\"enabled\":1,\"parentId\":null,\"fields\":{\"1\":\"<p>We like to think big. And sometimes our budget can\'t keep up. Your generous gift helps our students build on their big ideas. Your gift can be directed at a specific media partner or go directly to support Student Media in general. &nbsp;Past support has helped us send students to cover election night 2016 in New York City, send other students to California to cover the NCAA basketball tournament, and has helped other students produce full-length feature films. No gift is too small. We\'ll put 100% of your donation to work immediately.&nbsp;<\\/p>\",\"13\":[\"248\"],\"21\":\"\"}}', '2017-06-07 19:53:17', '2017-06-07 19:53:17', '815edc8b-85d8-4652-998f-e16907c4d3c6'),
 ('537', '101', '4', '235', 'en_us', '11', '', '{\"typeId\":\"4\",\"authorId\":\"1\",\"title\":\"Student Media Advertising\",\"slug\":\"student-media-ad-sales\",\"postDate\":1492116120,\"expiryDate\":null,\"enabled\":1,\"parentId\":null,\"fields\":{\"31\":\"\",\"1\":\"<p>Our Student Media Advertising and Marketing team can help your campus department or local business reach the audience you are seeking. Our staff of account executives will work hand-in-hand to ensure your message is delivered effectively, efficiently and within your budget. Kent State Student Media has 10 different media partners and more than 30 outlets to reach your target market. We provide advertising, promotional item design and ordering, design services, video and audio production, and mobile DJ services. Contact our team today to get started.&nbsp;<\\/p>\",\"4\":\"ads@ksustudentmedia.com\",\"36\":\"1\",\"13\":[\"220\"],\"14\":\"\",\"68\":\"\",\"10\":\"330-672-6303\",\"29\":\"An innovative, energetic team focused on connecting with our community partners\",\"26\":\"\",\"21\":\"A multi-service, multim-platform solution\"}}', '2017-06-07 19:57:20', '2017-06-07 19:57:20', '1635e93e-078d-458b-b25d-e5988163284f'),
 ('538', '101', '4', '235', 'en_us', '12', '', '{\"typeId\":\"4\",\"authorId\":\"1\",\"title\":\"Student Media Advertising\",\"slug\":\"student-media-ad-sales\",\"postDate\":1492116120,\"expiryDate\":null,\"enabled\":1,\"parentId\":null,\"fields\":{\"31\":\"\",\"1\":\"<p>Our Student Media Advertising and Marketing team can help your campus department or local business reach the audience you are seeking. Our staff of account executives will work hand-in-hand to ensure your message is delivered effectively, efficiently and within your budget. Kent State Student Media has 10 different media partners and more than 30 outlets to reach your target market. We provide advertising, promotional item design and ordering, design services, video and audio production, and mobile DJ services. Contact our team today to get started.&nbsp;<\\/p>\",\"4\":\"ads@ksustudentmedia.com\",\"36\":\"1\",\"13\":[\"220\"],\"14\":\"\",\"68\":\"\",\"10\":\"330-672-6303\",\"29\":\"An innovative, energetic team focused on connecting with our community partners\",\"26\":\"\",\"21\":\"A multi-service, multim-platform solution\"}}', '2017-06-07 19:57:39', '2017-06-07 19:57:39', '969f6c77-1251-484d-b615-197c1bf4450c'),
 ('539', '24', '4', '235', 'en_us', '17', '', '{\"typeId\":\"4\",\"authorId\":\"1\",\"title\":\"Luna Negra\",\"slug\":\"luna-negra\",\"postDate\":1488484140,\"expiryDate\":null,\"enabled\":1,\"parentId\":null,\"fields\":{\"31\":[\"68\"],\"1\":\"<p>Luna Negra, though sometimes under different names, has been around since 1956. It began under the English department, where it found its footing within the campus\\u2019s cultural atmosphere. Since then, the publication has been a staple of the university, witnessing the path Kent State has taken through the decades. We have published works describing the culture of collegiate 1950s, the Kent State shootings, and 9\\/11; the literary pieces published by Luna Negra, written by the students themselves, have chronicled every major cultural and historical event of America. Since its inception, and still to today, Luna Negra is run by students and filled with student content. We strive to foster creative activity across campus and seek to be the keeper and encourager of the student body\\u2019s creative spirit.<\\/p>\",\"4\":\"lunanegramag@gmail.com\",\"36\":\"1\",\"13\":[\"90\"],\"14\":[\"53\"],\"68\":\"\",\"10\":\"\",\"29\":\"Kent State\\u2019s literary and arts journal publishing a blend of poetry, prose, photography and illustration. \",\"26\":{\"129\":{\"type\":\"socialMediaBlock\",\"enabled\":\"1\",\"fields\":{\"socialName\":\"facebook\",\"address\":\"https:\\/\\/www.facebook.com\\/lunanegramag\\/\"}},\"130\":{\"type\":\"socialMediaBlock\",\"enabled\":\"1\",\"fields\":{\"socialName\":\"instagram\",\"address\":\"https:\\/\\/www.instagram.com\\/lunanegramagazine\\/\"}},\"131\":{\"type\":\"socialMediaBlock\",\"enabled\":\"1\",\"fields\":{\"socialName\":\"twitter\",\"address\":\"https:\\/\\/twitter.com\\/lunanegramag\"}},\"132\":{\"type\":\"socialMediaBlock\",\"enabled\":\"1\",\"fields\":{\"socialName\":\"website\",\"address\":\"http:\\/\\/www.lunanegramag.com\\/\"}}},\"21\":\"Kent State\'s Literary and Arts Journal\"}}', '2017-06-07 19:58:49', '2017-06-07 19:58:49', '57bb5c72-bb30-4875-9755-0a10be1952c6'),
 ('540', '24', '4', '235', 'en_us', '18', '', '{\"typeId\":\"4\",\"authorId\":\"1\",\"title\":\"Luna Negra\",\"slug\":\"luna-negra\",\"postDate\":1488484140,\"expiryDate\":null,\"enabled\":1,\"parentId\":null,\"fields\":{\"31\":[\"68\"],\"1\":\"<p>Luna Negra, though sometimes under different names, has been around since 1956. It began under the English department, where it found its footing within the campus\\u2019s cultural atmosphere. Since then, the publication has been a staple of the university, witnessing the path Kent State has taken through the decades. We have published works describing the culture of collegiate 1950s, the Kent State shootings, and 9\\/11; the literary pieces published by Luna Negra, written by the students themselves, have chronicled every major cultural and historical event of America. Since its inception, and still to today, Luna Negra is run by students and filled with student content. We strive to foster creative activity across campus and seek to be the keeper and encourager of the student body\\u2019s creative spirit.<\\/p>\",\"4\":\"lunanegramag@gmail.com\",\"36\":\"1\",\"13\":[\"90\"],\"14\":[\"53\"],\"68\":\"\",\"10\":\"\",\"29\":\"Kent State\\u2019s literary and arts journal publishing a blend of poetry, prose, photography and illustration. \",\"26\":{\"129\":{\"type\":\"socialMediaBlock\",\"enabled\":\"1\",\"fields\":{\"socialName\":\"facebook\",\"address\":\"https:\\/\\/www.facebook.com\\/lunanegramag\\/\"}},\"130\":{\"type\":\"socialMediaBlock\",\"enabled\":\"1\",\"fields\":{\"socialName\":\"instagram\",\"address\":\"https:\\/\\/www.instagram.com\\/lunanegramagazine\\/\"}},\"131\":{\"type\":\"socialMediaBlock\",\"enabled\":\"1\",\"fields\":{\"socialName\":\"twitter\",\"address\":\"https:\\/\\/twitter.com\\/lunanegramag\"}},\"132\":{\"type\":\"socialMediaBlock\",\"enabled\":\"1\",\"fields\":{\"socialName\":\"website\",\"address\":\"http:\\/\\/www.lunanegramag.com\\/\"}}},\"21\":\"Kent State\'s Literary and Arts Journal\"}}', '2017-06-07 19:59:19', '2017-06-07 19:59:19', 'a91c96cc-49d0-4e37-be28-025dcfbce307'),
 ('541', '25', '4', '235', 'en_us', '19', '', '{\"typeId\":\"4\",\"authorId\":\"1\",\"title\":\"KSU Independent Films\",\"slug\":\"ksu-independent-films\",\"postDate\":1488484140,\"expiryDate\":null,\"enabled\":1,\"parentId\":null,\"fields\":{\"31\":[\"42\"],\"1\":\"<p>Kent State University Independent Films (KSUIF) is an organization fueled by students\\u2019 passion for film. In 2008, professors Traci E. Williams and David Smeltzer collaborated to create this wonderful program, which is designed to give students real-world film experience. Today, nearly 500 people are currently involved in the organization.<\\/p>\",\"4\":\"kentstatefilms@gmail.com\",\"36\":\"1\",\"13\":[\"238\"],\"14\":[\"52\"],\"68\":\"\",\"10\":\"330-672-8198\",\"29\":\"KSUIF is a student-run production company that teaches, inspires and prepares filmmakers for the real-world industry. \",\"26\":{\"37\":{\"type\":\"socialMediaBlock\",\"enabled\":\"1\",\"fields\":{\"socialName\":\"twitter\",\"address\":\"http:\\/\\/www.twitter.com\\/ksuif\"}},\"225\":{\"type\":\"socialMediaBlock\",\"enabled\":\"1\",\"fields\":{\"socialName\":\"facebook\",\"address\":\"https:\\/\\/www.facebook.com\\/ksuindependentfilms\\/\"}},\"226\":{\"type\":\"socialMediaBlock\",\"enabled\":\"1\",\"fields\":{\"socialName\":\"website\",\"address\":\"http:\\/\\/kentstatefilms.com\\/\"}}},\"21\":\"Making movies and more \"}}', '2017-06-07 20:02:01', '2017-06-07 20:02:01', '4d8f885c-f8d6-4c8e-bf85-b5094156bf60'),
 ('542', '25', '4', '235', 'en_us', '20', '', '{\"typeId\":\"4\",\"authorId\":\"1\",\"title\":\"KSU Independent Films\",\"slug\":\"ksu-independent-films\",\"postDate\":1488484140,\"expiryDate\":null,\"enabled\":1,\"parentId\":null,\"fields\":{\"31\":[\"42\"],\"1\":\"<p>Kent State University Independent Films (KSUIF) is an organization fueled by students\\u2019 passion for film. In 2008, professors Traci E. Williams and David Smeltzer collaborated to create this wonderful program, which is designed to give students real-world film experience. Today, nearly 500 people are currently involved in the organization.<\\/p>\",\"4\":\"kentstatefilms@gmail.com\",\"36\":\"1\",\"13\":[\"238\"],\"14\":[\"52\"],\"68\":\"\",\"10\":\"330-672-8198\",\"29\":\"KSUIF is a production company that teaches, inspires and prepares filmmakers for the real-world industry. \",\"26\":{\"37\":{\"type\":\"socialMediaBlock\",\"enabled\":\"1\",\"fields\":{\"socialName\":\"twitter\",\"address\":\"http:\\/\\/www.twitter.com\\/ksuif\"}},\"225\":{\"type\":\"socialMediaBlock\",\"enabled\":\"1\",\"fields\":{\"socialName\":\"facebook\",\"address\":\"https:\\/\\/www.facebook.com\\/ksuindependentfilms\\/\"}},\"226\":{\"type\":\"socialMediaBlock\",\"enabled\":\"1\",\"fields\":{\"socialName\":\"website\",\"address\":\"http:\\/\\/kentstatefilms.com\\/\"}}},\"21\":\"Making movies and more \"}}', '2017-06-07 20:02:45', '2017-06-07 20:02:45', 'c3b9671f-a9c6-463d-93b1-014eca8a709c'),
 ('543', '25', '4', '235', 'en_us', '21', '', '{\"typeId\":\"4\",\"authorId\":\"1\",\"title\":\"KSU Independent Films\",\"slug\":\"ksu-independent-films\",\"postDate\":1488484140,\"expiryDate\":null,\"enabled\":1,\"parentId\":null,\"fields\":{\"31\":[\"42\"],\"1\":\"<p>Kent State University Independent Films (KSUIF) is an organization fueled by students\\u2019 passion for film. In 2008, professors Traci E. Williams and David Smeltzer collaborated to create this wonderful program, which is designed to give students real-world film experience. Today, nearly 500 people are currently involved in the organization.<\\/p>\",\"4\":\"kentstatefilms@gmail.com\",\"36\":\"1\",\"13\":[\"238\"],\"14\":[\"52\"],\"68\":\"\",\"10\":\"330-672-8198\",\"29\":\"KSUIF is a production company that teaches, inspires and prepares filmmakers for the real-world industry. \",\"26\":{\"37\":{\"type\":\"socialMediaBlock\",\"enabled\":\"1\",\"fields\":{\"socialName\":\"twitter\",\"address\":\"http:\\/\\/www.twitter.com\\/ksuif\"}},\"225\":{\"type\":\"socialMediaBlock\",\"enabled\":\"1\",\"fields\":{\"socialName\":\"facebook\",\"address\":\"https:\\/\\/www.facebook.com\\/ksuindependentfilms\\/\"}},\"226\":{\"type\":\"socialMediaBlock\",\"enabled\":\"1\",\"fields\":{\"socialName\":\"website\",\"address\":\"http:\\/\\/kentstatefilms.com\\/\"}}},\"21\":\"Making movies and more \"}}', '2017-06-07 20:03:10', '2017-06-07 20:03:10', '9dae73e9-248c-4875-a208-1277b99b070b'),
 ('544', '19', '4', '235', 'en_us', '19', '', '{\"typeId\":\"4\",\"authorId\":\"1\",\"title\":\"Black Squirrel Radio\",\"slug\":\"black-squirrel-radio\",\"postDate\":1488483960,\"expiryDate\":null,\"enabled\":1,\"parentId\":null,\"fields\":{\"31\":[\"42\"],\"1\":\"<p>Black Squirrel Radio is a student-run radio station committed to providing innovative media content inspired by the community of Kent, Ohio, dedicated to professionalism, integrity, creativity and diversity. With 56 different student-hosted shows airing from 10 a.m. to 2 a.m. everyday, we are&nbsp;committed to providing professional industry experience while continuing to be a platform for experimental programming. Through alternative media content, we aim to grow our audience by becoming the destination for students and alumni to remember what was and experience what is college life in Kent, Ohio.<\\/p>\",\"4\":\"general email address goes here\",\"36\":\"1\",\"13\":[\"239\"],\"14\":[\"47\"],\"68\":[\"236\"],\"10\":\"330-xxx-xxxx\",\"29\":\"BSR is Kent State\\u2019s student-run radio station providing unique and innovative media content online.\",\"26\":{\"156\":{\"type\":\"socialMediaBlock\",\"enabled\":\"1\",\"fields\":{\"socialName\":\"instagram\",\"address\":\"https:\\/\\/www.instagram.com\\/bsrkent\\/\"}},\"157\":{\"type\":\"socialMediaBlock\",\"enabled\":\"1\",\"fields\":{\"socialName\":\"twitter\",\"address\":\" https:\\/\\/twitter.com\\/BSRKent\"}},\"158\":{\"type\":\"socialMediaBlock\",\"enabled\":\"1\",\"fields\":{\"socialName\":\"facebook\",\"address\":\"https:\\/\\/www.facebook.com\\/blacksquirrelradio\\/\"}},\"159\":{\"type\":\"socialMediaBlock\",\"enabled\":\"1\",\"fields\":{\"socialName\":\"website\",\"address\":\"http:\\/\\/blacksquirrelradio.com\\/\"}}},\"21\":\"Kent State\'s Student-Run Radio Station\"}}', '2017-06-07 20:04:29', '2017-06-07 20:04:29', '3af32b1b-0016-4bba-b27e-d114066d3667'),
 ('545', '19', '4', '235', 'en_us', '20', '', '{\"typeId\":\"4\",\"authorId\":\"1\",\"title\":\"Black Squirrel Radio\",\"slug\":\"black-squirrel-radio\",\"postDate\":1488483960,\"expiryDate\":null,\"enabled\":1,\"parentId\":null,\"fields\":{\"31\":[\"42\"],\"1\":\"<p>Black Squirrel Radio is a student-run radio station committed to providing innovative media content inspired by the community of Kent, Ohio, dedicated to professionalism, integrity, creativity and diversity. With 56 different student-hosted shows airing from 10 a.m. to 2 a.m. everyday, we are&nbsp;committed to providing professional industry experience while continuing to be a platform for experimental programming. Through alternative media content, we aim to grow our audience by becoming the destination for students and alumni to remember what was and experience what is college life in Kent, Ohio.<\\/p>\",\"4\":\"general email address goes here\",\"36\":\"1\",\"13\":[\"239\"],\"14\":[\"47\"],\"68\":[\"236\"],\"10\":\"330-xxx-xxxx\",\"29\":\"BSR is Kent State\\u2019s student-run radio station providing unique and innovative media content online.\",\"26\":{\"156\":{\"type\":\"socialMediaBlock\",\"enabled\":\"1\",\"fields\":{\"socialName\":\"instagram\",\"address\":\"https:\\/\\/www.instagram.com\\/bsrkent\\/\"}},\"157\":{\"type\":\"socialMediaBlock\",\"enabled\":\"1\",\"fields\":{\"socialName\":\"twitter\",\"address\":\" https:\\/\\/twitter.com\\/BSRKent\"}},\"158\":{\"type\":\"socialMediaBlock\",\"enabled\":\"1\",\"fields\":{\"socialName\":\"facebook\",\"address\":\"https:\\/\\/www.facebook.com\\/blacksquirrelradio\\/\"}},\"159\":{\"type\":\"socialMediaBlock\",\"enabled\":\"1\",\"fields\":{\"socialName\":\"website\",\"address\":\"http:\\/\\/blacksquirrelradio.com\\/\"}}},\"21\":\"Kent State\'s Student-Run Radio Station\"}}', '2017-06-07 20:05:02', '2017-06-07 20:05:02', 'd904f32b-5782-456f-93ae-24589c0e2af2'),
 ('546', '20', '4', '235', 'en_us', '17', '', '{\"typeId\":\"4\",\"authorId\":\"1\",\"title\":\"TV2\",\"slug\":\"tv2\",\"postDate\":1488483960,\"expiryDate\":null,\"enabled\":1,\"parentId\":null,\"fields\":{\"31\":[\"42\"],\"1\":\"<p>TV2 is Kent State\'s award-winning television station that strives to be Truly Portage County. From local news and sports to entertainment buzz and important social issues surrounding the region, TV2 covers the Kent State and Portage County area like no other television station can, while educating and preparing students for the future. TV2 is found online with media partner The Kent Stater at kentwired.com,&nbsp;reaches more than 26,000 homes on Spectrum Cable channel 16 and more than 7500 KSU students on campus television station 2-2.&nbsp;<\\/p>\",\"4\":\"lkober@kent.edu\",\"36\":\"1\",\"13\":[\"240\"],\"14\":[\"55\"],\"68\":\"\",\"10\":\"330-672-2584\",\"29\":\"Award winning television station that strives to be \\\"Truly Portage County\\\" with news, sports and entertainment programming\",\"26\":{\"153\":{\"type\":\"socialMediaBlock\",\"enabled\":\"1\",\"fields\":{\"socialName\":\"instagram\",\"address\":\"https:\\/\\/www.instagram.com\\/tv2ksu\\/\"}},\"154\":{\"type\":\"socialMediaBlock\",\"enabled\":\"1\",\"fields\":{\"socialName\":\"twitter\",\"address\":\"https:\\/\\/twitter.com\\/TV2KSU\"}},\"155\":{\"type\":\"socialMediaBlock\",\"enabled\":\"1\",\"fields\":{\"socialName\":\"facebook\",\"address\":\"https:\\/\\/www.facebook.com\\/tv2ksu\\/\"}},\"222\":{\"type\":\"socialMediaBlock\",\"enabled\":\"1\",\"fields\":{\"socialName\":\"website\",\"address\":\"http:\\/\\/www.kentwired.com\\/tv2\\/\"}}},\"21\":\"Truly Portage County \"}}', '2017-06-07 20:05:56', '2017-06-07 20:05:56', '938db18c-a2ba-4922-aa92-6606367c54c5');
INSERT INTO `craft_entryversions` (`id`, `entryId`, `sectionId`, `creatorId`, `locale`, `num`, `notes`, `data`, `dateCreated`, `dateUpdated`, `uid`) VALUES
 ('547', '20', '4', '235', 'en_us', '18', '', '{\"typeId\":\"4\",\"authorId\":\"1\",\"title\":\"TV2\",\"slug\":\"tv2\",\"postDate\":1488483960,\"expiryDate\":null,\"enabled\":1,\"parentId\":null,\"fields\":{\"31\":[\"42\"],\"1\":\"<p>TV2 is Kent State\'s award-winning television station that strives to be Truly Portage County. From local news and sports to entertainment buzz and important social issues surrounding the region, TV2 covers the Kent State and Portage County area like no other television station can, while educating and preparing students for the future. TV2 is found online with media partner The Kent Stater at kentwired.com,&nbsp;reaches more than 26,000 homes on Spectrum Cable channel 16 and more than 7500 KSU students on campus television station 2-2.&nbsp;<\\/p>\",\"4\":\"lkober@kent.edu\",\"36\":\"1\",\"13\":[\"240\"],\"14\":[\"55\"],\"68\":\"\",\"10\":\"330-672-2584\",\"29\":\"Award-winning television that strives to be \\\"Truly Portage County\\\" with news, sports and entertainment programming\",\"26\":{\"153\":{\"type\":\"socialMediaBlock\",\"enabled\":\"1\",\"fields\":{\"socialName\":\"instagram\",\"address\":\"https:\\/\\/www.instagram.com\\/tv2ksu\\/\"}},\"154\":{\"type\":\"socialMediaBlock\",\"enabled\":\"1\",\"fields\":{\"socialName\":\"twitter\",\"address\":\"https:\\/\\/twitter.com\\/TV2KSU\"}},\"155\":{\"type\":\"socialMediaBlock\",\"enabled\":\"1\",\"fields\":{\"socialName\":\"facebook\",\"address\":\"https:\\/\\/www.facebook.com\\/tv2ksu\\/\"}},\"222\":{\"type\":\"socialMediaBlock\",\"enabled\":\"1\",\"fields\":{\"socialName\":\"website\",\"address\":\"http:\\/\\/www.kentwired.com\\/tv2\\/\"}}},\"21\":\"Truly Portage County \"}}', '2017-06-07 20:06:31', '2017-06-07 20:06:31', 'bca15c5f-7a12-4753-bbe8-64c8cdf0e1f7'),
 ('548', '20', '4', '235', 'en_us', '19', '', '{\"typeId\":\"4\",\"authorId\":\"1\",\"title\":\"TV2\",\"slug\":\"tv2\",\"postDate\":1488483960,\"expiryDate\":null,\"enabled\":1,\"parentId\":null,\"fields\":{\"31\":[\"42\"],\"1\":\"<p>TV2 is Kent State\'s award-winning television station that strives to be Truly Portage County. From local news and sports to entertainment buzz and important social issues surrounding the region, TV2 covers the Kent State and Portage County area like no other television station can, while educating and preparing students for the future. TV2 is found online with media partner The Kent Stater at kentwired.com,&nbsp;reaches more than 26,000 homes on Spectrum Cable channel 16 and more than 7500 KSU students on campus television station 2-2.&nbsp;<\\/p>\",\"4\":\"lkober@kent.edu\",\"36\":\"1\",\"13\":[\"240\"],\"14\":[\"55\"],\"68\":\"\",\"10\":\"330-672-2584\",\"29\":\"Award-winning television that strives to be \\\"Truly Portage County\\\" with news, sports and entertainment programming\",\"26\":{\"153\":{\"type\":\"socialMediaBlock\",\"enabled\":\"1\",\"fields\":{\"socialName\":\"instagram\",\"address\":\"https:\\/\\/www.instagram.com\\/tv2ksu\\/\"}},\"154\":{\"type\":\"socialMediaBlock\",\"enabled\":\"1\",\"fields\":{\"socialName\":\"twitter\",\"address\":\"https:\\/\\/twitter.com\\/TV2KSU\"}},\"155\":{\"type\":\"socialMediaBlock\",\"enabled\":\"1\",\"fields\":{\"socialName\":\"facebook\",\"address\":\"https:\\/\\/www.facebook.com\\/tv2ksu\\/\"}},\"222\":{\"type\":\"socialMediaBlock\",\"enabled\":\"1\",\"fields\":{\"socialName\":\"website\",\"address\":\"http:\\/\\/www.kentwired.com\\/tv2\\/\"}}},\"21\":\"Truly Portage County \"}}', '2017-06-07 20:10:16', '2017-06-07 20:10:16', 'e6b1dd8a-e6f8-4e29-b8d2-0deb68017fc5'),
 ('549', '21', '4', '235', 'en_us', '18', '', '{\"typeId\":\"4\",\"authorId\":\"1\",\"title\":\"Fusion Magazine\",\"slug\":\"fusion-magazine\",\"postDate\":1488483960,\"expiryDate\":null,\"enabled\":1,\"parentId\":null,\"fields\":{\"31\":[\"68\"],\"1\":\"<p>Fusion is Kent State University\'s LGBTQ magazine. We publish news, entertainment, opinions and interviews for and about the LGBTQ community. Each spring, we release a print issue and we regularly update our website (<a href=\\\"http:\\/\\/www.thatgaymagazine.com\\\">www.thatgaymagazine.com<\\/a>) and social media channels year-round. <\\/p>\\r\\n<p>Our mission is to promote equality, education and community through journalism. When Fusion was founded, in 2003, marriage equality was not yet legal anywhere in the United States and laws against consensual sex between gay men were overturned that year. LGBTQ rights have significantly advanced since trans women, drag queens and street kids fought back against police violence in 1959. But the community, particularly trans people and people of color, still face substantial adversity. Journalism and storytelling helps humanize the community and its struggle. By publicizing their perspectives and experiences, Fusion helps demonstrate why LGBTQ people need an equal place in society.<\\/p>\",\"4\":\"meckhous@kent.edu\",\"36\":\"1\",\"13\":[\"241\"],\"14\":[\"49\"],\"68\":\"\",\"10\":\"\",\"29\":\"Promoting LGBTQ equality and community, through journalism, in northeast Ohio and beyond.\",\"26\":{\"137\":{\"type\":\"socialMediaBlock\",\"enabled\":\"1\",\"fields\":{\"socialName\":\"twitter\",\"address\":\"https:\\/\\/twitter.com\\/ohiofusion\"}},\"138\":{\"type\":\"socialMediaBlock\",\"enabled\":\"1\",\"fields\":{\"socialName\":\"facebook\",\"address\":\"https:\\/\\/facebook.com\\/ohiofusion\\/\"}},\"139\":{\"type\":\"socialMediaBlock\",\"enabled\":\"1\",\"fields\":{\"socialName\":\"website\",\"address\":\"http:\\/\\/ohiofusion.com\\/\"}}},\"21\":\"That Gay Magazine\"}}', '2017-06-07 20:11:40', '2017-06-07 20:11:40', '710e3ae1-0081-4ca5-86cc-076f48dcb2ac'),
 ('550', '21', '4', '235', 'en_us', '19', '', '{\"typeId\":\"4\",\"authorId\":\"1\",\"title\":\"Fusion Magazine\",\"slug\":\"fusion-magazine\",\"postDate\":1488483960,\"expiryDate\":null,\"enabled\":1,\"parentId\":null,\"fields\":{\"31\":[\"68\"],\"1\":\"<p>Fusion is Kent State University\'s LGBTQ magazine. We publish news, entertainment, opinions and interviews for and about the LGBTQ community. Each spring, we release a print issue and we regularly update our website (<a href=\\\"http:\\/\\/www.thatgaymagazine.com\\\">www.thatgaymagazine.com<\\/a>) and social media channels year-round. <\\/p>\\r\\n<p>Our mission is to promote equality, education and community through journalism. When Fusion was founded, in 2003, marriage equality was not yet legal anywhere in the United States and laws against consensual sex between gay men were overturned that year. LGBTQ rights have significantly advanced since trans women, drag queens and street kids fought back against police violence in 1959. But the community, particularly trans people and people of color, still face substantial adversity. Journalism and storytelling helps humanize the community and its struggle. By publicizing their perspectives and experiences, Fusion helps demonstrate why LGBTQ people need an equal place in society.<\\/p>\",\"4\":\"meckhous@kent.edu\",\"36\":\"1\",\"13\":[\"241\"],\"14\":[\"49\"],\"68\":\"\",\"10\":\"\",\"29\":\"Promoting LGBTQ equality and community, through journalism, in northeast Ohio and beyond.\",\"26\":{\"137\":{\"type\":\"socialMediaBlock\",\"enabled\":\"1\",\"fields\":{\"socialName\":\"twitter\",\"address\":\"https:\\/\\/twitter.com\\/ohiofusion\"}},\"138\":{\"type\":\"socialMediaBlock\",\"enabled\":\"1\",\"fields\":{\"socialName\":\"facebook\",\"address\":\"https:\\/\\/facebook.com\\/ohiofusion\\/\"}},\"139\":{\"type\":\"socialMediaBlock\",\"enabled\":\"1\",\"fields\":{\"socialName\":\"website\",\"address\":\"http:\\/\\/ohiofusion.com\\/\"}}},\"21\":\"That Gay Magazine\"}}', '2017-06-07 20:12:44', '2017-06-07 20:12:44', 'ab485c4c-b12d-44be-ba35-a7996fd09264'),
 ('551', '22', '4', '235', 'en_us', '15', '', '{\"typeId\":\"4\",\"authorId\":\"1\",\"title\":\"Uhuru\",\"slug\":\"uhuru\",\"postDate\":1488483960,\"expiryDate\":null,\"enabled\":1,\"parentId\":null,\"fields\":{\"31\":[\"68\"],\"1\":\"<p>Uhuru is an award-winning magazine that aims to promote innovation, creativity, and culture through the voice of marginalized students on the Kent State University campus. Having a history of pan-African teachings and values, Uhuru magazine focuses on the plight of all students around the globe.\\r\\n  <\\/p>\\r\\n<p>Uhuru, which is Kiswahili for \\u2018freedom,\\u2019 serves as a platform for student creation and expression in art, writing, photography&nbsp;and graphic design, while discussing racial, social and\\/or political ignorance.\\r\\n      <\\/p>\",\"4\":\"uhurumag1@gmail.com\",\"36\":\"1\",\"13\":[\"270\"],\"14\":[\"56\"],\"68\":\"\",\"10\":\"\",\"29\":\"Providing voice for marginalized students at Kent State\",\"26\":{\"133\":{\"type\":\"socialMediaBlock\",\"enabled\":\"1\",\"fields\":{\"socialName\":\"instagram\",\"address\":\"https:\\/\\/www.instagram.com\\/uhurumag\\/\"}},\"134\":{\"type\":\"socialMediaBlock\",\"enabled\":\"1\",\"fields\":{\"socialName\":\"twitter\",\"address\":\"https:\\/\\/twitter.com\\/UhuruMag\"}},\"135\":{\"type\":\"socialMediaBlock\",\"enabled\":\"1\",\"fields\":{\"socialName\":\"facebook\",\"address\":\"https:\\/\\/facebook.com\\/uhurumagazine\\/\"}},\"136\":{\"type\":\"socialMediaBlock\",\"enabled\":\"1\",\"fields\":{\"socialName\":\"website\",\"address\":\"Uhurumag.com\"}}},\"21\":\"Voice of the People \"}}', '2017-06-07 20:13:23', '2017-06-07 20:13:23', 'd061d221-bdf0-4909-93a3-a69184656710'),
 ('552', '22', '4', '235', 'en_us', '16', '', '{\"typeId\":\"4\",\"authorId\":\"1\",\"title\":\"Uhuru\",\"slug\":\"uhuru\",\"postDate\":1488483960,\"expiryDate\":null,\"enabled\":1,\"parentId\":null,\"fields\":{\"31\":[\"68\"],\"1\":\"<p>Uhuru is an award-winning magazine that aims to promote innovation, creativity, and culture through the voice of marginalized students on the Kent State University campus. Having a history of pan-African teachings and values, Uhuru magazine focuses on the plight of all students around the globe.\\r\\n  <\\/p>\\r\\n<p>Uhuru, which is Kiswahili for \\u2018freedom,\\u2019 serves as a platform for student creation and expression in art, writing, photography&nbsp;and graphic design, while discussing racial, social and\\/or political ignorance.\\r\\n      <\\/p>\",\"4\":\"uhurumag1@gmail.com\",\"36\":\"1\",\"13\":[\"270\"],\"14\":[\"56\"],\"68\":\"\",\"10\":\"\",\"29\":\"Providing voice for marginalized students at Kent State\",\"26\":{\"133\":{\"type\":\"socialMediaBlock\",\"enabled\":\"1\",\"fields\":{\"socialName\":\"instagram\",\"address\":\"https:\\/\\/www.instagram.com\\/uhurumag\\/\"}},\"134\":{\"type\":\"socialMediaBlock\",\"enabled\":\"1\",\"fields\":{\"socialName\":\"twitter\",\"address\":\"https:\\/\\/twitter.com\\/UhuruMag\"}},\"135\":{\"type\":\"socialMediaBlock\",\"enabled\":\"1\",\"fields\":{\"socialName\":\"facebook\",\"address\":\"https:\\/\\/facebook.com\\/uhurumagazine\\/\"}},\"136\":{\"type\":\"socialMediaBlock\",\"enabled\":\"1\",\"fields\":{\"socialName\":\"website\",\"address\":\"Uhurumag.com\"}}},\"21\":\"Voice of the People \"}}', '2017-06-07 20:13:56', '2017-06-07 20:13:56', '84372f96-1708-4096-b7ae-504b34a44b73'),
 ('553', '14', '4', '235', 'en_us', '12', '', '{\"typeId\":\"4\",\"authorId\":\"1\",\"title\":\"The Burr\",\"slug\":\"the-burr\",\"postDate\":1488208860,\"expiryDate\":null,\"enabled\":1,\"parentId\":null,\"fields\":{\"31\":[\"68\"],\"1\":\"<p>The Burr Magazine is Kent State University\\u2019s first student magazine, made by the students for the students. The Burr publishes a semesterly&nbsp;magazine that explores big issues and burning ideas, as well as fascinating people and the consuming preoccupations of its college audience. Each issue contains a compelling mix of how-to articles, original reporting and personal essays. TheBurr.com features Web and multimedia stories, as well as blogs on lifestyle issues, including relationships, fashion and entertainment.&nbsp;<\\/p>\\r\\n<p><br><\\/p>\\r\\n<p><br><\\/p>\\r\\n<p><br><\\/p>\",\"4\":\"theburrmagazine@gmail.com\",\"36\":\"1\",\"13\":[\"242\"],\"14\":[\"48\"],\"68\":\"\",\"10\":\"330-672-2947\",\"29\":\"Exploring big issues and burning ideas, as well as fascinating people and the consuming preoccupations of its college audience\",\"26\":{\"145\":{\"type\":\"socialMediaBlock\",\"enabled\":\"1\",\"fields\":{\"socialName\":\"instagram\",\"address\":\"https:\\/\\/www.instagram.com\\/theburrmagazine\\/\"}},\"146\":{\"type\":\"socialMediaBlock\",\"enabled\":\"1\",\"fields\":{\"socialName\":\"twitter\",\"address\":\"https:\\/\\/twitter.com\\/TheBurrMagazine\"}},\"147\":{\"type\":\"socialMediaBlock\",\"enabled\":\"1\",\"fields\":{\"socialName\":\"facebook\",\"address\":\"https:\\/\\/facebook.com\\/theburrmagazine\\/\"}},\"148\":{\"type\":\"socialMediaBlock\",\"enabled\":\"1\",\"fields\":{\"socialName\":\"website\",\"address\":\"http:\\/\\/theburr.com\\/\"}}},\"21\":\"Providing award-winning student journalism since 1986\"}}', '2017-06-07 20:16:10', '2017-06-07 20:16:10', '90cd0432-0383-4d0d-bc61-deada4d5d1ca'),
 ('554', '14', '4', '235', 'en_us', '13', '', '{\"typeId\":\"4\",\"authorId\":\"1\",\"title\":\"The Burr\",\"slug\":\"the-burr\",\"postDate\":1488208860,\"expiryDate\":null,\"enabled\":1,\"parentId\":null,\"fields\":{\"31\":[\"68\"],\"1\":\"<p>The Burr Magazine is Kent State University\\u2019s first student magazine, made by the students for the students. The Burr publishes a semesterly&nbsp;magazine that explores big issues and burning ideas, as well as fascinating people and the consuming preoccupations of its college audience. Each issue contains a compelling mix of how-to articles, original reporting and personal essays. TheBurr.com features Web and multimedia stories, as well as blogs on lifestyle issues, including relationships, fashion and entertainment.&nbsp;<\\/p>\\r\\n<p><br><\\/p>\\r\\n<p><br><\\/p>\\r\\n<p><br><\\/p>\",\"4\":\"theburrmagazine@gmail.com\",\"36\":\"1\",\"13\":[\"242\"],\"14\":[\"48\"],\"68\":\"\",\"10\":\"330-672-2947\",\"29\":\"Exploring big issues, burning ideas, fascinating people and preoccupations of its college audience\",\"26\":{\"145\":{\"type\":\"socialMediaBlock\",\"enabled\":\"1\",\"fields\":{\"socialName\":\"instagram\",\"address\":\"https:\\/\\/www.instagram.com\\/theburrmagazine\\/\"}},\"146\":{\"type\":\"socialMediaBlock\",\"enabled\":\"1\",\"fields\":{\"socialName\":\"twitter\",\"address\":\"https:\\/\\/twitter.com\\/TheBurrMagazine\"}},\"147\":{\"type\":\"socialMediaBlock\",\"enabled\":\"1\",\"fields\":{\"socialName\":\"facebook\",\"address\":\"https:\\/\\/facebook.com\\/theburrmagazine\\/\"}},\"148\":{\"type\":\"socialMediaBlock\",\"enabled\":\"1\",\"fields\":{\"socialName\":\"website\",\"address\":\"http:\\/\\/theburr.com\\/\"}}},\"21\":\"Providing award-winning student journalism since 1986\"}}', '2017-06-07 20:16:56', '2017-06-07 20:16:56', '0fc953df-24f2-44ca-a1a8-1d9164435895'),
 ('555', '14', '4', '235', 'en_us', '14', '', '{\"typeId\":\"4\",\"authorId\":\"1\",\"title\":\"The Burr\",\"slug\":\"the-burr\",\"postDate\":1488208860,\"expiryDate\":null,\"enabled\":1,\"parentId\":null,\"fields\":{\"31\":[\"68\"],\"1\":\"<p>The Burr Magazine is Kent State University\\u2019s first student magazine, made by the students for the students. The Burr publishes a semesterly&nbsp;magazine that explores big issues and burning ideas, as well as fascinating people and the consuming preoccupations of its college audience. Each issue contains a compelling mix of how-to articles, original reporting and personal essays. TheBurr.com features Web and multimedia stories, as well as blogs on lifestyle issues, including relationships, fashion and entertainment.&nbsp;<\\/p>\\r\\n<p><br><\\/p>\\r\\n<p><br><\\/p>\\r\\n<p><br><\\/p>\",\"4\":\"theburrmagazine@gmail.com\",\"36\":\"1\",\"13\":[\"242\"],\"14\":[\"48\"],\"68\":\"\",\"10\":\"330-672-2947\",\"29\":\"Exploring big issues, burning ideas, fascinating people and preoccupations of its audience\",\"26\":{\"145\":{\"type\":\"socialMediaBlock\",\"enabled\":\"1\",\"fields\":{\"socialName\":\"instagram\",\"address\":\"https:\\/\\/www.instagram.com\\/theburrmagazine\\/\"}},\"146\":{\"type\":\"socialMediaBlock\",\"enabled\":\"1\",\"fields\":{\"socialName\":\"twitter\",\"address\":\"https:\\/\\/twitter.com\\/TheBurrMagazine\"}},\"147\":{\"type\":\"socialMediaBlock\",\"enabled\":\"1\",\"fields\":{\"socialName\":\"facebook\",\"address\":\"https:\\/\\/facebook.com\\/theburrmagazine\\/\"}},\"148\":{\"type\":\"socialMediaBlock\",\"enabled\":\"1\",\"fields\":{\"socialName\":\"website\",\"address\":\"http:\\/\\/theburr.com\\/\"}}},\"21\":\"Providing award-winning student journalism since 1986\"}}', '2017-06-07 20:17:28', '2017-06-07 20:17:28', 'ff460b35-71af-4ef8-af94-ea6635c470db'),
 ('556', '14', '4', '235', 'en_us', '15', '', '{\"typeId\":\"4\",\"authorId\":\"1\",\"title\":\"The Burr\",\"slug\":\"the-burr\",\"postDate\":1488208860,\"expiryDate\":null,\"enabled\":1,\"parentId\":null,\"fields\":{\"31\":[\"68\"],\"1\":\"<p>The Burr Magazine is Kent State University\\u2019s first student magazine, made by the students for the students. The Burr publishes a semesterly&nbsp;magazine that explores big issues and burning ideas, as well as fascinating people and the consuming preoccupations of its college audience. Each issue contains a compelling mix of how-to articles, original reporting and personal essays. TheBurr.com features Web and multimedia stories, as well as blogs on lifestyle issues, including relationships, fashion and entertainment.&nbsp;<\\/p>\\r\\n<p><br><\\/p>\\r\\n<p><br><\\/p>\\r\\n<p><br><\\/p>\",\"4\":\"theburrmagazine@gmail.com\",\"36\":\"1\",\"13\":[\"242\"],\"14\":[\"48\"],\"68\":\"\",\"10\":\"330-672-2947\",\"29\":\"Exploring big issues, burning ideas, fascinating people and preoccupations of its audience\",\"26\":{\"145\":{\"type\":\"socialMediaBlock\",\"enabled\":\"1\",\"fields\":{\"socialName\":\"instagram\",\"address\":\"https:\\/\\/www.instagram.com\\/theburrmagazine\\/\"}},\"146\":{\"type\":\"socialMediaBlock\",\"enabled\":\"1\",\"fields\":{\"socialName\":\"twitter\",\"address\":\"https:\\/\\/twitter.com\\/TheBurrMagazine\"}},\"147\":{\"type\":\"socialMediaBlock\",\"enabled\":\"1\",\"fields\":{\"socialName\":\"facebook\",\"address\":\"https:\\/\\/facebook.com\\/theburrmagazine\\/\"}},\"148\":{\"type\":\"socialMediaBlock\",\"enabled\":\"1\",\"fields\":{\"socialName\":\"website\",\"address\":\"http:\\/\\/theburr.com\\/\"}}},\"21\":\"Providing award-winning student journalism since 1986\"}}', '2017-06-07 20:17:42', '2017-06-07 20:17:42', '763231d5-535f-4b0e-b074-66bc2bf43c6b'),
 ('557', '15', '4', '235', 'en_us', '21', '', '{\"typeId\":\"4\",\"authorId\":\"1\",\"title\":\"The Kent Stater\",\"slug\":\"kent-stater\",\"postDate\":1488208860,\"expiryDate\":null,\"enabled\":1,\"parentId\":null,\"fields\":{\"31\":[\"68\"],\"1\":\"<p>The Kent Stater is an award-winning student-run newspaper. Reaching more than 9,500 people per issue, the Stater keeps the community up-to-date with campus, local and national news, sports and features. The Stater publishes on Monday and Thursday and has a&nbsp;circulation of 6,000 per day. During the summer months, The Kent Stater runs special print issues and a special start of the school year issue. The Kent Stater publishes online with media partner, TV2 KSU, at KentWired.com.<\\/p>\",\"4\":\"kentwired@gmail.com\",\"36\":\"1\",\"13\":[\"244\"],\"14\":[\"51\"],\"68\":\"\",\"10\":\"330-672-2586\",\"29\":\"The independent news source cover the Kent community \",\"26\":{\"227\":{\"type\":\"socialMediaBlock\",\"enabled\":\"1\",\"fields\":{\"socialName\":\"twitter\",\"address\":\" https:\\/\\/twitter.com\\/kentwired\"}},\"228\":{\"type\":\"socialMediaBlock\",\"enabled\":\"1\",\"fields\":{\"socialName\":\"instagram\",\"address\":\"https:\\/\\/www.instagram.com\\/kentwired\\/\"}},\"229\":{\"type\":\"socialMediaBlock\",\"enabled\":\"1\",\"fields\":{\"socialName\":\"facebook\",\"address\":\"https:\\/\\/www.facebook.com\\/KentWired\\/\"}},\"230\":{\"type\":\"socialMediaBlock\",\"enabled\":\"1\",\"fields\":{\"socialName\":\"website\",\"address\":\"http:\\/\\/www.kentwired.com\\/\"}}},\"21\":\"The Independent Student Newspaper of Kent State University\"}}', '2017-06-07 20:19:34', '2017-06-07 20:19:34', 'b46d9bd6-048d-493f-ab5e-bb074629cf28'),
 ('558', '15', '4', '235', 'en_us', '22', '', '{\"typeId\":\"4\",\"authorId\":\"1\",\"title\":\"The Kent Stater\",\"slug\":\"kent-stater\",\"postDate\":1488208860,\"expiryDate\":null,\"enabled\":1,\"parentId\":null,\"fields\":{\"31\":[\"68\"],\"1\":\"<p>The Kent Stater is an award-winning student-run newspaper. Reaching more than 9,500 people per issue, the Stater keeps the community up-to-date with campus, local and national news, sports and features. The Stater publishes on Monday and Thursday and has a&nbsp;circulation of 6,000 per day. During the summer months, The Kent Stater runs special print issues and a special start of the school year issue. The Kent Stater publishes online with media partner, TV2 KSU, at KentWired.com.<\\/p>\",\"4\":\"kentwired@gmail.com\",\"36\":\"1\",\"13\":[\"244\"],\"14\":[\"51\"],\"68\":\"\",\"10\":\"330-672-2586\",\"29\":\"The independent news team covering KSU and the Kent community \",\"26\":{\"227\":{\"type\":\"socialMediaBlock\",\"enabled\":\"1\",\"fields\":{\"socialName\":\"twitter\",\"address\":\" https:\\/\\/twitter.com\\/kentwired\"}},\"228\":{\"type\":\"socialMediaBlock\",\"enabled\":\"1\",\"fields\":{\"socialName\":\"instagram\",\"address\":\"https:\\/\\/www.instagram.com\\/kentwired\\/\"}},\"229\":{\"type\":\"socialMediaBlock\",\"enabled\":\"1\",\"fields\":{\"socialName\":\"facebook\",\"address\":\"https:\\/\\/www.facebook.com\\/KentWired\\/\"}},\"230\":{\"type\":\"socialMediaBlock\",\"enabled\":\"1\",\"fields\":{\"socialName\":\"website\",\"address\":\"http:\\/\\/www.kentwired.com\\/\"}}},\"21\":\"The Independent Student Newspaper of Kent State University\"}}', '2017-06-07 20:20:05', '2017-06-07 20:20:05', 'd6c59ff6-ac1a-46b9-890d-eca1a4251baf'),
 ('559', '15', '4', '235', 'en_us', '23', '', '{\"typeId\":\"4\",\"authorId\":\"1\",\"title\":\"The Kent Stater\",\"slug\":\"kent-stater\",\"postDate\":1488208860,\"expiryDate\":null,\"enabled\":1,\"parentId\":null,\"fields\":{\"31\":[\"68\"],\"1\":\"<p>The Kent Stater is an award-winning student-run newspaper. Reaching more than 9,500 people per issue, the Stater keeps the community up-to-date with campus, local and national news, sports and features. The Stater publishes on Monday and Thursday and has a&nbsp;circulation of 6,000 per day. During the summer months, The Kent Stater runs special print issues and a special start of the school year issue. The Kent Stater publishes online with media partner, TV2 KSU, at KentWired.com.<\\/p>\",\"4\":\"kentwired@gmail.com\",\"36\":\"1\",\"13\":[\"244\"],\"14\":[\"51\"],\"68\":\"\",\"10\":\"330-672-2586\",\"29\":\"The independent news team covering KSU and the Kent community \",\"26\":{\"227\":{\"type\":\"socialMediaBlock\",\"enabled\":\"1\",\"fields\":{\"socialName\":\"twitter\",\"address\":\" https:\\/\\/twitter.com\\/kentwired\"}},\"228\":{\"type\":\"socialMediaBlock\",\"enabled\":\"1\",\"fields\":{\"socialName\":\"instagram\",\"address\":\"https:\\/\\/www.instagram.com\\/kentwired\\/\"}},\"229\":{\"type\":\"socialMediaBlock\",\"enabled\":\"1\",\"fields\":{\"socialName\":\"facebook\",\"address\":\"https:\\/\\/www.facebook.com\\/KentWired\\/\"}},\"230\":{\"type\":\"socialMediaBlock\",\"enabled\":\"1\",\"fields\":{\"socialName\":\"website\",\"address\":\"http:\\/\\/www.kentwired.com\\/\"}}},\"21\":\"The Independent Student Newspaper of Kent State University\"}}', '2017-06-07 20:20:20', '2017-06-07 20:20:20', 'b99c3d91-e294-451c-aa91-0897bf9aa5ff'),
 ('560', '2', '1', '235', 'en_us', '49', '', '{\"typeId\":\"1\",\"authorId\":null,\"title\":\"Kent State Student Media\",\"slug\":\"homepage\",\"postDate\":1495818871,\"expiryDate\":null,\"enabled\":1,\"parentId\":null,\"fields\":{\"61\":[\"58\"],\"55\":\"<p>We are your direct access to more than 70,000 people. We connect you to our audience through award-winning digital, print, film and broadcast media.<\\/p>\\r\\n<p>We have been serving Kent State University and the Kent community for more than 80 years with independent student-produced media. We have the outlets you need to reach the target audience you want.<\\/p>\\r\\n<p>We look forward to partnering with you and look forward to your success.<\\/p>\",\"62\":[\"61\"],\"63\":\"Advertise With Us\",\"1\":\"<p>Kent State Student Media makes the connections you need. Whether you are a student looking for media experience, a community member wanting to share your story, or an audience member after quality news, information and entertainment, we deliver for you across 34 outlets through print, digital and social media platforms. &nbsp;<br><\\/p>\",\"12\":\"Student Media Connects\",\"13\":[\"238\",\"240\",\"242\",\"243\",\"241\",\"244\"],\"17\":\"\",\"64\":\"Our Media Partners\",\"21\":\"Seven hundred students.       Ten groups. One mission. \",\"22\":\"https:\\/\\/player.vimeo.com\\/video\\/210945217\",\"65\":\"Take a 90-second tour of Kent State Student Media \"}}', '2017-06-08 12:59:19', '2017-06-08 12:59:19', 'f114025c-5399-4507-8433-6ccc8f4f3ece'),
 ('561', '2', '1', '235', 'en_us', '50', '', '{\"typeId\":\"1\",\"authorId\":null,\"title\":\"Kent State Student Media\",\"slug\":\"homepage\",\"postDate\":1495818871,\"expiryDate\":null,\"enabled\":1,\"parentId\":null,\"fields\":{\"61\":[\"58\"],\"55\":\"<p>We are your direct access to more than 70,000 people. We connect you to our audience through award-winning digital, print, film and broadcast media.<\\/p>\\r\\n<p>We have been serving Kent State University and the Kent community for more than 80 years with independent student-produced media. We have the outlets you need to reach the target audience you want.<\\/p>\\r\\n<p>We look forward to partnering with you and look forward to your success.<\\/p>\",\"62\":[\"61\"],\"63\":\"Advertise With Us\",\"1\":\"<p>Kent State Student Media makes the connections you need. Whether you are a student looking for media experience, a community member wanting to share your story, or an audience member after quality news, information and entertainment, we deliver for you across 34 outlets through print, digital and social media platforms. &nbsp;<br><\\/p>\",\"12\":\"Student Media Connects\",\"13\":[\"238\",\"240\",\"242\",\"243\",\"241\",\"244\"],\"17\":\"\",\"64\":\"Our Media Partners\",\"21\":\"Ten media partners. Seven hundred students. One mission. \",\"22\":\"https:\\/\\/player.vimeo.com\\/video\\/210945217\",\"65\":\"Take a 90-second tour of Kent State Student Media \"}}', '2017-06-08 13:01:28', '2017-06-08 13:01:28', '755a6740-8c8c-4ba1-ab87-c6386cfc51c8'),
 ('562', '2', '1', '235', 'en_us', '51', '', '{\"typeId\":\"1\",\"authorId\":null,\"title\":\"Kent State Student Media\",\"slug\":\"homepage\",\"postDate\":1495818871,\"expiryDate\":null,\"enabled\":1,\"parentId\":null,\"fields\":{\"61\":[\"58\"],\"55\":\"<p>We are your direct access to more than 70,000 people. We connect you to our audience through award-winning digital, print, film and broadcast media.<\\/p>\\r\\n<p>We have been serving Kent State University and the Kent community for more than 80 years with independent student-produced media. We have the outlets you need to reach the target audience you want.<\\/p>\\r\\n<p>We look forward to partnering with you and look forward to your success.<\\/p>\",\"62\":[\"61\"],\"63\":\"Advertise With Us\",\"1\":\"<p>Kent State Student Media makes the connections you need. Whether you are a student looking for media experience, a community member wanting to share your story, or an audience member after quality news, information and entertainment, we deliver for you across 34 outlets through print, digital and social media platforms. &nbsp;<br><\\/p>\",\"12\":\"Student Media Connects\",\"13\":[\"238\",\"240\",\"242\",\"243\",\"241\",\"244\"],\"17\":\"\",\"64\":\"Our Media Partners\",\"21\":\"10 media partners. 700 students. 1 mission. \",\"22\":\"https:\\/\\/player.vimeo.com\\/video\\/210945217\",\"65\":\"Take a 90-second tour of Kent State Student Media \"}}', '2017-06-08 13:02:57', '2017-06-08 13:02:57', '1e3262e1-2520-4be8-b9da-ba9554fe0580'),
 ('563', '2', '1', '235', 'en_us', '52', '', '{\"typeId\":\"1\",\"authorId\":null,\"title\":\"Kent State Student Media\",\"slug\":\"homepage\",\"postDate\":1495818871,\"expiryDate\":null,\"enabled\":1,\"parentId\":null,\"fields\":{\"61\":[\"58\"],\"55\":\"<p>We are your direct access to more than 70,000 people. We connect you to our audience through award-winning digital, print, film and broadcast media.<\\/p>\\r\\n<p>We have been serving Kent State University and the Kent community for more than 80 years with independent student-produced media. We have the outlets you need to reach the target audience you want.<\\/p>\\r\\n<p>We look forward to partnering with you and look forward to your success.<\\/p>\",\"62\":[\"61\"],\"63\":\"Advertise With Us\",\"1\":\"<p>Kent State Student Media makes the connections you need. Whether you are a student looking for media experience, a community member wanting to share your story, or an audience member after quality news, information and entertainment, we deliver for you across 34 outlets through print, digital and social media platforms. &nbsp;<br><\\/p>\",\"12\":\"Student Media Connects\",\"13\":[\"238\",\"240\",\"242\",\"243\",\"241\",\"244\"],\"17\":\"\",\"64\":\"Our Media Partners\",\"21\":\"Ten media partners. Seven hundred students. One mission. \",\"22\":\"https:\\/\\/player.vimeo.com\\/video\\/210945217\",\"65\":\"Take a 90-second tour of Kent State Student Media \"}}', '2017-06-08 13:03:59', '2017-06-08 13:03:59', 'd3872faa-4a98-4a02-9cdf-ca4a4f3e5c37'),
 ('564', '166', '22', '235', 'en_us', '8', '', '{\"typeId\":\"22\",\"authorId\":null,\"title\":\"Support Us\",\"slug\":\"support-us\",\"postDate\":1493318469,\"expiryDate\":null,\"enabled\":1,\"parentId\":null,\"fields\":{\"1\":\"<p>We like to think big. And sometimes our budget can\'t keep up. Your generous gift helps our students build on their big ideas. Your gift can be directed at a specific media partner or go directly to support Student Media in general. &nbsp;Past support has helped us send students to cover election night 2016 in New York City, send other students to California to cover the NCAA basketball tournament, and has helped other students produce full-length feature films. No gift is too small. We\'ll put 100% of your donation to work immediately.&nbsp;<\\/p>\",\"13\":[\"248\"],\"21\":\"\"}}', '2017-06-08 14:59:31', '2017-06-08 14:59:31', '931e26d8-aeea-4a6e-b8fa-ebeae3de286e'),
 ('565', '166', '22', '235', 'en_us', '9', '', '{\"typeId\":\"22\",\"authorId\":null,\"title\":\"Support Us\",\"slug\":\"support-us\",\"postDate\":1493318469,\"expiryDate\":null,\"enabled\":1,\"parentId\":null,\"fields\":{\"1\":\"<p>We like to think big. And sometimes our budget can\'t keep up. Your generous gift helps our students build on their big ideas. Your gift can be directed at a specific media partner or go directly to support Student Media in general. &nbsp;Past support has helped us send students to cover election night 2016 in New York City, send other students to California to cover the NCAA basketball tournament, and has helped other students produce full-length feature films. No gift is too small. We\'ll put 100% of your donation to work immediately.&nbsp;<\\/p>\",\"13\":[\"248\"],\"21\":\"\"}}', '2017-06-13 18:26:02', '2017-06-13 18:26:02', '29b00f7a-9806-4a7b-85b1-ee140795ad80'),
 ('566', '23', '4', '235', 'en_us', '16', '', '{\"typeId\":\"4\",\"authorId\":\"1\",\"title\":\"KentWired\",\"slug\":\"kentwired\",\"postDate\":1488484080,\"expiryDate\":null,\"enabled\":1,\"parentId\":null,\"fields\":{\"31\":[\"69\"],\"1\":\"<p>KentWired.com is shared website for The Kent Stater and TV2 KSU. Featuring top news, entertainment, community and campus news, sports and video, KentWired is the place to turn to for everything Kent and Portage County. The site also features classifieds, TV2 newscasts and entertainment shows and a live stream to TV2. KentWired is also the key source to news over the summer months.<\\/p>\",\"4\":\"kentwired@gmail.com\",\"36\":\"\",\"13\":[\"221\"],\"14\":\"\",\"68\":\"\",\"10\":\"330-672-2586\",\"29\":\"KentWired.com is a news organization that holds content created by students working in student media at Kent State University. \",\"26\":{\"149\":{\"type\":\"socialMediaBlock\",\"enabled\":\"1\",\"fields\":{\"socialName\":\"instagram\",\"address\":\"https:\\/\\/www.instagram.com\\/kentwired\\/\"}},\"150\":{\"type\":\"socialMediaBlock\",\"enabled\":\"1\",\"fields\":{\"socialName\":\"twitter\",\"address\":\"https:\\/\\/twitter.com\\/kentwired\"}},\"151\":{\"type\":\"socialMediaBlock\",\"enabled\":\"1\",\"fields\":{\"socialName\":\"facebook\",\"address\":\"https:\\/\\/www.facebook.com\\/KentWired\\/\"}},\"152\":{\"type\":\"socialMediaBlock\",\"enabled\":\"1\",\"fields\":{\"socialName\":\"website\",\"address\":\"http:\\/\\/www.kentwired.com\\/\"}}},\"21\":\"\"}}', '2017-06-13 19:10:42', '2017-06-13 19:10:42', 'e1bd7c06-2141-4826-bd5b-6d557d37f367'),
 ('567', '291', '8', '235', 'en_us', '1', '', '{\"typeId\":null,\"authorId\":\"235\",\"title\":\"Norma Young\",\"slug\":\"norma-young\",\"postDate\":1497381472,\"expiryDate\":null,\"enabled\":1,\"parentId\":null,\"fields\":{\"20\":\"\",\"1\":\"<p>Bio goes here.&nbsp;<\\/p>\",\"4\":\"nyoung1@kent.edu\",\"5\":[\"officeStaff\"],\"6\":\"Norma\",\"19\":[\"290\"],\"8\":\"Business Manager\",\"7\":\"Young\",\"10\":\"\"}}', '2017-06-13 19:17:52', '2017-06-13 19:17:52', '4f7c91a5-e2fb-407b-b820-98f41a4c6510'),
 ('568', '45', '8', '235', 'en_us', '7', '', '{\"typeId\":\"8\",\"authorId\":\"1\",\"title\":\"Kevin Dilley\",\"slug\":\"kevin-dilley\",\"postDate\":1489335420,\"expiryDate\":null,\"enabled\":1,\"parentId\":null,\"fields\":{\"20\":[\"23\"],\"1\":\"<p>Kevin serves Student Media by providing management of our business and advising operations. He also works with student leaders, the board, faculty and other key partners to set a strategic direction for Student Media and mentors and advises student leaders. &nbsp;<\\/p>\\r\\n<p><strong>Words to Live By:<\\/strong><\\/p>\\r\\n<p>If you want to go fast, go alone. If you want to go far, go together. &nbsp;~ origin unknown.<\\/p>\\r\\n<p><strong>Personal:<\\/strong><\\/p>\\r\\n<p>I\\u2019ve traveled to Siberia, Malaysia, Mexico and 46 of 50 states in the U.S. I love going places and meeting new people, but I always yearn to return home. For me, that\\u2019s in Hudson with my two children, mi media naranja (si, hablo espa\\u00f1ol), and Pancho, my very best friend because, well he\\u2019s a dog and I\\u2019m a man. I hold degrees in journalism and visual communication from the University of Missouri and Ohio University. I\\u2019ve worked as a reporter, writer, photojournalist, editor, designer, web designer, project manager, consultant, professor and adviser. I love what I do because I\\u2019m constantly inspired by my students who bring ideas, enthusiasm, opportunity and optimism to this place every day.<\\/p>\\r\\n<p><strong>I can help you with:<\\/strong><\\/p>\\r\\n<ul><li><p>General questions<\\/p><\\/li><li><p>Strategic planning<\\/p><\\/li><li><p>Idea development<\\/p><\\/li><li><p>Budgets<\\/p><\\/li><\\/ul>\",\"4\":\"kdilley@kent.edu\",\"5\":[\"director\",\"nonVoting\",\"officeStaff\"],\"6\":\"Kevin \",\"19\":[\"292\"],\"8\":\"Director of Student Media\",\"7\":\"Dilley\",\"10\":\"330-672-4603\"}}', '2017-06-13 19:19:02', '2017-06-13 19:19:02', '064d600d-df57-4c19-a958-6c5cfd22d628'),
 ('569', '62', '13', '235', 'en_us', '20', '', '{\"typeId\":null,\"authorId\":null,\"title\":\"Contact Student Media\",\"slug\":\"contact\",\"postDate\":1489688145,\"expiryDate\":null,\"enabled\":1,\"parentId\":null,\"fields\":{\"1\":\"<p>We\'d love to hear from you, whether it\'s about getting involved with Student Media, reaching out about individual partners and their content, or for advertising opportunities.&nbsp;<\\/p>\\r\\n<ul><li>For advertising contact us at <a href=\\\"mailto:ads@ksustudentmedia.com\\\">ads@ksustudentmedia.com<\\/a>, 330-672-6306, or drop by our office during business hours, Monday through Friday 8 a.m to 5 p.m. in 205 Franklin Hall on the Kent State University Kent campus.&nbsp;<\\/li><li>For general Student Media questions, reach out to Director of Student Media, Kevin Dilley, at <a href=\\\"mailto:kdilley@kent.edu\\\">kdilley@kent.edu<\\/a>  or 330-672-0887. You\'ll also find him in 205 Franklin Hall.&nbsp;<\\/li><\\/ul>\",\"13\":[\"271\"],\"21\":\"How can we help?\"}}', '2017-06-13 19:31:04', '2017-06-13 19:31:04', '236b2882-8cf8-432f-b161-1f244d617ad4'),
 ('570', '101', '4', '235', 'en_us', '13', '', '{\"typeId\":\"4\",\"authorId\":\"1\",\"title\":\"Student Media Advertising\",\"slug\":\"student-media-ad-sales\",\"postDate\":1492116120,\"expiryDate\":null,\"enabled\":1,\"parentId\":null,\"fields\":{\"31\":\"\",\"1\":\"<p>Our Student Media Advertising and Marketing team can help your campus department or local business reach the audience you are seeking. Our staff of account executives will work hand-in-hand to ensure your message is delivered effectively, efficiently and within your budget. Kent State Student Media has 10 different media partners and more than 30 outlets to reach your target market. We provide advertising, promotional item design and ordering, design services, video and audio production, and mobile DJ services. Contact our team today to get started.&nbsp;<\\/p>\",\"4\":\"ads@ksustudentmedia.com\",\"36\":\"1\",\"13\":[\"220\"],\"14\":\"\",\"68\":\"\",\"10\":\"330-672-6303\",\"29\":\"An innovative, energetic team connecting our clients to our media partners and signature brands such as KentWired, KentCribs and Transitions\",\"26\":\"\",\"21\":\"A multi-service, multim-platform solution\"}}', '2017-06-13 19:32:17', '2017-06-13 19:32:17', '109a86bc-1d2f-4830-bfd3-3a46417719dc'),
 ('571', '14', '4', '235', 'en_us', '16', '', '{\"typeId\":\"4\",\"authorId\":\"1\",\"title\":\"The Burr\",\"slug\":\"the-burr\",\"postDate\":1488208860,\"expiryDate\":null,\"enabled\":1,\"parentId\":null,\"fields\":{\"31\":[\"68\"],\"1\":\"<p>The Burr Magazine is Kent State University\\u2019s first student magazine, made by the students for the students. The Burr publishes a semesterly&nbsp;magazine that explores big issues and burning ideas, as well as fascinating people and the consuming preoccupations of its college audience. Each issue contains a compelling mix of how-to articles, original reporting and personal essays. TheBurr.com features Web and multimedia stories, as well as blogs on lifestyle issues, including relationships, fashion and entertainment.&nbsp;<\\/p>\\r\\n<p><br><\\/p>\\r\\n<p><br><\\/p>\\r\\n<p><br><\\/p>\",\"4\":\"theburrmagazine@gmail.com\",\"36\":\"1\",\"13\":[\"242\"],\"14\":[\"48\"],\"68\":\"\",\"10\":\"330-672-2947\",\"29\":\"Exploring big issues, burning ideas, fascinating people and preoccupations of its audience\",\"26\":{\"145\":{\"type\":\"socialMediaBlock\",\"enabled\":\"1\",\"fields\":{\"socialName\":\"instagram\",\"address\":\"https:\\/\\/www.instagram.com\\/theburrmagazine\\/\"}},\"146\":{\"type\":\"socialMediaBlock\",\"enabled\":\"1\",\"fields\":{\"socialName\":\"twitter\",\"address\":\"https:\\/\\/twitter.com\\/TheBurrMagazine\"}},\"147\":{\"type\":\"socialMediaBlock\",\"enabled\":\"1\",\"fields\":{\"socialName\":\"facebook\",\"address\":\"https:\\/\\/facebook.com\\/theburrmagazine\\/\"}},\"148\":{\"type\":\"socialMediaBlock\",\"enabled\":\"1\",\"fields\":{\"socialName\":\"website\",\"address\":\"http:\\/\\/theburr.com\\/\"}}},\"21\":\"Providing award-winning student journalism since 1986\"}}', '2017-06-14 17:38:33', '2017-06-14 17:38:33', 'b1d93694-3dd6-41c0-95f4-549f0dbb9c92'),
 ('572', '19', '4', '235', 'en_us', '21', '', '{\"typeId\":\"4\",\"authorId\":\"1\",\"title\":\"Black Squirrel Radio\",\"slug\":\"black-squirrel-radio\",\"postDate\":1488483960,\"expiryDate\":null,\"enabled\":1,\"parentId\":null,\"fields\":{\"31\":[\"42\"],\"1\":\"<p>Black Squirrel Radio is a student-run radio station committed to providing innovative media content inspired by the community of Kent, Ohio, dedicated to professionalism, integrity, creativity and diversity. With 56 different student-hosted shows airing from 10 a.m. to 2 a.m. everyday, we are&nbsp;committed to providing professional industry experience while continuing to be a platform for experimental programming. Through alternative media content, we aim to grow our audience by becoming the destination for students and alumni to remember what was and experience what is college life in Kent, Ohio.<\\/p>\",\"4\":\"general email address goes here\",\"36\":\"1\",\"13\":[\"239\"],\"14\":[\"47\"],\"68\":[\"236\"],\"10\":\"330-xxx-xxxx\",\"29\":\"BSR is Kent State\\u2019s student-run radio station providing unique and innovative media content online.\",\"26\":{\"156\":{\"type\":\"socialMediaBlock\",\"enabled\":\"1\",\"fields\":{\"socialName\":\"instagram\",\"address\":\"https:\\/\\/www.instagram.com\\/bsrkent\\/\"}},\"157\":{\"type\":\"socialMediaBlock\",\"enabled\":\"1\",\"fields\":{\"socialName\":\"twitter\",\"address\":\" https:\\/\\/twitter.com\\/BSRKent\"}},\"158\":{\"type\":\"socialMediaBlock\",\"enabled\":\"1\",\"fields\":{\"socialName\":\"facebook\",\"address\":\"https:\\/\\/www.facebook.com\\/blacksquirrelradio\\/\"}},\"159\":{\"type\":\"socialMediaBlock\",\"enabled\":\"1\",\"fields\":{\"socialName\":\"website\",\"address\":\"http:\\/\\/blacksquirrelradio.com\\/\"}}},\"21\":\"Kent State\'s Student-Run Radio Station\"}}', '2017-06-14 17:46:29', '2017-06-14 17:46:29', '7a885262-ab2f-4d3e-a569-1e6afb3a3ff9'),
 ('573', '19', '4', '235', 'en_us', '22', '', '{\"typeId\":\"4\",\"authorId\":\"1\",\"title\":\"Black Squirrel Radio\",\"slug\":\"black-squirrel-radio\",\"postDate\":1488483960,\"expiryDate\":null,\"enabled\":1,\"parentId\":null,\"fields\":{\"31\":[\"42\"],\"1\":\"<p>Black Squirrel Radio is a student-run radio station committed to providing innovative media content inspired by the community of Kent, Ohio, dedicated to professionalism, integrity, creativity and diversity. With 56 different student-hosted shows airing from 10 a.m. to 2 a.m. everyday, we are&nbsp;committed to providing professional industry experience while continuing to be a platform for experimental programming. Through alternative media content, we aim to grow our audience by becoming the destination for students and alumni to remember what was and experience what is college life in Kent, Ohio.<\\/p>\",\"4\":\"general email address goes here\",\"36\":\"1\",\"13\":[\"239\"],\"14\":[\"47\"],\"68\":[\"236\"],\"10\":\"330-xxx-xxxx\",\"29\":\"BSR is Kent State\\u2019s student-run radio station providing unique and innovative media content online.\",\"26\":{\"156\":{\"type\":\"socialMediaBlock\",\"enabled\":\"1\",\"fields\":{\"socialName\":\"instagram\",\"address\":\"https:\\/\\/www.instagram.com\\/bsrkent\\/\"}},\"157\":{\"type\":\"socialMediaBlock\",\"enabled\":\"1\",\"fields\":{\"socialName\":\"twitter\",\"address\":\" https:\\/\\/twitter.com\\/BSRKent\"}},\"158\":{\"type\":\"socialMediaBlock\",\"enabled\":\"1\",\"fields\":{\"socialName\":\"facebook\",\"address\":\"https:\\/\\/www.facebook.com\\/blacksquirrelradio\\/\"}},\"159\":{\"type\":\"socialMediaBlock\",\"enabled\":\"1\",\"fields\":{\"socialName\":\"website\",\"address\":\"http:\\/\\/blacksquirrelradio.com\\/\"}}},\"21\":\"Kent State\'s Student-Run Radio Station\"}}', '2017-06-14 17:47:24', '2017-06-14 17:47:24', '3484dffb-4840-41df-badf-d91c42927c52'),
 ('574', '19', '4', '235', 'en_us', '23', '', '{\"typeId\":\"4\",\"authorId\":\"1\",\"title\":\"Black Squirrel Radio\",\"slug\":\"black-squirrel-radio\",\"postDate\":1488483960,\"expiryDate\":null,\"enabled\":1,\"parentId\":null,\"fields\":{\"31\":[\"42\"],\"1\":\"<p>Black Squirrel Radio is a student-run radio station committed to providing innovative media content inspired by the community of Kent, Ohio, dedicated to professionalism, integrity, creativity and diversity. With 56 different student-hosted shows airing from 10 a.m. to 2 a.m. everyday, we are&nbsp;committed to providing professional industry experience while continuing to be a platform for experimental programming. Through alternative media content, we aim to grow our audience by becoming the destination for students and alumni to remember what was and experience what is college life in Kent, Ohio.<\\/p>\",\"4\":\"general email address goes here\",\"36\":\"1\",\"13\":\"\",\"14\":[\"47\"],\"68\":[\"236\"],\"10\":\"330-xxx-xxxx\",\"29\":\"BSR is Kent State\\u2019s student-run radio station providing unique and innovative media content online.\",\"26\":{\"156\":{\"type\":\"socialMediaBlock\",\"enabled\":\"1\",\"fields\":{\"socialName\":\"instagram\",\"address\":\"https:\\/\\/www.instagram.com\\/bsrkent\\/\"}},\"157\":{\"type\":\"socialMediaBlock\",\"enabled\":\"1\",\"fields\":{\"socialName\":\"twitter\",\"address\":\" https:\\/\\/twitter.com\\/BSRKent\"}},\"158\":{\"type\":\"socialMediaBlock\",\"enabled\":\"1\",\"fields\":{\"socialName\":\"facebook\",\"address\":\"https:\\/\\/www.facebook.com\\/blacksquirrelradio\\/\"}},\"159\":{\"type\":\"socialMediaBlock\",\"enabled\":\"1\",\"fields\":{\"socialName\":\"website\",\"address\":\"http:\\/\\/blacksquirrelradio.com\\/\"}}},\"21\":\"Kent State\'s Student-Run Radio Station\"}}', '2017-06-14 17:48:09', '2017-06-14 17:48:09', 'd4041f82-2d77-40e5-bb90-a79f982d2494'),
 ('575', '19', '4', '235', 'en_us', '24', '', '{\"typeId\":\"4\",\"authorId\":\"1\",\"title\":\"Black Squirrel Radio\",\"slug\":\"black-squirrel-radio\",\"postDate\":1488483960,\"expiryDate\":null,\"enabled\":1,\"parentId\":null,\"fields\":{\"31\":[\"42\"],\"1\":\"<p>Black Squirrel Radio is a student-run radio station committed to providing innovative media content inspired by the community of Kent, Ohio, dedicated to professionalism, integrity, creativity and diversity. With 56 different student-hosted shows airing from 10 a.m. to 2 a.m. everyday, we are&nbsp;committed to providing professional industry experience while continuing to be a platform for experimental programming. Through alternative media content, we aim to grow our audience by becoming the destination for students and alumni to remember what was and experience what is college life in Kent, Ohio.<\\/p>\",\"4\":\"general email address goes here\",\"36\":\"1\",\"13\":[\"239\"],\"14\":[\"47\"],\"68\":[\"236\"],\"10\":\"330-xxx-xxxx\",\"29\":\"BSR is Kent State\\u2019s student-run radio station providing unique and innovative media content online.\",\"26\":{\"156\":{\"type\":\"socialMediaBlock\",\"enabled\":\"1\",\"fields\":{\"socialName\":\"instagram\",\"address\":\"https:\\/\\/www.instagram.com\\/bsrkent\\/\"}},\"157\":{\"type\":\"socialMediaBlock\",\"enabled\":\"1\",\"fields\":{\"socialName\":\"twitter\",\"address\":\" https:\\/\\/twitter.com\\/BSRKent\"}},\"158\":{\"type\":\"socialMediaBlock\",\"enabled\":\"1\",\"fields\":{\"socialName\":\"facebook\",\"address\":\"https:\\/\\/www.facebook.com\\/blacksquirrelradio\\/\"}},\"159\":{\"type\":\"socialMediaBlock\",\"enabled\":\"1\",\"fields\":{\"socialName\":\"website\",\"address\":\"http:\\/\\/blacksquirrelradio.com\\/\"}}},\"21\":\"Kent State\'s Student-Run Radio Station\"}}', '2017-06-14 17:50:50', '2017-06-14 17:50:50', '286443f4-3b63-4262-9290-8a3767e8c540'),
 ('576', '19', '4', '235', 'en_us', '25', '', '{\"typeId\":\"4\",\"authorId\":\"1\",\"title\":\"Black Squirrel Radio\",\"slug\":\"black-squirrel-radio\",\"postDate\":1488483960,\"expiryDate\":null,\"enabled\":1,\"parentId\":null,\"fields\":{\"31\":[\"42\"],\"1\":\"<p>Black Squirrel Radio is a student-run radio station committed to providing innovative media content inspired by the community of Kent, Ohio, dedicated to professionalism, integrity, creativity and diversity. With 56 different student-hosted shows airing from 10 a.m. to 2 a.m. everyday, we are&nbsp;committed to providing professional industry experience while continuing to be a platform for experimental programming. Through alternative media content, we aim to grow our audience by becoming the destination for students and alumni to remember what was and experience what is college life in Kent, Ohio.<\\/p>\",\"4\":\"general email address goes here\",\"36\":\"1\",\"13\":[\"239\"],\"14\":[\"47\"],\"68\":[\"236\"],\"10\":\"330-xxx-xxxx\",\"29\":\"BSR is Kent State\\u2019s student-run radio station providing unique and innovative media content online.\",\"26\":{\"156\":{\"type\":\"socialMediaBlock\",\"enabled\":\"1\",\"fields\":{\"socialName\":\"instagram\",\"address\":\"https:\\/\\/www.instagram.com\\/bsrkent\\/\"}},\"157\":{\"type\":\"socialMediaBlock\",\"enabled\":\"1\",\"fields\":{\"socialName\":\"twitter\",\"address\":\" https:\\/\\/twitter.com\\/BSRKent\"}},\"158\":{\"type\":\"socialMediaBlock\",\"enabled\":\"1\",\"fields\":{\"socialName\":\"facebook\",\"address\":\"https:\\/\\/www.facebook.com\\/blacksquirrelradio\\/\"}},\"159\":{\"type\":\"socialMediaBlock\",\"enabled\":\"1\",\"fields\":{\"socialName\":\"website\",\"address\":\"http:\\/\\/blacksquirrelradio.com\\/\"}}},\"21\":\"Kent State\'s Student-Run Radio Station\"}}', '2017-06-14 17:55:08', '2017-06-14 17:55:08', '727042c7-8e90-4b44-b780-6ade7791ac4d'),
 ('577', '19', '4', '235', 'en_us', '26', '', '{\"typeId\":\"4\",\"authorId\":\"1\",\"title\":\"Black Squirrel Radio\",\"slug\":\"black-squirrel-radio\",\"postDate\":1488483960,\"expiryDate\":null,\"enabled\":1,\"parentId\":null,\"fields\":{\"31\":[\"42\"],\"1\":\"<p>Black Squirrel Radio is a student-run radio station committed to providing innovative media content inspired by the community of Kent, Ohio, dedicated to professionalism, integrity, creativity and diversity. With 56 different student-hosted shows airing from 10 a.m. to 2 a.m. everyday, we are&nbsp;committed to providing professional industry experience while continuing to be a platform for experimental programming. Through alternative media content, we aim to grow our audience by becoming the destination for students and alumni to remember what was and experience what is college life in Kent, Ohio.<\\/p>\",\"4\":\"general email address goes here\",\"36\":\"1\",\"13\":[\"239\"],\"14\":[\"47\"],\"68\":[\"236\"],\"10\":\"330-xxx-xxxx\",\"29\":\"BSR is Kent State\\u2019s student-run radio station providing unique and innovative media content online.\",\"26\":{\"156\":{\"type\":\"socialMediaBlock\",\"enabled\":\"1\",\"fields\":{\"socialName\":\"instagram\",\"address\":\"https:\\/\\/www.instagram.com\\/bsrkent\\/\"}},\"157\":{\"type\":\"socialMediaBlock\",\"enabled\":\"1\",\"fields\":{\"socialName\":\"twitter\",\"address\":\" https:\\/\\/twitter.com\\/BSRKent\"}},\"158\":{\"type\":\"socialMediaBlock\",\"enabled\":\"1\",\"fields\":{\"socialName\":\"facebook\",\"address\":\"https:\\/\\/www.facebook.com\\/blacksquirrelradio\\/\"}},\"159\":{\"type\":\"socialMediaBlock\",\"enabled\":\"1\",\"fields\":{\"socialName\":\"website\",\"address\":\"http:\\/\\/blacksquirrelradio.com\\/\"}}},\"21\":\"Kent State\'s Student-Run Radio Station\"}}', '2017-06-14 17:56:43', '2017-06-14 17:56:43', '75c7f61a-4eb4-4da9-bf39-7d9eaa014349'),
 ('578', '19', '4', '235', 'en_us', '27', '', '{\"typeId\":\"4\",\"authorId\":\"1\",\"title\":\"Black Squirrel Radio\",\"slug\":\"black-squirrel-radio\",\"postDate\":1488483960,\"expiryDate\":null,\"enabled\":1,\"parentId\":null,\"fields\":{\"31\":[\"42\"],\"1\":\"<p>Black Squirrel Radio is a student-run radio station committed to providing innovative media content inspired by the community of Kent, Ohio, dedicated to professionalism, integrity, creativity and diversity. With 56 different student-hosted shows airing from 10 a.m. to 2 a.m. everyday, we are&nbsp;committed to providing professional industry experience while continuing to be a platform for experimental programming. Through alternative media content, we aim to grow our audience by becoming the destination for students and alumni to remember what was and experience what is college life in Kent, Ohio.<\\/p>\",\"4\":\"general email address goes here\",\"36\":\"1\",\"13\":[\"299\"],\"14\":[\"47\"],\"68\":[\"236\"],\"10\":\"330-xxx-xxxx\",\"29\":\"BSR is Kent State\\u2019s student-run radio station providing unique and innovative media content online.\",\"26\":{\"156\":{\"type\":\"socialMediaBlock\",\"enabled\":\"1\",\"fields\":{\"socialName\":\"instagram\",\"address\":\"https:\\/\\/www.instagram.com\\/bsrkent\\/\"}},\"157\":{\"type\":\"socialMediaBlock\",\"enabled\":\"1\",\"fields\":{\"socialName\":\"twitter\",\"address\":\" https:\\/\\/twitter.com\\/BSRKent\"}},\"158\":{\"type\":\"socialMediaBlock\",\"enabled\":\"1\",\"fields\":{\"socialName\":\"facebook\",\"address\":\"https:\\/\\/www.facebook.com\\/blacksquirrelradio\\/\"}},\"159\":{\"type\":\"socialMediaBlock\",\"enabled\":\"1\",\"fields\":{\"socialName\":\"website\",\"address\":\"http:\\/\\/blacksquirrelradio.com\\/\"}}},\"21\":\"Kent State\'s Student-Run Radio Station\"}}', '2017-06-14 17:58:08', '2017-06-14 17:58:08', 'efcf6c89-db9b-48dc-96cb-1a7e18666d16'),
 ('579', '2', '1', '235', 'en_us', '53', '', '{\"typeId\":\"1\",\"authorId\":null,\"title\":\"Kent State Student Media\",\"slug\":\"homepage\",\"postDate\":1495818871,\"expiryDate\":null,\"enabled\":1,\"parentId\":null,\"fields\":{\"61\":[\"58\"],\"55\":\"<p>We are your direct access to more than 70,000 people. We connect you to our audience through award-winning digital, print, film and broadcast media.<\\/p>\\r\\n<p>We have been serving Kent State University and the Kent community for more than 80 years with independent student-produced media. We have the outlets you need to reach the target audience you want.<\\/p>\\r\\n<p>We look forward to partnering with you and look forward to your success.<\\/p>\",\"62\":[\"61\"],\"63\":\"Advertise With Us\",\"1\":\"<p>Kent State Student Media makes the connections you need. Whether you are a student looking for media experience, a community member wanting to share your story, or an audience member after quality news, information and entertainment, we deliver for you across 34 outlets through print, digital and social media platforms. &nbsp;<br><\\/p>\",\"12\":\"Student Media Connects\",\"13\":[\"240\",\"242\",\"243\",\"241\",\"244\",\"238\"],\"17\":\"\",\"64\":\"Our Media Partners\",\"21\":\"Ten media partners. Seven hundred students. One mission. \",\"22\":\"https:\\/\\/player.vimeo.com\\/video\\/210945217\",\"65\":\"Take a 90-second tour of Kent State Student Media \"}}', '2017-06-14 18:05:53', '2017-06-14 18:05:53', '4e95e8e6-61cd-4b11-b55b-ac339331b316'),
 ('580', '25', '4', '235', 'en_us', '22', '', '{\"typeId\":\"4\",\"authorId\":\"1\",\"title\":\"KSU Independent Films\",\"slug\":\"ksu-independent-films\",\"postDate\":1488484140,\"expiryDate\":null,\"enabled\":1,\"parentId\":null,\"fields\":{\"31\":[\"42\"],\"1\":\"<p>Kent State University Independent Films (KSUIF) is an organization fueled by students\\u2019 passion for film. In 2008, professors Traci E. Williams and David Smeltzer collaborated to create this wonderful program, which is designed to give students real-world film experience. Today, nearly 500 people are currently involved in the organization.<\\/p>\",\"4\":\"kentstatefilms@gmail.com\",\"36\":\"1\",\"13\":[\"238\"],\"14\":[\"52\"],\"68\":\"\",\"10\":\"330-672-8198\",\"29\":\"KSUIF is a production company that teaches, inspires and prepares filmmakers for the real-world industry. \",\"26\":{\"37\":{\"type\":\"socialMediaBlock\",\"enabled\":\"1\",\"fields\":{\"socialName\":\"twitter\",\"address\":\"http:\\/\\/www.twitter.com\\/ksuif\"}},\"225\":{\"type\":\"socialMediaBlock\",\"enabled\":\"1\",\"fields\":{\"socialName\":\"facebook\",\"address\":\"https:\\/\\/www.facebook.com\\/ksuindependentfilms\\/\"}},\"226\":{\"type\":\"socialMediaBlock\",\"enabled\":\"1\",\"fields\":{\"socialName\":\"website\",\"address\":\"http:\\/\\/kentstatefilms.com\\/\"}}},\"21\":\"Making movies and more \"}}', '2017-06-14 18:06:20', '2017-06-14 18:06:20', 'dde409f9-e34e-4ce7-9b5d-2457ae5835a5'),
 ('581', '25', '4', '235', 'en_us', '23', '', '{\"typeId\":\"4\",\"authorId\":\"1\",\"title\":\"KSU Independent Films\",\"slug\":\"ksu-independent-films\",\"postDate\":1488484140,\"expiryDate\":null,\"enabled\":1,\"parentId\":null,\"fields\":{\"31\":[\"42\"],\"1\":\"<p>Kent State University Independent Films (KSUIF) is an organization fueled by students\\u2019 passion for film. In 2008, professors Traci E. Williams and David Smeltzer collaborated to create this wonderful program, which is designed to give students real-world film experience. Today, nearly 500 people are currently involved in the organization.<\\/p>\",\"4\":\"kentstatefilms@gmail.com\",\"36\":\"1\",\"13\":[\"238\"],\"14\":[\"52\"],\"68\":[\"52\"],\"10\":\"330-672-8198\",\"29\":\"KSUIF is a production company that teaches, inspires and prepares filmmakers for the real-world industry. \",\"26\":{\"37\":{\"type\":\"socialMediaBlock\",\"enabled\":\"1\",\"fields\":{\"socialName\":\"twitter\",\"address\":\"http:\\/\\/www.twitter.com\\/ksuif\"}},\"225\":{\"type\":\"socialMediaBlock\",\"enabled\":\"1\",\"fields\":{\"socialName\":\"facebook\",\"address\":\"https:\\/\\/www.facebook.com\\/ksuindependentfilms\\/\"}},\"226\":{\"type\":\"socialMediaBlock\",\"enabled\":\"1\",\"fields\":{\"socialName\":\"website\",\"address\":\"http:\\/\\/kentstatefilms.com\\/\"}}},\"21\":\"Making movies and more \"}}', '2017-06-14 18:07:53', '2017-06-14 18:07:53', 'afaf1846-d065-4ef4-8a68-2616793705fd'),
 ('582', '21', '4', '235', 'en_us', '20', '', '{\"typeId\":\"4\",\"authorId\":\"1\",\"title\":\"Fusion Magazine\",\"slug\":\"fusion-magazine\",\"postDate\":1488483960,\"expiryDate\":null,\"enabled\":1,\"parentId\":null,\"fields\":{\"31\":[\"68\"],\"1\":\"<p>Fusion is Kent State University\'s LGBTQ magazine. We publish news, entertainment, opinions and interviews for and about the LGBTQ community. Each spring, we release a print issue and we regularly update our website (<a href=\\\"http:\\/\\/www.thatgaymagazine.com\\\">www.thatgaymagazine.com<\\/a>) and social media channels year-round. <\\/p>\\r\\n<p>Our mission is to promote equality, education and community through journalism. When Fusion was founded, in 2003, marriage equality was not yet legal anywhere in the United States and laws against consensual sex between gay men were overturned that year. LGBTQ rights have significantly advanced since trans women, drag queens and street kids fought back against police violence in 1959. But the community, particularly trans people and people of color, still face substantial adversity. Journalism and storytelling helps humanize the community and its struggle. By publicizing their perspectives and experiences, Fusion helps demonstrate why LGBTQ people need an equal place in society.<\\/p>\",\"4\":\"meckhous@kent.edu\",\"36\":\"1\",\"13\":[\"241\"],\"14\":[\"49\"],\"68\":\"\",\"10\":\"\",\"29\":\"Promoting LGBTQ equality and community, through journalism, in northeast Ohio and beyond.\",\"26\":{\"137\":{\"type\":\"socialMediaBlock\",\"enabled\":\"1\",\"fields\":{\"socialName\":\"twitter\",\"address\":\"https:\\/\\/twitter.com\\/ohiofusion\"}},\"138\":{\"type\":\"socialMediaBlock\",\"enabled\":\"1\",\"fields\":{\"socialName\":\"facebook\",\"address\":\"https:\\/\\/facebook.com\\/ohiofusion\\/\"}},\"139\":{\"type\":\"socialMediaBlock\",\"enabled\":\"1\",\"fields\":{\"socialName\":\"website\",\"address\":\"http:\\/\\/ohiofusion.com\\/\"}}},\"21\":\"That Gay Magazine\"}}', '2017-06-14 18:20:35', '2017-06-14 18:20:35', '37513554-a2d2-48bc-90c5-3ca99168ba2f'),
 ('583', '21', '4', '235', 'en_us', '21', '', '{\"typeId\":\"4\",\"authorId\":\"1\",\"title\":\"Fusion Magazine\",\"slug\":\"fusion-magazine\",\"postDate\":1488483960,\"expiryDate\":null,\"enabled\":1,\"parentId\":null,\"fields\":{\"31\":[\"68\"],\"1\":\"<p>Fusion is Kent State University\'s LGBTQ magazine. We publish news, entertainment, opinions and interviews for and about the LGBTQ community. Each spring, we release a print issue and we regularly update our website (<a href=\\\"http:\\/\\/www.thatgaymagazine.com\\\">www.thatgaymagazine.com<\\/a>) and social media channels year-round. <\\/p>\\r\\n<p>Our mission is to promote equality, education and community through journalism. When Fusion was founded, in 2003, marriage equality was not yet legal anywhere in the United States and laws against consensual sex between gay men were overturned that year. LGBTQ rights have significantly advanced since trans women, drag queens and street kids fought back against police violence in 1959. But the community, particularly trans people and people of color, still face substantial adversity. Journalism and storytelling helps humanize the community and its struggle. By publicizing their perspectives and experiences, Fusion helps demonstrate why LGBTQ people need an equal place in society.<\\/p>\",\"4\":\"meckhous@kent.edu\",\"36\":\"1\",\"13\":[\"302\"],\"14\":[\"49\"],\"68\":\"\",\"10\":\"\",\"29\":\"Promoting LGBTQ equality and community, through journalism, in northeast Ohio and beyond.\",\"26\":{\"137\":{\"type\":\"socialMediaBlock\",\"enabled\":\"1\",\"fields\":{\"socialName\":\"twitter\",\"address\":\"https:\\/\\/twitter.com\\/ohiofusion\"}},\"138\":{\"type\":\"socialMediaBlock\",\"enabled\":\"1\",\"fields\":{\"socialName\":\"facebook\",\"address\":\"https:\\/\\/facebook.com\\/ohiofusion\\/\"}},\"139\":{\"type\":\"socialMediaBlock\",\"enabled\":\"1\",\"fields\":{\"socialName\":\"website\",\"address\":\"http:\\/\\/ohiofusion.com\\/\"}}},\"21\":\"That Gay Magazine\"}}', '2017-06-14 18:27:33', '2017-06-14 18:27:33', '8024e0df-0d9b-42de-af8e-c920b65419ac'),
 ('584', '101', '4', '235', 'en_us', '14', '', '{\"typeId\":\"4\",\"authorId\":\"1\",\"title\":\"Student Media Advertising\",\"slug\":\"student-media-ad-sales\",\"postDate\":1492116120,\"expiryDate\":null,\"enabled\":1,\"parentId\":null,\"fields\":{\"31\":\"\",\"1\":\"<p>Our Student Media Advertising and Marketing team can help your campus department or local business reach the audience you are seeking. Our staff of account executives will work hand-in-hand to ensure your message is delivered effectively, efficiently and within your budget. Kent State Student Media has 10 different media partners and more than 30 outlets to reach your target market. We provide advertising, promotional item design and ordering, design services, video and audio production, and mobile DJ services. Contact our team today to get started.&nbsp;<\\/p>\",\"4\":\"ads@ksustudentmedia.com\",\"36\":\"1\",\"13\":[\"303\"],\"14\":\"\",\"68\":\"\",\"10\":\"330-672-6303\",\"29\":\"An innovative, energetic team connecting our clients to our media partners and signature brands such as KentWired, KentCribs and Transitions\",\"26\":\"\",\"21\":\"A multi-service, multim-platform solution\"}}', '2017-06-14 18:28:31', '2017-06-14 18:28:31', 'b37721c1-a737-47ca-94cf-d61377576429'),
 ('585', '101', '4', '235', 'en_us', '15', '', '{\"typeId\":\"4\",\"authorId\":\"1\",\"title\":\"Student Media Advertising\",\"slug\":\"student-media-ad-sales\",\"postDate\":1492116120,\"expiryDate\":null,\"enabled\":1,\"parentId\":null,\"fields\":{\"31\":\"\",\"1\":\"<p>Our Student Media Advertising and Marketing team can help your campus department or local business reach the audience you are seeking. Our staff of account executives will work hand-in-hand to ensure your message is delivered effectively, efficiently and within your budget. Kent State Student Media has 10 different media partners and more than 30 outlets to reach your target market. We provide advertising, promotional item design and ordering, design services, video and audio production, and mobile DJ services. Contact our team today to get started.&nbsp;<\\/p>\",\"4\":\"ads@ksustudentmedia.com\",\"36\":\"1\",\"13\":[\"303\"],\"14\":\"\",\"68\":\"\",\"10\":\"330-672-6303\",\"29\":\"An innovative, energetic team connecting our clients to our media partners and signature brands such as KentWired, KentCribs and Transitions\",\"26\":\"\",\"21\":\"A multi-service, multim-platform solution\"}}', '2017-06-14 18:28:40', '2017-06-14 18:28:40', 'e11e5e68-d1f9-4d9f-ae20-ca521fffe450'),
 ('586', '101', '4', '235', 'en_us', '16', '', '{\"typeId\":\"4\",\"authorId\":\"1\",\"title\":\"Student Media Advertising\",\"slug\":\"student-media-ad-sales\",\"postDate\":1492116120,\"expiryDate\":null,\"enabled\":1,\"parentId\":null,\"fields\":{\"31\":\"\",\"1\":\"<p>Our Student Media Advertising and Marketing team can help your campus department or local business reach the audience you are seeking. Our staff of account executives will work hand-in-hand to ensure your message is delivered effectively, efficiently and within your budget. Kent State Student Media has 10 different media partners and more than 30 outlets to reach your target market. We provide advertising, promotional item design and ordering, design services, video and audio production, and mobile DJ services. Contact our team today to get started.&nbsp;<\\/p>\",\"4\":\"ads@ksustudentmedia.com\",\"36\":\"1\",\"13\":[\"304\"],\"14\":\"\",\"68\":\"\",\"10\":\"330-672-6303\",\"29\":\"An innovative, energetic team connecting our clients to our media partners and signature brands such as KentWired, KentCribs and Transitions\",\"26\":\"\",\"21\":\"A multi-service, multim-platform solution\"}}', '2017-06-14 18:44:01', '2017-06-14 18:44:01', 'f36ab83a-c78b-4b33-ab87-0f3abadeb880'),
 ('587', '305', '24', '1', 'en_us', '1', NULL, '{\"typeId\":\"24\",\"authorId\":null,\"title\":\"Recognition Landing Page\",\"slug\":\"recognition-landing-page\",\"postDate\":1497466606,\"expiryDate\":null,\"enabled\":1,\"parentId\":null,\"fields\":[]}', '2017-06-14 18:56:46', '2017-06-14 18:56:46', 'a38b30e1-7634-4bdc-a268-8231c718d3ee'),
 ('589', '24', '4', '235', 'en_us', '19', '', '{\"typeId\":\"4\",\"authorId\":\"1\",\"title\":\"Luna Negra\",\"slug\":\"luna-negra\",\"postDate\":1488484140,\"expiryDate\":null,\"enabled\":1,\"parentId\":null,\"fields\":{\"31\":[\"68\"],\"1\":\"<p>Luna Negra, though sometimes under different names, has been around since 1956. It began under the English department, where it found its footing within the campus\\u2019s cultural atmosphere. Since then, the publication has been a staple of the university, witnessing the path Kent State has taken through the decades. We have published works describing the culture of collegiate 1950s, the Kent State shootings, and 9\\/11; the literary pieces published by Luna Negra, written by the students themselves, have chronicled every major cultural and historical event of America. Since its inception, and still to today, Luna Negra is run by students and filled with student content. We strive to foster creative activity across campus and seek to be the keeper and encourager of the student body\\u2019s creative spirit.<\\/p>\",\"4\":\"lunanegramag@gmail.com\",\"36\":\"1\",\"13\":[\"307\"],\"14\":[\"53\"],\"68\":\"\",\"10\":\"\",\"29\":\"Kent State\\u2019s literary and arts journal publishing a blend of poetry, prose, photography and illustration. \",\"26\":{\"129\":{\"type\":\"socialMediaBlock\",\"enabled\":\"1\",\"fields\":{\"socialName\":\"facebook\",\"address\":\"https:\\/\\/www.facebook.com\\/lunanegramag\\/\"}},\"130\":{\"type\":\"socialMediaBlock\",\"enabled\":\"1\",\"fields\":{\"socialName\":\"instagram\",\"address\":\"https:\\/\\/www.instagram.com\\/lunanegramagazine\\/\"}},\"131\":{\"type\":\"socialMediaBlock\",\"enabled\":\"1\",\"fields\":{\"socialName\":\"twitter\",\"address\":\"https:\\/\\/twitter.com\\/lunanegramag\"}},\"132\":{\"type\":\"socialMediaBlock\",\"enabled\":\"1\",\"fields\":{\"socialName\":\"website\",\"address\":\"http:\\/\\/www.lunanegramag.com\\/\"}}},\"21\":\"Kent State\'s Literary and Arts Journal\"}}', '2017-06-14 19:34:21', '2017-06-14 19:34:21', '349f2ac1-d046-40c8-a106-51990bcdae97'),
 ('590', '24', '4', '235', 'en_us', '20', '', '{\"typeId\":\"4\",\"authorId\":\"1\",\"title\":\"Luna Negra\",\"slug\":\"luna-negra\",\"postDate\":1488484140,\"expiryDate\":null,\"enabled\":1,\"parentId\":null,\"fields\":{\"31\":[\"68\"],\"1\":\"<p>Luna Negra, though sometimes under different names, has been around since 1956. It began under the English department, where it found its footing within the campus\\u2019s cultural atmosphere. Since then, the publication has been a staple of the university, witnessing the path Kent State has taken through the decades. We have published works describing the culture of collegiate 1950s, the Kent State shootings, and 9\\/11; the literary pieces published by Luna Negra, written by the students themselves, have chronicled every major cultural and historical event of America. Since its inception, and still to today, Luna Negra is run by students and filled with student content. We strive to foster creative activity across campus and seek to be the keeper and encourager of the student body\\u2019s creative spirit.<\\/p>\",\"4\":\"lunanegramag@gmail.com\",\"36\":\"1\",\"13\":[\"308\"],\"14\":[\"53\"],\"68\":\"\",\"10\":\"\",\"29\":\"Kent State\\u2019s literary and arts journal publishing a blend of poetry, prose, photography and illustration. \",\"26\":{\"129\":{\"type\":\"socialMediaBlock\",\"enabled\":\"1\",\"fields\":{\"socialName\":\"facebook\",\"address\":\"https:\\/\\/www.facebook.com\\/lunanegramag\\/\"}},\"130\":{\"type\":\"socialMediaBlock\",\"enabled\":\"1\",\"fields\":{\"socialName\":\"instagram\",\"address\":\"https:\\/\\/www.instagram.com\\/lunanegramagazine\\/\"}},\"131\":{\"type\":\"socialMediaBlock\",\"enabled\":\"1\",\"fields\":{\"socialName\":\"twitter\",\"address\":\"https:\\/\\/twitter.com\\/lunanegramag\"}},\"132\":{\"type\":\"socialMediaBlock\",\"enabled\":\"1\",\"fields\":{\"socialName\":\"website\",\"address\":\"http:\\/\\/www.lunanegramag.com\\/\"}}},\"21\":\"Kent State\'s Literary and Arts Journal\"}}', '2017-06-14 19:57:00', '2017-06-14 19:57:00', 'a0c465c0-d626-4d08-8279-59ea4b79434b'),
 ('591', '20', '4', '235', 'en_us', '20', '', '{\"typeId\":\"4\",\"authorId\":\"1\",\"title\":\"TV2\",\"slug\":\"tv2\",\"postDate\":1488483960,\"expiryDate\":null,\"enabled\":1,\"parentId\":null,\"fields\":{\"31\":[\"42\"],\"1\":\"<p>TV2 is Kent State\'s award-winning television station that strives to be Truly Portage County. From local news and sports to entertainment buzz and important social issues surrounding the region, TV2 covers the Kent State and Portage County area like no other television station can, while educating and preparing students for the future. TV2 is found online with media partner The Kent Stater at kentwired.com,&nbsp;reaches more than 26,000 homes on Spectrum Cable channel 16 and more than 7500 KSU students on campus television station 2-2.&nbsp;<\\/p>\",\"4\":\"lkober@kent.edu\",\"36\":\"1\",\"13\":[\"309\"],\"14\":[\"55\"],\"68\":\"\",\"10\":\"330-672-2584\",\"29\":\"Award-winning television that strives to be \\\"Truly Portage County\\\" with news, sports and entertainment programming\",\"26\":{\"153\":{\"type\":\"socialMediaBlock\",\"enabled\":\"1\",\"fields\":{\"socialName\":\"instagram\",\"address\":\"https:\\/\\/www.instagram.com\\/tv2ksu\\/\"}},\"154\":{\"type\":\"socialMediaBlock\",\"enabled\":\"1\",\"fields\":{\"socialName\":\"twitter\",\"address\":\"https:\\/\\/twitter.com\\/TV2KSU\"}},\"155\":{\"type\":\"socialMediaBlock\",\"enabled\":\"1\",\"fields\":{\"socialName\":\"facebook\",\"address\":\"https:\\/\\/www.facebook.com\\/tv2ksu\\/\"}},\"222\":{\"type\":\"socialMediaBlock\",\"enabled\":\"1\",\"fields\":{\"socialName\":\"website\",\"address\":\"http:\\/\\/www.kentwired.com\\/tv2\\/\"}}},\"21\":\"Truly Portage County \"}}', '2017-06-14 20:05:57', '2017-06-14 20:05:57', '414fd0bc-9c15-4cdb-989f-a38527cc1b36'),
 ('592', '23', '4', '235', 'en_us', '17', '', '{\"typeId\":\"4\",\"authorId\":\"1\",\"title\":\"KentWired\",\"slug\":\"kentwired\",\"postDate\":1488484080,\"expiryDate\":null,\"enabled\":1,\"parentId\":null,\"fields\":{\"31\":[\"69\"],\"1\":\"<p>KentWired.com is shared website for The Kent Stater and TV2 KSU. Featuring top news, entertainment, community and campus news, sports and video, KentWired is the place to turn to for everything Kent and Portage County. The site also features classifieds, TV2 newscasts and entertainment shows and a live stream to TV2. KentWired is also the key source to news over the summer months.<\\/p>\",\"4\":\"kentwired@gmail.com\",\"36\":\"1\",\"13\":[\"221\"],\"14\":\"\",\"68\":\"\",\"10\":\"330-672-2586\",\"29\":\"KentWired is the online outlet for Student Media partners, The Kent Stater and TV2, and is the best breaking news source in Kent and Portage County.\",\"26\":{\"149\":{\"type\":\"socialMediaBlock\",\"enabled\":\"1\",\"fields\":{\"socialName\":\"instagram\",\"address\":\"https:\\/\\/www.instagram.com\\/kentwired\\/\"}},\"150\":{\"type\":\"socialMediaBlock\",\"enabled\":\"1\",\"fields\":{\"socialName\":\"twitter\",\"address\":\"https:\\/\\/twitter.com\\/kentwired\"}},\"151\":{\"type\":\"socialMediaBlock\",\"enabled\":\"1\",\"fields\":{\"socialName\":\"facebook\",\"address\":\"https:\\/\\/www.facebook.com\\/KentWired\\/\"}},\"152\":{\"type\":\"socialMediaBlock\",\"enabled\":\"1\",\"fields\":{\"socialName\":\"website\",\"address\":\"http:\\/\\/www.kentwired.com\\/\"}}},\"21\":\"\"}}', '2017-06-14 20:08:40', '2017-06-14 20:08:40', '24dfcf86-989d-44b6-bbf8-893d019997c5'),
 ('593', '101', '4', '235', 'en_us', '17', '', '{\"typeId\":\"4\",\"authorId\":\"1\",\"title\":\"Student Media Advertising\",\"slug\":\"student-media-ad-sales\",\"postDate\":1492116120,\"expiryDate\":null,\"enabled\":1,\"parentId\":null,\"fields\":{\"31\":\"\",\"1\":\"<p>Our Student Media Advertising and Marketing team can help your campus department or local business reach the audience you are seeking. Our staff of account executives will work hand-in-hand to ensure your message is delivered effectively, efficiently and within your budget. Kent State Student Media has 10 different media partners and more than 30 outlets to reach your target market. We provide advertising, promotional item design and ordering, design services, video and audio production, and mobile DJ services. Contact our team today to get started.&nbsp;<\\/p>\",\"4\":\"ads@ksustudentmedia.com\",\"36\":\"1\",\"13\":[\"304\"],\"14\":\"\",\"68\":\"\",\"10\":\"330-672-6303\",\"29\":\"An innovative, energetic team connecting our clients to our media partners and signature brands such as KentWired, KentCribs and Transitions\",\"26\":\"\",\"21\":\"A multi-service, multim-platform solution\"}}', '2017-06-14 20:10:16', '2017-06-14 20:10:16', '6704fa24-25b7-40e1-9969-0f1467504c74'),
 ('594', '93', '4', '235', 'en_us', '9', '', '{\"typeId\":\"4\",\"authorId\":\"1\",\"title\":\"Transitions\",\"slug\":\"transitions\",\"postDate\":1492115640,\"expiryDate\":null,\"enabled\":1,\"parentId\":null,\"fields\":{\"31\":[\"68\"],\"1\":\"<p>Transitions magazine is a go-to guide about area restaurants, shopping, banks, ATMs, hotels, transportation and other tips to make the first year at Kent State successful. It is endorsed by Destination Kent State and is given to students and their parents\\/guardians during the freshman orientation program.<\\/p>\",\"4\":\"\",\"36\":\"\",\"13\":[\"233\"],\"14\":\"\",\"68\":\"\",\"10\":\"\",\"29\":\"Transitions magazine is the freshman\'s go-to guide for everything Kent.\",\"26\":\"\",\"21\":\"\"}}', '2017-06-14 20:10:22', '2017-06-14 20:10:22', '901e1e7b-383a-41cb-9451-757a916c47c7'),
 ('595', '24', '4', '235', 'en_us', '21', '', '{\"typeId\":\"4\",\"authorId\":\"1\",\"title\":\"Luna Negra\",\"slug\":\"luna-negra\",\"postDate\":1488484140,\"expiryDate\":null,\"enabled\":1,\"parentId\":null,\"fields\":{\"31\":[\"68\"],\"1\":\"<p>Luna Negra, though sometimes under different names, has been around since 1956. It began under the English department, where it found its footing within the campus\\u2019s cultural atmosphere. Since then, the publication has been a staple of the university, witnessing the path Kent State has taken through the decades. We have published works describing the culture of collegiate 1950s, the Kent State shootings, and 9\\/11; the literary pieces published by Luna Negra, written by the students themselves, have chronicled every major cultural and historical event of America. Since its inception, and still to today, Luna Negra is run by students and filled with student content. We strive to foster creative activity across campus and seek to be the keeper and encourager of the student body\\u2019s creative spirit.<\\/p>\",\"4\":\"lunanegramag@gmail.com\",\"36\":\"1\",\"13\":[\"308\"],\"14\":[\"53\"],\"68\":\"\",\"10\":\"\",\"29\":\"Kent State\\u2019s literary and arts journal publishing a blend of poetry, prose, photography and illustration\",\"26\":{\"129\":{\"type\":\"socialMediaBlock\",\"enabled\":\"1\",\"fields\":{\"socialName\":\"facebook\",\"address\":\"https:\\/\\/www.facebook.com\\/lunanegramag\\/\"}},\"130\":{\"type\":\"socialMediaBlock\",\"enabled\":\"1\",\"fields\":{\"socialName\":\"instagram\",\"address\":\"https:\\/\\/www.instagram.com\\/lunanegramagazine\\/\"}},\"131\":{\"type\":\"socialMediaBlock\",\"enabled\":\"1\",\"fields\":{\"socialName\":\"twitter\",\"address\":\"https:\\/\\/twitter.com\\/lunanegramag\"}},\"132\":{\"type\":\"socialMediaBlock\",\"enabled\":\"1\",\"fields\":{\"socialName\":\"website\",\"address\":\"http:\\/\\/www.lunanegramag.com\\/\"}}},\"21\":\"Kent State\'s Literary and Arts Journal\"}}', '2017-06-14 20:10:38', '2017-06-14 20:10:38', '4c1368ca-7da4-4778-8aeb-79ebecb50c32'),
 ('596', '25', '4', '235', 'en_us', '24', '', '{\"typeId\":\"4\",\"authorId\":\"1\",\"title\":\"KSU Independent Films\",\"slug\":\"ksu-independent-films\",\"postDate\":1488484140,\"expiryDate\":null,\"enabled\":1,\"parentId\":null,\"fields\":{\"31\":[\"42\"],\"1\":\"<p>Kent State University Independent Films (KSUIF) is an organization fueled by students\\u2019 passion for film. In 2008, professors Traci E. Williams and David Smeltzer collaborated to create this wonderful program, which is designed to give students real-world film experience. Today, nearly 500 people are currently involved in the organization.<\\/p>\",\"4\":\"kentstatefilms@gmail.com\",\"36\":\"1\",\"13\":[\"238\"],\"14\":[\"52\"],\"68\":[\"52\"],\"10\":\"330-672-8198\",\"29\":\"KSUIF is a production company that teaches, inspires and prepares filmmakers for the real-world industry \",\"26\":{\"37\":{\"type\":\"socialMediaBlock\",\"enabled\":\"1\",\"fields\":{\"socialName\":\"twitter\",\"address\":\"http:\\/\\/www.twitter.com\\/ksuif\"}},\"225\":{\"type\":\"socialMediaBlock\",\"enabled\":\"1\",\"fields\":{\"socialName\":\"facebook\",\"address\":\"https:\\/\\/www.facebook.com\\/ksuindependentfilms\\/\"}},\"226\":{\"type\":\"socialMediaBlock\",\"enabled\":\"1\",\"fields\":{\"socialName\":\"website\",\"address\":\"http:\\/\\/kentstatefilms.com\\/\"}}},\"21\":\"Making movies and more \"}}', '2017-06-14 20:10:55', '2017-06-14 20:10:55', '6db22f41-2a9c-4dba-8299-6b2e66bbd645'),
 ('597', '23', '4', '235', 'en_us', '18', '', '{\"typeId\":\"4\",\"authorId\":\"1\",\"title\":\"KentWired\",\"slug\":\"kentwired\",\"postDate\":1488484080,\"expiryDate\":null,\"enabled\":1,\"parentId\":null,\"fields\":{\"31\":[\"69\"],\"1\":\"<p>KentWired.com is shared website for Student Media partners, The Kent Stater and TV2 KSU. The site features top news, entertainment, community and campus news, sports and video. KentWired is the place to turn to for everything Kent and Portage County. The site also features classifieds, TV2 newscasts and entertainment shows and a live stream to TV2. KentWired is a key source for news during the summer. With 40,000 unique visitors per month, KentWired is a top news source in Kent and Portage County.&nbsp;<\\/p>\",\"4\":\"kentwired@gmail.com\",\"36\":\"1\",\"13\":[\"221\"],\"14\":\"\",\"68\":\"\",\"10\":\"330-672-2586\",\"29\":\"The online outlet for Student Media partners, The Kent Stater and TV2, and the best breaking news source in Kent and Portage County\",\"26\":{\"149\":{\"type\":\"socialMediaBlock\",\"enabled\":\"1\",\"fields\":{\"socialName\":\"instagram\",\"address\":\"https:\\/\\/www.instagram.com\\/kentwired\\/\"}},\"150\":{\"type\":\"socialMediaBlock\",\"enabled\":\"1\",\"fields\":{\"socialName\":\"twitter\",\"address\":\"https:\\/\\/twitter.com\\/kentwired\"}},\"151\":{\"type\":\"socialMediaBlock\",\"enabled\":\"1\",\"fields\":{\"socialName\":\"facebook\",\"address\":\"https:\\/\\/www.facebook.com\\/KentWired\\/\"}},\"152\":{\"type\":\"socialMediaBlock\",\"enabled\":\"1\",\"fields\":{\"socialName\":\"website\",\"address\":\"http:\\/\\/www.kentwired.com\\/\"}}},\"21\":\"\"}}', '2017-06-14 20:15:13', '2017-06-14 20:15:13', '6a00fd3f-dd1d-4f03-809d-4115586234a8'),
 ('598', '93', '4', '235', 'en_us', '10', '', '{\"typeId\":\"4\",\"authorId\":\"1\",\"title\":\"Transitions\",\"slug\":\"transitions\",\"postDate\":1492115640,\"expiryDate\":null,\"enabled\":1,\"parentId\":null,\"fields\":{\"31\":[\"68\"],\"1\":\"<p>Transitions magazine is a go-to guide about area restaurants, shopping, banks, ATMs, hotels, transportation and other tips to make the first year at Kent State successful. It is endorsed by Destination Kent State and is given to students and their parents\\/guardians during the freshman orientation program.<\\/p>\",\"4\":\"\",\"36\":\"\",\"13\":[\"233\"],\"14\":\"\",\"68\":\"\",\"10\":\"\",\"29\":\"Transitions magazine is the new student\'s go-to guide for everything Kent\",\"26\":\"\",\"21\":\"\"}}', '2017-06-14 20:23:31', '2017-06-14 20:23:31', '0463b283-00c4-42f9-b090-4692a1ab2ad0'),
 ('599', '59', '10', '235', 'en_us', '12', '', '{\"typeId\":null,\"authorId\":null,\"title\":\"Media Partners\",\"slug\":\"media-partners-home\",\"postDate\":1489687966,\"expiryDate\":null,\"enabled\":1,\"parentId\":null,\"fields\":{\"1\":\"<p>Ten distinct media partners make up the engine that drives Kent State Student Media forward. Each partner is a unique and independent student organization. They have opted to join together for mutual benefit under the banner of Student Media. At the top of each group is the selected editor, general manager or president who each \\\"have sole authority to determine content for the media they lead and in turn take full responsibility for the content decisions made.\\\" They work with their faculty advisers, and others, to provide professional, high quality content for their audiences. Learn about each media partner below.&nbsp;<\\/p>\",\"13\":[\"249\"],\"72\":\"\",\"21\":\"The engine of Student Media\"}}', '2017-06-14 20:50:48', '2017-06-14 20:50:48', '365f9d31-a09d-4133-8a8e-d86f52c83cb1'),
 ('600', '310', '2', '235', 'en_us', '1', '', '{\"typeId\":null,\"authorId\":\"235\",\"title\":\"The Burr earns national accolades, name \\\"Best Student Magazine\\\"\",\"slug\":\"the-burr-earns-national-accolades-name-best-student-magazine\",\"postDate\":1497474086,\"expiryDate\":null,\"enabled\":1,\"parentId\":null,\"fields\":{\"1\":\"<p><em>The Burr Magazine<\\/em>, Kent State\\u2019s general interest student magazine, was named the best student magazine in the nation by the Society of Professional Journalists (SPJ). Kent State also earned national finalist status in two categories in SPJ\\u2019s annual national Mark of Excellence Awards competition.<br><\\/p>\\r\\n<p>In each category, SPJ chooses one winner and up to two national finalists from student journalists\\u2019 submissions from across the United States.<\\/p>\\r\\n<h3>NATIONAL WINNER, BEST MAGAZINE<\\/h3>\\r\\n<p>The Fall 2016 issue of&nbsp;<em>The Burr Magazine&nbsp;<\\/em>was named the national winner and best student magazine in the nation. Alumna&nbsp;<strong>Neville Hardman, \\u201916<\\/strong>, served as editor of the submitted issue, which celebrated nostalgia and the retro revival of television, film, fashion and culture.<\\/p>\\r\\n<p>\\u201cThe idea was to create a product that reflected on trends and pop culture without losing the integrity of the magazine,\\u201d Hardman said. \\u201c&hellip; I\'m floored to have been the editor of a magazine that received this honor. Nostalgia is something everyone can relate to, and I\'m glad the judges enjoyed this issue as much as we enjoyed putting it together.\\u201d&nbsp;<\\/p>\\r\\n<p>Some of the magazine\\u2019s features included a profile on a straight edge student, a visual spread about vintage fashion and a story about anxiety issues related to social media.&nbsp;<a href=\\\"http:\\/\\/theburr.com\\/archives\\/?documentId=161212222537-df062dcb9361051047cca66dd3d3a063&issuutitle=The%20Burr%20Magazine%20Fall%202016#issuupress\\\">Read the issue in&nbsp;<em>The Burr\\u2019s<\\/em>&nbsp;archives<\\/a>.<\\/p>\\r\\n<h3>NATIONAL FINALIST, GENERAL NEWS PHOTOGRAPHY<\\/h3>\\r\\n<p><strong>Clint Datchuk, \\u201917,<\\/strong>&nbsp;was named a national finalist in the General News Photography category (large school), for his submission \\u201cDay 4 of Cleveland RNC.\\u201d Datchuk followed the 2016 presidential campaign from beginning to end, covering local campaign stops, the Republican National Convention in Cleveland (where he shot the national finalist-recognized photo) and the Donald Trump election night headquarters in New York City. Earlier this year, his photography on the campaign trail earned him top honors in College Photographer of the Year\\u2019s general news category.<\\/p>\\r\\n<p>Of the experience, he said, \\u201cMy experience at Kent State allowed me to see (the 2016 election) from beginning to end and document history as it happened.\\u201d<\\/p>\\r\\n<h3>NATIONAL FINALIST, BREAKING NEWS REPORTING<\\/h3>\\r\\n<p>The KentWired staff was recognized as a national finalist in the Breaking News Reporting category for its coverage of&nbsp;<a href=\\\"http:\\/\\/www.kentwired.com\\/latest_updates\\/article_e83a399e-cf53-11e5-b8cf-7300a5fbb5b6.html\\\">the Kesterson lawsuit<\\/a>. &nbsp;&nbsp;<\\/p>\\r\\n<p>Throughout 2016, the staff followed the civil lawsuit filed by senior health studies major Lauren Kesterson, a former Kent State softball player, alleging she was raped by the son of former softball coach Karen Linder and that the university did not comply with Title IX reporting procedures.<\\/p>\\r\\n<p>The following alumni from the School of Journalism and Mass Communication (JMC), contributed to the initial reporting while they were students:&nbsp;<strong>Ian Flickinger, \\u201916<\\/strong>,&nbsp;<strong>Stephen Means, \\u201916<\\/strong>,<strong>Jimmy Miller, \\u201917<\\/strong>, and&nbsp;<strong>Emily Mills, \\u201916<\\/strong>.<\\/p>\\r\\n<p>In April,&nbsp;<a href=\\\"https:\\/\\/www.kent.edu\\/jmc\\/news\\/jmc-takes-seven-first-place-regional-honors-spj\\\">Kent State earned 14 regional honors from SPJ<\\/a>, including regional first place honors in general news photography, photo illustration, sports photography, best student magazine, non-fiction magazine article, breaking news reporting and best affiliated web site. Each first-place regional honor was then eligible for a national Mark of Excellence award.&nbsp;<\\/p>\",\"2\":\"\"}}', '2017-06-14 21:01:26', '2017-06-14 21:01:26', '4ebbfdf9-aa45-4607-9482-20ecfefe42f3'),
 ('601', '310', '2', '235', 'en_us', '2', '', '{\"typeId\":\"2\",\"authorId\":\"235\",\"title\":\"The Burr earns national accolades, named \'Best Student Magazine\'\",\"slug\":\"the-burr-earns-national-accolades-name-best-student-magazine\",\"postDate\":1497474060,\"expiryDate\":null,\"enabled\":1,\"parentId\":null,\"fields\":{\"1\":\"<p><em>The Burr Magazine<\\/em>, Kent State\\u2019s general interest student magazine, was named the best student magazine in the nation by the Society of Professional Journalists (SPJ). Kent State also earned national finalist status in two categories in SPJ\\u2019s annual national Mark of Excellence Awards competition.<br><\\/p>\\r\\n<p>In each category, SPJ chooses one winner and up to two national finalists from student journalists\\u2019 submissions from across the United States.<\\/p>\\r\\n<h3>NATIONAL WINNER, BEST MAGAZINE<\\/h3>\\r\\n<p>The Fall 2016 issue of&nbsp;<em>The Burr Magazine&nbsp;<\\/em>was named the national winner and best student magazine in the nation. Alumna&nbsp;<strong>Neville Hardman, \\u201916<\\/strong>, served as editor of the submitted issue, which celebrated nostalgia and the retro revival of television, film, fashion and culture.<\\/p>\\r\\n<p>\\u201cThe idea was to create a product that reflected on trends and pop culture without losing the integrity of the magazine,\\u201d Hardman said. \\u201c&hellip; I\'m floored to have been the editor of a magazine that received this honor. Nostalgia is something everyone can relate to, and I\'m glad the judges enjoyed this issue as much as we enjoyed putting it together.\\u201d&nbsp;<\\/p>\\r\\n<p>Some of the magazine\\u2019s features included a profile on a straight edge student, a visual spread about vintage fashion and a story about anxiety issues related to social media.&nbsp;<a href=\\\"http:\\/\\/theburr.com\\/archives\\/?documentId=161212222537-df062dcb9361051047cca66dd3d3a063&issuutitle=The%20Burr%20Magazine%20Fall%202016#issuupress\\\">Read the issue in&nbsp;<em>The Burr\\u2019s<\\/em>&nbsp;archives<\\/a>.<\\/p>\\r\\n<h3>NATIONAL FINALIST, GENERAL NEWS PHOTOGRAPHY<\\/h3>\\r\\n<p><strong>Clint Datchuk, \\u201917,<\\/strong>&nbsp;was named a national finalist in the General News Photography category (large school), for his submission \\u201cDay 4 of Cleveland RNC.\\u201d Datchuk followed the 2016 presidential campaign from beginning to end, covering local campaign stops, the Republican National Convention in Cleveland (where he shot the national finalist-recognized photo) and the Donald Trump election night headquarters in New York City. Earlier this year, his photography on the campaign trail earned him top honors in College Photographer of the Year\\u2019s general news category.<\\/p>\\r\\n<p>Of the experience, he said, \\u201cMy experience at Kent State allowed me to see (the 2016 election) from beginning to end and document history as it happened.\\u201d<\\/p>\\r\\n<h3>NATIONAL FINALIST, BREAKING NEWS REPORTING<\\/h3>\\r\\n<p>The KentWired staff was recognized as a national finalist in the Breaking News Reporting category for its coverage of&nbsp;<a href=\\\"http:\\/\\/www.kentwired.com\\/latest_updates\\/article_e83a399e-cf53-11e5-b8cf-7300a5fbb5b6.html\\\">the Kesterson lawsuit<\\/a>. &nbsp;&nbsp;<\\/p>\\r\\n<p>Throughout 2016, the staff followed the civil lawsuit filed by senior health studies major Lauren Kesterson, a former Kent State softball player, alleging she was raped by the son of former softball coach Karen Linder and that the university did not comply with Title IX reporting procedures.<\\/p>\\r\\n<p>The following alumni from the School of Journalism and Mass Communication (JMC), contributed to the initial reporting while they were students:&nbsp;<strong>Ian Flickinger, \\u201916<\\/strong>,&nbsp;<strong>Stephen Means, \\u201916<\\/strong>,<strong>Jimmy Miller, \\u201917<\\/strong>, and&nbsp;<strong>Emily Mills, \\u201916<\\/strong>.<\\/p>\\r\\n<p>In April,&nbsp;<a href=\\\"https:\\/\\/www.kent.edu\\/jmc\\/news\\/jmc-takes-seven-first-place-regional-honors-spj\\\">Kent State earned 14 regional honors from SPJ<\\/a>, including regional first place honors in general news photography, photo illustration, sports photography, best student magazine, non-fiction magazine article, breaking news reporting and best affiliated web site. Each first-place regional honor was then eligible for a national Mark of Excellence award.&nbsp;<\\/p>\",\"2\":\"\"}}', '2017-06-14 21:02:00', '2017-06-14 21:02:00', '967e7970-a651-4364-b5e0-d05ee84cc930'),
 ('602', '310', '2', '235', 'en_us', '3', '', '{\"typeId\":\"2\",\"authorId\":\"235\",\"title\":\"The Burr earns national accolades, named \'Best Student Magazine\'\",\"slug\":\"the-burr-earns-national-accolades-name-best-student-magazine\",\"postDate\":1497474060,\"expiryDate\":null,\"enabled\":1,\"parentId\":null,\"fields\":{\"1\":\"<p><em>The Burr Magazine<\\/em>, Kent State\\u2019s general interest student magazine, was named the best student magazine in the nation by the Society of Professional Journalists (SPJ). Kent State also earned national finalist status in two categories in SPJ\\u2019s annual national Mark of Excellence Awards competition.<br><\\/p>\\r\\n<p>In each category, SPJ chooses one winner and up to two national finalists from student journalists\\u2019 submissions from across the United States.<\\/p>\\r\\n<h3>NATIONAL WINNER, BEST MAGAZINE<\\/h3>\\r\\n<p>The Fall 2016 issue of&nbsp;<em>The Burr Magazine&nbsp;<\\/em>was named the national winner and best student magazine in the nation. Alumna&nbsp;<strong>Neville Hardman, \\u201916<\\/strong>, served as editor of the submitted issue, which celebrated nostalgia and the retro revival of television, film, fashion and culture.<\\/p>\\r\\n<p>\\u201cThe idea was to create a product that reflected on trends and pop culture without losing the integrity of the magazine,\\u201d Hardman said. \\u201c&hellip; I\'m floored to have been the editor of a magazine that received this honor. Nostalgia is something everyone can relate to, and I\'m glad the judges enjoyed this issue as much as we enjoyed putting it together.\\u201d&nbsp;<\\/p>\\r\\n<p>Some of the magazine\\u2019s features included a profile on a straight edge student, a visual spread about vintage fashion and a story about anxiety issues related to social media.&nbsp;<a href=\\\"http:\\/\\/theburr.com\\/archives\\/?documentId=161212222537-df062dcb9361051047cca66dd3d3a063&issuutitle=The%20Burr%20Magazine%20Fall%202016#issuupress\\\">Read the issue in&nbsp;<em>The Burr\\u2019s<\\/em>&nbsp;archives<\\/a>.<\\/p>\\r\\n<h3>NATIONAL FINALIST, GENERAL NEWS PHOTOGRAPHY<\\/h3>\\r\\n<p><strong>Clint Datchuk, \\u201917,<\\/strong>&nbsp;was named a national finalist in the General News Photography category (large school), for his submission \\u201cDay 4 of Cleveland RNC.\\u201d Datchuk followed the 2016 presidential campaign from beginning to end, covering local campaign stops, the Republican National Convention in Cleveland (where he shot the national finalist-recognized photo) and the Donald Trump election night headquarters in New York City. Earlier this year, his photography on the campaign trail earned him top honors in College Photographer of the Year\\u2019s general news category.<\\/p>\\r\\n<p>Of the experience, he said, \\u201cMy experience at Kent State allowed me to see (the 2016 election) from beginning to end and document history as it happened.\\u201d<\\/p>\\r\\n<h3>NATIONAL FINALIST, BREAKING NEWS REPORTING<\\/h3>\\r\\n<p>The KentWired staff was recognized as a national finalist in the Breaking News Reporting category for its coverage of&nbsp;<a href=\\\"http:\\/\\/www.kentwired.com\\/latest_updates\\/article_e83a399e-cf53-11e5-b8cf-7300a5fbb5b6.html\\\">the Kesterson lawsuit<\\/a>. &nbsp;&nbsp;<\\/p>\\r\\n<p>Throughout 2016, the staff followed the civil lawsuit filed by senior health studies major Lauren Kesterson, a former Kent State softball player, alleging she was raped by the son of former softball coach Karen Linder and that the university did not comply with Title IX reporting procedures.<\\/p>\\r\\n<p>The following alumni from the School of Journalism and Mass Communication (JMC), contributed to the initial reporting while they were students:&nbsp;<strong>Ian Flickinger, \\u201916<\\/strong>,&nbsp;<strong>Stephen Means, \\u201916<\\/strong>,<strong>Jimmy Miller, \\u201917<\\/strong>, and&nbsp;<strong>Emily Mills, \\u201916<\\/strong>.<\\/p>\\r\\n<p>In April,&nbsp;<a href=\\\"https:\\/\\/www.kent.edu\\/jmc\\/news\\/jmc-takes-seven-first-place-regional-honors-spj\\\">Kent State earned 14 regional honors from SPJ<\\/a>, including regional first place honors in general news photography, photo illustration, sports photography, best student magazine, non-fiction magazine article, breaking news reporting and best affiliated web site. Each first-place regional honor was then eligible for a national Mark of Excellence award.&nbsp;<\\/p>\",\"2\":\"\"}}', '2017-06-14 21:03:44', '2017-06-14 21:03:44', 'f890ea2e-991f-4650-95c0-477b60e4344c'),
 ('603', '2', '1', '235', 'en_us', '54', '', '{\"typeId\":\"1\",\"authorId\":null,\"title\":\"Kent State Student Media\",\"slug\":\"homepage\",\"postDate\":1495818871,\"expiryDate\":null,\"enabled\":1,\"parentId\":null,\"fields\":{\"61\":[\"58\"],\"55\":\"<p>We are your direct access to more than 70,000 people. We connect you to our audience through award-winning digital, print, film and broadcast media.<\\/p>\\r\\n<p>We have been serving Kent State University and the Kent community for more than 80 years with independent student-produced media. We have the outlets you need to reach the target audience you want.<\\/p>\\r\\n<p>We look forward to partnering with you and look forward to your success.<\\/p>\",\"62\":[\"61\"],\"63\":\"Advertise With Us\",\"1\":\"<p>Kent State Student Media makes the connections you need. Whether you are a student searching for an authentic media experience, a community member wanting to share your story, or simply somebody seeking quality news, information and entertainment, we deliver for you across 34 outlets through print, digital and social media. &nbsp;<br><\\/p>\",\"12\":\"Student Media Connects\",\"13\":[\"240\",\"242\",\"243\",\"241\",\"244\",\"238\"],\"17\":\"\",\"64\":\"Our Media Partners\",\"21\":\"Ten media partners. Seven hundred students. One mission. \",\"22\":\"https:\\/\\/player.vimeo.com\\/video\\/210945217\",\"65\":\"Take a 90-second tour of Kent State Student Media \"}}', '2017-06-15 19:33:03', '2017-06-15 19:33:03', 'e46db82d-5fcc-4a84-b8a1-c299ebd59ca2'),
 ('604', '58', '9', '235', 'en_us', '38', '', '{\"typeId\":\"9\",\"authorId\":null,\"title\":\"About us\",\"slug\":\"about\",\"postDate\":1492560894,\"expiryDate\":null,\"enabled\":1,\"parentId\":null,\"fields\":{\"1\":\"<p>For more than 90 years, students at Kent State University have been finding ways to tell stories and disseminate vital and compelling information.\\r\\n  <\\/p>\\r\\n<p>Even before formal journalism education classes had been established, students were chasing leads and documenting the events shaping our history, sharing their work in the Normal High School News and The Chestnut Burr in 1914, The Kentonian in 1915 and eventually the first issue of The Kent Stater on July 29, 1926.<\\/p>\\r\\n<p>We now are more than 700 students working with 10 distinct and independent Student Media partners who create unique content distributed across 34 different outlets on multiple platforms. Our students are supported in their efforts by a strong fabric of faculty advisers, professional staff, university support and, of course, financial support from the students of Kent State University.&nbsp;<\\/p>\\r\\n<p>And while the methods have varied since those early publications, our core philosophy has remained constant: empower students to create valued sources and encourage excellence.\\r\\n  <\\/p>\\r\\n<p>Won\\u2019t you join us and continue the story?<\\/p>\\r\\n<hr>\\r\\n<p><strong>Our mission-driven leadership begins here:<\\/strong><strong><em><br><\\/em><\\/strong><\\/p>\\r\\n<p><strong>STUDENT MEDIA EMPOWERS STUDENTS<\\/strong> through practical, collaborative and professional learning opportunities within an independent, student-led and multi-platform media framework.<br><\\/p>\\r\\n<p><strong>OUR STUDENTS CREATE <\\/strong>valued sources of journalism, information, entertainment and advertising and develop meaningful connections with our core audiences.<br><\\/p>\\r\\n<p><strong>WE ENCOURAGE EXCELLENCE<\\/strong>, leadership and accountability as students become innovative, ethical and skilled media producers within a diverse and global society. <br><\\/p>\",\"11\":[\"166\"],\"13\":[\"246\"],\"71\":\"\",\"70\":\"\",\"47\":\"<p>We like to think big. And sometimes our budget can\'t keep up. Your generous gift helps our students build on their big ideas. Your gift can be directed at a specific media partner or go directly to support Student Media in general. &nbsp;<br><\\/p>\",\"21\":\"Through the combined effort of students and faculty, our mission is to provide a professional learning foundation for all.\"}}', '2017-06-15 19:38:17', '2017-06-15 19:38:17', 'b6214831-2292-4350-a901-3d5a7be22796'),
 ('605', '58', '9', '235', 'en_us', '39', '', '{\"typeId\":\"9\",\"authorId\":null,\"title\":\"About us\",\"slug\":\"about\",\"postDate\":1492560894,\"expiryDate\":null,\"enabled\":1,\"parentId\":null,\"fields\":{\"1\":\"<p>For more than 90 years, students at Kent State University have been finding ways to tell stories and disseminate vital and compelling information.\\r\\n  <\\/p>\\r\\n<p>Even before formal journalism education classes had been established, students were chasing leads and documenting the events shaping our history, sharing their work in the Normal High School News and The Chestnut Burr in 1914, The Kentonian in 1915 and eventually the first issue of The Kent Stater on July 29, 1926.<\\/p>\\r\\n<p>We now are more than 700 students working with 10 distinct and independent Student Media partners who create unique content distributed across 34 different outlets on multiple platforms. Our students are supported in their efforts by a strong fabric of faculty advisers, professional staff, university support and, of course, financial support from the students of Kent State University.&nbsp;<\\/p>\\r\\n<p>And while the methods have varied since those early publications, our core philosophy has remained constant: empower students to create valued sources and encourage excellence.\\r\\n  <\\/p>\\r\\n<p>Won\\u2019t you join us and continue the story?<\\/p>\\r\\n<hr>\\r\\n<p><strong>Our mission-driven leadership begins here:<\\/strong><strong><em><br><\\/em><\\/strong><\\/p>\\r\\n<p><strong>STUDENT MEDIA EMPOWERS STUDENTS<\\/strong> through practical, collaborative and professional learning opportunities within an independent, student-led and multi-platform media framework.<br><\\/p>\\r\\n<p><strong>OUR STUDENTS CREATE <\\/strong>valued sources of journalism, information, entertainment and advertising and develop meaningful connections with our core audiences.<br><\\/p>\\r\\n<p><strong>WE ENCOURAGE EXCELLENCE<\\/strong>, leadership and accountability as students become innovative, ethical and skilled media producers within a diverse and global society. <br><\\/p>\",\"11\":[\"166\"],\"13\":[\"246\"],\"71\":\"Members of the fall 2016 Burr staff pose for a picture. The Burr was recognized as the best student magazine in the country by the Society of Professional Journalists.\",\"70\":[\"311\"],\"47\":\"<p>We like to think big. And sometimes our budget can\'t keep up. Your generous gift helps our students build on their big ideas. Your gift can be directed at a specific media partner or go directly to support Student Media in general. &nbsp;<br><\\/p>\",\"21\":\"Through the combined effort of students and faculty, our mission is to provide a professional learning foundation for all.\"}}', '2017-06-15 20:48:34', '2017-06-15 20:48:34', '4a55d139-786d-421d-9cbe-1531c8e0d4bc'),
 ('606', '61', '12', '1', 'en_us', '13', '', '{\"typeId\":\"12\",\"authorId\":null,\"title\":\"Advertising\",\"slug\":\"advertising\",\"postDate\":1492961215,\"expiryDate\":null,\"enabled\":1,\"parentId\":null,\"fields\":{\"76\":\"\",\"75\":\"\",\"1\":\"<p>We are your direct access to more than 70,000 people. We connect you to our audience through award-winning digital, print, film and broadcast media.<\\/p>\\r\\n<p>We have been serving Kent State University and the Kent community for more than 80 years with independent student-produced media. We have the outlets you need to reach the target audience you want.<\\/p>\\r\\n<p>We look forward to partnering with you and look forward to your success.<\\/p>\",\"66\":\"<p>Whatever your business needs, Kent State Student Media has the creative service to attain your goal. We offer video and audio production, design services, photography, DJ services, writing and marketing services. We manage projects and budgets of all sizes. Kent State Student Media provides high quality work at a competitive price. Contact our office today to find out how we can help you excel in your field. &nbsp;\\r\\n  <\\/p>\",\"13\":[\"303\"],\"67\":[\"268\"],\"21\":\"It starts with you. \"}}', '2017-06-21 18:07:44', '2017-06-21 18:07:44', '943e935f-b971-49ff-b93d-60cc7e5324a2'),
 ('607', '61', '12', '1', 'en_us', '14', '', '{\"typeId\":\"12\",\"authorId\":null,\"title\":\"Advertise with Student Media\",\"slug\":\"advertising\",\"postDate\":1492961215,\"expiryDate\":null,\"enabled\":1,\"parentId\":null,\"fields\":{\"76\":\"\",\"75\":\"\",\"1\":\"<p>We are your direct access to more than 70,000 people. We connect you to our audience through award-winning digital, print, film and broadcast media.<\\/p>\\r\\n<p>We have been serving Kent State University and the Kent community for more than 80 years with independent student-produced media. We have the outlets you need to reach the target audience you want.<\\/p>\\r\\n<p>We look forward to partnering with you and look forward to your success.<\\/p>\",\"66\":\"<p>Whatever your business needs, Kent State Student Media has the creative service to attain your goal. We offer video and audio production, design services, photography, DJ services, writing and marketing services. We manage projects and budgets of all sizes. Kent State Student Media provides high quality work at a competitive price. Contact our office today to find out how we can help you excel in your field. &nbsp;\\r\\n  <\\/p>\",\"13\":[\"303\"],\"67\":[\"268\"],\"21\":\"It starts with you. \"}}', '2017-06-21 18:08:10', '2017-06-21 18:08:10', 'cdf1b563-ead6-42bf-b3a1-2dd0041efdab'),
 ('608', '101', '4', '1', 'en_us', '18', '', '{\"typeId\":\"4\",\"authorId\":\"1\",\"title\":\"Student Media Advertising\",\"slug\":\"student-media-ad-sales\",\"postDate\":1492116120,\"expiryDate\":null,\"enabled\":1,\"parentId\":null,\"fields\":{\"31\":\"\",\"1\":\"<p>Our Student Media Advertising and Marketing team can help your campus department or local business reach the audience you are seeking. Our staff of account executives will work hand-in-hand to ensure your message is delivered effectively, efficiently and within your budget. Kent State Student Media has 10 different media partners and more than 30 outlets to reach your target market. We provide advertising, promotional item design and ordering, design services, video and audio production, and mobile DJ services. Contact our team today to get started.&nbsp;<\\/p>\",\"4\":\"ads@ksustudentmedia.com\",\"36\":\"\",\"13\":[\"304\"],\"14\":\"\",\"68\":\"\",\"10\":\"330-672-6303\",\"29\":\"An innovative, energetic team connecting our clients to our media partners and signature brands such as KentWired, KentCribs and Transitions\",\"26\":\"\",\"21\":\"A multi-service, multim-platform solution\",\"89\":\"\"}}', '2017-06-21 19:45:26', '2017-06-21 19:45:26', 'a7c7e133-9332-43aa-ae06-354d723b93e6'),
 ('609', '23', '4', '1', 'en_us', '19', '', '{\"typeId\":\"4\",\"authorId\":\"1\",\"title\":\"KentWired\",\"slug\":\"kentwired\",\"postDate\":1488484080,\"expiryDate\":null,\"enabled\":1,\"parentId\":null,\"fields\":{\"31\":[\"69\"],\"1\":\"<p>KentWired.com is shared website for Student Media partners, The Kent Stater and TV2 KSU. The site features top news, entertainment, community and campus news, sports and video. KentWired is the place to turn to for everything Kent and Portage County. The site also features classifieds, TV2 newscasts and entertainment shows and a live stream to TV2. KentWired is a key source for news during the summer. With 40,000 unique visitors per month, KentWired is a top news source in Kent and Portage County.&nbsp;<\\/p>\",\"4\":\"kentwired@gmail.com\",\"36\":\"\",\"13\":[\"221\"],\"14\":\"\",\"68\":\"\",\"10\":\"330-672-2586\",\"29\":\"The online outlet for Student Media partners, The Kent Stater and TV2, and the best breaking news source in Kent and Portage County\",\"26\":{\"149\":{\"type\":\"socialMediaBlock\",\"enabled\":\"1\",\"fields\":{\"socialName\":\"instagram\",\"address\":\"https:\\/\\/www.instagram.com\\/kentwired\\/\"}},\"150\":{\"type\":\"socialMediaBlock\",\"enabled\":\"1\",\"fields\":{\"socialName\":\"twitter\",\"address\":\"https:\\/\\/twitter.com\\/kentwired\"}},\"151\":{\"type\":\"socialMediaBlock\",\"enabled\":\"1\",\"fields\":{\"socialName\":\"facebook\",\"address\":\"https:\\/\\/www.facebook.com\\/KentWired\\/\"}},\"152\":{\"type\":\"socialMediaBlock\",\"enabled\":\"1\",\"fields\":{\"socialName\":\"website\",\"address\":\"http:\\/\\/www.kentwired.com\\/\"}}},\"21\":\"\",\"89\":\"\"}}', '2017-06-22 19:40:45', '2017-06-22 19:40:45', 'c4fd4d21-a32a-424a-8469-317d32d73b92'),
 ('610', '101', '4', '1', 'en_us', '19', '', '{\"typeId\":\"4\",\"authorId\":\"1\",\"title\":\"Student Media Advertising\",\"slug\":\"student-media-ad-sales\",\"postDate\":1492116120,\"expiryDate\":null,\"enabled\":1,\"parentId\":null,\"fields\":{\"31\":\"\",\"1\":\"<p>Our Student Media Advertising and Marketing team can help your campus department or local business reach the audience you are seeking. Our staff of account executives will work hand-in-hand to ensure your message is delivered effectively, efficiently and within your budget. Kent State Student Media has 10 different media partners and more than 30 outlets to reach your target market. We provide advertising, promotional item design and ordering, design services, video and audio production, and mobile DJ services. Contact our team today to get started.&nbsp;<\\/p>\",\"4\":\"ads@ksustudentmedia.com\",\"36\":\"1\",\"13\":[\"304\"],\"14\":\"\",\"68\":\"\",\"10\":\"330-672-6303\",\"29\":\"An innovative, energetic team connecting our clients to our media partners and signature brands such as KentWired, KentCribs and Transitions\",\"26\":\"\",\"21\":\"A multi-service, multim-platform solution\",\"89\":\"\"}}', '2017-06-22 19:43:50', '2017-06-22 19:43:50', 'd29b396c-6144-4c8b-bd92-86fb6f408bed'),
 ('611', '93', '4', '1', 'en_us', '11', '', '{\"typeId\":\"4\",\"authorId\":\"1\",\"title\":\"Transitions\",\"slug\":\"transitions\",\"postDate\":1492115640,\"expiryDate\":null,\"enabled\":1,\"parentId\":null,\"fields\":{\"31\":[\"68\"],\"1\":\"<p>Transitions magazine is a go-to guide about area restaurants, shopping, banks, ATMs, hotels, transportation and other tips to make the first year at Kent State successful. It is endorsed by Destination Kent State and is given to students and their parents\\/guardians during the freshman orientation program.<\\/p>\",\"4\":\"\",\"36\":\"1\",\"13\":[\"233\"],\"14\":\"\",\"68\":\"\",\"10\":\"\",\"29\":\"Transitions magazine is the new student\'s go-to guide for everything Kent\",\"26\":\"\",\"21\":\"\",\"89\":\"\"}}', '2017-06-22 19:43:56', '2017-06-22 19:43:56', 'bc1c0927-6325-4e27-8c64-f65b9ebd379b'),
 ('612', '101', '4', '1', 'en_us', '20', '', '{\"typeId\":\"4\",\"authorId\":\"1\",\"title\":\"Student Media Advertising\",\"slug\":\"student-media-ad-sales\",\"postDate\":1492116120,\"expiryDate\":null,\"enabled\":1,\"parentId\":null,\"fields\":{\"31\":\"\",\"1\":\"<p>Our Student Media Advertising and Marketing team can help your campus department or local business reach the audience you are seeking. Our staff of account executives will work hand-in-hand to ensure your message is delivered effectively, efficiently and within your budget. Kent State Student Media has 10 different media partners and more than 30 outlets to reach your target market. We provide advertising, promotional item design and ordering, design services, video and audio production, and mobile DJ services. Contact our team today to get started.&nbsp;<\\/p>\",\"4\":\"ads@ksustudentmedia.com\",\"36\":\"\",\"13\":[\"304\"],\"14\":\"\",\"68\":\"\",\"10\":\"330-672-6303\",\"29\":\"An innovative, energetic team connecting our clients to our media partners and signature brands such as KentWired, KentCribs and Transitions\",\"26\":\"\",\"21\":\"A multi-service, multim-platform solution\",\"89\":\"\"}}', '2017-06-22 19:44:33', '2017-06-22 19:44:33', '1d2b76c2-5db2-4d8c-a5dd-a6ecb53b1cc0'),
 ('613', '93', '4', '1', 'en_us', '12', '', '{\"typeId\":\"4\",\"authorId\":\"1\",\"title\":\"Transitions\",\"slug\":\"transitions\",\"postDate\":1492115640,\"expiryDate\":null,\"enabled\":1,\"parentId\":null,\"fields\":{\"31\":[\"68\"],\"1\":\"<p>Transitions magazine is a go-to guide about area restaurants, shopping, banks, ATMs, hotels, transportation and other tips to make the first year at Kent State successful. It is endorsed by Destination Kent State and is given to students and their parents\\/guardians during the freshman orientation program.<\\/p>\",\"4\":\"\",\"36\":\"\",\"13\":[\"233\"],\"14\":\"\",\"68\":\"\",\"10\":\"\",\"29\":\"Transitions magazine is the new student\'s go-to guide for everything Kent\",\"26\":\"\",\"21\":\"\",\"89\":\"\"}}', '2017-06-22 19:44:42', '2017-06-22 19:44:42', '40ba1ad8-5125-44ac-a7e5-d4cba5334625'),
 ('614', '10', '4', '1', 'en_us', '22', '', '{\"typeId\":\"4\",\"authorId\":\"1\",\"title\":\"A Magazine\",\"slug\":\"a-magazine\",\"postDate\":1487886960,\"expiryDate\":null,\"enabled\":1,\"parentId\":null,\"fields\":{\"31\":[\"68\"],\"1\":\"<p>A Magazine is Kent State\'s publication for all things fashion, beauty and culture on campus and beyond. A Magazine focuses on women\'s and men\'s fashion providing its audience with the latest fashion industry news and more in print, online and through social media. It is distributed at Kent State and the Fashion School\\u2019s New York studio.&nbsp;A Magazine steps outside just the Kent State campus. From New York City to Florence, Italy and Hong Kong, back to Kent, Ohio, we have students studying and producing content from all over the world<br><\\/p>\",\"4\":\"amagksu@gmail.com\",\"36\":\"\",\"13\":[\"243\"],\"14\":[\"46\"],\"68\":\"\",\"10\":\"\",\"29\":\"A Magazine is Kent State\\u2019s student-run fashion magazine and is the hub for all things fashion, beauty and culture related.\",\"26\":{\"140\":{\"type\":\"socialMediaBlock\",\"enabled\":\"1\",\"fields\":{\"socialName\":\"instagram\",\"address\":\"https:\\/\\/www.instagram.com\\/amagksu\\/\"}},\"141\":{\"type\":\"socialMediaBlock\",\"enabled\":\"1\",\"fields\":{\"socialName\":\"twitter\",\"address\":\"https:\\/\\/twitter.com\\/AMagKSU\"}},\"142\":{\"type\":\"socialMediaBlock\",\"enabled\":\"1\",\"fields\":{\"socialName\":\"facebook\",\"address\":\" http:\\/\\/facebook.com\\/amagksu\\/\"}},\"143\":{\"type\":\"socialMediaBlock\",\"enabled\":\"1\",\"fields\":{\"socialName\":\"website\",\"address\":\"http:\\/\\/theamag.com\\/\"}}},\"21\":\"Fashion. Beauty. Culture. \",\"89\":\"\"}}', '2017-06-22 20:21:56', '2017-06-22 20:21:56', '2d414498-1060-43a2-8d95-7c4f44f88d32'),
 ('615', '25', '4', '1', 'en_us', '25', '', '{\"typeId\":\"4\",\"authorId\":\"1\",\"title\":\"KSU Independent Films\",\"slug\":\"ksu-independent-films\",\"postDate\":1488484140,\"expiryDate\":null,\"enabled\":1,\"parentId\":null,\"fields\":{\"31\":[\"42\"],\"1\":\"<p>Kent State University Independent Films (KSUIF) is an organization fueled by students\\u2019 passion for film. In 2008, professors Traci E. Williams and David Smeltzer collaborated to create this wonderful program, which is designed to give students real-world film experience. Today, nearly 500 people are currently involved in the organization.<\\/p>\",\"4\":\"kentstatefilms@gmail.com\",\"36\":\"\",\"13\":[\"238\"],\"14\":[\"52\"],\"68\":[\"52\"],\"10\":\"330-672-8198\",\"29\":\"KSUIF is a production company that teaches, inspires and prepares filmmakers for the real-world industry \",\"26\":{\"37\":{\"type\":\"socialMediaBlock\",\"enabled\":\"1\",\"fields\":{\"socialName\":\"twitter\",\"address\":\"http:\\/\\/www.twitter.com\\/ksuif\"}},\"225\":{\"type\":\"socialMediaBlock\",\"enabled\":\"1\",\"fields\":{\"socialName\":\"facebook\",\"address\":\"https:\\/\\/www.facebook.com\\/ksuindependentfilms\\/\"}},\"226\":{\"type\":\"socialMediaBlock\",\"enabled\":\"1\",\"fields\":{\"socialName\":\"website\",\"address\":\"http:\\/\\/kentstatefilms.com\\/\"}}},\"21\":\"Making movies and more \",\"89\":\"\"}}', '2017-06-22 20:22:28', '2017-06-22 20:22:28', 'b34d58d9-8a65-4a85-a8e5-fc3a4d766e7a'),
 ('616', '10', '4', '1', 'en_us', '23', NULL, '{\"typeId\":\"4\",\"authorId\":\"1\",\"title\":\"A Magazine\",\"slug\":\"a-magazine\",\"postDate\":1487886960,\"expiryDate\":null,\"enabled\":\"1\",\"parentId\":null,\"fields\":{\"31\":[\"68\"],\"1\":\"<p>A Magazine is Kent State\'s publication for all things fashion, beauty and culture on campus and beyond. A Magazine focuses on women\'s and men\'s fashion providing its audience with the latest fashion industry news and more in print, online and through social media. It is distributed at Kent State and the Fashion School\\u2019s New York studio.&nbsp;A Magazine steps outside just the Kent State campus. From New York City to Florence, Italy and Hong Kong, back to Kent, Ohio, we have students studying and producing content from all over the world<br><\\/p>\",\"4\":\"amagksu@gmail.com\",\"36\":\"1\",\"13\":[\"243\"],\"14\":[\"46\"],\"68\":\"\",\"10\":\"\",\"29\":\"A Magazine is Kent State\\u2019s student-run fashion magazine and is the hub for all things fashion, beauty and culture related.\",\"26\":{\"140\":{\"type\":\"socialMediaBlock\",\"enabled\":\"1\",\"fields\":{\"socialName\":\"instagram\",\"address\":\"https:\\/\\/www.instagram.com\\/amagksu\\/\"}},\"141\":{\"type\":\"socialMediaBlock\",\"enabled\":\"1\",\"fields\":{\"socialName\":\"twitter\",\"address\":\"https:\\/\\/twitter.com\\/AMagKSU\"}},\"142\":{\"type\":\"socialMediaBlock\",\"enabled\":\"1\",\"fields\":{\"socialName\":\"facebook\",\"address\":\" http:\\/\\/facebook.com\\/amagksu\\/\"}},\"143\":{\"type\":\"socialMediaBlock\",\"enabled\":\"1\",\"fields\":{\"socialName\":\"website\",\"address\":\"http:\\/\\/theamag.com\\/\"}}},\"21\":\"Fashion. Beauty. Culture. \",\"89\":\"\"}}', '2017-06-22 20:29:50', '2017-06-22 20:29:50', '7049fc4d-cec6-4411-8834-2f8df2d468ce'),
 ('617', '23', '4', '1', 'en_us', '20', '', '{\"typeId\":\"4\",\"authorId\":\"1\",\"title\":\"KentWired\",\"slug\":\"kentwired\",\"postDate\":1488484080,\"expiryDate\":null,\"enabled\":1,\"parentId\":null,\"fields\":{\"31\":[\"69\"],\"1\":\"<p>KentWired.com is shared website for Student Media partners, The Kent Stater and TV2 KSU. The site features top news, entertainment, community and campus news, sports and video. KentWired is the place to turn to for everything Kent and Portage County. The site also features classifieds, TV2 newscasts and entertainment shows and a live stream to TV2. KentWired is a key source for news during the summer. With 40,000 unique visitors per month, KentWired is a top news source in Kent and Portage County.&nbsp;<\\/p>\",\"4\":\"kentwired@gmail.com\",\"36\":\"1\",\"13\":[\"221\"],\"14\":\"\",\"68\":\"\",\"10\":\"330-672-2586\",\"29\":\"The online outlet for Student Media partners, The Kent Stater and TV2, and the best breaking news source in Kent and Portage County\",\"26\":{\"149\":{\"type\":\"socialMediaBlock\",\"enabled\":\"1\",\"fields\":{\"socialName\":\"instagram\",\"address\":\"https:\\/\\/www.instagram.com\\/kentwired\\/\"}},\"150\":{\"type\":\"socialMediaBlock\",\"enabled\":\"1\",\"fields\":{\"socialName\":\"twitter\",\"address\":\"https:\\/\\/twitter.com\\/kentwired\"}},\"151\":{\"type\":\"socialMediaBlock\",\"enabled\":\"1\",\"fields\":{\"socialName\":\"facebook\",\"address\":\"https:\\/\\/www.facebook.com\\/KentWired\\/\"}},\"152\":{\"type\":\"socialMediaBlock\",\"enabled\":\"1\",\"fields\":{\"socialName\":\"website\",\"address\":\"http:\\/\\/www.kentwired.com\\/\"}}},\"21\":\"\",\"89\":\"\"}}', '2017-06-22 20:30:59', '2017-06-22 20:30:59', 'edab48cc-1d4b-4371-860c-7d6710e51a72'),
 ('618', '2', '1', '1', 'en_us', '55', '', '{\"typeId\":\"1\",\"authorId\":null,\"title\":\"Kent State Student Media\",\"slug\":\"homepage\",\"postDate\":1495818871,\"expiryDate\":null,\"enabled\":1,\"parentId\":null,\"fields\":{\"61\":[\"58\"],\"55\":\"<p>We are your direct access to more than 70,000 people. We connect you to our audience through award-winning digital, print, film and broadcast media.<\\/p>\\r\\n<p>We have been serving Kent State University and the Kent community for more than 80 years with independent student-produced media. We have the outlets you need to reach the target audience you want.<\\/p>\\r\\n<p>We look forward to partnering with you and look forward to your success.<\\/p>\",\"62\":[\"61\"],\"63\":\"Advertise With Us\",\"1\":\"<p>Kent State Student Media makes the connections you need. Whether you are a student searching for an authentic media experience, a community member wanting to share your story, or simply somebody seeking quality news, information and entertainment, we deliver for you across 34 outlets through print, digital and social media. &nbsp;<br><\\/p>\",\"12\":\"Student Media Connects\",\"13\":[\"240\",\"242\",\"243\",\"241\",\"244\",\"238\"],\"17\":\"\",\"64\":\"Our Media Partners\",\"21\":\"Ten media partners. Seven hundred students. One mission. \",\"22\":\"210945217\",\"65\":\"Take a 90-second tour of Kent State Student Media \"}}', '2017-06-26 01:24:54', '2017-06-26 01:24:54', '988b28be-ec3f-4c85-b078-b402d148373e'),
 ('619', '23', '4', '1', 'en_us', '21', '', '{\"typeId\":\"4\",\"authorId\":\"1\",\"title\":\"KentWired\",\"slug\":\"kentwired\",\"postDate\":1488484080,\"expiryDate\":null,\"enabled\":1,\"parentId\":null,\"fields\":{\"31\":[\"69\"],\"1\":\"<p>KentWired.com is shared website for Student Media partners, The Kent Stater and TV2 KSU. The site features top news, entertainment, community and campus news, sports and video. KentWired is the place to turn to for everything Kent and Portage County. The site also features classifieds, TV2 newscasts and entertainment shows and a live stream to TV2. KentWired is a key source for news during the summer. With 40,000 unique visitors per month, KentWired is a top news source in Kent and Portage County.&nbsp;<\\/p>\",\"4\":\"kentwired@gmail.com\",\"36\":\"1\",\"13\":[\"221\"],\"14\":[\"250\"],\"68\":\"\",\"10\":\"330-672-2586\",\"29\":\"The online outlet for Student Media partners, The Kent Stater and TV2, and the best breaking news source in Kent and Portage County\",\"26\":{\"149\":{\"type\":\"socialMediaBlock\",\"enabled\":\"1\",\"fields\":{\"socialName\":\"instagram\",\"address\":\"https:\\/\\/www.instagram.com\\/kentwired\\/\"}},\"150\":{\"type\":\"socialMediaBlock\",\"enabled\":\"1\",\"fields\":{\"socialName\":\"twitter\",\"address\":\"https:\\/\\/twitter.com\\/kentwired\"}},\"151\":{\"type\":\"socialMediaBlock\",\"enabled\":\"1\",\"fields\":{\"socialName\":\"facebook\",\"address\":\"https:\\/\\/www.facebook.com\\/KentWired\\/\"}},\"152\":{\"type\":\"socialMediaBlock\",\"enabled\":\"1\",\"fields\":{\"socialName\":\"website\",\"address\":\"http:\\/\\/www.kentwired.com\\/\"}}},\"21\":\"\",\"89\":\"\"}}', '2017-06-26 21:19:24', '2017-06-26 21:19:24', 'aee00108-362c-48f6-8a46-e6ca8ba3de4c'),
 ('620', '2', '1', '1', 'en_us', '56', '', '{\"typeId\":\"1\",\"authorId\":null,\"title\":\"Kent State Student Media\",\"slug\":\"homepage\",\"postDate\":1495818871,\"expiryDate\":null,\"enabled\":1,\"parentId\":null,\"fields\":{\"61\":[\"58\"],\"55\":\"<p>We are your direct access to more than 70,000 people. We connect you to our audience through award-winning digital, print, film and broadcast media.<\\/p>\\r\\n<p>We have been serving Kent State University and the Kent community for more than 80 years with independent student-produced media. We have the outlets you need to reach the target audience you want.<\\/p>\\r\\n<p>We look forward to partnering with you and look forward to your success.<\\/p>\",\"62\":[\"61\"],\"63\":\"Advertise With Us\",\"1\":\"<p>Kent State Student Media makes the connections you need. Whether you are a student searching for an authentic media experience, a community member wanting to share your story, or simply somebody seeking quality news, information and entertainment, we deliver for you across 34 outlets through print, digital and social media. &nbsp;<br><\\/p>\",\"12\":\"Student Media Connects\",\"13\":[\"250\",\"251\"],\"17\":\"\",\"64\":\"Our Media Partners\",\"21\":\"Ten media partners. Seven hundred students. One mission. \",\"22\":\"210945217\",\"65\":\"Take a 90-second tour of Kent State Student Media \"}}', '2017-06-27 19:57:57', '2017-06-27 19:57:57', '41420156-8523-4891-b0e7-10ad1df615ea'),
 ('621', '2', '1', '1', 'en_us', '57', '', '{\"typeId\":\"1\",\"authorId\":null,\"title\":\"Kent State Student Media\",\"slug\":\"homepage\",\"postDate\":1495818871,\"expiryDate\":null,\"enabled\":1,\"parentId\":null,\"fields\":{\"61\":[\"58\"],\"55\":\"<p>We are your direct access to more than 70,000 people. We connect you to our audience through award-winning digital, print, film and broadcast media.<\\/p>\\r\\n<p>We have been serving Kent State University and the Kent community for more than 80 years with independent student-produced media. We have the outlets you need to reach the target audience you want.<\\/p>\\r\\n<p>We look forward to partnering with you and look forward to your success.<\\/p>\",\"62\":[\"61\"],\"63\":\"Advertise With Us\",\"1\":\"<p>Kent State Student Media makes the connections you need. Whether you are a student searching for an authentic media experience, a community member wanting to share your story, or simply somebody seeking quality news, information and entertainment, we deliver for you across 34 outlets through print, digital and social media. &nbsp;<br><\\/p>\",\"12\":\"Student Media Connects\",\"13\":[\"250\",\"251\"],\"17\":\"\",\"64\":\"Our Media Partners\",\"21\":\"Ten media partners.\",\"90\":\"Seven hundred students.\",\"91\":\"One mission.\",\"22\":\"210945217\",\"65\":\"Take a 90-second tour of Kent State Student Media \"}}', '2017-06-27 20:17:01', '2017-06-27 20:17:01', 'eb75d6ee-3528-4ed2-82f1-a75cc021d63a'),
 ('622', '25', '4', '1', 'en_us', '26', NULL, '{\"typeId\":\"4\",\"authorId\":\"1\",\"title\":\"KSU Independent Films\",\"slug\":\"ksu-independent-films\",\"postDate\":1488484140,\"expiryDate\":null,\"enabled\":\"1\",\"parentId\":null,\"fields\":{\"31\":[\"42\"],\"1\":\"<p>Kent State University Independent Films (KSUIF) is an organization fueled by students\\u2019 passion for film. In 2008, professors Traci E. Williams and David Smeltzer collaborated to create this wonderful program, which is designed to give students real-world film experience. Today, nearly 500 people are currently involved in the organization.<\\/p>\",\"4\":\"kentstatefilms@gmail.com\",\"36\":\"1\",\"13\":[\"238\"],\"14\":[\"52\"],\"68\":[\"52\"],\"10\":\"330-672-8198\",\"29\":\"KSUIF is a production company that teaches, inspires and prepares filmmakers for the real-world industry \",\"26\":{\"37\":{\"type\":\"socialMediaBlock\",\"enabled\":\"1\",\"fields\":{\"socialName\":\"twitter\",\"address\":\"http:\\/\\/www.twitter.com\\/ksuif\"}},\"225\":{\"type\":\"socialMediaBlock\",\"enabled\":\"1\",\"fields\":{\"socialName\":\"facebook\",\"address\":\"https:\\/\\/www.facebook.com\\/ksuindependentfilms\\/\"}},\"226\":{\"type\":\"socialMediaBlock\",\"enabled\":\"1\",\"fields\":{\"socialName\":\"website\",\"address\":\"http:\\/\\/kentstatefilms.com\\/\"}}},\"21\":\"Making movies and more \",\"89\":\"\"}}', '2017-06-28 02:26:35', '2017-06-28 02:26:35', '480837d6-8966-428d-b444-9363926bb1c4'),
 ('623', '101', '4', '1', 'en_us', '21', NULL, '{\"typeId\":\"4\",\"authorId\":\"1\",\"title\":\"Student Media Advertising\",\"slug\":\"student-media-ad-sales\",\"postDate\":1492116120,\"expiryDate\":null,\"enabled\":\"1\",\"parentId\":null,\"fields\":{\"31\":\"\",\"1\":\"<p>Our Student Media Advertising and Marketing team can help your campus department or local business reach the audience you are seeking. Our staff of account executives will work hand-in-hand to ensure your message is delivered effectively, efficiently and within your budget. Kent State Student Media has 10 different media partners and more than 30 outlets to reach your target market. We provide advertising, promotional item design and ordering, design services, video and audio production, and mobile DJ services. Contact our team today to get started.&nbsp;<\\/p>\",\"4\":\"ads@ksustudentmedia.com\",\"36\":\"1\",\"13\":[\"304\"],\"14\":\"\",\"68\":\"\",\"10\":\"330-672-6303\",\"29\":\"An innovative, energetic team connecting our clients to our media partners and signature brands such as KentWired, KentCribs and Transitions\",\"26\":\"\",\"21\":\"A multi-service, multim-platform solution\",\"89\":\"\"}}', '2017-06-28 02:26:44', '2017-06-28 02:26:44', '049709f0-9a06-419e-8134-08c6597e7e8d'),
 ('624', '23', '4', '1', 'en_us', '22', NULL, '{\"typeId\":\"4\",\"authorId\":\"1\",\"title\":\"KentWired\",\"slug\":\"kentwired\",\"postDate\":1488484080,\"expiryDate\":null,\"enabled\":\"1\",\"parentId\":null,\"fields\":{\"31\":[\"69\"],\"1\":\"<p>KentWired.com is shared website for Student Media partners, The Kent Stater and TV2 KSU. The site features top news, entertainment, community and campus news, sports and video. KentWired is the place to turn to for everything Kent and Portage County. The site also features classifieds, TV2 newscasts and entertainment shows and a live stream to TV2. KentWired is a key source for news during the summer. With 40,000 unique visitors per month, KentWired is a top news source in Kent and Portage County.&nbsp;<\\/p>\",\"4\":\"kentwired@gmail.com\",\"36\":\"\",\"13\":[\"221\"],\"14\":[\"250\"],\"68\":\"\",\"10\":\"330-672-2586\",\"29\":\"The online outlet for Student Media partners, The Kent Stater and TV2, and the best breaking news source in Kent and Portage County\",\"26\":{\"149\":{\"type\":\"socialMediaBlock\",\"enabled\":\"1\",\"fields\":{\"socialName\":\"instagram\",\"address\":\"https:\\/\\/www.instagram.com\\/kentwired\\/\"}},\"150\":{\"type\":\"socialMediaBlock\",\"enabled\":\"1\",\"fields\":{\"socialName\":\"twitter\",\"address\":\"https:\\/\\/twitter.com\\/kentwired\"}},\"151\":{\"type\":\"socialMediaBlock\",\"enabled\":\"1\",\"fields\":{\"socialName\":\"facebook\",\"address\":\"https:\\/\\/www.facebook.com\\/KentWired\\/\"}},\"152\":{\"type\":\"socialMediaBlock\",\"enabled\":\"1\",\"fields\":{\"socialName\":\"website\",\"address\":\"http:\\/\\/www.kentwired.com\\/\"}}},\"21\":\"\",\"89\":\"\"}}', '2017-06-28 02:26:50', '2017-06-28 02:26:50', '2f022d2f-20de-4f2a-9bf8-4cb2ad902c7c'),
 ('625', '2', '1', '1', 'en_us', '58', '', '{\"typeId\":\"1\",\"authorId\":null,\"title\":\"Kent State Student Media\",\"slug\":\"homepage\",\"postDate\":1495818871,\"expiryDate\":null,\"enabled\":1,\"parentId\":null,\"fields\":{\"61\":[\"58\"],\"55\":\"<p>We are your direct access to more than 70,000 people. We connect you to our audience through award-winning digital, print, film and broadcast media.<\\/p>\",\"62\":[\"61\"],\"63\":\"Advertise With Us\",\"1\":\"<p>Kent State Student Media makes the connections you need. Whether you are a student searching for an authentic media experience, a community member wanting to share your story, or simply somebody seeking quality news, information and entertainment, we deliver for you across 34 outlets through print, digital and social media. &nbsp;<br><\\/p>\",\"12\":\"Student Media Connects\",\"13\":[\"250\",\"251\"],\"92\":\"<p>We have been serving Kent State University and the Kent community for more than 80 years with independent student-produced media. We have the outlets you need to reach the target audience you want.<\\/p>\",\"64\":\"Our Media Partners\",\"21\":\"Ten media partners.\",\"90\":\"Seven hundred students.\",\"91\":\"One mission.\",\"22\":\"210945217\",\"65\":\"Take a 90-second tour of Kent State Student Media \"}}', '2017-06-28 03:29:24', '2017-06-28 03:29:24', '4e2c120d-0fa7-47ef-85f6-28b39e7a28ec'),
 ('626', '2', '1', '1', 'en_us', '59', '', '{\"typeId\":\"1\",\"authorId\":null,\"title\":\"Kent State Student Media\",\"slug\":\"homepage\",\"postDate\":1495818871,\"expiryDate\":null,\"enabled\":1,\"parentId\":null,\"fields\":{\"61\":[\"58\"],\"55\":\"<p>We are your direct access to more than 70,000 people. We connect you to our audience through award-winning digital, print, film and broadcast media.<\\/p>\",\"62\":[\"61\"],\"63\":\"Advertise With Us\",\"1\":\"<p>Kent State Student Media makes the connections you need. Whether you are a student searching for an authentic media experience, a community member wanting to share your story, or simply somebody seeking quality news, information and entertainment, we deliver for you across 34 outlets through print, digital and social media. &nbsp;<br><\\/p>\",\"12\":\"Student Media Connects\",\"13\":[\"250\",\"251\"],\"92\":\"<p>We have been serving Kent State University and the Kent community for more than 80 years with independent student-produced media. We have the outlets you need to reach the target audience you want.<\\/p>\",\"93\":[\"59\"],\"64\":\"Our Media Partners\",\"21\":\"Ten media partners.\",\"90\":\"Seven hundred students.\",\"91\":\"One mission.\",\"22\":\"210945217\",\"65\":\"Take a 90-second tour of Kent State Student Media \"}}', '2017-06-28 04:00:27', '2017-06-28 04:00:27', '60e98e44-349a-4a8a-b6f3-0078b5188155');



DROP TABLE IF EXISTS `craft_fieldgroups`;


--
-- Schema for table `craft_fieldgroups`
--
CREATE TABLE `craft_fieldgroups` (
  `id` int(11) NOT NULL AUTO_INCREMENT,
  `name` varchar(255) COLLATE utf8_unicode_ci NOT NULL,
  `dateCreated` datetime NOT NULL,
  `dateUpdated` datetime NOT NULL,
  `uid` char(36) COLLATE utf8_unicode_ci NOT NULL DEFAULT '0',
  PRIMARY KEY (`id`),
  UNIQUE KEY `craft_fieldgroups_name_unq_idx` (`name`)
) ENGINE=InnoDB AUTO_INCREMENT=5 DEFAULT CHARSET=utf8 COLLATE=utf8_unicode_ci;

--
-- Data for table `craft_fieldgroups`
--

INSERT INTO `craft_fieldgroups` (`id`, `name`, `dateCreated`, `dateUpdated`, `uid`) VALUES
 ('1', 'Default', '2017-01-12 16:12:59', '2017-01-12 16:12:59', 'ce37fdf8-40e1-4bed-bc4b-c83d59bb79f8'),
 ('2', 'Home Page', '2017-02-16 21:17:39', '2017-02-16 21:17:39', 'eafeb9cc-5f64-4d85-a053-1563780e4a2f'),
 ('3', 'Profile', '2017-02-16 21:22:23', '2017-02-16 21:22:23', 'b1ddd218-1990-47ae-a584-8078ea045400'),
 ('4', 'Media Partners Page', '2017-03-16 20:26:11', '2017-03-16 20:26:11', '8245c3c6-b23e-4588-b78a-7dc3a4e13929');



DROP TABLE IF EXISTS `craft_fieldlayoutfields`;


--
-- Schema for table `craft_fieldlayoutfields`
--
CREATE TABLE `craft_fieldlayoutfields` (
  `id` int(11) NOT NULL AUTO_INCREMENT,
  `layoutId` int(11) NOT NULL,
  `tabId` int(11) NOT NULL,
  `fieldId` int(11) NOT NULL,
  `required` tinyint(1) unsigned NOT NULL DEFAULT '0',
  `sortOrder` smallint(6) unsigned DEFAULT NULL,
  `dateCreated` datetime NOT NULL,
  `dateUpdated` datetime NOT NULL,
  `uid` char(36) COLLATE utf8_unicode_ci NOT NULL DEFAULT '0',
  PRIMARY KEY (`id`),
  UNIQUE KEY `craft_fieldlayoutfields_layoutId_fieldId_unq_idx` (`layoutId`,`fieldId`),
  KEY `craft_fieldlayoutfields_sortOrder_idx` (`sortOrder`),
  KEY `craft_fieldlayoutfields_tabId_fk` (`tabId`),
  KEY `craft_fieldlayoutfields_fieldId_fk` (`fieldId`)
) ENGINE=InnoDB AUTO_INCREMENT=647 DEFAULT CHARSET=utf8 COLLATE=utf8_unicode_ci;

--
-- Data for table `craft_fieldlayoutfields`
--

INSERT INTO `craft_fieldlayoutfields` (`id`, `layoutId`, `tabId`, `fieldId`, `required`, `sortOrder`, `dateCreated`, `dateUpdated`, `uid`) VALUES
 ('155', '58', '46', '19', '0', '1', '2017-03-12 16:10:18', '2017-03-12 16:10:18', '9ebeb920-9139-4d01-a4bb-9431e75f81bc'),
 ('156', '58', '46', '5', '0', '2', '2017-03-12 16:10:18', '2017-03-12 16:10:18', '05e3a3ba-8fd5-49e7-bf3c-58a0b42c4326'),
 ('157', '58', '46', '8', '0', '3', '2017-03-12 16:10:18', '2017-03-12 16:10:18', '36d2ea41-6f6e-4405-b532-519697a5cf10'),
 ('158', '58', '46', '6', '0', '4', '2017-03-12 16:10:18', '2017-03-12 16:10:18', 'b51c97ab-a315-4ce4-ac2c-81b8e1710f2f'),
 ('159', '58', '46', '7', '0', '5', '2017-03-12 16:10:18', '2017-03-12 16:10:18', '5738e985-cbea-414f-acae-d369d986b069'),
 ('160', '58', '46', '4', '0', '6', '2017-03-12 16:10:18', '2017-03-12 16:10:18', '9955b9d4-9a4a-49a3-b43c-af9ee12e4b87'),
 ('161', '58', '46', '10', '0', '7', '2017-03-12 16:10:18', '2017-03-12 16:10:18', '172cf74a-2927-4258-a07b-c2c02e5d0303'),
 ('162', '58', '46', '20', '0', '8', '2017-03-12 16:10:18', '2017-03-12 16:10:18', '23113c28-cffe-4684-9c16-766751faa4ce'),
 ('163', '58', '46', '1', '0', '9', '2017-03-12 16:10:18', '2017-03-12 16:10:18', 'edcfc69d-c6ae-44ac-9bb5-23b83e433456'),
 ('164', '59', '47', '19', '0', '1', '2017-03-12 16:11:41', '2017-03-12 16:11:41', 'e608fd43-9284-48d0-b8a3-88cea96368f8'),
 ('165', '59', '47', '12', '0', '2', '2017-03-12 16:11:41', '2017-03-12 16:11:41', '0dbc1839-3cc6-4b36-a283-465aba273499'),
 ('166', '59', '47', '23', '0', '3', '2017-03-12 16:11:41', '2017-03-12 16:11:41', '66119010-145e-4bf0-8a7d-076790d06151'),
 ('167', '59', '47', '24', '0', '4', '2017-03-12 16:11:41', '2017-03-12 16:11:41', '6a6ce6e8-4e8b-4a4d-8111-c6a31f1820de'),
 ('168', '59', '47', '20', '0', '5', '2017-03-12 16:11:41', '2017-03-12 16:11:41', 'f162163d-f3af-4361-ab58-f335b148ea1f'),
 ('170', '61', '49', '25', '0', '1', '2017-03-15 23:47:13', '2017-03-15 23:47:13', 'a643bc3b-e321-46a3-bf93-03c59af5c3db'),
 ('187', '72', '53', '37', '0', '1', '2017-03-21 17:34:26', '2017-03-21 17:34:26', '44af5966-d4c8-4c66-80f9-5bf3bdfbd5ee'),
 ('188', '72', '53', '38', '0', '2', '2017-03-21 17:34:26', '2017-03-21 17:34:26', 'eb8fe4f3-c6c3-4f8d-a370-c0b9453f2032'),
 ('210', '80', '60', '12', '0', '1', '2017-03-23 19:52:23', '2017-03-23 19:52:23', 'ec9ed7df-cc04-4251-a95b-5de7a471c3c9'),
 ('211', '80', '60', '39', '0', '2', '2017-03-23 19:52:23', '2017-03-23 19:52:23', 'b5326097-c24f-4063-9144-679d9207f607'),
 ('218', '87', '63', '15', '0', '1', '2017-04-10 17:23:00', '2017-04-10 17:23:00', 'fffda223-7b82-4077-a930-93a1676d8ddb'),
 ('219', '87', '63', '4', '0', '2', '2017-04-10 17:23:00', '2017-04-10 17:23:00', '51ad30d9-20cc-42f2-9afa-a28ef67ebd0b'),
 ('220', '87', '63', '10', '0', '3', '2017-04-10 17:23:00', '2017-04-10 17:23:00', 'bf3bd92b-8bb9-43b2-a4d3-2ea13116e947'),
 ('221', '87', '63', '45', '0', '4', '2017-04-10 17:23:00', '2017-04-10 17:23:00', '52b3d9d5-1523-4ebf-a990-6ac780fb00f9'),
 ('222', '88', '64', '14', '0', '1', '2017-04-10 18:57:55', '2017-04-10 18:57:55', '2de9b61f-158d-4213-8b52-89f401a1b3ed'),
 ('223', '88', '64', '46', '0', '2', '2017-04-10 18:57:55', '2017-04-10 18:57:55', 'ec712dde-45b6-4368-8fe4-4b426546bfcb'),
 ('250', '101', '73', '20', '0', '1', '2017-04-19 00:50:16', '2017-04-19 00:50:16', '31a9359e-c9ed-4403-90a6-ea874447eb04'),
 ('251', '101', '73', '1', '0', '2', '2017-04-19 00:50:16', '2017-04-19 00:50:16', '314b7313-8e93-4af4-a1a6-5527acb9c41b'),
 ('257', '105', '77', '27', '0', '1', '2017-04-20 19:39:10', '2017-04-20 19:39:10', '6a3e6920-2167-4589-9495-c4b0c78c2783'),
 ('258', '105', '77', '28', '0', '2', '2017-04-20 19:39:10', '2017-04-20 19:39:10', '8dec9d7a-93af-4909-a658-d902246cb9ce'),
 ('281', '124', '90', '49', '0', '1', '2017-04-27 19:44:02', '2017-04-27 19:44:02', '0bbc4667-31de-4b84-9b4b-103896d60940'),
 ('282', '124', '90', '48', '0', '2', '2017-04-27 19:44:02', '2017-04-27 19:44:02', '8d6330fd-07d8-43f6-ae1b-8f48ffd52e1f'),
 ('303', '131', '97', '13', '0', '1', '2017-05-10 17:02:54', '2017-05-10 17:02:54', 'f8d06508-13e2-436f-8dc7-45934f6e7a30'),
 ('304', '131', '97', '21', '0', '2', '2017-05-10 17:02:54', '2017-05-10 17:02:54', '6462d750-8851-47e9-94da-dd5e2d54136e'),
 ('305', '131', '97', '1', '0', '3', '2017-05-10 17:02:54', '2017-05-10 17:02:54', '8724fc6a-2441-4708-a949-a595799b7945'),
 ('306', '131', '97', '49', '0', '4', '2017-05-10 17:02:54', '2017-05-10 17:02:54', 'e2fd97c7-d453-4b95-a70a-7510d52e0965'),
 ('382', '147', '113', '52', '0', '1', '2017-05-11 14:03:55', '2017-05-11 14:03:55', '34199e79-d57b-4eff-81b9-c1f18b56e2e5'),
 ('383', '147', '113', '53', '0', '2', '2017-05-11 14:03:55', '2017-05-11 14:03:55', 'c0e15f84-6cde-4070-aa33-dc60197fda6a'),
 ('440', '156', '122', '13', '0', '1', '2017-05-28 23:19:43', '2017-05-28 23:19:43', 'c2e27a1b-c11d-4e2e-81e6-877fbf986c14'),
 ('441', '156', '122', '21', '0', '2', '2017-05-28 23:19:43', '2017-05-28 23:19:43', '24a39a9c-0b7b-482b-8d50-cf639c3523b8'),
 ('442', '156', '122', '1', '0', '3', '2017-05-28 23:19:43', '2017-05-28 23:19:43', 'd54c9d70-f4ff-4b5c-966b-bda200f60b86'),
 ('477', '162', '128', '32', '0', '1', '2017-05-31 20:13:30', '2017-05-31 20:13:30', '76252eec-a4fe-4b24-8f3d-486cf982ff7d'),
 ('478', '162', '128', '20', '0', '2', '2017-05-31 20:13:30', '2017-05-31 20:13:30', 'c8da193b-3e1b-41ba-b130-9cf9bc5d2cd6'),
 ('490', '164', '130', '33', '0', '1', '2017-06-01 19:03:45', '2017-06-01 19:03:45', '86008a68-d421-4236-83e7-18337cf86ca7'),
 ('491', '164', '130', '40', '0', '2', '2017-06-01 19:03:45', '2017-06-01 19:03:45', '206b193c-0a16-4033-b435-92a734b62177'),
 ('492', '164', '130', '41', '0', '3', '2017-06-01 19:03:45', '2017-06-01 19:03:45', '7f2f741a-62e4-43d7-b97c-de3dc5a49316'),
 ('493', '165', '131', '42', '0', '1', '2017-06-01 19:03:45', '2017-06-01 19:03:45', '7c395ca9-4eb7-4897-bf04-f1cb469a263d'),
 ('494', '165', '131', '43', '0', '2', '2017-06-01 19:03:45', '2017-06-01 19:03:45', '120d1fac-0207-4ac0-8cdb-2cc3c264cbd3'),
 ('495', '165', '131', '44', '0', '3', '2017-06-01 19:03:45', '2017-06-01 19:03:45', '1347d029-2b95-4106-9e97-c461a110cc0a'),
 ('496', '165', '131', '69', '0', '4', '2017-06-01 19:03:45', '2017-06-01 19:03:45', '774e5a1d-6fb4-49b0-ac8b-bdd18ea72969'),
 ('497', '166', '132', '13', '0', '1', '2017-06-01 19:41:17', '2017-06-01 19:41:17', '8ed32186-9eff-465b-ad8e-185d327292d9'),
 ('498', '166', '132', '21', '0', '2', '2017-06-01 19:41:17', '2017-06-01 19:41:17', '4052e81c-0c42-4d97-89cc-1b90bbf2ef3e'),
 ('499', '166', '132', '1', '0', '3', '2017-06-01 19:41:17', '2017-06-01 19:41:17', 'a2916618-7e12-4533-b248-dd5ad20dbef9'),
 ('500', '166', '132', '51', '0', '4', '2017-06-01 19:41:17', '2017-06-01 19:41:17', 'beff4fbe-4bf1-49f6-b303-2467cccd6a9b'),
 ('501', '166', '132', '56', '0', '5', '2017-06-01 19:41:17', '2017-06-01 19:41:17', '2a599489-889f-415d-a074-0f90ee8259a3'),
 ('514', '169', '135', '21', '0', '1', '2017-06-06 17:06:14', '2017-06-06 17:06:14', '02a49855-b0b0-47de-b4cb-e85fe6b32a0c'),
 ('515', '169', '135', '13', '0', '2', '2017-06-06 17:06:14', '2017-06-06 17:06:14', '40d4c906-acaa-40e5-9a09-41d9192979d5'),
 ('516', '169', '135', '1', '0', '3', '2017-06-06 17:06:14', '2017-06-06 17:06:14', 'bf0a34ab-7d84-41f8-aa55-236e1652a479'),
 ('517', '170', '136', '73', '0', '1', '2017-06-08 20:20:33', '2017-06-08 20:20:33', 'ec419510-d0fc-4db3-a411-a01c0b78c35a'),
 ('518', '170', '136', '74', '0', '2', '2017-06-08 20:20:33', '2017-06-08 20:20:33', '54358e5a-eccb-4373-a429-d9e5dd7c954a'),
 ('534', '175', '141', '78', '0', '1', '2017-06-13 19:25:38', '2017-06-13 19:25:38', 'e97cd867-5370-4b11-b482-184ebf35ede4'),
 ('535', '175', '141', '79', '0', '2', '2017-06-13 19:25:38', '2017-06-13 19:25:38', '3df7a706-195c-485c-81f1-0c73b021da92'),
 ('536', '175', '141', '82', '0', '3', '2017-06-13 19:25:38', '2017-06-13 19:25:38', 'eaa3998b-93b8-456b-940d-9ab193fa2955'),
 ('537', '175', '141', '83', '0', '4', '2017-06-13 19:25:38', '2017-06-13 19:25:38', 'b7cdd4fc-0a81-488c-918c-28b96f726752'),
 ('538', '176', '142', '21', '0', '1', '2017-06-13 19:58:09', '2017-06-13 19:58:09', '250f3e68-2fcc-4091-aee6-4b8775e47d80'),
 ('539', '176', '142', '13', '0', '2', '2017-06-13 19:58:09', '2017-06-13 19:58:09', '3c3f4f50-fb51-402a-ad45-41b41c254a57'),
 ('540', '176', '142', '1', '0', '3', '2017-06-13 19:58:09', '2017-06-13 19:58:09', '7111f7b3-7015-4643-ae6a-65d1ed12d3b9'),
 ('541', '176', '142', '47', '0', '4', '2017-06-13 19:58:09', '2017-06-13 19:58:09', '5685d63e-5e65-4929-8182-ca11b5482a57'),
 ('542', '176', '142', '11', '0', '5', '2017-06-13 19:58:09', '2017-06-13 19:58:09', '8fa5d9b9-a941-4815-8dc4-54a2a927759b'),
 ('543', '176', '142', '70', '0', '6', '2017-06-13 19:58:09', '2017-06-13 19:58:09', '0f952e7b-c59d-4476-bbe9-853c742f5c88'),
 ('544', '176', '142', '71', '0', '7', '2017-06-13 19:58:09', '2017-06-13 19:58:09', '164193ac-56ec-4874-9a89-51ce94ac3444'),
 ('545', '181', '143', '84', '0', '1', '2017-06-13 21:01:04', '2017-06-13 21:01:04', '783554d5-7dba-465b-b915-10ef02d6475c'),
 ('553', '184', '146', '86', '0', '1', '2017-06-13 21:41:17', '2017-06-13 21:41:17', 'f2b6fd7e-5b82-469a-8f2c-342373c19623'),
 ('554', '184', '146', '1', '0', '2', '2017-06-13 21:41:17', '2017-06-13 21:41:17', '39c9b03f-d51b-4b94-95df-6e4bbbe2170e'),
 ('555', '184', '146', '85', '0', '3', '2017-06-13 21:41:17', '2017-06-13 21:41:17', 'c93b0cde-7bf6-4a31-9ecb-a832ada2e05c'),
 ('556', '184', '146', '13', '0', '4', '2017-06-13 21:41:17', '2017-06-13 21:41:17', '17fc65dd-c9ac-4924-84e5-63c647b956e9'),
 ('557', '184', '146', '12', '0', '5', '2017-06-13 21:41:17', '2017-06-13 21:41:17', '62ce9347-3e5d-48d9-977f-7251d95c4f9e'),
 ('572', '187', '149', '13', '0', '1', '2017-06-14 17:39:20', '2017-06-14 17:39:20', '68cf11af-0ce2-4097-845e-29d43d1e6a56'),
 ('573', '187', '149', '21', '0', '2', '2017-06-14 17:39:20', '2017-06-14 17:39:20', '24025006-b5a8-41dc-8042-2cd6f93da8e6'),
 ('574', '187', '149', '1', '0', '3', '2017-06-14 17:39:20', '2017-06-14 17:39:20', '252debfa-e9b9-427c-8e9d-cf8fffcaea1f'),
 ('575', '187', '149', '72', '0', '4', '2017-06-14 17:39:20', '2017-06-14 17:39:20', 'bbb3e3ad-4937-455f-9481-9a243e32e50b'),
 ('576', '189', '150', '57', '0', '1', '2017-06-14 19:24:36', '2017-06-14 19:24:36', '559ab317-4e4a-49e0-9cc9-7b549b79ad63'),
 ('577', '189', '150', '58', '0', '2', '2017-06-14 19:24:36', '2017-06-14 19:24:36', '21cfe82c-02d4-4c0a-80a0-23bcd03c49e7'),
 ('578', '189', '150', '59', '0', '3', '2017-06-14 19:24:36', '2017-06-14 19:24:36', 'cc2f0241-4235-424d-9a93-638f043e1199'),
 ('579', '189', '150', '60', '0', '4', '2017-06-14 19:24:36', '2017-06-14 19:24:36', 'f0459590-7a2c-4ca6-b935-ecd60b1dd901'),
 ('580', '189', '150', '88', '0', '5', '2017-06-14 19:24:36', '2017-06-14 19:24:36', '53cc9865-b381-47e7-8446-7e9b39da9b2d'),
 ('581', '190', '151', '21', '0', '1', '2017-06-20 15:03:05', '2017-06-20 15:03:05', '7946de8a-5519-4c52-ae02-f9431bf7ca04'),
 ('582', '190', '151', '1', '0', '2', '2017-06-20 15:03:05', '2017-06-20 15:03:05', '5c20415e-c78e-4ad7-b065-d1b17b2ffd52'),
 ('583', '190', '151', '13', '0', '3', '2017-06-20 15:03:05', '2017-06-20 15:03:05', '6b26fe1f-a3c8-4510-a0e0-19a21482d0c5'),
 ('584', '190', '151', '67', '0', '4', '2017-06-20 15:03:05', '2017-06-20 15:03:05', 'f80a222b-7adf-4411-a198-f8d7d86f4332'),
 ('585', '190', '151', '66', '0', '5', '2017-06-20 15:03:05', '2017-06-20 15:03:05', '9ba4b96f-6da3-442d-88e6-1d9f03400216'),
 ('586', '190', '151', '76', '0', '6', '2017-06-20 15:03:05', '2017-06-20 15:03:05', 'fc876677-fa68-4946-bd3c-8fcbc91944de'),
 ('587', '190', '151', '75', '0', '7', '2017-06-20 15:03:05', '2017-06-20 15:03:05', 'ba84b482-e813-469a-88b2-65c8daf6bafb'),
 ('588', '191', '152', '1', '0', '1', '2017-06-20 15:03:41', '2017-06-20 15:03:41', '5ce05bb2-f21d-45f5-83a6-ab8339380dd1'),
 ('589', '192', '153', '1', '1', '1', '2017-06-20 15:12:48', '2017-06-20 15:12:48', 'ec93064e-2013-4067-9d07-2fbeae4e7728'),
 ('590', '192', '153', '2', '0', '2', '2017-06-20 15:12:48', '2017-06-20 15:12:48', '56d7427c-cf81-473c-a74a-1b858e1b1510'),
 ('591', '192', '153', '13', '0', '3', '2017-06-20 15:12:48', '2017-06-20 15:12:48', '267d7ac3-9567-4fa6-80ee-8a3b93ede56f'),
 ('592', '193', '154', '36', '0', '1', '2017-06-21 18:17:46', '2017-06-21 18:17:46', '7482e58d-390f-4b85-a7ac-c1b15d8129da'),
 ('593', '193', '154', '31', '0', '2', '2017-06-21 18:17:46', '2017-06-21 18:17:46', '3787a9dd-ae63-4a7d-9aa5-7512e8ff991e'),
 ('594', '193', '154', '14', '0', '3', '2017-06-21 18:17:46', '2017-06-21 18:17:46', 'e1b2dad1-0a5b-4fc3-8ce5-0609a0f8be81'),
 ('595', '193', '154', '68', '0', '4', '2017-06-21 18:17:46', '2017-06-21 18:17:46', '133502d3-5d63-4050-a5ea-c1b1516ab4cc');
INSERT INTO `craft_fieldlayoutfields` (`id`, `layoutId`, `tabId`, `fieldId`, `required`, `sortOrder`, `dateCreated`, `dateUpdated`, `uid`) VALUES
 ('596', '193', '154', '13', '0', '5', '2017-06-21 18:17:46', '2017-06-21 18:17:46', '1aed2d19-83b2-4014-a1e4-2cfee0eda3b2'),
 ('597', '193', '154', '21', '0', '6', '2017-06-21 18:17:46', '2017-06-21 18:17:46', 'ff8e9a84-b352-461a-876c-afb71e1bdcf7'),
 ('598', '193', '154', '1', '0', '7', '2017-06-21 18:17:46', '2017-06-21 18:17:46', 'dfcc17f2-819a-4d97-8584-9c85c07d4c48'),
 ('599', '193', '154', '29', '0', '8', '2017-06-21 18:17:46', '2017-06-21 18:17:46', '12014a36-3aa0-4e6d-bd1f-8f2072fc2cff'),
 ('600', '193', '154', '10', '0', '9', '2017-06-21 18:17:46', '2017-06-21 18:17:46', 'a09f8afc-0fb8-4893-a5b0-e96e76e6ae0e'),
 ('601', '193', '154', '4', '0', '10', '2017-06-21 18:17:46', '2017-06-21 18:17:46', '4b9e056a-5b41-4fe8-a2a8-b2a6610a3016'),
 ('602', '193', '154', '26', '0', '11', '2017-06-21 18:17:46', '2017-06-21 18:17:46', '3003b6bf-fca1-496a-9038-661aa2bdc967'),
 ('603', '193', '154', '89', '0', '12', '2017-06-21 18:17:46', '2017-06-21 18:17:46', 'd1559265-69bc-44bb-9e9b-fa9dbb8389ca'),
 ('632', '196', '157', '13', '0', '1', '2017-06-28 03:59:33', '2017-06-28 03:59:33', '93708653-bad3-44a2-a3c0-85bf9440f3fb'),
 ('633', '196', '157', '1', '1', '2', '2017-06-28 03:59:33', '2017-06-28 03:59:33', '17c1336e-7876-4bab-8408-d335f6c16dc3'),
 ('634', '196', '157', '61', '0', '3', '2017-06-28 03:59:33', '2017-06-28 03:59:33', '75c3ca3d-b88c-4065-b78b-1048b3395456'),
 ('635', '196', '157', '21', '0', '4', '2017-06-28 03:59:33', '2017-06-28 03:59:33', 'a08d05cf-dc1b-4869-a05c-e8a94fb22bee'),
 ('636', '196', '157', '90', '0', '5', '2017-06-28 03:59:33', '2017-06-28 03:59:33', 'af6b1c67-b74f-4891-8458-464b486b6f72'),
 ('637', '196', '157', '91', '0', '6', '2017-06-28 03:59:33', '2017-06-28 03:59:33', 'aef707da-cd77-4c6a-9397-fa76db972484'),
 ('638', '196', '157', '12', '0', '7', '2017-06-28 03:59:33', '2017-06-28 03:59:33', '9689b2d5-5f1c-40b0-9ea8-eee8e9d6afb4'),
 ('639', '196', '157', '22', '0', '8', '2017-06-28 03:59:33', '2017-06-28 03:59:33', '5b0045ea-b93a-49c1-90af-d17f6e1bf068'),
 ('640', '196', '157', '65', '0', '9', '2017-06-28 03:59:33', '2017-06-28 03:59:33', 'b2939685-17ff-4d50-8dc9-a6ca07b0b479'),
 ('641', '196', '157', '64', '0', '10', '2017-06-28 03:59:33', '2017-06-28 03:59:33', '295b55cb-9785-4ab6-96dd-030a3f46806d'),
 ('642', '196', '157', '92', '0', '11', '2017-06-28 03:59:33', '2017-06-28 03:59:33', 'df32e5d6-9f0e-4e68-b5a0-d1108f1bc763'),
 ('643', '196', '157', '93', '0', '12', '2017-06-28 03:59:33', '2017-06-28 03:59:33', '941a3242-5316-49e9-a9e1-a0e1888b9fe8'),
 ('644', '196', '157', '63', '0', '13', '2017-06-28 03:59:33', '2017-06-28 03:59:33', '6249afdb-4af9-4bda-a454-4b964d7b49f9'),
 ('645', '196', '157', '55', '0', '14', '2017-06-28 03:59:33', '2017-06-28 03:59:33', '9ba6fee5-5d83-45c2-abeb-de7e6e50148b'),
 ('646', '196', '157', '62', '0', '15', '2017-06-28 03:59:33', '2017-06-28 03:59:33', '0924a371-8d28-4545-b67b-030f34da01d4');



DROP TABLE IF EXISTS `craft_fieldlayouts`;


--
-- Schema for table `craft_fieldlayouts`
--
CREATE TABLE `craft_fieldlayouts` (
  `id` int(11) NOT NULL AUTO_INCREMENT,
  `type` varchar(150) COLLATE utf8_unicode_ci NOT NULL,
  `dateCreated` datetime NOT NULL,
  `dateUpdated` datetime NOT NULL,
  `uid` char(36) COLLATE utf8_unicode_ci NOT NULL DEFAULT '0',
  PRIMARY KEY (`id`),
  KEY `craft_fieldlayouts_type_idx` (`type`)
) ENGINE=InnoDB AUTO_INCREMENT=197 DEFAULT CHARSET=utf8 COLLATE=utf8_unicode_ci;

--
-- Data for table `craft_fieldlayouts`
--

INSERT INTO `craft_fieldlayouts` (`id`, `type`, `dateCreated`, `dateUpdated`, `uid`) VALUES
 ('1', 'Tag', '2017-01-12 16:12:59', '2017-01-12 16:12:59', 'a29f19e8-aa3f-4f3b-98a1-c20996c11c14'),
 ('29', 'Asset', '2017-03-03 20:25:07', '2017-03-03 20:25:07', 'eb8c7809-74ef-43e8-971e-2e3f7cb0e7e8'),
 ('30', 'Asset', '2017-03-08 15:35:33', '2017-03-08 15:35:33', '763888a2-fe31-44f5-bdf0-f2e42a6c2cd6'),
 ('58', 'Entry', '2017-03-12 16:10:18', '2017-03-12 16:10:18', 'e67431ca-4764-4c22-ad38-fcd2c42f2124'),
 ('59', 'Entry', '2017-03-12 16:11:41', '2017-03-12 16:11:41', '2166262d-dcb2-490f-a09e-75b26846a7f9'),
 ('61', 'Entry', '2017-03-15 23:47:13', '2017-03-15 23:47:13', 'ec1d49ac-b020-4162-89c1-0b3ef73a1891'),
 ('72', 'Entry', '2017-03-21 17:34:26', '2017-03-21 17:34:26', 'bd7bfa5b-dfe6-46b0-9860-52a55e24a79d'),
 ('80', 'Category', '2017-03-23 19:52:23', '2017-03-23 19:52:23', '0cdc5ef0-632c-4063-841c-b3ca88537876'),
 ('85', 'Asset', '2017-04-07 15:44:02', '2017-04-07 15:44:02', 'db6485aa-4118-4b75-a617-45c2041472b7'),
 ('86', 'Asset', '2017-04-07 15:46:09', '2017-04-07 15:46:09', '37279fc2-ce3f-455b-8ecf-2ceafdb7bf7a'),
 ('87', 'GlobalSet', '2017-04-10 17:23:00', '2017-04-10 17:23:00', '399103bb-29d1-45ae-8aae-d04a925d2e77'),
 ('88', 'GlobalSet', '2017-04-10 18:57:55', '2017-04-10 18:57:55', '8809c0d4-8350-444d-97c6-64b6952f6f09'),
 ('101', 'Entry', '2017-04-19 00:50:16', '2017-04-19 00:50:16', '8bac1cf7-a2af-4d28-8987-16437632441e'),
 ('105', 'MatrixBlock', '2017-04-20 19:39:10', '2017-04-20 19:39:10', 'cc29d62d-8d68-44e9-9878-d7f60bf62cf6'),
 ('123', 'Asset', '2017-04-27 19:42:19', '2017-04-27 19:42:19', 'e8df02ec-d0a4-474d-bf26-f737303179ce'),
 ('124', 'Entry', '2017-04-27 19:44:02', '2017-04-27 19:44:02', '912272c6-918d-4e4d-b7bc-7f16e5615e5f'),
 ('131', 'Entry', '2017-05-10 17:02:54', '2017-05-10 17:02:54', '7040e5eb-63ed-4ed1-8f72-c9c9e525aa27'),
 ('147', 'MatrixBlock', '2017-05-11 14:03:55', '2017-05-11 14:03:55', '5cb6f50c-4377-4b51-9180-0ce148be0152'),
 ('156', 'Entry', '2017-05-28 23:19:43', '2017-05-28 23:19:43', '758e8522-c75d-4f05-a710-7af0d76829bd'),
 ('162', 'Entry', '2017-05-31 20:13:30', '2017-05-31 20:13:30', '77315b26-43f5-49e4-b4b8-c070cae38ef4'),
 ('164', 'MatrixBlock', '2017-06-01 19:03:45', '2017-06-01 19:03:45', 'd784b6b2-12a8-4a62-9b49-8e608c5984b2'),
 ('165', 'MatrixBlock', '2017-06-01 19:03:45', '2017-06-01 19:03:45', '35976ab8-cfab-4873-8451-beb4bdfb4adf'),
 ('166', 'Entry', '2017-06-01 19:41:17', '2017-06-01 19:41:17', 'aa4f76b0-c29f-4d3f-b60d-afd75f4ec2e7'),
 ('169', 'Entry', '2017-06-06 17:06:14', '2017-06-06 17:06:14', '162189d4-f305-46d3-a48d-0d1eec460ac5'),
 ('170', 'MatrixBlock', '2017-06-08 20:20:33', '2017-06-08 20:20:33', '32202bf9-66e9-4dd9-abc2-76365379c6e3'),
 ('175', 'MatrixBlock', '2017-06-13 19:25:38', '2017-06-13 19:25:38', '86e5e3d0-6025-421a-8710-229378f07e6d'),
 ('176', 'Entry', '2017-06-13 19:58:09', '2017-06-13 19:58:09', '0dc3a94f-fe1d-47fe-958b-462a2bf8737b'),
 ('181', 'GlobalSet', '2017-06-13 21:01:04', '2017-06-13 21:01:04', 'dde48d44-28df-4c29-946e-28b113fc7e05'),
 ('184', 'Entry', '2017-06-13 21:41:17', '2017-06-13 21:41:17', '4e8b5769-9118-44ed-8842-4bcabea1e61e'),
 ('187', 'Entry', '2017-06-14 17:39:20', '2017-06-14 17:39:20', '2bc07727-a5bb-4d4e-852d-9482cc68eab1'),
 ('188', 'Entry', '2017-06-14 18:56:46', '2017-06-14 18:56:46', 'bea1cc47-ec6a-4644-ae54-751586d2be4c'),
 ('189', 'MatrixBlock', '2017-06-14 19:24:36', '2017-06-14 19:24:36', '04dcc82d-94af-4e39-ba7c-d1698a264e7e'),
 ('190', 'Entry', '2017-06-20 15:03:05', '2017-06-20 15:03:05', 'c6fb89fa-e80e-48c6-a9f7-a4a3ae570040'),
 ('191', 'Entry', '2017-06-20 15:03:41', '2017-06-20 15:03:41', '41d94968-263c-41aa-b046-3d649cc8ee0a'),
 ('192', 'Entry', '2017-06-20 15:12:48', '2017-06-20 15:12:48', 'db5dc206-6366-413b-a8e8-7b014edcf2bb'),
 ('193', 'Entry', '2017-06-21 18:17:46', '2017-06-21 18:17:46', 'd85729b3-6c82-4393-bb6e-eeefa8f137f7'),
 ('196', 'Entry', '2017-06-28 03:59:33', '2017-06-28 03:59:33', '95c06d87-174b-406d-acb6-785d1c4660cc');



DROP TABLE IF EXISTS `craft_fieldlayouttabs`;


--
-- Schema for table `craft_fieldlayouttabs`
--
CREATE TABLE `craft_fieldlayouttabs` (
  `id` int(11) NOT NULL AUTO_INCREMENT,
  `layoutId` int(11) NOT NULL,
  `name` varchar(255) COLLATE utf8_unicode_ci NOT NULL,
  `sortOrder` smallint(6) unsigned DEFAULT NULL,
  `dateCreated` datetime NOT NULL,
  `dateUpdated` datetime NOT NULL,
  `uid` char(36) COLLATE utf8_unicode_ci NOT NULL DEFAULT '0',
  PRIMARY KEY (`id`),
  KEY `craft_fieldlayouttabs_sortOrder_idx` (`sortOrder`),
  KEY `craft_fieldlayouttabs_layoutId_fk` (`layoutId`)
) ENGINE=InnoDB AUTO_INCREMENT=158 DEFAULT CHARSET=utf8 COLLATE=utf8_unicode_ci;

--
-- Data for table `craft_fieldlayouttabs`
--

INSERT INTO `craft_fieldlayouttabs` (`id`, `layoutId`, `name`, `sortOrder`, `dateCreated`, `dateUpdated`, `uid`) VALUES
 ('46', '58', 'Tab 1', '1', '2017-03-12 16:10:18', '2017-03-12 16:10:18', 'd398bc3a-0267-4a6f-b7e4-5a2779a3c7d0'),
 ('47', '59', 'Tab 1', '1', '2017-03-12 16:11:41', '2017-03-12 16:11:41', 'd08db491-b40f-49b5-b7d8-d9d90ce4e07b'),
 ('49', '61', 'Tab 1', '1', '2017-03-15 23:47:13', '2017-03-15 23:47:13', '2232207c-2d2c-4d41-870e-4d80edf26b58'),
 ('53', '72', 'Tab 1', '1', '2017-03-21 17:34:26', '2017-03-21 17:34:26', '252ab78a-bcde-45c3-9172-f1a5f5f0485d'),
 ('60', '80', 'Tab 1', '1', '2017-03-23 19:52:23', '2017-03-23 19:52:23', '2ee64d51-dcb0-444b-a375-f7b6375478c7'),
 ('63', '87', 'Content', '1', '2017-04-10 17:23:00', '2017-04-10 17:23:00', '68755fcc-51f5-4045-8d1a-ef3a9c721f55'),
 ('64', '88', 'Content', '1', '2017-04-10 18:57:55', '2017-04-10 18:57:55', 'bad6f0fa-3ce5-479f-a32d-bb94f001a292'),
 ('73', '101', 'Tab 1', '1', '2017-04-19 00:50:16', '2017-04-19 00:50:16', '4f60d0d9-0ae8-4983-9e90-6612cb1c2622'),
 ('77', '105', 'Content', '1', '2017-04-20 19:39:10', '2017-04-20 19:39:10', '9ba20657-33ef-4d9f-88be-abb4bad7defe'),
 ('90', '124', 'Tab 1', '1', '2017-04-27 19:44:02', '2017-04-27 19:44:02', 'f9ae01bc-b3de-4d40-a6ba-02f4119fb822'),
 ('97', '131', 'Tab 1', '1', '2017-05-10 17:02:54', '2017-05-10 17:02:54', 'ca93df28-e15b-41f2-baf1-63a74b01ac50'),
 ('113', '147', 'Content', '1', '2017-05-11 14:03:55', '2017-05-11 14:03:55', '6e3943da-6017-4c9e-a121-434ee4d5d339'),
 ('122', '156', 'Tab 1', '1', '2017-05-28 23:19:43', '2017-05-28 23:19:43', '30e64cc7-7f9f-4521-bfef-d18f044cf114'),
 ('128', '162', 'Tab 1', '1', '2017-05-31 20:13:30', '2017-05-31 20:13:30', 'd46b7f93-a851-425e-903b-78335ad952d7'),
 ('130', '164', 'Content', '1', '2017-06-01 19:03:45', '2017-06-01 19:03:45', 'ce03c713-3c38-4904-a938-70d6fde039c2'),
 ('131', '165', 'Content', '1', '2017-06-01 19:03:45', '2017-06-01 19:03:45', '6239e4a5-d7c0-4cb5-a690-ead4e2336ec4'),
 ('132', '166', 'Tab 1', '1', '2017-06-01 19:41:17', '2017-06-01 19:41:17', '5b0a6009-10c8-4acb-9050-a22b330c1c85'),
 ('135', '169', 'Tab 1', '1', '2017-06-06 17:06:14', '2017-06-06 17:06:14', '0445861b-72d4-4845-b844-890c3776e1d0'),
 ('136', '170', 'Content', '1', '2017-06-08 20:20:33', '2017-06-08 20:20:33', 'dee57d4a-a3a9-437a-b312-10f896ef42e4'),
 ('141', '175', 'Content', '1', '2017-06-13 19:25:38', '2017-06-13 19:25:38', '2a6184ec-4aa1-4626-b921-5a47b5d3c6e3'),
 ('142', '176', 'Tab 1', '1', '2017-06-13 19:58:09', '2017-06-13 19:58:09', 'bdc03984-aab3-4b96-a747-a2fd55466d10'),
 ('143', '181', 'Content', '1', '2017-06-13 21:01:04', '2017-06-13 21:01:04', '26028931-33e2-4b91-b450-fd9a4ca80021'),
 ('146', '184', 'Tab 1', '1', '2017-06-13 21:41:17', '2017-06-13 21:41:17', 'fd73a208-a60d-4ace-93e9-99afa6aef96a'),
 ('149', '187', 'Tab 1', '1', '2017-06-14 17:39:20', '2017-06-14 17:39:20', '703c0dbe-c159-4487-a2b3-163aa0875060'),
 ('150', '189', 'Content', '1', '2017-06-14 19:24:36', '2017-06-14 19:24:36', '654ccddf-5b38-4da1-8cdf-481d1d953ccb'),
 ('151', '190', 'Tab 1', '1', '2017-06-20 15:03:05', '2017-06-20 15:03:05', 'e7eff49e-6f8b-4c68-acb0-844a495e9b2f'),
 ('152', '191', 'Tab 1', '1', '2017-06-20 15:03:41', '2017-06-20 15:03:41', '793b205e-2272-4ae7-96c2-a23662e6fc87'),
 ('153', '192', 'Content', '1', '2017-06-20 15:12:48', '2017-06-20 15:12:48', '658ec412-f5b6-4836-8c55-418fd682374a'),
 ('154', '193', 'Tab 1', '1', '2017-06-21 18:17:46', '2017-06-21 18:17:46', 'f16e1f92-90b3-44d1-b815-404573debbc6'),
 ('157', '196', 'Content', '1', '2017-06-28 03:59:33', '2017-06-28 03:59:33', '0efb0868-5ab0-4388-94b4-83b173a13537');



DROP TABLE IF EXISTS `craft_fields`;


--
-- Schema for table `craft_fields`
--
CREATE TABLE `craft_fields` (
  `id` int(11) NOT NULL AUTO_INCREMENT,
  `groupId` int(11) DEFAULT NULL,
  `name` varchar(255) COLLATE utf8_unicode_ci NOT NULL,
  `handle` varchar(58) COLLATE utf8_unicode_ci NOT NULL,
  `context` varchar(255) COLLATE utf8_unicode_ci NOT NULL DEFAULT 'global',
  `instructions` text COLLATE utf8_unicode_ci,
  `translatable` tinyint(1) unsigned NOT NULL DEFAULT '0',
  `type` varchar(150) COLLATE utf8_unicode_ci NOT NULL,
  `settings` text COLLATE utf8_unicode_ci,
  `dateCreated` datetime NOT NULL,
  `dateUpdated` datetime NOT NULL,
  `uid` char(36) COLLATE utf8_unicode_ci NOT NULL DEFAULT '0',
  PRIMARY KEY (`id`),
  UNIQUE KEY `craft_fields_handle_context_unq_idx` (`handle`,`context`),
  KEY `craft_fields_context_idx` (`context`),
  KEY `craft_fields_groupId_fk` (`groupId`)
) ENGINE=InnoDB AUTO_INCREMENT=94 DEFAULT CHARSET=utf8 COLLATE=utf8_unicode_ci;

--
-- Data for table `craft_fields`
--

INSERT INTO `craft_fields` (`id`, `groupId`, `name`, `handle`, `context`, `instructions`, `translatable`, `type`, `settings`, `dateCreated`, `dateUpdated`, `uid`) VALUES
 ('1', '1', 'Body', 'body', 'global', NULL, '1', 'RichText', '{\"configFile\":\"Standard.json\",\"columnType\":\"text\"}', '2017-01-12 16:12:59', '2017-01-12 16:12:59', '1fc04030-9693-4e3d-91b8-2011e6c39ba7'),
 ('2', '1', 'Tags', 'tags', 'global', NULL, '0', 'Tags', '{\"source\":\"taggroup:1\"}', '2017-01-12 16:12:59', '2017-01-12 16:12:59', '6b93c5ee-1af7-4717-bfaa-489a8121154c'),
 ('3', '1', 'Awards/Achievements', 'awardsAchievements', 'global', 'What have you achieved?', '0', 'PlainText', '{\"placeholder\":\"\",\"maxLength\":\"\",\"multiline\":\"\",\"initialRows\":\"4\"}', '2017-02-15 17:12:58', '2017-03-16 20:12:12', '201a4168-f376-46d3-8d0c-3dff36f04e28'),
 ('4', '1', 'Email', 'email', 'global', 'Put your email here', '0', 'PlainText', '{\"placeholder\":\"\",\"maxLength\":\"\",\"multiline\":\"\",\"initialRows\":\"4\"}', '2017-02-15 17:13:14', '2017-02-15 17:13:14', 'a626ee41-4974-457e-8988-75f234f22069'),
 ('5', '3', 'Employee Type', 'employeeType', 'global', '', '0', 'Checkboxes', '{\"options\":[{\"label\":\"Director\",\"value\":\"director\",\"default\":\"\"},{\"label\":\"Media Board - Non-Voting\",\"value\":\"nonVoting\",\"default\":\"\"},{\"label\":\"Media Board - Voting\",\"value\":\"voting\",\"default\":\"\"},{\"label\":\"Office Staff\",\"value\":\"officeStaff\",\"default\":\"\"},{\"label\":\"Student Media Leader\",\"value\":\"studentMediaLeader\",\"default\":\"\"}]}', '2017-02-15 17:13:54', '2017-04-24 17:33:06', '0f34848f-f336-4e65-8f3e-79be2fe6623f'),
 ('6', '3', 'First Name', 'firstName', 'global', '', '0', 'PlainText', '{\"placeholder\":\"\",\"maxLength\":\"\",\"multiline\":\"\",\"initialRows\":\"4\"}', '2017-02-15 17:14:03', '2017-02-16 21:22:56', 'a2b06270-bae5-42ab-a6bf-1e5d7a13cd19'),
 ('7', '3', 'Last Name', 'lastName', 'global', '', '0', 'PlainText', '{\"placeholder\":\"\",\"maxLength\":\"\",\"multiline\":\"\",\"initialRows\":\"4\"}', '2017-02-15 17:14:10', '2017-02-16 21:23:09', 'f1a7f5ac-4f7f-4791-b6f5-4327ce00efd5'),
 ('8', '1', 'Job Title', 'jobTitle', 'global', '', '0', 'PlainText', '{\"placeholder\":\"\",\"maxLength\":\"\",\"multiline\":\"\",\"initialRows\":\"4\"}', '2017-02-15 17:14:19', '2017-04-19 01:23:05', '84206e8c-7af9-491a-b985-c873b6c1bc55'),
 ('9', '1', 'Organization', 'organization', 'global', 'Which publication do you work for?', '0', 'PlainText', '{\"placeholder\":\"\",\"maxLength\":\"\",\"multiline\":\"\",\"initialRows\":\"4\"}', '2017-02-15 17:14:34', '2017-02-15 17:14:34', 'ef9a68cd-7e3b-40d0-9f26-824b54b2c845'),
 ('10', '1', 'Phone', 'phone', 'global', '', '0', 'PlainText', '{\"placeholder\":\"\",\"maxLength\":\"\",\"multiline\":\"\",\"initialRows\":\"4\"}', '2017-02-15 17:14:43', '2017-02-15 17:14:43', 'caef629a-a55c-4a27-bdcc-6f484a275922'),
 ('11', '2', 'Call to Actions', 'callToActions', 'global', '', '0', 'Entries', '{\"sources\":\"*\",\"limit\":\"\",\"selectionLabel\":\"\"}', '2017-02-16 21:03:43', '2017-02-16 21:18:02', 'c557ca3e-fa1d-4ff6-8690-fd2e5bc4dcbb'),
 ('12', '2', 'Description', 'description', 'global', '', '0', 'PlainText', '{\"placeholder\":\"\",\"maxLength\":\"\",\"multiline\":\"\",\"initialRows\":\"4\"}', '2017-02-16 21:03:54', '2017-02-16 21:18:18', '3b3586b4-4239-4c07-9f3d-565ccf725be0'),
 ('13', '2', 'Hero Image', 'heroImage', 'global', '', '0', 'Assets', '{\"useSingleFolder\":\"\",\"defaultUploadLocationSubpath\":\"\",\"singleUploadLocationSubpath\":\"\",\"restrictFiles\":\"\",\"limit\":\"\",\"viewMode\":\"list\",\"selectionLabel\":\"\"}', '2017-02-16 21:05:03', '2017-02-16 21:22:04', 'e4b312c8-2fbe-4bea-851f-497948459b93'),
 ('14', '1', 'Logo (All White Version)', 'logo', 'global', 'SVG files only.', '0', 'Assets', '{\"useSingleFolder\":\"\",\"sources\":[\"folder:2\"],\"defaultUploadLocationSource\":\"2\",\"defaultUploadLocationSubpath\":\"\",\"singleUploadLocationSource\":\"1\",\"singleUploadLocationSubpath\":\"\",\"restrictFiles\":\"\",\"limit\":\"1\",\"viewMode\":\"list\",\"selectionLabel\":\"Add White Logo\"}', '2017-02-16 21:06:41', '2017-05-31 15:12:07', '300f6be2-ab8d-486e-8fcd-6fd2c2460675'),
 ('15', '1', 'Mailing Address', 'mailingAddress', 'global', '', '0', 'PlainText', '{\"placeholder\":\"\",\"maxLength\":\"\",\"multiline\":\"\",\"initialRows\":\"4\"}', '2017-02-23 20:24:30', '2017-02-23 20:36:55', '36331247-95dd-466a-aab9-14eca15cfedb'),
 ('16', '1', 'Media Partner Logo', 'mediaPartnerLogo', 'global', 'Add text and image for particular media partner', '0', 'Assets', '{\"useSingleFolder\":\"\",\"sources\":\"*\",\"defaultUploadLocationSource\":\"2\",\"defaultUploadLocationSubpath\":\"\",\"singleUploadLocationSource\":\"1\",\"singleUploadLocationSubpath\":\"\",\"restrictFiles\":\"\",\"limit\":\"\",\"viewMode\":\"list\",\"selectionLabel\":\"\"}', '2017-02-23 20:28:54', '2017-04-07 15:45:44', '3df1b847-2e3f-4300-a392-a203082e5b2f'),
 ('17', '1', 'Media Partner Text', 'mediaPartnerText', 'global', '', '0', 'PlainText', '{\"placeholder\":\"\",\"maxLength\":\"\",\"multiline\":\"\",\"initialRows\":\"4\"}', '2017-02-23 21:18:09', '2017-02-23 21:18:09', '39dcca08-645d-4561-8850-b6a01ceed737'),
 ('19', '1', 'Image', 'image', 'global', 'Insert images here', '0', 'Assets', '{\"useSingleFolder\":\"\",\"sources\":\"*\",\"defaultUploadLocationSource\":\"2\",\"defaultUploadLocationSubpath\":\"\",\"singleUploadLocationSource\":\"1\",\"singleUploadLocationSubpath\":\"\",\"restrictFiles\":\"\",\"limit\":\"1\",\"viewMode\":\"list\",\"selectionLabel\":\"\"}', '2017-02-23 21:44:14', '2017-02-23 21:45:07', 'fc768a27-0824-4e66-941a-41ecc133d4fa'),
 ('20', '4', 'Associated Media Partners', 'associatedMediaPartners', 'global', 'Choose a related Media Partner', '0', 'Entries', '{\"sources\":[\"section:4\"],\"limit\":\"\",\"selectionLabel\":\"\"}', '2017-02-24 21:49:45', '2017-03-16 20:27:10', '3a9e68fb-88a1-42ea-93d8-379646064b21'),
 ('21', '1', 'Tagline', 'tagline', 'global', '', '0', 'PlainText', '{\"placeholder\":\"\",\"maxLength\":\"\",\"multiline\":\"\",\"initialRows\":\"4\"}', '2017-03-02 22:03:15', '2017-03-16 20:39:16', '99f0fbd6-9f6c-47ba-b673-1184c2317745'),
 ('22', '1', 'Video', 'video', 'global', '', '0', 'PlainText', '{\"placeholder\":\"\",\"maxLength\":\"\",\"multiline\":\"\",\"initialRows\":\"4\"}', '2017-03-08 15:37:21', '2017-03-09 15:29:06', '24978965-c6b2-4661-8b24-e581db748fdc'),
 ('23', '1', 'Time', 'time', 'global', '', '0', 'Date', '{\"minuteIncrement\":\"15\",\"showDate\":1,\"showTime\":0}', '2017-03-08 16:27:18', '2017-04-20 17:49:04', 'b43ea32e-6ac7-46f7-8632-ed369c95ca27'),
 ('24', '1', 'Location', 'location', 'global', '', '0', 'PlainText', '{\"placeholder\":\"\",\"maxLength\":\"\",\"multiline\":\"\",\"initialRows\":\"4\"}', '2017-03-08 16:28:06', '2017-03-16 20:25:19', '7ee41b7c-4d72-40f0-be89-7e60d4d71c33'),
 ('25', '1', 'Statistics', 'statistics', 'global', 'Enter Statistics Here', '0', 'PlainText', '{\"placeholder\":\"\",\"maxLength\":\"100\",\"multiline\":\"\",\"initialRows\":\"4\"}', '2017-03-09 01:42:32', '2017-03-15 23:48:05', 'a192673d-2a19-40d3-bae3-db7fb80feeda'),
 ('26', '1', 'Social Media', 'socialMedia', 'global', '', '0', 'Matrix', '{\"maxBlocks\":null}', '2017-03-09 19:13:08', '2017-04-20 19:39:10', '8641d462-a9dd-476f-ad74-1c387dd03cd8'),
 ('27', NULL, 'Social Name', 'socialName', 'matrixBlockType:1', '', '0', 'Dropdown', '{\"options\":[{\"label\":\"Twitter\",\"value\":\"twitter\",\"default\":\"\"},{\"label\":\"Instagram\",\"value\":\"instagram\",\"default\":\"\"},{\"label\":\"Facebook\",\"value\":\"facebook\",\"default\":\"\"},{\"label\":\"Website\",\"value\":\"website\",\"default\":\"\"}]}', '2017-03-09 19:13:08', '2017-04-20 19:39:10', '57fdd97b-0b85-4c1e-afc2-cf816fd61125'),
 ('28', NULL, 'Address', 'address', 'matrixBlockType:1', '', '0', 'PlainText', '{\"placeholder\":\"http:\\/\\/\",\"maxLength\":\"\",\"multiline\":\"\",\"initialRows\":\"4\"}', '2017-03-09 19:13:08', '2017-04-20 19:39:10', '9e57b746-574e-4e66-92d8-6b0c11f8daa8'),
 ('29', '1', 'Short Description', 'shortDescription', 'global', '', '0', 'PlainText', '{\"placeholder\":\"\",\"maxLength\":\"\",\"multiline\":\"\",\"initialRows\":\"4\"}', '2017-03-10 14:45:40', '2017-03-10 14:45:40', '4c4c51a0-54c6-41cd-b68d-41dd0e35fcf7'),
 ('31', '4', 'Ad Format', 'adFormat', 'global', '', '0', 'Categories', '{\"source\":\"group:1\",\"limit\":\"\",\"selectionLabel\":\"\"}', '2017-03-12 16:03:05', '2017-03-16 20:26:30', 'de994e91-069d-46ee-8d9b-f42ccf487b6c'),
 ('32', '4', 'Ad Unit', 'adUnit', 'global', '', '0', 'Matrix', '{\"maxBlocks\":null}', '2017-03-12 16:04:49', '2017-06-01 19:03:45', 'dad2c084-fbfb-4f09-a58a-82c77c62efc7'),
 ('33', NULL, 'Ad Type', 'adType', 'matrixBlockType:2', '', '0', 'PlainText', '{\"placeholder\":\"\",\"maxLength\":\"\",\"multiline\":\"\",\"initialRows\":\"4\"}', '2017-03-12 16:04:49', '2017-06-01 19:03:45', '67ceb03e-abf4-4662-b4a2-4fdd80bdd68d'),
 ('36', '4', 'Featured Media Partner', 'featuredMediaPartner', 'global', '', '0', 'Lightswitch', '{\"default\":\"\"}', '2017-03-16 18:01:16', '2017-03-16 20:33:28', 'a7a38b39-4164-4ae3-afd6-a6e311778663'),
 ('37', '1', 'Author', 'quotee', 'global', '', '0', 'PlainText', '{\"placeholder\":\"\",\"maxLength\":\"\",\"multiline\":\"\",\"initialRows\":\"4\"}', '2017-03-21 17:29:53', '2017-04-19 00:52:54', '4cff5044-f67c-4a57-9eaa-8218f9d202b2'),
 ('38', '1', 'Quote', 'quote', 'global', '', '0', 'PlainText', '{\"placeholder\":\"\",\"maxLength\":\"\",\"multiline\":\"\",\"initialRows\":\"4\"}', '2017-03-21 17:30:44', '2017-04-19 01:12:45', 'e2e7122e-88a1-4094-9250-44668cd0e5e9'),
 ('39', '1', 'Related Testimonial', 'relatedTestimonial', 'global', '', '0', 'Entries', '{\"sources\":\"*\",\"limit\":\"\",\"selectionLabel\":\"\"}', '2017-03-21 17:31:16', '2017-04-19 01:08:45', '89433d32-a146-4f77-b12a-fcafa4acff5d'),
 ('40', NULL, 'Ad Unit', 'adUnitr', 'matrixBlockType:2', '', '0', 'Table', '{\"columns\":{\"col3\":{\"heading\":\"Name\",\"handle\":\"name\",\"width\":\"\",\"type\":\"singleline\"},\"col1\":{\"heading\":\"Price\",\"handle\":\"price\",\"width\":\"\",\"type\":\"singleline\"},\"col2\":{\"heading\":\"Size\",\"handle\":\"size\",\"width\":\"\",\"type\":\"singleline\"},\"col4\":{\"heading\":\"Frequency\",\"handle\":\"frequency\",\"width\":\"\",\"type\":\"singleline\"}},\"defaults\":{\"row1\":{\"col3\":\"\",\"col1\":\"\",\"col2\":\"\",\"col4\":\"\"}}}', '2017-03-23 18:25:32', '2017-06-01 19:03:45', 'cee54df6-4288-4c3e-a557-a3a898b82a4c'),
 ('41', NULL, 'Ad Description', 'adDescription', 'matrixBlockType:2', '', '0', 'PlainText', '{\"placeholder\":\"\",\"maxLength\":\"\",\"multiline\":\"\",\"initialRows\":\"4\"}', '2017-03-23 18:28:47', '2017-06-01 19:03:45', '7afb3ec9-6d1b-4582-b573-a1aac7432be5'),
 ('42', NULL, 'Bundle Name', 'bundleName', 'matrixBlockType:3', '', '0', 'PlainText', '{\"placeholder\":\"\",\"maxLength\":\"\",\"multiline\":\"\",\"initialRows\":\"4\"}', '2017-03-23 18:31:37', '2017-06-01 19:03:45', 'daa663fd-51e7-4805-a574-4892b6a3913c'),
 ('43', NULL, 'Bundle Price', 'bundlePrice', 'matrixBlockType:3', '', '0', 'PlainText', '{\"placeholder\":\"\",\"maxLength\":\"\",\"multiline\":\"\",\"initialRows\":\"4\"}', '2017-03-23 18:31:37', '2017-06-01 19:03:45', '365c0bca-32d4-4fc3-9dc5-0bb72f26448e'),
 ('44', NULL, 'Bundle Description', 'bundleDescription', 'matrixBlockType:3', '', '0', 'RichText', '{\"configFile\":\"\",\"availableAssetSources\":\"*\",\"availableTransforms\":\"*\",\"cleanupHtml\":\"1\",\"purifyHtml\":\"1\",\"purifierConfig\":\"\",\"columnType\":\"text\"}', '2017-03-23 18:31:37', '2017-06-01 19:03:45', 'd2d69c45-fb5f-49f1-adda-d3077ce025a8'),
 ('45', '1', 'Footer Logo', 'footerLogo', 'global', '', '0', 'Assets', '{\"useSingleFolder\":\"\",\"sources\":[\"folder:2\"],\"defaultUploadLocationSource\":\"2\",\"defaultUploadLocationSubpath\":\"\",\"singleUploadLocationSource\":\"1\",\"singleUploadLocationSubpath\":\"\",\"restrictFiles\":\"\",\"limit\":\"\",\"viewMode\":\"list\",\"selectionLabel\":\"\"}', '2017-04-10 17:22:46', '2017-04-10 17:22:46', '6a025bd8-8ab5-42a3-856b-19c3c978f0ed'),
 ('46', '1', 'Small Logo', 'smallLogo', 'global', '', '0', 'Assets', '{\"useSingleFolder\":\"\",\"sources\":[\"folder:2\"],\"defaultUploadLocationSource\":\"2\",\"defaultUploadLocationSubpath\":\"\",\"singleUploadLocationSource\":\"1\",\"singleUploadLocationSubpath\":\"\",\"restrictFiles\":\"\",\"limit\":\"\",\"viewMode\":\"list\",\"selectionLabel\":\"\"}', '2017-04-10 18:57:43', '2017-04-10 18:57:43', 'f9774e62-31a4-4351-ab06-e52a71fbbf75'),
 ('47', '1', 'Support Us', 'supportUs', 'global', '', '0', 'RichText', '{\"configFile\":\"\",\"availableAssetSources\":\"*\",\"availableTransforms\":\"*\",\"cleanupHtml\":\"1\",\"purifyHtml\":\"1\",\"columnType\":\"text\"}', '2017-04-15 15:03:27', '2017-04-19 00:17:54', 'd72be7b2-4efd-44ca-bca5-91d6d9e3435d'),
 ('48', '1', 'Date', 'date', 'global', '', '0', 'Date', '{\"minuteIncrement\":\"30\",\"showDate\":1,\"showTime\":0}', '2017-04-27 19:05:12', '2017-04-27 19:05:12', 'e6844e40-b28d-4908-930b-1fbd5f406397'),
 ('49', '1', 'Files', 'files', 'global', '', '0', 'Assets', '{\"useSingleFolder\":\"\",\"sources\":\"*\",\"defaultUploadLocationSource\":\"5\",\"defaultUploadLocationSubpath\":\"\",\"singleUploadLocationSource\":\"5\",\"singleUploadLocationSubpath\":\"\",\"restrictFiles\":\"\",\"limit\":\"\",\"viewMode\":\"list\",\"selectionLabel\":\"\"}', '2017-04-27 19:42:55', '2017-04-27 19:52:54', '4d4408f2-accc-49ef-afd0-66e700f8eca8'),
 ('50', '1', 'Address', 'address', 'global', '', '0', 'PlainText', '{\"placeholder\":\"\",\"maxLength\":\"\",\"multiline\":\"\",\"initialRows\":\"4\"}', '2017-05-02 16:44:36', '2017-05-10 17:56:13', 'b80f1ae2-0e4d-4897-979a-21a00253c465'),
 ('51', '1', 'FAQ', 'faq', 'global', '', '0', 'Matrix', '{\"maxBlocks\":null}', '2017-05-04 16:52:25', '2017-05-11 14:03:55', '6c4991a4-019d-4af6-9551-feadfebe4c26'),
 ('52', NULL, 'Question', 'question', 'matrixBlockType:4', '', '0', 'PlainText', '{\"placeholder\":\"\",\"maxLength\":\"\",\"multiline\":\"\",\"initialRows\":\"4\"}', '2017-05-04 16:52:25', '2017-05-11 14:03:55', '6e233f32-0c3a-4a35-b0ae-45d629596d3b'),
 ('53', NULL, 'Answer', 'answer', 'matrixBlockType:4', '', '0', 'RichText', '{\"configFile\":\"\",\"availableAssetSources\":\"*\",\"availableTransforms\":\"*\",\"cleanupHtml\":\"1\",\"purifyHtml\":\"1\",\"purifierConfig\":\"\",\"columnType\":\"text\"}', '2017-05-04 16:52:25', '2017-05-11 14:03:55', '4a2e8331-1f59-48fc-ac5b-3c0bc5925ba3'),
 ('54', '1', 'Department', 'department', 'global', '', '0', 'PlainText', '{\"placeholder\":\"\",\"maxLength\":\"\",\"multiline\":\"\",\"initialRows\":\"4\"}', '2017-05-11 02:02:41', '2017-05-11 02:02:41', '26f48c98-06d9-4951-9ae2-1bfbbc8c2825'),
 ('55', '1', 'Advertising Body', 'adBody', 'global', '', '0', 'RichText', '{\"configFile\":\"\",\"availableAssetSources\":\"*\",\"availableTransforms\":\"*\",\"cleanupHtml\":\"1\",\"purifyHtml\":\"1\",\"purifierConfig\":\"\",\"columnType\":\"text\"}', '2017-05-11 03:10:35', '2017-05-26 17:01:46', '837586c6-a7b7-40b3-9769-ea8ed74dacda'),
 ('56', '1', 'Student Employee Opportunities', 'studentEmployeeOpportunities', 'global', '', '0', 'Matrix', '{\"maxBlocks\":null}', '2017-05-11 08:03:17', '2017-06-14 19:24:36', '6e149847-6aa3-4e71-96e1-1f6279b30028'),
 ('57', NULL, 'Hiring', 'hiring', 'matrixBlockType:5', '', '0', 'PlainText', '{\"placeholder\":\"\",\"maxLength\":\"\",\"multiline\":\"\",\"initialRows\":\"4\"}', '2017-05-11 08:03:17', '2017-06-14 19:24:36', '9f54e56d-4665-42df-b1d5-d760c396e009'),
 ('58', NULL, 'Position', 'position', 'matrixBlockType:5', '', '0', 'PlainText', '{\"placeholder\":\"\",\"maxLength\":\"\",\"multiline\":\"\",\"initialRows\":\"4\"}', '2017-05-11 08:03:18', '2017-06-14 19:24:36', '67c58e06-cdce-4f6e-baa9-65ed13fed970'),
 ('59', NULL, 'Position Description', 'positionDescription', 'matrixBlockType:5', '', '0', 'PlainText', '{\"placeholder\":\"\",\"maxLength\":\"\",\"multiline\":\"\",\"initialRows\":\"4\"}', '2017-05-11 08:03:18', '2017-06-14 19:24:36', '5c3953a4-73d2-4fa1-976e-d1cd17cd5eac'),
 ('60', NULL, 'Contact Information', 'contactInformation', 'matrixBlockType:5', '', '0', 'PlainText', '{\"placeholder\":\"\",\"maxLength\":\"\",\"multiline\":\"\",\"initialRows\":\"4\"}', '2017-05-11 08:03:18', '2017-06-14 19:24:36', 'e5962a8e-83a9-4f89-bd3f-783cb513a6cb'),
 ('61', '1', 'About Call to Action', 'aboutCta', 'global', '', '0', 'Entries', '{\"sources\":[\"singles\"],\"limit\":\"1\",\"selectionLabel\":\"\"}', '2017-05-26 17:01:07', '2017-05-26 17:01:07', 'c8f967fd-5d8d-4dd2-8c0b-dc82c49e0a16'),
 ('62', '1', 'Advertising Call to Action', 'advertingCta', 'global', '', '0', 'Entries', '{\"sources\":[\"singles\"],\"limit\":\"\",\"selectionLabel\":\"\"}', '2017-05-26 17:01:31', '2017-05-26 17:17:23', '8916e963-23fa-41c0-b29a-c35030f8870b'),
 ('63', '1', 'Advertising Header', 'advertisingHeader', 'global', '', '0', 'PlainText', '{\"placeholder\":\"\",\"maxLength\":\"\",\"multiline\":\"\",\"initialRows\":\"4\"}', '2017-05-26 17:01:55', '2017-05-26 17:01:55', 'de7c5160-b0c6-411f-acac-6608dcf0fe58'),
 ('64', '1', 'Media Partners Header', 'mediaPartnersHeader', 'global', '', '0', 'PlainText', '{\"placeholder\":\"\",\"maxLength\":\"\",\"multiline\":\"\",\"initialRows\":\"4\"}', '2017-05-26 17:02:27', '2017-05-26 17:15:56', 'c4c58cbe-77a9-4fdd-92a5-ebefd1e62103'),
 ('65', '1', 'Video Caption', 'videoCaption', 'global', '', '0', 'PlainText', '{\"placeholder\":\"\",\"maxLength\":\"\",\"multiline\":\"\",\"initialRows\":\"4\"}', '2017-05-27 19:08:33', '2017-05-27 19:08:33', '2f0880fd-17f6-434e-8f45-26a6c032ab8a'),
 ('66', '1', 'Creative Services Description', 'creativeServicesDescription', 'global', '', '0', 'RichText', '{\"configFile\":\"\",\"availableAssetSources\":\"*\",\"availableTransforms\":\"*\",\"cleanupHtml\":\"1\",\"purifyHtml\":\"1\",\"purifierConfig\":\"\",\"columnType\":\"text\"}', '2017-05-27 20:04:01', '2017-05-27 20:04:01', 'eaf1b9f9-a334-4e85-be14-dcb495ea975e'),
 ('67', '4', 'Media Kit', 'mediaKit', 'global', '', '0', 'Assets', '{\"useSingleFolder\":\"1\",\"sources\":\"*\",\"defaultUploadLocationSource\":\"1\",\"defaultUploadLocationSubpath\":\"\",\"singleUploadLocationSource\":\"5\",\"singleUploadLocationSubpath\":\"\",\"restrictFiles\":\"\",\"limit\":\"1\",\"viewMode\":\"list\",\"selectionLabel\":\"Add Media Kit\"}', '2017-05-30 18:40:52', '2017-05-30 18:44:47', '735aea92-0597-47e6-a931-5657d9656975'),
 ('68', '1', 'Logo (Color Version)', 'coloredLogo', 'global', 'SVG files only', '0', 'Assets', '{\"useSingleFolder\":\"\",\"sources\":[\"folder:2\"],\"defaultUploadLocationSource\":\"1\",\"defaultUploadLocationSubpath\":\"\",\"singleUploadLocationSource\":\"1\",\"singleUploadLocationSubpath\":\"\",\"restrictFiles\":\"\",\"limit\":\"1\",\"viewMode\":\"list\",\"selectionLabel\":\"Add Color Logo\"}', '2017-05-31 15:11:40', '2017-05-31 15:11:40', 'fae59bc0-5062-4f42-95b1-3593cc8efe03'),
 ('69', NULL, 'Bundle Picture', 'bundlePicture', 'matrixBlockType:3', '', '0', 'Assets', '{\"useSingleFolder\":\"\",\"sources\":\"*\",\"defaultUploadLocationSource\":\"5\",\"defaultUploadLocationSubpath\":\"\",\"singleUploadLocationSource\":\"1\",\"singleUploadLocationSubpath\":\"\",\"restrictFiles\":\"\",\"limit\":\"\",\"viewMode\":\"list\",\"selectionLabel\":\"\"}', '2017-06-01 19:03:45', '2017-06-01 19:03:45', 'a0c24eb4-8dc9-476f-9bf6-d65fb8080ddf'),
 ('70', '1', 'Recognition Image', 'recognitionImage', 'global', '', '0', 'Assets', '{\"useSingleFolder\":\"\",\"sources\":\"*\",\"defaultUploadLocationSource\":\"5\",\"defaultUploadLocationSubpath\":\"\",\"singleUploadLocationSource\":\"1\",\"singleUploadLocationSubpath\":\"\",\"restrictFiles\":\"\",\"limit\":\"\",\"viewMode\":\"list\",\"selectionLabel\":\"Add an image for recognition \"}', '2017-06-06 15:27:21', '2017-06-06 15:27:21', '405c1088-a21a-4c31-848a-bc59a723ac55'),
 ('71', '1', 'Recognition Caption', 'recognitionCaption', 'global', 'Caption what you\'ve been recognized for!', '0', 'PlainText', '{\"placeholder\":\"\",\"maxLength\":\"\",\"multiline\":\"\",\"initialRows\":\"4\"}', '2017-06-06 15:32:30', '2017-06-06 15:32:30', 'e7e9f600-0a62-4bb8-aaeb-1b6fb9b67a35'),
 ('72', '4', 'Supplemental Links', 'supplementalLinks', 'global', '', '0', 'Matrix', '{\"maxBlocks\":null}', '2017-06-08 20:20:33', '2017-06-08 20:20:33', 'ff7d26d5-59eb-44ca-b4b0-8f5757fa6793'),
 ('73', NULL, 'Link Name', 'linkName', 'matrixBlockType:6', 'Add the name of the link you want to be displayed', '0', 'PlainText', '{\"placeholder\":\"\",\"maxLength\":\"\",\"multiline\":\"\",\"initialRows\":\"4\"}', '2017-06-08 20:20:33', '2017-06-08 20:20:33', '7f0d7031-f99a-4819-a06d-95c71b23cad4'),
 ('74', NULL, 'Link URL', 'linkUrl', 'matrixBlockType:6', 'Add the URL to where you want to link', '0', 'PlainText', '{\"placeholder\":\"\",\"maxLength\":\"\",\"multiline\":\"\",\"initialRows\":\"4\"}', '2017-06-08 20:20:33', '2017-06-08 20:20:33', 'f39c3ae1-7714-49ef-b544-7cfaf5abbbd0'),
 ('75', '1', 'Advertising Order', 'advertisingOrder', 'global', 'Add Email and Phone so prospective clients can get in contact with you', '0', 'RichText', '{\"configFile\":\"\",\"availableAssetSources\":\"*\",\"availableTransforms\":\"*\",\"cleanupHtml\":\"1\",\"purifyHtml\":\"1\",\"purifierConfig\":\"\",\"columnType\":\"text\"}', '2017-06-08 20:21:46', '2017-06-08 20:21:46', '6f9747a6-1deb-424c-8f23-4f6b81bfa9b3'),
 ('76', '4', 'Ad Bundle Photo', 'adBundlePhoto', 'global', '', '0', 'Assets', '{\"useSingleFolder\":\"\",\"sources\":\"*\",\"defaultUploadLocationSource\":\"5\",\"defaultUploadLocationSubpath\":\"\",\"singleUploadLocationSource\":\"1\",\"singleUploadLocationSubpath\":\"\",\"restrictFiles\":\"\",\"limit\":\"\",\"viewMode\":\"list\",\"selectionLabel\":\"\"}', '2017-06-08 20:22:59', '2017-06-08 20:22:59', 'c89157e6-a7d5-44b7-8d57-4c5d6cb1c705'),
 ('77', '1', 'Fundraiser', 'fundraiser', 'global', '', '0', 'Matrix', '{\"maxBlocks\":null}', '2017-06-08 21:26:05', '2017-06-13 19:25:38', 'c88e9a69-d0e3-4075-a0fb-353d881ad2aa'),
 ('78', NULL, 'Fundraiser Title', 'fundraiserTitle', 'matrixBlockType:7', 'Add title of fundraiser', '0', 'PlainText', '{\"placeholder\":\"\",\"maxLength\":\"\",\"multiline\":\"\",\"initialRows\":\"4\"}', '2017-06-08 21:26:05', '2017-06-13 19:25:38', 'e71d5599-52d4-4148-b0c5-1f4a0d06b179'),
 ('79', NULL, 'Description', 'description', 'matrixBlockType:7', 'Describe the fundraiser', '0', 'RichText', '{\"configFile\":\"\",\"availableAssetSources\":\"*\",\"availableTransforms\":\"*\",\"cleanupHtml\":\"1\",\"purifyHtml\":\"1\",\"purifierConfig\":\"\",\"columnType\":\"text\"}', '2017-06-08 21:26:05', '2017-06-13 19:25:38', 'c8b70347-c614-4290-868b-fb6fd925de8c'),
 ('82', NULL, 'Link Name', 'linkName', 'matrixBlockType:7', 'Add the text that displays where you will be linked to', '0', 'PlainText', '{\"placeholder\":\"\",\"maxLength\":\"\",\"multiline\":\"\",\"initialRows\":\"4\"}', '2017-06-13 19:25:38', '2017-06-13 19:25:38', '5349caf2-b8e6-4468-9af6-7608f45ae999'),
 ('83', NULL, 'Link Url', 'linkUrl', 'matrixBlockType:7', 'Add where you want to link to', '0', 'PlainText', '{\"placeholder\":\"\",\"maxLength\":\"\",\"multiline\":\"\",\"initialRows\":\"4\"}', '2017-06-13 19:25:38', '2017-06-13 19:25:38', '1164b3e3-4ae3-4608-9f60-45bb11319560'),
 ('84', '1', 'Error Image', 'errorImage', 'global', 'Add image to be displayed if page does not load', '0', 'Assets', '{\"useSingleFolder\":\"\",\"sources\":\"*\",\"defaultUploadLocationSource\":\"5\",\"defaultUploadLocationSubpath\":\"\",\"singleUploadLocationSource\":\"1\",\"singleUploadLocationSubpath\":\"\",\"restrictFiles\":\"\",\"limit\":\"\",\"viewMode\":\"list\",\"selectionLabel\":\"\"}', '2017-06-13 21:00:54', '2017-06-13 21:00:54', '1f87e0a0-c9a2-49e8-bc96-edbe5540c1b0'),
 ('85', '1', 'News Subheader', 'newsSubheader', 'global', '', '0', 'PlainText', '{\"placeholder\":\"\",\"maxLength\":\"\",\"multiline\":\"\",\"initialRows\":\"4\"}', '2017-06-13 21:33:45', '2017-06-13 21:33:45', '2b48a23d-89af-42d0-9665-23e8117a09c2'),
 ('86', '1', 'About Student Media Subheader', 'aboutStudentMediaSubheader', 'global', '', '0', 'PlainText', '{\"placeholder\":\"\",\"maxLength\":\"\",\"multiline\":\"\",\"initialRows\":\"4\"}', '2017-06-13 21:35:43', '2017-06-13 21:35:43', '83720e60-39e9-4bb9-a96c-bb3ac7001f92'),
 ('87', '4', 'Feature Image', 'featureImage', 'global', '', '0', 'Assets', '{\"useSingleFolder\":\"\",\"sources\":\"*\",\"defaultUploadLocationSource\":\"5\",\"defaultUploadLocationSubpath\":\"\",\"singleUploadLocationSource\":\"1\",\"singleUploadLocationSubpath\":\"\",\"restrictFiles\":\"\",\"limit\":\"\",\"viewMode\":\"list\",\"selectionLabel\":\"\"}', '2017-06-13 22:25:34', '2017-06-13 22:25:34', '6e1f61f4-a986-4927-b960-4867b0e56d6e'),
 ('88', NULL, 'Contact Email', 'contactEmail', 'matrixBlockType:5', '', '0', 'PlainText', '{\"placeholder\":\"\",\"maxLength\":\"\",\"multiline\":\"\",\"initialRows\":\"4\"}', '2017-06-14 19:24:36', '2017-06-14 19:24:36', 'dec0e783-c40a-44d9-adae-555e77cf95c1'),
 ('89', '4', 'Web Url', 'webUrl', 'global', '', '0', 'PlainText', '{\"placeholder\":\"\",\"maxLength\":\"\",\"multiline\":\"\",\"initialRows\":\"4\"}', '2017-06-21 18:17:25', '2017-06-21 18:17:25', 'ddf99e12-8a86-428b-b65b-d1fa95f4d30d'),
 ('90', '1', 'Tagline Level 2', 'taglineLevel2', 'global', '', '0', 'PlainText', '{\"placeholder\":\"\",\"maxLength\":\"\",\"multiline\":\"\",\"initialRows\":\"4\"}', '2017-06-27 20:16:03', '2017-06-27 20:16:03', 'db4da688-a79b-4542-b35f-38dd93f1f08d'),
 ('91', '1', 'Tagline Level 3', 'taglineLevel3', 'global', '', '0', 'PlainText', '{\"placeholder\":\"\",\"maxLength\":\"\",\"multiline\":\"\",\"initialRows\":\"4\"}', '2017-06-27 20:16:10', '2017-06-27 20:16:10', '34c64219-9a31-4647-9e4b-94f1b5edcecb'),
 ('92', '1', 'Media Partner Body', 'mediaPartnerBody', 'global', '', '0', 'RichText', '{\"configFile\":\"\",\"availableAssetSources\":\"*\",\"availableTransforms\":\"*\",\"cleanupHtml\":\"1\",\"purifyHtml\":\"1\",\"purifierConfig\":\"\",\"columnType\":\"text\"}', '2017-06-28 03:28:28', '2017-06-28 03:28:28', '5a416cfd-4ccd-4d63-bbb4-ad145381096c'),
 ('93', '1', 'Media Partners CTA', 'mediaPartnersCta', 'global', '', '0', 'Entries', '{\"sources\":\"*\",\"limit\":\"\",\"selectionLabel\":\"\"}', '2017-06-28 03:59:14', '2017-06-28 03:59:14', 'f733bc77-1e7b-46df-b7d9-0bc3a0cea372');



DROP TABLE IF EXISTS `craft_globalsets`;


--
-- Schema for table `craft_globalsets`
--
CREATE TABLE `craft_globalsets` (
  `id` int(11) NOT NULL,
  `name` varchar(255) COLLATE utf8_unicode_ci NOT NULL,
  `handle` varchar(255) COLLATE utf8_unicode_ci NOT NULL,
  `fieldLayoutId` int(10) DEFAULT NULL,
  `dateCreated` datetime NOT NULL,
  `dateUpdated` datetime NOT NULL,
  `uid` char(36) COLLATE utf8_unicode_ci NOT NULL DEFAULT '0',
  PRIMARY KEY (`id`),
  UNIQUE KEY `craft_globalsets_name_unq_idx` (`name`),
  UNIQUE KEY `craft_globalsets_handle_unq_idx` (`handle`),
  KEY `craft_globalsets_fieldLayoutId_fk` (`fieldLayoutId`)
) ENGINE=InnoDB DEFAULT CHARSET=utf8 COLLATE=utf8_unicode_ci;

--
-- Data for table `craft_globalsets`
--

INSERT INTO `craft_globalsets` (`id`, `name`, `handle`, `fieldLayoutId`, `dateCreated`, `dateUpdated`, `uid`) VALUES
 ('5', 'Header', 'header', '88', '2017-02-16 21:06:16', '2017-04-10 18:57:55', 'd26c2242-a751-405f-a9b5-7cbb616df077'),
 ('6', 'Footer', 'footer', '87', '2017-02-16 21:16:37', '2017-04-10 17:23:00', '6a5bc45f-4c88-49e6-9cc6-33f5e39ce3be'),
 ('294', 'Error Page', 'errorPage', '181', '2017-06-13 21:00:24', '2017-06-13 21:01:04', '2a82aeb2-b2e1-4b1a-9477-96a0538a89d2');



DROP TABLE IF EXISTS `craft_info`;


--
-- Schema for table `craft_info`
--
CREATE TABLE `craft_info` (
  `id` int(11) NOT NULL AUTO_INCREMENT,
  `version` varchar(50) COLLATE utf8_unicode_ci NOT NULL,
  `schemaVersion` varchar(15) COLLATE utf8_unicode_ci NOT NULL,
  `edition` tinyint(1) unsigned NOT NULL DEFAULT '0',
  `siteName` varchar(100) COLLATE utf8_unicode_ci NOT NULL,
  `siteUrl` varchar(255) COLLATE utf8_unicode_ci NOT NULL,
  `timezone` varchar(30) COLLATE utf8_unicode_ci DEFAULT NULL,
  `on` tinyint(1) unsigned NOT NULL DEFAULT '0',
  `maintenance` tinyint(1) unsigned NOT NULL DEFAULT '0',
  `dateCreated` datetime NOT NULL,
  `dateUpdated` datetime NOT NULL,
  `uid` char(36) COLLATE utf8_unicode_ci NOT NULL DEFAULT '0',
  PRIMARY KEY (`id`)
) ENGINE=InnoDB AUTO_INCREMENT=2 DEFAULT CHARSET=utf8 COLLATE=utf8_unicode_ci;

--
-- Data for table `craft_info`
--

INSERT INTO `craft_info` (`id`, `version`, `schemaVersion`, `edition`, `siteName`, `siteUrl`, `timezone`, `on`, `maintenance`, `dateCreated`, `dateUpdated`, `uid`) VALUES
 ('1', '2.6.2983', '2.6.9', '2', 'Kent State Student Media', 'http://kentstatestudentmedia.com', 'America/New_York', '1', '1', '2017-01-12 16:12:57', '2017-06-28 04:19:22', 'ea009519-c3f1-43e4-8018-0bcb656b4314');



DROP TABLE IF EXISTS `craft_locales`;


--
-- Schema for table `craft_locales`
--
CREATE TABLE `craft_locales` (
  `locale` char(12) COLLATE utf8_unicode_ci NOT NULL,
  `sortOrder` smallint(6) unsigned DEFAULT NULL,
  `dateCreated` datetime NOT NULL,
  `dateUpdated` datetime NOT NULL,
  `uid` char(36) COLLATE utf8_unicode_ci NOT NULL DEFAULT '0',
  PRIMARY KEY (`locale`),
  KEY `craft_locales_sortOrder_idx` (`sortOrder`)
) ENGINE=InnoDB DEFAULT CHARSET=utf8 COLLATE=utf8_unicode_ci;

--
-- Data for table `craft_locales`
--

INSERT INTO `craft_locales` (`locale`, `sortOrder`, `dateCreated`, `dateUpdated`, `uid`) VALUES
 ('en_us', '1', '2017-01-12 16:12:57', '2017-01-12 16:12:57', 'dcdd8ad0-2fa8-4ae8-96de-ede12bf939f5');



DROP TABLE IF EXISTS `craft_matrixblocks`;


--
-- Schema for table `craft_matrixblocks`
--
CREATE TABLE `craft_matrixblocks` (
  `id` int(11) NOT NULL,
  `ownerId` int(11) NOT NULL,
  `fieldId` int(11) NOT NULL,
  `typeId` int(11) DEFAULT NULL,
  `sortOrder` smallint(6) unsigned DEFAULT NULL,
  `ownerLocale` char(12) COLLATE utf8_unicode_ci DEFAULT NULL,
  `dateCreated` datetime NOT NULL,
  `dateUpdated` datetime NOT NULL,
  `uid` char(36) COLLATE utf8_unicode_ci NOT NULL DEFAULT '0',
  PRIMARY KEY (`id`),
  KEY `craft_matrixblocks_ownerId_idx` (`ownerId`),
  KEY `craft_matrixblocks_fieldId_idx` (`fieldId`),
  KEY `craft_matrixblocks_typeId_idx` (`typeId`),
  KEY `craft_matrixblocks_sortOrder_idx` (`sortOrder`),
  KEY `craft_matrixblocks_ownerLocale_fk` (`ownerLocale`)
) ENGINE=InnoDB DEFAULT CHARSET=utf8 COLLATE=utf8_unicode_ci;

--
-- Data for table `craft_matrixblocks`
--

INSERT INTO `craft_matrixblocks` (`id`, `ownerId`, `fieldId`, `typeId`, `sortOrder`, `ownerLocale`, `dateCreated`, `dateUpdated`, `uid`) VALUES
 ('37', '25', '26', '1', '1', NULL, '2017-03-10 16:00:22', '2017-06-28 02:26:35', '0fd04950-7860-44f5-b4d7-93ed670c685a'),
 ('72', '71', '32', '2', '1', NULL, '2017-03-23 18:10:55', '2017-04-15 20:54:45', 'c71f817e-6df7-461b-bed4-7c22a655fd64'),
 ('74', '73', '32', '2', '1', NULL, '2017-03-23 18:21:18', '2017-04-14 22:37:18', '0e110266-cf9d-44de-a070-52c3d63b34d0'),
 ('75', '73', '32', '2', '2', NULL, '2017-03-23 18:27:09', '2017-04-14 22:37:18', '554324e3-ebd6-4ce8-97e6-a7d3d78f6459'),
 ('82', '81', '32', '2', '1', NULL, '2017-04-06 19:25:39', '2017-04-13 20:33:50', '214cb9bf-2972-40e9-872d-37bac9dff720'),
 ('92', '91', '32', '2', '1', NULL, '2017-04-13 20:31:54', '2017-04-14 22:28:27', '6a034f3c-a640-4b9f-a356-bb11769b7112'),
 ('97', '96', '32', '2', '1', NULL, '2017-04-13 20:37:01', '2017-04-13 20:37:01', 'f78e8b59-188e-4443-805f-34e4700da144'),
 ('98', '96', '32', '2', '2', NULL, '2017-04-13 20:37:01', '2017-04-13 20:37:01', 'd92dc4fa-25a4-4998-a061-004a70f64d27'),
 ('104', '103', '32', '3', '1', NULL, '2017-04-13 20:45:00', '2017-04-14 21:46:25', '21111685-259f-42ba-9163-204d4a04e584'),
 ('105', '103', '32', '3', '2', NULL, '2017-04-14 21:45:58', '2017-04-14 21:46:25', 'b1166f8a-0cb7-4125-92b8-3bb6486ef336'),
 ('106', '103', '32', '3', '3', NULL, '2017-04-14 21:45:58', '2017-04-14 21:46:25', 'a0f943b6-3645-426d-bde4-130b14b9432b'),
 ('107', '103', '32', '3', '4', NULL, '2017-04-14 21:45:58', '2017-04-14 21:46:25', '19ebcee6-bf1f-47a6-bd59-ce84b37c1bf2'),
 ('108', '103', '32', '3', '5', NULL, '2017-04-14 21:45:58', '2017-04-14 21:46:25', '7fa7aa81-4e4d-4530-9fb1-e586435b0140'),
 ('109', '103', '32', '3', '6', NULL, '2017-04-14 21:45:58', '2017-04-14 21:46:25', 'c21c0116-0c21-4634-a59a-62b1b9ec215e'),
 ('110', '102', '32', '2', '1', NULL, '2017-04-14 21:49:58', '2017-04-14 21:50:44', '12b711d1-3ac0-48b4-8408-6c413f3aa207'),
 ('111', '71', '32', '2', '2', NULL, '2017-04-14 21:58:18', '2017-04-15 20:54:45', '15107652-6932-40c6-b53c-337a9fb27401'),
 ('112', '73', '32', '2', '3', NULL, '2017-04-14 22:37:18', '2017-04-14 22:37:18', 'a4cb4737-92fc-4c90-a745-abab52a410de'),
 ('129', '24', '26', '1', '1', NULL, '2017-04-20 19:32:21', '2017-06-14 20:10:38', 'c18ce2d0-3d9a-440b-aa8c-e8bd06ffc006'),
 ('130', '24', '26', '1', '2', NULL, '2017-04-20 19:32:21', '2017-06-14 20:10:38', 'c277c9fe-6ee0-4ae6-9f73-69a366ec6b23'),
 ('131', '24', '26', '1', '3', NULL, '2017-04-20 19:32:21', '2017-06-14 20:10:38', 'd3ead095-4e4a-4898-8923-5bf6daf7d4d3'),
 ('132', '24', '26', '1', '4', NULL, '2017-04-20 19:32:42', '2017-06-14 20:10:38', 'b146e8d0-eb1c-49f4-ae41-4114a50b04f1'),
 ('133', '22', '26', '1', '1', NULL, '2017-04-20 19:35:15', '2017-06-07 20:13:56', '55045e65-3a9a-41c3-8c43-5e035185e011'),
 ('134', '22', '26', '1', '2', NULL, '2017-04-20 19:35:15', '2017-06-07 20:13:56', '40855d4c-dfb3-4d62-9fc0-bf6761b4f08e'),
 ('135', '22', '26', '1', '3', NULL, '2017-04-20 19:35:15', '2017-06-07 20:13:56', 'e9547735-bd62-46ab-b985-869c6869dc79'),
 ('136', '22', '26', '1', '4', NULL, '2017-04-20 19:35:15', '2017-06-07 20:13:56', '626fd414-9857-4f25-9fd5-c5808127e263'),
 ('137', '21', '26', '1', '1', NULL, '2017-04-20 19:36:29', '2017-06-14 18:27:33', 'e353e105-12a6-4a44-aa59-a5327e1ed64e'),
 ('138', '21', '26', '1', '2', NULL, '2017-04-20 19:36:29', '2017-06-14 18:27:33', '47f2fe9d-4a4d-4acd-a64d-c1c7f10973a2'),
 ('139', '21', '26', '1', '3', NULL, '2017-04-20 19:36:29', '2017-06-14 18:27:33', 'f86796e8-cb9f-4b31-a677-5c30e68f1c2d'),
 ('140', '10', '26', '1', '1', NULL, '2017-04-20 19:37:56', '2017-06-22 20:29:50', '42101f55-7721-4590-9310-73a56c8c5a65'),
 ('141', '10', '26', '1', '2', NULL, '2017-04-20 19:37:56', '2017-06-22 20:29:50', '0e8d067b-974b-4660-984c-5b9fb1e641a7'),
 ('142', '10', '26', '1', '3', NULL, '2017-04-20 19:37:56', '2017-06-22 20:29:50', 'd52f3760-185e-4949-95da-6ed59bc38d5e'),
 ('143', '10', '26', '1', '4', NULL, '2017-04-20 19:37:56', '2017-06-22 20:29:50', '6ca3551b-268c-4a4c-8e6d-477c9ddf4284'),
 ('145', '14', '26', '1', '1', NULL, '2017-04-20 19:40:18', '2017-06-14 17:38:33', '7b542b64-80ee-4d61-895c-f5a05c412ad6'),
 ('146', '14', '26', '1', '2', NULL, '2017-04-20 19:40:18', '2017-06-14 17:38:33', '17ae6420-2ffa-49f5-8483-99228a86f00c'),
 ('147', '14', '26', '1', '3', NULL, '2017-04-20 19:40:18', '2017-06-14 17:38:33', 'abcd14b6-0b46-4c6d-b102-96e4562505b6'),
 ('148', '14', '26', '1', '4', NULL, '2017-04-20 19:40:18', '2017-06-14 17:38:33', 'a15a2bc5-819c-45b1-b327-0ca140931081'),
 ('149', '23', '26', '1', '1', NULL, '2017-04-20 19:41:17', '2017-06-28 02:26:49', '650bec9c-c94c-4219-8dc9-69cd9ef72df1'),
 ('150', '23', '26', '1', '2', NULL, '2017-04-20 19:41:17', '2017-06-28 02:26:49', '9bd4211d-b885-4910-981e-72e512b28ac1'),
 ('151', '23', '26', '1', '3', NULL, '2017-04-20 19:42:23', '2017-06-28 02:26:49', 'e7364e6f-835d-4bed-ab51-fe4bd42d63d6'),
 ('152', '23', '26', '1', '4', NULL, '2017-04-20 19:42:23', '2017-06-28 02:26:49', '1775330a-6523-447e-bdef-402a31b43aee'),
 ('153', '20', '26', '1', '1', NULL, '2017-04-20 19:43:14', '2017-06-14 20:05:57', '6cb5e9b6-eac4-4af5-af78-ec2388c89c21'),
 ('154', '20', '26', '1', '2', NULL, '2017-04-20 19:43:14', '2017-06-14 20:05:57', 'b544fe20-8154-4aea-8ea4-cdfbce669443'),
 ('155', '20', '26', '1', '3', NULL, '2017-04-20 19:43:14', '2017-06-14 20:05:57', 'e384b19a-9cad-48ee-9be8-7321a4cbb122'),
 ('156', '19', '26', '1', '1', NULL, '2017-04-20 19:44:16', '2017-06-14 17:58:08', '3da54be1-04f4-437a-8aaa-a4d0aea35b4f'),
 ('157', '19', '26', '1', '2', NULL, '2017-04-20 19:44:16', '2017-06-14 17:58:08', '12c2d259-cd46-4b17-877c-f6d65803fdd9'),
 ('158', '19', '26', '1', '3', NULL, '2017-04-20 19:44:16', '2017-06-14 17:58:08', '2a29d08e-f7df-4359-aaa9-766140d79184'),
 ('159', '19', '26', '1', '4', NULL, '2017-04-20 19:44:16', '2017-06-14 17:58:08', 'f4134b18-509d-47b2-8fa2-8b1358ff874e'),
 ('222', '20', '26', '1', '4', NULL, '2017-05-11 02:34:14', '2017-06-14 20:05:57', 'ab1320da-27d2-431e-9605-1097842d782c'),
 ('225', '25', '26', '1', '2', NULL, '2017-05-11 02:41:50', '2017-06-28 02:26:35', 'ac83e9d3-1a78-4f64-8e03-85d4c3176d4b'),
 ('226', '25', '26', '1', '3', NULL, '2017-05-11 02:41:50', '2017-06-28 02:26:35', 'f641dc87-75a5-4aef-a3cb-7807bd71bc45'),
 ('227', '15', '26', '1', '1', NULL, '2017-05-11 02:54:26', '2017-06-07 20:20:20', '130c3f42-1c4d-4598-9848-0841abc7b793'),
 ('228', '15', '26', '1', '2', NULL, '2017-05-11 02:54:26', '2017-06-07 20:20:20', '5b4723a3-eb2e-4899-b88e-2c9d15caebfe'),
 ('229', '15', '26', '1', '3', NULL, '2017-05-11 02:54:26', '2017-06-07 20:20:20', 'a0c0c195-c1c9-447c-859e-7b3f7c49e838'),
 ('230', '15', '26', '1', '4', NULL, '2017-05-11 02:54:26', '2017-06-07 20:20:20', '0f562f1e-9796-4e57-9738-12f0239a725f'),
 ('231', '60', '51', '4', '1', NULL, '2017-05-11 03:35:13', '2017-06-07 19:15:55', '5b81b1b3-4845-41df-95f7-fb8ce9bfd450'),
 ('232', '60', '56', '5', '1', NULL, '2017-05-11 14:06:53', '2017-06-07 19:15:55', 'd4fca9a8-c118-4a32-9087-67721b94ee88'),
 ('237', '99', '32', '2', '1', NULL, '2017-05-31 20:18:40', '2017-05-31 20:18:40', '7d6fca44-f988-43b6-9e6a-0ddf5020e212'),
 ('261', '60', '51', '4', '2', NULL, '2017-06-01 20:33:12', '2017-06-07 19:15:55', '15df64b5-1d14-43c4-bedf-2280e10c97b4'),
 ('262', '60', '51', '4', '3', NULL, '2017-06-01 20:33:12', '2017-06-07 19:15:55', '6a6d1af1-f930-4da9-86f9-863ef678eeec'),
 ('263', '60', '51', '4', '4', NULL, '2017-06-01 20:33:12', '2017-06-07 19:15:55', 'c4f89592-b55a-44bd-852d-ace576f12c26'),
 ('264', '60', '51', '4', '5', NULL, '2017-06-01 20:33:12', '2017-06-07 19:15:55', '9deead2d-87f3-406a-b2d2-0039cb6ee4a3'),
 ('265', '60', '51', '4', '6', NULL, '2017-06-01 20:33:12', '2017-06-07 19:15:55', 'e3dd16e7-b94a-4ee5-9a28-e827ccd63a40'),
 ('282', '60', '51', '4', '7', NULL, '2017-06-06 15:54:11', '2017-06-07 19:15:55', '7c4f38e0-5db9-48c5-b45e-2274a3336031'),
 ('283', '60', '51', '4', '8', NULL, '2017-06-06 15:54:11', '2017-06-07 19:15:55', 'f2b876e4-e2f7-4536-8099-fdae7250da1f'),
 ('284', '60', '51', '4', '9', NULL, '2017-06-06 15:54:11', '2017-06-07 19:15:55', 'fa5b449f-781d-49cb-b22a-f5bc5bb38914'),
 ('285', '60', '51', '4', '10', NULL, '2017-06-06 15:54:11', '2017-06-07 19:15:55', '83caea2d-1ef9-49ac-b22f-52163b9b1620'),
 ('286', '60', '51', '4', '11', NULL, '2017-06-06 15:54:11', '2017-06-07 19:15:55', 'aa99960b-5e46-4074-93cb-d3c33e0b621b'),
 ('287', '60', '51', '4', '12', NULL, '2017-06-06 15:54:11', '2017-06-07 19:15:55', '365420b0-81de-4aaa-b221-c2ff05889124'),
 ('288', '60', '51', '4', '13', NULL, '2017-06-06 15:54:11', '2017-06-07 19:15:55', 'f2f9e0b9-6999-4182-83cc-5fcb8bc1af26'),
 ('289', '60', '51', '4', '14', NULL, '2017-06-06 15:54:11', '2017-06-07 19:15:55', '51d59904-f4b7-41f2-9e0d-7744c83d91fa');



DROP TABLE IF EXISTS `craft_matrixblocktypes`;


--
-- Schema for table `craft_matrixblocktypes`
--
CREATE TABLE `craft_matrixblocktypes` (
  `id` int(11) NOT NULL AUTO_INCREMENT,
  `fieldId` int(11) NOT NULL,
  `fieldLayoutId` int(11) DEFAULT NULL,
  `name` varchar(255) COLLATE utf8_unicode_ci NOT NULL,
  `handle` varchar(255) COLLATE utf8_unicode_ci NOT NULL,
  `sortOrder` smallint(6) unsigned DEFAULT NULL,
  `dateCreated` datetime NOT NULL,
  `dateUpdated` datetime NOT NULL,
  `uid` char(36) COLLATE utf8_unicode_ci NOT NULL DEFAULT '0',
  PRIMARY KEY (`id`),
  UNIQUE KEY `craft_matrixblocktypes_name_fieldId_unq_idx` (`name`,`fieldId`),
  UNIQUE KEY `craft_matrixblocktypes_handle_fieldId_unq_idx` (`handle`,`fieldId`),
  KEY `craft_matrixblocktypes_fieldId_fk` (`fieldId`),
  KEY `craft_matrixblocktypes_fieldLayoutId_fk` (`fieldLayoutId`)
) ENGINE=InnoDB AUTO_INCREMENT=9 DEFAULT CHARSET=utf8 COLLATE=utf8_unicode_ci;

--
-- Data for table `craft_matrixblocktypes`
--

INSERT INTO `craft_matrixblocktypes` (`id`, `fieldId`, `fieldLayoutId`, `name`, `handle`, `sortOrder`, `dateCreated`, `dateUpdated`, `uid`) VALUES
 ('1', '26', '105', 'Social Media Block', 'socialMediaBlock', '1', '2017-03-09 19:13:08', '2017-04-20 19:39:10', '0ba0cdbe-30a5-407d-99f9-efde80cef7bf'),
 ('2', '32', '164', 'Ad Unit', 'adUnits', '1', '2017-03-12 16:04:49', '2017-06-01 19:03:45', '96ba4f50-6fc1-407d-b237-f99dcca4826b'),
 ('3', '32', '165', 'Ad Bundle', 'adBundle', '2', '2017-03-23 18:31:37', '2017-06-01 19:03:45', '189f41a5-6a45-4cc8-b4b3-c487c56c0d09'),
 ('4', '51', '147', 'FAQs', 'faqs', '1', '2017-05-04 16:52:25', '2017-05-11 14:03:55', '0b422dd4-cef7-4b98-85f9-a5c91e171ec3'),
 ('5', '56', '189', 'Employee Opportunities', 'employeeOpportunities', '1', '2017-05-11 08:03:17', '2017-06-14 19:24:36', '7ad77bb3-852f-433b-8860-1f8c25faa8b7'),
 ('6', '72', '170', 'Link', 'link', '1', '2017-06-08 20:20:33', '2017-06-08 20:20:33', '80581279-6e4d-42e7-83fe-12fb056e15ed'),
 ('7', '77', '175', 'Fundraiser Info', 'fundraiserInfo', '1', '2017-06-08 21:26:05', '2017-06-13 19:25:38', 'b2214f9e-dccf-4846-8891-e231615ead45');



DROP TABLE IF EXISTS `craft_matrixcontent_adunit`;


--
-- Schema for table `craft_matrixcontent_adunit`
--
CREATE TABLE `craft_matrixcontent_adunit` (
  `id` int(11) NOT NULL AUTO_INCREMENT,
  `elementId` int(11) NOT NULL,
  `locale` char(12) COLLATE utf8_unicode_ci NOT NULL,
  `field_adUnits_adType` text COLLATE utf8_unicode_ci,
  `field_adUnits_adUnitr` text COLLATE utf8_unicode_ci,
  `field_adUnits_adDescription` text COLLATE utf8_unicode_ci,
  `field_adBundle_bundleName` text COLLATE utf8_unicode_ci,
  `field_adBundle_bundlePrice` text COLLATE utf8_unicode_ci,
  `field_adBundle_bundleDescription` text COLLATE utf8_unicode_ci,
  `dateCreated` datetime NOT NULL,
  `dateUpdated` datetime NOT NULL,
  `uid` char(36) COLLATE utf8_unicode_ci NOT NULL DEFAULT '0',
  PRIMARY KEY (`id`),
  UNIQUE KEY `craft_matrixcontent_adunit_elementId_locale_unq_idx` (`elementId`,`locale`),
  KEY `craft_matrixcontent_adunit_locale_fk` (`locale`)
) ENGINE=InnoDB AUTO_INCREMENT=21 DEFAULT CHARSET=utf8 COLLATE=utf8_unicode_ci;

--
-- Data for table `craft_matrixcontent_adunit`
--

INSERT INTO `craft_matrixcontent_adunit` (`id`, `elementId`, `locale`, `field_adUnits_adType`, `field_adUnits_adUnitr`, `field_adUnits_adDescription`, `field_adBundle_bundleName`, `field_adBundle_bundlePrice`, `field_adBundle_bundleDescription`, `dateCreated`, `dateUpdated`, `uid`) VALUES
 ('2', '72', 'en_us', 'Web Ads', '[{\"col3\":\"728 x 90\",\"col1\":\"$195 still, $215 flash\",\"col2\":\"\",\"col4\":\"Weekly\"},{\"col3\":\"728 x 90 \",\"col1\":\"$650 still, $700 flash\",\"col2\":\"\",\"col4\":\"Monthly\"},{\"col3\":\"960 x 30\",\"col1\":\"$125 still, $150 flash\",\"col2\":\"\",\"col4\":\"Weekly\"},{\"col3\":\"960 x 30\",\"col1\":\"$425 still, $500 flash\",\"col2\":\"\",\"col4\":\"Monthly\"},{\"col3\":\"300 x 250\",\"col1\":\"$175 still, $195 flash\",\"col2\":\"\",\"col4\":\"Weekly\"},{\"col3\":\"300 x 250\",\"col1\":\"$600 still, $650 flash\",\"col2\":\"\",\"col4\":\"Monthly\"},{\"col3\":\"180 x 600\",\"col1\":\"$100 still, $125 flash\",\"col2\":\"\",\"col4\":\"Weekly\"},{\"col3\":\"180 x 600\",\"col1\":\"$350 still, $425 flash\",\"col2\":\"\",\"col4\":\"Monthly\"},{\"col3\":\"120 x 600\",\"col1\":\"$75 still, $100 flash\",\"col2\":\"\",\"col4\":\"Weekly\"},{\"col3\":\"120 x 600\",\"col1\":\"$275 still, $350 flash\",\"col2\":\"\",\"col4\":\"Monthly\"}]', 'Place your ad where the campus and community turns first for breaking news, extended news and entertainment. Each banner ad includes a link to your site, monthly statistics and ad design services.', NULL, NULL, NULL, '2017-03-23 18:10:55', '2017-04-15 20:54:45', '58d90dfb-ed32-43c7-853a-347bbd3bc7a1'),
 ('3', '74', 'en_us', 'Display Ads', '[{\"col3\":\"Full Page\",\"col1\":\"$1,450 (local), $1,100 (campus\\/non-profit)\",\"col2\":\"11\\\" x 21\\\"\"},{\"col3\":\"Front Page\",\"col1\":\"$450 (local), $400 (campus\\/non-profit)\",\"col2\":\"11\\\" x 3\\\"\"},{\"col3\":\"2\\/3 Page\",\"col1\":\"$975 (local), $735 (campus\\/non-profit)\",\"col2\":\"7.23\\\" x 21\\\"\"},{\"col3\":\"1\\/2 Page\",\"col1\":\"$725 (local), $550 (campus\\/non-profit)\",\"col2\":\"11\\\" x 10.5\\\"\"},{\"col3\":\"1\\/4 Page \",\"col1\":\"$375 (local), $275 (campus\\/non-profit)\",\"col2\":\"5.44\\\" x 10.5\\\" \"},{\"col3\":\"1\\/8 Page\",\"col1\":\"$175 (local), $130 (campus\\/non-profit)\",\"col2\":\"5.44\\\" x 5\\\"\"},{\"col3\":\"1\\/16 Page\",\"col1\":\"$75 (local), $55 (campus\\/non-profit)\",\"col2\":\"5.44\\\" x 2\\\" \"}]', 'Ads smaller than 1/16 will run on the classifieds page and are priced on an individual basis', NULL, NULL, NULL, '2017-03-23 18:21:18', '2017-04-14 22:37:18', 'f9c63df7-512f-43c2-aa11-d61d22d9157c'),
 ('4', '75', 'en_us', 'Color Pricing', '[{\"col3\":\"Full Color\",\"col1\":\"$75\",\"col2\":\"\"},{\"col3\":\"Black + 1 Color\",\"col1\":\"$30\",\"col2\":\"\"}]', '', NULL, NULL, NULL, '2017-03-23 18:27:09', '2017-04-14 22:37:18', 'f4345141-5f57-4e5f-904e-8d916a0e4007'),
 ('7', '82', 'en_us', 'asdfgh', '[{\"col3\":\"\",\"col1\":\"\",\"col2\":\"\"}]', '', NULL, NULL, NULL, '2017-04-06 19:25:39', '2017-04-13 20:33:50', 'ddb66fcd-7e4d-4a12-85ec-52f760d558df'),
 ('8', '92', 'en_us', 'Sponsored Tweets', '[{\"col3\":\"\",\"col1\":\"$85\\/tweet\",\"col2\":\"\"},{\"col3\":\"\",\"col1\":\"$75\\/tweet (minimum purchase of 4)\",\"col2\":\"\"},{\"col3\":\"\",\"col1\":\"$65\\/tweet (minimum purchase of 8)\",\"col2\":\"\"}]', 'Kentwired currently has more than 9,100 followers on its Twitter account. Sponsored tweets can be purchased for any time of day, any day of the week. Limit of one sponsored tweet per day and a maximum of four per week. Tweets may contain up to 131 characters and must include “SPONSORED.” Including hashtags and mentions aid in building traffic and engagement. Tweets may also include creative and/or photos. Monthly statistics will be sent to all advertisers. ', NULL, NULL, NULL, '2017-04-13 20:31:54', '2017-04-14 22:28:27', '2a7ad9b3-b2c4-403d-9d05-e5dc628cdd0c'),
 ('9', '97', 'en_us', 'TV 2 Productions', '[{\"col3\":\"\",\"col1\":\"\",\"col2\":\"\"},{\"col3\":\"\",\"col1\":\"\",\"col2\":\"\"}]', '', NULL, NULL, NULL, '2017-04-13 20:37:01', '2017-04-13 20:37:01', 'd8736285-7bca-42cb-a340-fb93daefe0c5'),
 ('10', '98', 'en_us', 'BSR Mobile DJ', '[{\"col3\":\"\",\"col1\":\"\",\"col2\":\"\"}]', '', NULL, NULL, NULL, '2017-04-13 20:37:01', '2017-04-13 20:37:01', '0e055e16-72c0-41f0-86e9-64e6bdcf5e64'),
 ('11', '104', 'en_us', NULL, NULL, NULL, 'Print, TV & Radio', '$325', '<ul><li>Two 1/16-page full color ads in The Kent Stater for two days.</li><li>Twenty 10-second live-reads with your business\' logo shown on TV2 within two weeks</li><li>Sixty 10-second live-reads on Black Squirrel Radio within one month.</li></ul>', '2017-04-13 20:45:00', '2017-04-14 21:46:25', '38efb513-cdfa-42ae-a02d-13919bf7f28d'),
 ('12', '105', 'en_us', NULL, NULL, NULL, 'Print, Web, & Radio', '$375', '<ul><li>A 1/8-page full color ad in The Kent Stater for one day.</li><li>A 300x250 box ad on Kentwired.com for one week.</li><li>Sixty 10-second live-reads on Black Squirrel Radio within one month.</li></ul>', '2017-04-14 21:45:58', '2017-04-14 21:46:25', '3b7283bd-bca2-427d-a5ee-214d8aac143b'),
 ('13', '106', 'en_us', NULL, NULL, NULL, 'Print, Web, & Twitter', '$425', '<ul><li>A 1/8-page full color ad in The Kent Stater for one day.</li><li>A 300x250 box ad on Kentwired.com for one week.</li><li>One sponsored tweet on the @Kentwired handle.</li></ul>', '2017-04-14 21:45:58', '2017-04-14 21:46:25', 'e2bbafb0-0ae5-4659-ac1a-134012fb84b5'),
 ('14', '107', 'en_us', NULL, NULL, NULL, 'Print, Web, & Twitter Deluxe', '$525', '<ul><li>A 1/4-page full color ad in The Kent Stater for one day.</li><li>A 728x90 banner ad on Kentwired.com for one week.</li><li>One sponsored tweet on the @Kentwired handle.</li></ul>', '2017-04-14 21:45:58', '2017-04-14 21:46:25', '4ef5fe35-bce8-48f0-88f8-dc41a6fd5499'),
 ('15', '108', 'en_us', NULL, NULL, NULL, 'Print, Web, Twitter & Radio', '$575', '<ul><li>A 1/4-page full color ad in The Kent Stater for one day. </li><li>A 728x90 banner on Kentwired.com for one week.</li><li>One sponsored tweet on the @Kentwired handle</li><li>Sixty 10-second live-reads on Black Squirrel Radio within one month.</li></ul>', '2017-04-14 21:45:58', '2017-04-14 21:46:25', '18f7101d-08ca-41c6-9084-dac70d5a521b'),
 ('16', '109', 'en_us', NULL, NULL, NULL, 'Print, Web, Twitter, Radio & TV', '$625', '<ul><li>A 1/4-page full color ad in The Kent Stater for one day.</li><li>A 728x90 banner ad on Kentwired.com for one week.</li><li>One sponsored tweet on the @Kentwired handle</li><li>Sixty 10-second live-reads on Black Squirrel Radio within one month.</li></ul>', '2017-04-14 21:45:58', '2017-04-14 21:46:25', 'cd2b5a2b-d4b1-4498-b326-9060103ec676'),
 ('17', '110', 'en_us', 'Rental Listings', '[{\"col3\":\"Rental Listings\",\"col1\":\"$75\\/month\",\"col2\":\"\"}]', 'Fill your vacancies faster with a Kentcribs listing. The listing showcases your property with unlimited photos and narrative. Prospective tenants can also email or call you directly from a mobile device. Listings include: • Name • Phone • Address • Email • Web link • Photos • Price/month/unit • Apartment type • # rooms & baths • Amenities • Floor plans • Map • Unlimited narrative • Distance from KSU Student Center', NULL, NULL, NULL, '2017-04-14 21:49:58', '2017-04-14 21:50:44', 'a1d926f1-a60e-4321-95cf-6d717825197e'),
 ('18', '111', 'en_us', 'Video Pre-Roll', '[{\"col3\":\"\",\"col1\":\"$125\",\"col2\":\"\",\"col4\":\"Weekly\"},{\"col3\":\"\",\"col1\":\"$450\",\"col2\":\"\",\"col4\":\"Monthly\"}]', 'Fifteen-second commercial or video prior to TV2 videos on Kentwired.com. We offer production services if required. Please see page 17 for pricing and more information.', NULL, NULL, NULL, '2017-04-14 21:58:18', '2017-04-15 20:54:45', 'cffe6f16-f09f-4041-b60d-6832dbc8c3e0'),
 ('19', '112', 'en_us', 'Inserts & Post-its', '[{\"col3\":\"Single-Page Insert\",\"col1\":\"$450\",\"col2\":\"\"},{\"col3\":\"Multi-Page Insert\",\"col1\":\"$500\",\"col2\":\"\"},{\"col3\":\"3\\\"x3\\\" or 4\\\"x5\\\" Post-it\",\"col1\":\"$600\",\"col2\":\"\"}]', 'Post-Its must be printed in a fan-fold and boxed. The unwind direction must be #1 or #3. Insert/Post-it sample must be submitted to Kent State Student Media for approval. Inserts/Post-its must be printed by the client and shipped directly to the printer at least one week prior to insertion. Inserts and Post-Its are within every copy of The Kent Stater. Advertisers should print and ship 6,750 total. Kent State Student Media can arrange the printing of the Post-Its for advertisers for an additional $75. Please ship directly to: Midwest Offset 629 Wabash Avenue NW New Philadelphia, Ohio 44663 800-837-8666', NULL, NULL, NULL, '2017-04-14 22:37:18', '2017-04-14 22:37:18', 'a8f3ab3e-ef07-4661-b92d-c90cc3034378'),
 ('20', '237', 'en_us', 'Test', '[{\"col3\":\"test\",\"col1\":\"test\",\"col2\":\"test\",\"col4\":\"\"}]', '', NULL, NULL, NULL, '2017-05-31 20:18:40', '2017-05-31 20:18:40', '795e3fd1-e1c5-44cd-bc45-bd1049e02101');



DROP TABLE IF EXISTS `craft_matrixcontent_faq`;


--
-- Schema for table `craft_matrixcontent_faq`
--
CREATE TABLE `craft_matrixcontent_faq` (
  `id` int(11) NOT NULL AUTO_INCREMENT,
  `elementId` int(11) NOT NULL,
  `locale` char(12) COLLATE utf8_unicode_ci NOT NULL,
  `field_faqs_question` text COLLATE utf8_unicode_ci,
  `field_faqs_answer` text COLLATE utf8_unicode_ci,
  `dateCreated` datetime NOT NULL,
  `dateUpdated` datetime NOT NULL,
  `uid` char(36) COLLATE utf8_unicode_ci NOT NULL DEFAULT '0',
  PRIMARY KEY (`id`),
  UNIQUE KEY `craft_matrixcontent_faq_elementId_locale_unq_idx` (`elementId`,`locale`),
  KEY `craft_matrixcontent_faq_locale_idx` (`locale`)
) ENGINE=InnoDB AUTO_INCREMENT=15 DEFAULT CHARSET=utf8 COLLATE=utf8_unicode_ci;

--
-- Data for table `craft_matrixcontent_faq`
--

INSERT INTO `craft_matrixcontent_faq` (`id`, `elementId`, `locale`, `field_faqs_question`, `field_faqs_answer`, `dateCreated`, `dateUpdated`, `uid`) VALUES
 ('1', '231', 'en_us', 'How can I become a student media leader?', '<p>Leaders of each Student Media partner are selected by the Student Media Board in the fall and spring of each year for the following semester or semesters. To be considered, you must be must have at least a verified cumulative 2.25 Grade Point Average at the time of application and maintain a cumulative 2.25 GPA and be in good standing with the University during your term as leader.  To be a compensated student leader, you must be enrolled in a minimum of eight credit hours as an undergraduate student and a minimum of six as a graduate student during their term. You do not need to be majors enrolled in the School of Journalism and Mass Communication.  Candidates applying for leadership positions in the JMC-co-curricular units must have related experience to be considered an applicant.</p>', '2017-05-11 03:35:13', '2017-06-07 19:15:55', '0629520b-f544-4c06-b6b8-4fe0461e7ee4'),
 ('2', '261', 'en_us', 'Can I get paid while working for Student Media?', '<p>Yes. Student Media offers hundreds of paid positions each semester across our 10 Student Media partners. Contact us for more information. </p>', '2017-06-01 20:33:12', '2017-06-07 19:15:55', '7cd2d58d-8599-4cf2-a889-8fc2cc3963a1'),
 ('3', '262', 'en_us', 'Can I study abroad and still be involved in Student Media?', '<p>Yes. Student Media supports students who opt for a semester abroad. Sometimes this can fit into a media outlet\'s content plan for that semester. Also, studying abroad will not affect your ability to continue on a path to a leadership position, if you so choose. </p>', '2017-06-01 20:33:12', '2017-06-07 19:15:55', '6be4c2fb-1710-4d2a-b3ad-d09ad3a2593c'),
 ('4', '263', 'en_us', 'Who makes the hiring decisions for Student Media?', '<p>It depends on the position you are seeking:</p>\n<ul><li>Top leaders for each media partner are selected by the Student Media Board</li><li>Staff members within each media partner are selected by the student leader in consultation with the adviser</li><li>Staff members in the Student Media office are selected by the professional staff. </li></ul>', '2017-06-01 20:33:12', '2017-06-07 19:15:55', 'b39b7930-7f51-4dcc-96e1-169bf0d5f7e3'),
 ('5', '264', 'en_us', 'How many hours can I work?', '<p>That depends on your position and the needs of your outlet. You should talk with your student leader and adviser about the specific needs of each position. If you are in a paid position, you cannot work more than 28 hours each week.  </p>', '2017-06-01 20:33:12', '2017-06-07 19:15:55', '96d6e875-290e-4336-b07d-af726bb4c35b'),
 ('6', '265', 'en_us', 'If I don\'t see a position I like, can I still work in Student Media?', '<p>Probably, let\'s talk.  Student Media is growing and changing as rapidly as the professional fields we strive to emulate. So, if a position doesn\'t exist (and it\'s generally within the wheelhouse of media and communications), let\'s talk and figure out how to make it happen. </p>', '2017-06-01 20:33:12', '2017-06-07 19:15:55', '263f70f7-2928-47a2-b8a6-8860a11d971d'),
 ('7', '282', 'en_us', 'Can I earn academic credit for my work in Student Media?', '', '2017-06-06 15:54:11', '2017-06-07 19:15:55', '5ac55dc7-b92a-400a-8c78-0d61a5923007'),
 ('8', '283', 'en_us', 'How long does my employment last once I\'m hired in Student Media?', '', '2017-06-06 15:54:11', '2017-06-07 19:15:55', '46e61ec1-5c97-417f-8327-d277b2b9b05c'),
 ('9', '284', 'en_us', 'Do I have to reapply for a job in Student Media every semester?', '', '2017-06-06 15:54:11', '2017-06-07 19:15:55', '36bb0e55-66b2-4506-bc42-f371f0b8863b'),
 ('10', '285', 'en_us', 'Can I work for more than one outlet at the same time during a semester?', '', '2017-06-06 15:54:11', '2017-06-07 19:15:55', '1b700be5-fb52-4cea-af60-2b24f4c7b167'),
 ('11', '286', 'en_us', 'Can I volunteer at a Student Media publication?', '<p>Yes. Some jobs are paid, others are volunteer or on a contributor basis. Check with the student leader for each organization to see what opportunities exist at the moment for that media partner. </p>', '2017-06-06 15:54:11', '2017-06-07 19:15:55', '9ce72e1d-c6c5-4f3f-a338-01fece1384a1'),
 ('12', '287', 'en_us', 'Who has editorial control over content?', '', '2017-06-06 15:54:11', '2017-06-07 19:15:55', '7fb8dd0d-649b-498e-b03f-5dd7a690f173'),
 ('13', '288', 'en_us', 'Where can I listen to Black Squirrel Radio?', '', '2017-06-06 15:54:11', '2017-06-07 19:15:55', 'd9313a1a-64f0-450a-b21a-eae9bde5fda6'),
 ('14', '289', 'en_us', 'On which channel is TV2 broadcast?', '', '2017-06-06 15:54:11', '2017-06-07 19:15:55', '5ae27fc4-1af6-43bd-a767-f01f4e7339b1');



DROP TABLE IF EXISTS `craft_matrixcontent_fundraiser`;


--
-- Schema for table `craft_matrixcontent_fundraiser`
--
CREATE TABLE `craft_matrixcontent_fundraiser` (
  `id` int(11) NOT NULL AUTO_INCREMENT,
  `elementId` int(11) NOT NULL,
  `locale` char(12) COLLATE utf8_unicode_ci NOT NULL,
  `field_fundraiserInfo_fundraiserTitle` text COLLATE utf8_unicode_ci,
  `field_fundraiserInfo_description` text COLLATE utf8_unicode_ci,
  `field_fundraiserInfo_linkName` text COLLATE utf8_unicode_ci,
  `field_fundraiserInfo_linkUrl` text COLLATE utf8_unicode_ci,
  `dateCreated` datetime NOT NULL,
  `dateUpdated` datetime NOT NULL,
  `uid` char(36) COLLATE utf8_unicode_ci NOT NULL DEFAULT '0',
  PRIMARY KEY (`id`),
  UNIQUE KEY `craft_matrixcontent_fundraiser_elementId_locale_unq_idx` (`elementId`,`locale`),
  KEY `craft_matrixcontent_fundraiser_locale_fk` (`locale`)
) ENGINE=InnoDB DEFAULT CHARSET=utf8 COLLATE=utf8_unicode_ci;

DROP TABLE IF EXISTS `craft_matrixcontent_socialmedia`;


--
-- Schema for table `craft_matrixcontent_socialmedia`
--
CREATE TABLE `craft_matrixcontent_socialmedia` (
  `id` int(11) NOT NULL AUTO_INCREMENT,
  `elementId` int(11) NOT NULL,
  `locale` char(12) COLLATE utf8_unicode_ci NOT NULL,
  `field_socialMediaBlock_socialName` varchar(255) COLLATE utf8_unicode_ci DEFAULT NULL,
  `field_socialMediaBlock_address` text COLLATE utf8_unicode_ci,
  `dateCreated` datetime NOT NULL,
  `dateUpdated` datetime NOT NULL,
  `uid` char(36) COLLATE utf8_unicode_ci NOT NULL DEFAULT '0',
  PRIMARY KEY (`id`),
  UNIQUE KEY `craft_matrixcontent_socialmedia_elementId_locale_unq_idx` (`elementId`,`locale`),
  KEY `craft_matrixcontent_socialmedia_locale_fk` (`locale`)
) ENGINE=InnoDB AUTO_INCREMENT=40 DEFAULT CHARSET=utf8 COLLATE=utf8_unicode_ci;

--
-- Data for table `craft_matrixcontent_socialmedia`
--

INSERT INTO `craft_matrixcontent_socialmedia` (`id`, `elementId`, `locale`, `field_socialMediaBlock_socialName`, `field_socialMediaBlock_address`, `dateCreated`, `dateUpdated`, `uid`) VALUES
 ('1', '37', 'en_us', 'twitter', 'http://www.twitter.com/ksuif', '2017-03-10 16:00:22', '2017-06-28 02:26:35', 'c521d45e-0f84-4da3-98d0-4e3f0184da98'),
 ('2', '129', 'en_us', 'facebook', 'https://www.facebook.com/lunanegramag/', '2017-04-20 19:32:21', '2017-06-14 20:10:38', '27ea0e18-02c3-46b4-92f7-9b9f65684dc3'),
 ('3', '130', 'en_us', 'instagram', 'https://www.instagram.com/lunanegramagazine/', '2017-04-20 19:32:21', '2017-06-14 20:10:38', '685fb414-96df-4cba-8e6d-86e4407f3b43'),
 ('4', '131', 'en_us', 'twitter', 'https://twitter.com/lunanegramag', '2017-04-20 19:32:21', '2017-06-14 20:10:38', 'bd39c007-b7af-4b8f-9eb0-6b760726dd5b'),
 ('5', '132', 'en_us', 'website', 'http://www.lunanegramag.com/', '2017-04-20 19:32:42', '2017-06-14 20:10:38', 'fd39789d-f437-49fe-9ffc-ba78a8224093'),
 ('6', '133', 'en_us', 'instagram', 'https://www.instagram.com/uhurumag/', '2017-04-20 19:35:15', '2017-06-07 20:13:56', 'ff9ff779-621d-45d9-be4a-08099b125504'),
 ('7', '134', 'en_us', 'twitter', 'https://twitter.com/UhuruMag', '2017-04-20 19:35:15', '2017-06-07 20:13:56', 'ca33fe6f-df6e-4e85-abc4-7a8170a24955'),
 ('8', '135', 'en_us', 'facebook', 'https://facebook.com/uhurumagazine/', '2017-04-20 19:35:15', '2017-06-07 20:13:56', 'e7e74b24-e676-4417-8cef-d52c67c3aac6'),
 ('9', '136', 'en_us', 'website', 'Uhurumag.com', '2017-04-20 19:35:15', '2017-06-07 20:13:56', 'be6325b9-5535-48cc-a10f-170a62cc46a0'),
 ('10', '137', 'en_us', 'twitter', 'https://twitter.com/ohiofusion', '2017-04-20 19:36:29', '2017-06-14 18:27:33', '735fa089-4560-4931-be4b-a99821e7ec46'),
 ('11', '138', 'en_us', 'facebook', 'https://facebook.com/ohiofusion/', '2017-04-20 19:36:29', '2017-06-14 18:27:33', 'f207b618-fc6e-42ec-8021-ef23195752fa'),
 ('12', '139', 'en_us', 'website', 'http://ohiofusion.com/', '2017-04-20 19:36:29', '2017-06-14 18:27:33', 'a62ca5da-bc4d-4557-a01c-1ddd8a102ed7'),
 ('13', '140', 'en_us', 'instagram', 'https://www.instagram.com/amagksu/', '2017-04-20 19:37:56', '2017-06-22 20:29:50', 'c0158e9c-055c-455a-b9a5-63839dac4849'),
 ('14', '141', 'en_us', 'twitter', 'https://twitter.com/AMagKSU', '2017-04-20 19:37:56', '2017-06-22 20:29:50', '320c1c5f-f936-4e2b-bcda-6b51ae247d66'),
 ('15', '142', 'en_us', 'facebook', ' http://facebook.com/amagksu/', '2017-04-20 19:37:56', '2017-06-22 20:29:50', 'fc6af69c-3013-4974-a279-bf6f3af29bf0'),
 ('16', '143', 'en_us', 'website', 'http://theamag.com/', '2017-04-20 19:37:56', '2017-06-22 20:29:50', 'c1714dd3-9a14-4be6-baa4-3b49a3dd47e6'),
 ('18', '145', 'en_us', 'instagram', 'https://www.instagram.com/theburrmagazine/', '2017-04-20 19:40:18', '2017-06-14 17:38:33', 'cc8a627a-b990-4885-9faf-62ef2f4af13b'),
 ('19', '146', 'en_us', 'twitter', 'https://twitter.com/TheBurrMagazine', '2017-04-20 19:40:18', '2017-06-14 17:38:33', '0d6c350d-6acc-4a92-a480-2c1993441a88'),
 ('20', '147', 'en_us', 'facebook', 'https://facebook.com/theburrmagazine/', '2017-04-20 19:40:18', '2017-06-14 17:38:33', 'a146e38b-7211-4cdf-8f04-eec4e83f2cb4'),
 ('21', '148', 'en_us', 'website', 'http://theburr.com/', '2017-04-20 19:40:18', '2017-06-14 17:38:33', '96009bd8-2e34-4a94-bcd4-8b5fec54360c'),
 ('22', '149', 'en_us', 'instagram', 'https://www.instagram.com/kentwired/', '2017-04-20 19:41:17', '2017-06-28 02:26:49', 'a6a79617-d8a2-44e9-9c28-86b8f3b718ed'),
 ('23', '150', 'en_us', 'twitter', 'https://twitter.com/kentwired', '2017-04-20 19:41:17', '2017-06-28 02:26:49', '35e8592f-3c7b-4de9-9ef7-7ad272a37237'),
 ('24', '151', 'en_us', 'facebook', 'https://www.facebook.com/KentWired/', '2017-04-20 19:42:23', '2017-06-28 02:26:49', '02b4d44a-0024-4ba5-970d-afe24bf85718'),
 ('25', '152', 'en_us', 'website', 'http://www.kentwired.com/', '2017-04-20 19:42:23', '2017-06-28 02:26:49', '3529044e-3ac1-4696-b1b9-4792a39eedcd'),
 ('26', '153', 'en_us', 'instagram', 'https://www.instagram.com/tv2ksu/', '2017-04-20 19:43:14', '2017-06-14 20:05:57', 'd2ea9303-5d57-4d7e-9227-a884e203b765'),
 ('27', '154', 'en_us', 'twitter', 'https://twitter.com/TV2KSU', '2017-04-20 19:43:14', '2017-06-14 20:05:57', '1f1da943-922a-498f-99b7-3ee18e8239cd'),
 ('28', '155', 'en_us', 'facebook', 'https://www.facebook.com/tv2ksu/', '2017-04-20 19:43:14', '2017-06-14 20:05:57', '8738b586-893e-4068-9637-cdf31c6cbd8e'),
 ('29', '156', 'en_us', 'instagram', 'https://www.instagram.com/bsrkent/', '2017-04-20 19:44:16', '2017-06-14 17:58:08', '625fe1e5-756d-4651-b1ca-5cc026e8f78d'),
 ('30', '157', 'en_us', 'twitter', ' https://twitter.com/BSRKent', '2017-04-20 19:44:16', '2017-06-14 17:58:08', '29d8a881-2736-4260-8521-a25790223459'),
 ('31', '158', 'en_us', 'facebook', 'https://www.facebook.com/blacksquirrelradio/', '2017-04-20 19:44:16', '2017-06-14 17:58:08', '32994c15-9595-4957-aa75-593fa8c1d0a2'),
 ('32', '159', 'en_us', 'website', 'http://blacksquirrelradio.com/', '2017-04-20 19:44:16', '2017-06-14 17:58:08', '272dbc6d-adc8-42bc-9880-cc5026b46e27'),
 ('33', '222', 'en_us', 'website', 'http://www.kentwired.com/tv2/', '2017-05-11 02:34:14', '2017-06-14 20:05:57', '9e8afce6-3129-4ad2-ae10-b64b8ffed06e'),
 ('34', '225', 'en_us', 'facebook', 'https://www.facebook.com/ksuindependentfilms/', '2017-05-11 02:41:50', '2017-06-28 02:26:35', 'c782a335-0942-4448-ae7f-9e25dec11f09'),
 ('35', '226', 'en_us', 'website', 'http://kentstatefilms.com/', '2017-05-11 02:41:50', '2017-06-28 02:26:35', 'f09c4762-7d60-4f41-a07b-bf625ef26400'),
 ('36', '227', 'en_us', 'twitter', ' https://twitter.com/kentwired', '2017-05-11 02:54:26', '2017-06-07 20:20:20', 'aa59bd47-2ea4-4416-92f0-ec9aaff2da81'),
 ('37', '228', 'en_us', 'instagram', 'https://www.instagram.com/kentwired/', '2017-05-11 02:54:26', '2017-06-07 20:20:20', '1553b388-1d17-454e-b7b4-f12a40ddd3fe'),
 ('38', '229', 'en_us', 'facebook', 'https://www.facebook.com/KentWired/', '2017-05-11 02:54:26', '2017-06-07 20:20:20', 'a1de9153-4dfe-4a6b-9b83-bd6275bfeec4'),
 ('39', '230', 'en_us', 'website', 'http://www.kentwired.com/', '2017-05-11 02:54:26', '2017-06-07 20:20:20', '2ca3200e-1ec8-49b7-839f-ac8181b32dd9');



DROP TABLE IF EXISTS `craft_matrixcontent_studentemployeeopportunities`;


--
-- Schema for table `craft_matrixcontent_studentemployeeopportunities`
--
CREATE TABLE `craft_matrixcontent_studentemployeeopportunities` (
  `id` int(11) NOT NULL AUTO_INCREMENT,
  `elementId` int(11) NOT NULL,
  `locale` char(12) COLLATE utf8_unicode_ci NOT NULL,
  `field_employeeOpportunities_hiring` text COLLATE utf8_unicode_ci,
  `field_employeeOpportunities_position` text COLLATE utf8_unicode_ci,
  `field_employeeOpportunities_positionDescription` text COLLATE utf8_unicode_ci,
  `field_employeeOpportunities_contactInformation` text COLLATE utf8_unicode_ci,
  `field_employeeOpportunities_contactEmail` text COLLATE utf8_unicode_ci,
  `dateCreated` datetime NOT NULL,
  `dateUpdated` datetime NOT NULL,
  `uid` char(36) COLLATE utf8_unicode_ci NOT NULL DEFAULT '0',
  PRIMARY KEY (`id`),
  UNIQUE KEY `craf_matrixconte_studentemployeeopportuni_elementI_local_unq_idx` (`elementId`,`locale`),
  KEY `craft_matrixcontent_studentemployeeopportunities_locale_fk` (`locale`)
) ENGINE=InnoDB AUTO_INCREMENT=2 DEFAULT CHARSET=utf8 COLLATE=utf8_unicode_ci;

--
-- Data for table `craft_matrixcontent_studentemployeeopportunities`
--

INSERT INTO `craft_matrixcontent_studentemployeeopportunities` (`id`, `elementId`, `locale`, `field_employeeOpportunities_hiring`, `field_employeeOpportunities_position`, `field_employeeOpportunities_positionDescription`, `field_employeeOpportunities_contactInformation`, `field_employeeOpportunities_contactEmail`, `dateCreated`, `dateUpdated`, `uid`) VALUES
 ('1', '232', 'en_us', 'A Magazine', 'Graphic Designer', 'description', 'Mary Smith', NULL, '2017-05-11 14:06:53', '2017-06-07 19:15:55', '611fdb19-19d4-49ac-a429-d523fcc25766');



DROP TABLE IF EXISTS `craft_matrixcontent_supplementallinks`;


--
-- Schema for table `craft_matrixcontent_supplementallinks`
--
CREATE TABLE `craft_matrixcontent_supplementallinks` (
  `id` int(11) NOT NULL AUTO_INCREMENT,
  `elementId` int(11) NOT NULL,
  `locale` char(12) COLLATE utf8_unicode_ci NOT NULL,
  `field_link_linkName` text COLLATE utf8_unicode_ci,
  `field_link_linkUrl` text COLLATE utf8_unicode_ci,
  `dateCreated` datetime NOT NULL,
  `dateUpdated` datetime NOT NULL,
  `uid` char(36) COLLATE utf8_unicode_ci NOT NULL DEFAULT '0',
  PRIMARY KEY (`id`),
  UNIQUE KEY `craft_matrixcontent_supplementallinks_elementId_locale_unq_idx` (`elementId`,`locale`),
  KEY `craft_matrixcontent_supplementallinks_locale_fk` (`locale`)
) ENGINE=InnoDB DEFAULT CHARSET=utf8 COLLATE=utf8_unicode_ci;

DROP TABLE IF EXISTS `craft_migrations`;


--
-- Schema for table `craft_migrations`
--
CREATE TABLE `craft_migrations` (
  `id` int(11) NOT NULL AUTO_INCREMENT,
  `pluginId` int(11) DEFAULT NULL,
  `version` varchar(255) COLLATE utf8_unicode_ci NOT NULL,
  `applyTime` datetime NOT NULL,
  `dateCreated` datetime NOT NULL,
  `dateUpdated` datetime NOT NULL,
  `uid` char(36) COLLATE utf8_unicode_ci NOT NULL DEFAULT '0',
  PRIMARY KEY (`id`),
  UNIQUE KEY `craft_migrations_version_unq_idx` (`version`),
  KEY `craft_migrations_pluginId_fk` (`pluginId`)
) ENGINE=InnoDB AUTO_INCREMENT=76 DEFAULT CHARSET=utf8 COLLATE=utf8_unicode_ci;

--
-- Data for table `craft_migrations`
--

INSERT INTO `craft_migrations` (`id`, `pluginId`, `version`, `applyTime`, `dateCreated`, `dateUpdated`, `uid`) VALUES
 ('1', NULL, 'm000000_000000_base', '2017-01-12 16:12:57', '2017-01-12 16:12:57', '2017-01-12 16:12:57', '91e16ad1-b897-4dbf-ad22-4df5c618ef0e'),
 ('2', NULL, 'm140730_000001_add_filename_and_format_to_transformindex', '2017-01-12 16:12:57', '2017-01-12 16:12:57', '2017-01-12 16:12:57', '3834a676-85d2-40a6-9cb6-714433ebe7f4'),
 ('3', NULL, 'm140815_000001_add_format_to_transforms', '2017-01-12 16:12:57', '2017-01-12 16:12:57', '2017-01-12 16:12:57', '7c0eaa02-1f9e-4f69-83ff-f8fa0c1b2468'),
 ('4', NULL, 'm140822_000001_allow_more_than_128_items_per_field', '2017-01-12 16:12:57', '2017-01-12 16:12:57', '2017-01-12 16:12:57', '107c486f-16dd-4526-ba7a-b1428c0db179'),
 ('5', NULL, 'm140829_000001_single_title_formats', '2017-01-12 16:12:57', '2017-01-12 16:12:57', '2017-01-12 16:12:57', '66b60d56-c6f3-43ef-a855-9fdef575d2d1'),
 ('6', NULL, 'm140831_000001_extended_cache_keys', '2017-01-12 16:12:57', '2017-01-12 16:12:57', '2017-01-12 16:12:57', '454f04d3-0538-4d29-8358-4dd650c0ae15'),
 ('7', NULL, 'm140922_000001_delete_orphaned_matrix_blocks', '2017-01-12 16:12:57', '2017-01-12 16:12:57', '2017-01-12 16:12:57', '825e31da-2b56-470f-91bf-fad64cfea5f7'),
 ('8', NULL, 'm141008_000001_elements_index_tune', '2017-01-12 16:12:57', '2017-01-12 16:12:57', '2017-01-12 16:12:57', '5994e366-52ad-4d43-b898-7d1ccecfab27'),
 ('9', NULL, 'm141009_000001_assets_source_handle', '2017-01-12 16:12:57', '2017-01-12 16:12:57', '2017-01-12 16:12:57', '7039ac1e-b619-4e34-b440-41c6f42c1b7b'),
 ('10', NULL, 'm141024_000001_field_layout_tabs', '2017-01-12 16:12:57', '2017-01-12 16:12:57', '2017-01-12 16:12:57', 'bbf7df93-141c-409d-ace8-4e28a6f7afc4'),
 ('11', NULL, 'm141030_000000_plugin_schema_versions', '2017-01-12 16:12:57', '2017-01-12 16:12:57', '2017-01-12 16:12:57', '360a98a6-033e-4a06-8b19-7b7615ba0641'),
 ('12', NULL, 'm141030_000001_drop_structure_move_permission', '2017-01-12 16:12:57', '2017-01-12 16:12:57', '2017-01-12 16:12:57', '980d157d-0394-4716-9120-4a89c8647e99'),
 ('13', NULL, 'm141103_000001_tag_titles', '2017-01-12 16:12:57', '2017-01-12 16:12:57', '2017-01-12 16:12:57', '6c9d3c79-134d-4dfd-a7a7-3f5ffe7eaf1a'),
 ('14', NULL, 'm141109_000001_user_status_shuffle', '2017-01-12 16:12:57', '2017-01-12 16:12:57', '2017-01-12 16:12:57', '2b19c591-ab1e-4733-b842-37aa37e46ba0'),
 ('15', NULL, 'm141126_000001_user_week_start_day', '2017-01-12 16:12:57', '2017-01-12 16:12:57', '2017-01-12 16:12:57', '57a58b97-4434-4d64-abd7-73bd2b2d606e'),
 ('16', NULL, 'm150210_000001_adjust_user_photo_size', '2017-01-12 16:12:57', '2017-01-12 16:12:57', '2017-01-12 16:12:57', 'cc68c40a-c3fc-4f0a-9ece-3702990b8f31'),
 ('17', NULL, 'm150724_000001_adjust_quality_settings', '2017-01-12 16:12:57', '2017-01-12 16:12:57', '2017-01-12 16:12:57', '848e920d-5137-490a-981f-1a305f28c15d'),
 ('18', NULL, 'm150827_000000_element_index_settings', '2017-01-12 16:12:57', '2017-01-12 16:12:57', '2017-01-12 16:12:57', '191a0e00-ee87-4c97-b088-7c8285a1dcff'),
 ('19', NULL, 'm150918_000001_add_colspan_to_widgets', '2017-01-12 16:12:57', '2017-01-12 16:12:57', '2017-01-12 16:12:57', 'f5ba1e04-dd3e-4ec5-a851-28acfc34dbb7'),
 ('20', NULL, 'm151007_000000_clear_asset_caches', '2017-01-12 16:12:57', '2017-01-12 16:12:57', '2017-01-12 16:12:57', '0f81c12a-8e3a-48ae-9abf-20a4db42893d'),
 ('21', NULL, 'm151109_000000_text_url_formats', '2017-01-12 16:12:57', '2017-01-12 16:12:57', '2017-01-12 16:12:57', 'dec6df46-1104-4c50-9d6b-2a88ffc6788a'),
 ('22', NULL, 'm151110_000000_move_logo', '2017-01-12 16:12:57', '2017-01-12 16:12:57', '2017-01-12 16:12:57', 'c6941b79-5f3f-4ea0-aa69-5d474a8b08d2'),
 ('23', NULL, 'm151117_000000_adjust_image_widthheight', '2017-01-12 16:12:57', '2017-01-12 16:12:57', '2017-01-12 16:12:57', '0da994c1-2abd-479d-92c3-335938bc9c5b'),
 ('24', NULL, 'm151127_000000_clear_license_key_status', '2017-01-12 16:12:57', '2017-01-12 16:12:57', '2017-01-12 16:12:57', '7ca20b44-3cac-49bb-aab9-a566184f9e73'),
 ('25', NULL, 'm151127_000000_plugin_license_keys', '2017-01-12 16:12:57', '2017-01-12 16:12:57', '2017-01-12 16:12:57', 'd7073576-b4e0-4e07-aa86-460811d48cce'),
 ('26', NULL, 'm151130_000000_update_pt_widget_feeds', '2017-01-12 16:12:57', '2017-01-12 16:12:57', '2017-01-12 16:12:57', '740d17da-31e4-4952-9e70-da6a977a6c94'),
 ('27', NULL, 'm160114_000000_asset_sources_public_url_default_true', '2017-01-12 16:12:57', '2017-01-12 16:12:57', '2017-01-12 16:12:57', '19873925-1975-460d-a2e8-7b50b39e1fc7'),
 ('28', NULL, 'm160223_000000_sortorder_to_smallint', '2017-01-12 16:12:57', '2017-01-12 16:12:57', '2017-01-12 16:12:57', '9bbba889-e262-48e7-a6d8-e14652a5e7bb'),
 ('29', NULL, 'm160229_000000_set_default_entry_statuses', '2017-01-12 16:12:57', '2017-01-12 16:12:57', '2017-01-12 16:12:57', 'c99666c1-393e-4255-9d91-9b2c921abeba'),
 ('30', NULL, 'm160304_000000_client_permissions', '2017-01-12 16:12:57', '2017-01-12 16:12:57', '2017-01-12 16:12:57', '6ed630bb-8c6a-4e34-a0cb-bc83c9ec2f5e'),
 ('31', NULL, 'm160322_000000_asset_filesize', '2017-01-12 16:12:57', '2017-01-12 16:12:57', '2017-01-12 16:12:57', '5e3541dd-f0f8-4ece-9abf-ae2312d657e9'),
 ('32', NULL, 'm160503_000000_orphaned_fieldlayouts', '2017-01-12 16:12:57', '2017-01-12 16:12:57', '2017-01-12 16:12:57', '62dcbf12-70ae-4ff8-80d0-e927b234bb41'),
 ('33', NULL, 'm160510_000000_tasksettings', '2017-01-12 16:12:57', '2017-01-12 16:12:57', '2017-01-12 16:12:57', '5972fb71-dcea-491d-9fd5-9d594f2c57ac'),
 ('34', NULL, 'm160829_000000_pending_user_content_cleanup', '2017-01-12 16:12:57', '2017-01-12 16:12:57', '2017-01-12 16:12:57', '1b4c93cd-90f8-4448-8b4a-a1d9b3eabe62'),
 ('35', NULL, 'm160830_000000_asset_index_uri_increase', '2017-01-12 16:12:57', '2017-01-12 16:12:57', '2017-01-12 16:12:57', '7fc7191f-48f6-48fa-a71c-7cc041877160'),
 ('36', NULL, 'm160919_000000_usergroup_handle_title_unique', '2017-01-12 16:12:57', '2017-01-12 16:12:57', '2017-01-12 16:12:57', '8d0dadc0-6f36-4805-8ef6-e809a8533306'),
 ('37', NULL, 'm161108_000000_new_version_format', '2017-01-12 16:12:57', '2017-01-12 16:12:57', '2017-01-12 16:12:57', '2d0cdf47-bc06-4b9a-8891-cbec6cafc9bd'),
 ('38', NULL, 'm161109_000000_index_shuffle', '2017-01-12 16:12:57', '2017-01-12 16:12:57', '2017-01-12 16:12:57', '737c8c4e-41c4-4acb-9560-5097aced7499'),
 ('39', '1', 'm150212_145000_AmNav_renamePagesToNodes', '2017-03-02 19:14:23', '2017-03-02 19:14:23', '2017-03-02 19:14:23', '0fa5b51d-eae3-4f17-8406-cf919e68f9ec'),
 ('40', '1', 'm150217_112800_AmNav_expandPageData', '2017-03-02 19:14:23', '2017-03-02 19:14:23', '2017-03-02 19:14:23', '6fb66ea6-4e24-4f75-954d-6600a2b86306'),
 ('41', '1', 'm150403_093000_AmNav_nodesWithElements', '2017-03-02 19:14:23', '2017-03-02 19:14:23', '2017-03-02 19:14:23', '6919ec6a-35f2-426c-8b52-2b523e236dd6'),
 ('42', '1', 'm150512_105600_AmNav_addOptionalClass', '2017-03-02 19:14:23', '2017-03-02 19:14:23', '2017-03-02 19:14:23', '8afbfd3e-c56f-46e7-bdd1-528874afd1e9'),
 ('43', '3', 'm150314_144609_cpNav_addUrlSupport', '2017-04-10 18:39:31', '2017-04-10 18:39:31', '2017-04-10 18:39:31', '902c62a7-792a-4593-86de-faad43d7e8c3'),
 ('44', '3', 'm150314_144610_cpNav_addPrevUrlSupport', '2017-04-10 18:39:31', '2017-04-10 18:39:31', '2017-04-10 18:39:31', '071dab18-6111-4aac-bc66-b1e7d1759570'),
 ('45', '3', 'm150314_144611_cpNav_addManualNavItemSupport', '2017-04-10 18:39:31', '2017-04-10 18:39:31', '2017-04-10 18:39:31', 'e256a86a-e781-467c-b332-2c33ed2f9ad8'),
 ('46', '3', 'm150314_144615_cpNav_layouts', '2017-04-10 18:39:31', '2017-04-10 18:39:31', '2017-04-10 18:39:31', '53db37bf-5514-4579-a081-fb11cc544408'),
 ('47', '3', 'm150321_144616_cpNav_newWindow', '2017-04-10 18:39:31', '2017-04-10 18:39:31', '2017-04-10 18:39:31', '9d307316-c246-461c-88c0-358cd36df864'),
 ('48', '3', 'm151126_144611_cpNav_addIconSupport', '2017-04-10 18:39:31', '2017-04-10 18:39:31', '2017-04-10 18:39:31', 'd59431dd-7578-442f-965e-3fa20eb14b21'),
 ('49', '3', 'm151224_144611_cpNav_populateIcons', '2017-04-10 18:39:31', '2017-04-10 18:39:31', '2017-04-10 18:39:31', '494a58a8-4a94-4a32-84b7-c69a09625869'),
 ('50', '3', 'm160625_000000_cpNav_addCustomIconSupport', '2017-04-10 18:39:31', '2017-04-10 18:39:31', '2017-04-10 18:39:31', '386f65c4-8c90-42d4-83d4-087e23293c09'),
 ('51', '6', 'm151225_000000_seomatic_addHumansField', '2017-04-10 18:46:46', '2017-04-10 18:46:46', '2017-04-10 18:46:46', 'c0c8c7b9-b693-4163-abad-feea2c1e160c'),
 ('52', '6', 'm151226_000000_seomatic_addTwitterFacebookFields', '2017-04-10 18:46:46', '2017-04-10 18:46:46', '2017-04-10 18:46:46', 'fc5bc6cb-c90c-421d-b2d7-24e09ca2c603'),
 ('53', '6', 'm160101_000000_seomatic_addRobotsFields', '2017-04-10 18:46:46', '2017-04-10 18:46:46', '2017-04-10 18:46:46', '8125ff82-829d-4235-962e-87cf43476e87'),
 ('54', '6', 'm160111_000000_seomatic_addTitleFields', '2017-04-10 18:46:46', '2017-04-10 18:46:46', '2017-04-10 18:46:46', 'cecfd275-dea9-42d6-8409-bbd28e2ffe48'),
 ('55', '6', 'm160122_000000_seomatic_addTypeFields', '2017-04-10 18:46:46', '2017-04-10 18:46:46', '2017-04-10 18:46:46', 'a4aa4278-3b99-4199-9e7f-f5b7bd0c101c'),
 ('56', '6', 'm160123_000000_seomatic_addOpeningHours', '2017-04-10 18:46:46', '2017-04-10 18:46:46', '2017-04-10 18:46:46', 'bac4596f-b67f-4a95-bd42-48a06aa497b5'),
 ('57', '6', 'm160202_000000_seomatic_addSocialHandles', '2017-04-10 18:46:46', '2017-04-10 18:46:46', '2017-04-10 18:46:46', 'c9dceaee-cac2-4b8c-a146-bfe5fccc08dd'),
 ('58', '6', 'm160204_000000_seomatic_addGoogleAnalytics', '2017-04-10 18:46:46', '2017-04-10 18:46:46', '2017-04-10 18:46:46', 'da17bf4c-12f7-42ac-9893-6e450d3214d8'),
 ('59', '6', 'm160205_000000_seomatic_addResturantMenu', '2017-04-10 18:46:46', '2017-04-10 18:46:46', '2017-04-10 18:46:46', '11e0d09d-4aeb-4877-a0b5-6195a1fa9fa8'),
 ('60', '6', 'm160206_000000_seomatic_addGoogleAnalyticsPlugins', '2017-04-10 18:46:46', '2017-04-10 18:46:46', '2017-04-10 18:46:46', '5ef63e4d-4482-46ca-bbbf-1c5db3f2f82e'),
 ('61', '6', 'm160206_000000_seomatic_addGoogleAnalyticsSendPageView', '2017-04-10 18:46:46', '2017-04-10 18:46:46', '2017-04-10 18:46:46', 'b7b690d9-d5f3-4b12-a883-4b9c11ab3e6d'),
 ('62', '6', 'm160209_000000_seomatic_alterDescriptionsColumns', '2017-04-10 18:46:46', '2017-04-10 18:46:46', '2017-04-10 18:46:46', '86ae6d6f-eeff-45ab-897a-83ec7ebd2ebb'),
 ('63', '6', 'm160209_000001_seomatic_addRobotsTxt', '2017-04-10 18:46:46', '2017-04-10 18:46:46', '2017-04-10 18:46:46', 'c482f955-1689-4c05-a69c-392a5f96e2fb'),
 ('64', '6', 'm160227_000000_seomatic_addFacebookAppId', '2017-04-10 18:46:46', '2017-04-10 18:46:46', '2017-04-10 18:46:46', '31a58e74-382c-48ca-8bd2-dd08b34ed8dc'),
 ('65', '6', 'm160416_000000_seomatic_addContactPoints', '2017-04-10 18:46:46', '2017-04-10 18:46:46', '2017-04-10 18:46:46', '76844d4f-e006-403f-8f23-d9e8b64b6d1d'),
 ('66', '6', 'm160509_000000_seomatic_addSiteLinksBing', '2017-04-10 18:46:46', '2017-04-10 18:46:46', '2017-04-10 18:46:46', 'd580abd5-d2a8-43e0-a3ed-7ed4800d6048'),
 ('67', '6', 'm160707_000000_seomatic_addGoogleTagManager', '2017-04-10 18:46:46', '2017-04-10 18:46:46', '2017-04-10 18:46:46', '83010280-adef-44c8-a3f7-46cab03fb41a'),
 ('68', '6', 'm160715_000000_seomatic_addSeoImageTransforms', '2017-04-10 18:46:46', '2017-04-10 18:46:46', '2017-04-10 18:46:46', '79724a93-fb87-44d0-8c46-64afaac94ee9'),
 ('69', '6', 'm160723_000000_seomatic_addSeoMainEntityOfPage', '2017-04-10 18:46:46', '2017-04-10 18:46:46', '2017-04-10 18:46:46', 'b55830b5-3c7b-465a-8277-94923cbadd7a'),
 ('70', '6', 'm160724_000000_seomatic_addSeoMainEntityCategory', '2017-04-10 18:46:46', '2017-04-10 18:46:46', '2017-04-10 18:46:46', '58de6a96-d87e-489f-8cdd-c8e187802c2a'),
 ('71', '6', 'm160811_000000_seomatic_addVimeo', '2017-04-10 18:46:46', '2017-04-10 18:46:46', '2017-04-10 18:46:46', 'f63484eb-e0b8-4d13-8c0d-092e90b4482b'),
 ('72', '6', 'm160904_000000_seomatic_addTwitterFacebookImages', '2017-04-10 18:46:46', '2017-04-10 18:46:46', '2017-04-10 18:46:46', '30b50396-1ab8-4c3e-a422-62c6e3be51b2'),
 ('73', '6', 'm161220_000000_seomatic_addPriceRange', '2017-04-10 18:46:46', '2017-04-10 18:46:46', '2017-04-10 18:46:46', '7dac8eb8-551c-405d-a8f3-5faee4db126a'),
 ('74', '6', 'm170212_000000_seomatic_addGoogleAnalyticsAnonymizeIp', '2017-04-10 18:46:46', '2017-04-10 18:46:46', '2017-04-10 18:46:46', '3cc5f802-1530-48ad-bff2-437ef5213110'),
 ('75', '6', 'm170212_000000_seomatic_addWikipedia', '2017-04-10 18:46:46', '2017-04-10 18:46:46', '2017-04-10 18:46:46', 'f815659d-7fed-4203-aef6-68049ca4e1b0');



DROP TABLE IF EXISTS `craft_plugins`;


--
-- Schema for table `craft_plugins`
--
CREATE TABLE `craft_plugins` (
  `id` int(11) NOT NULL AUTO_INCREMENT,
  `class` varchar(150) COLLATE utf8_unicode_ci NOT NULL,
  `version` varchar(15) COLLATE utf8_unicode_ci NOT NULL,
  `schemaVersion` varchar(15) COLLATE utf8_unicode_ci DEFAULT NULL,
  `licenseKey` char(24) COLLATE utf8_unicode_ci DEFAULT NULL,
  `licenseKeyStatus` enum('valid','invalid','mismatched','unknown') COLLATE utf8_unicode_ci NOT NULL DEFAULT 'unknown',
  `enabled` tinyint(1) unsigned NOT NULL DEFAULT '0',
  `settings` text COLLATE utf8_unicode_ci,
  `installDate` datetime NOT NULL,
  `dateCreated` datetime NOT NULL,
  `dateUpdated` datetime NOT NULL,
  `uid` char(36) COLLATE utf8_unicode_ci NOT NULL DEFAULT '0',
  PRIMARY KEY (`id`)
) ENGINE=InnoDB AUTO_INCREMENT=7 DEFAULT CHARSET=utf8 COLLATE=utf8_unicode_ci;

--
-- Data for table `craft_plugins`
--

INSERT INTO `craft_plugins` (`id`, `class`, `version`, `schemaVersion`, `licenseKey`, `licenseKeyStatus`, `enabled`, `settings`, `installDate`, `dateCreated`, `dateUpdated`, `uid`) VALUES
 ('1', 'AmNav', '1.8.0', '1.7.4', NULL, 'unknown', '1', '{\"pluginName\":\"Navigation\",\"canDoActions\":\"\",\"quietErrors\":\"\"}', '2017-03-02 19:14:23', '2017-03-02 19:14:23', '2017-06-28 04:19:20', 'b61c1558-46c8-4ba3-9257-bd763f75be03'),
 ('2', 'Adminbar', '2.1.2', '2.0.0', NULL, 'unknown', '1', NULL, '2017-04-10 18:39:28', '2017-04-10 18:39:28', '2017-06-28 04:19:20', 'e8232b6f-334e-42bb-970e-4d1c2a24d9c7'),
 ('3', 'CpNav', '1.7.7', '1.1.0', NULL, 'unknown', '1', NULL, '2017-04-10 18:39:31', '2017-04-10 18:39:31', '2017-06-28 04:19:20', '5a82f925-4bc1-4698-91d5-4c340eee8f07'),
 ('4', 'CpFieldLinks', '1.2.2', '1.0', NULL, 'unknown', '1', NULL, '2017-04-10 18:39:32', '2017-04-10 18:39:32', '2017-06-28 04:19:20', '1d65c8f3-f963-400a-b41c-44e2ec537a11'),
 ('5', 'VideoEmbedUtility', '1.0.0', NULL, NULL, 'unknown', '1', NULL, '2017-04-10 18:39:34', '2017-04-10 18:39:34', '2017-06-28 04:19:20', 'eeee9adb-fcf4-40bd-bf83-42002d1a7c8a'),
 ('6', 'Seomatic', '1.1.47', '1.1.25', NULL, 'unknown', '1', '{\"pluginNameOverride\":\"Search\"}', '2017-04-10 18:46:46', '2017-04-10 18:46:46', '2017-06-28 04:19:20', '209a89f7-f78d-4d54-9b21-53159195ad07');



DROP TABLE IF EXISTS `craft_rackspaceaccess`;


--
-- Schema for table `craft_rackspaceaccess`
--
CREATE TABLE `craft_rackspaceaccess` (
  `id` int(11) NOT NULL AUTO_INCREMENT,
  `connectionKey` varchar(255) COLLATE utf8_unicode_ci NOT NULL,
  `token` varchar(255) COLLATE utf8_unicode_ci NOT NULL,
  `storageUrl` varchar(255) COLLATE utf8_unicode_ci NOT NULL,
  `cdnUrl` varchar(255) COLLATE utf8_unicode_ci NOT NULL,
  `dateCreated` datetime NOT NULL,
  `dateUpdated` datetime NOT NULL,
  `uid` char(36) COLLATE utf8_unicode_ci NOT NULL DEFAULT '0',
  PRIMARY KEY (`id`),
  UNIQUE KEY `craft_rackspaceaccess_connectionKey_unq_idx` (`connectionKey`)
) ENGINE=InnoDB DEFAULT CHARSET=utf8 COLLATE=utf8_unicode_ci;

DROP TABLE IF EXISTS `craft_relations`;


--
-- Schema for table `craft_relations`
--
CREATE TABLE `craft_relations` (
  `id` int(11) NOT NULL AUTO_INCREMENT,
  `fieldId` int(11) NOT NULL,
  `sourceId` int(11) NOT NULL,
  `sourceLocale` char(12) COLLATE utf8_unicode_ci DEFAULT NULL,
  `targetId` int(11) NOT NULL,
  `sortOrder` smallint(6) DEFAULT NULL,
  `dateCreated` datetime NOT NULL,
  `dateUpdated` datetime NOT NULL,
  `uid` char(36) COLLATE utf8_unicode_ci NOT NULL DEFAULT '0',
  PRIMARY KEY (`id`),
  UNIQUE KEY `craft_relations_fieldId_sourceId_sourceLocale_targetId_unq_idx` (`fieldId`,`sourceId`,`sourceLocale`,`targetId`),
  KEY `craft_relations_sourceId_fk` (`sourceId`),
  KEY `craft_relations_sourceLocale_fk` (`sourceLocale`),
  KEY `craft_relations_targetId_fk` (`targetId`)
) ENGINE=InnoDB AUTO_INCREMENT=1125 DEFAULT CHARSET=utf8 COLLATE=utf8_unicode_ci;

--
-- Data for table `craft_relations`
--

INSERT INTO `craft_relations` (`id`, `fieldId`, `sourceId`, `sourceLocale`, `targetId`, `sortOrder`, `dateCreated`, `dateUpdated`, `uid`) VALUES
 ('18', '20', '12', NULL, '10', '1', '2017-03-09 02:01:12', '2017-03-09 02:01:12', 'a5cc5f40-dcfe-4197-8707-5e36dac6b531'),
 ('19', '20', '11', NULL, '10', '1', '2017-03-09 02:01:45', '2017-03-09 02:01:45', 'e466ebb1-7f75-4d6e-afda-9b4d7dca349b'),
 ('124', '14', '5', NULL, '78', '1', '2017-04-10 18:58:43', '2017-04-10 18:58:43', '7ccd98fa-04d2-4dd7-82b0-bc3eae79b2d7'),
 ('125', '46', '5', NULL, '86', '1', '2017-04-10 18:58:43', '2017-04-10 18:58:43', '1b694be5-40d2-41be-a203-d7c93ecf1b6b'),
 ('142', '31', '81', NULL, '68', '1', '2017-04-13 20:33:50', '2017-04-13 20:33:50', '2a892d4a-4f82-4401-a2be-ff8695cec73e'),
 ('143', '20', '81', NULL, '24', '1', '2017-04-13 20:33:50', '2017-04-13 20:33:50', '862cd580-d8fb-4473-8e53-c855d05c7548'),
 ('144', '20', '81', NULL, '21', '2', '2017-04-13 20:33:50', '2017-04-13 20:33:50', '30da87a7-cd7e-4b00-baca-1601d4b78369'),
 ('145', '20', '81', NULL, '22', '3', '2017-04-13 20:33:50', '2017-04-13 20:33:50', '915cf86f-ed68-4d44-a268-9786aaa8cb10'),
 ('146', '20', '81', NULL, '14', '4', '2017-04-13 20:33:50', '2017-04-13 20:33:50', '3de0057e-edd6-4a63-9c29-22ba3b105fd7'),
 ('147', '20', '81', NULL, '10', '5', '2017-04-13 20:33:50', '2017-04-13 20:33:50', '22929ec7-4f34-4646-8c4a-e13accad3f8d'),
 ('148', '31', '94', NULL, '68', '1', '2017-04-13 20:34:19', '2017-04-13 20:34:19', '4a756e80-36e6-4e81-ab25-e695142c80a5'),
 ('149', '20', '94', NULL, '93', '1', '2017-04-13 20:34:19', '2017-04-13 20:34:19', '130c9f20-578a-4a30-b96b-fa34415cd5bb'),
 ('150', '31', '95', NULL, '42', '1', '2017-04-13 20:36:11', '2017-04-13 20:36:11', 'd43975f2-e3ef-42cc-8416-ad7e3f829e57'),
 ('151', '20', '95', NULL, '20', '1', '2017-04-13 20:36:11', '2017-04-13 20:36:11', '176b6191-1075-4f3d-aa2a-5277bf39fc9b'),
 ('152', '39', '42', NULL, '65', '1', '2017-04-13 20:38:00', '2017-04-13 20:38:00', 'e8514ce4-c79e-4473-bafd-6f83b3a17858'),
 ('154', '31', '100', NULL, '42', '1', '2017-04-13 20:38:06', '2017-04-13 20:38:06', '8b12f64a-d1a9-4b21-ae7c-876b889fc36a'),
 ('155', '20', '100', NULL, '25', '1', '2017-04-13 20:38:06', '2017-04-13 20:38:06', 'b6eea18d-8901-49bd-93db-79783bd63f82'),
 ('166', '31', '102', NULL, '69', '1', '2017-04-14 21:50:44', '2017-04-14 21:50:44', 'ff304c31-35b1-4d2c-83aa-3ff3e59c9501'),
 ('167', '20', '102', NULL, '101', '1', '2017-04-14 21:50:44', '2017-04-14 21:50:44', '7dbcdb14-8382-4f90-80c8-99bf3d2a33c5'),
 ('174', '31', '91', NULL, '69', '1', '2017-04-14 22:28:27', '2017-04-14 22:28:27', '37f8720f-cef0-438d-b458-c493e6c626ee'),
 ('175', '31', '73', NULL, '68', '1', '2017-04-14 22:37:18', '2017-04-14 22:37:18', '622b7e91-bcef-43a5-9bde-df62d371a658'),
 ('176', '20', '73', NULL, '15', '1', '2017-04-14 22:37:18', '2017-04-14 22:37:18', 'e4efac26-7407-4d77-a276-3334f8ddd215'),
 ('190', '31', '71', NULL, '69', '1', '2017-04-15 20:54:45', '2017-04-15 20:54:45', '9a82b2ac-d578-4c45-ab61-b5a07780d12a'),
 ('191', '20', '71', NULL, '23', '1', '2017-04-15 20:54:45', '2017-04-15 20:54:45', '69f0a9cb-d57b-4cff-9394-35b19d9ceb32'),
 ('225', '45', '6', NULL, '85', '1', '2017-04-20 20:31:50', '2017-04-20 20:31:50', '8cadcaba-7761-4b84-a811-bdce7c18542f'),
 ('271', '20', '185', NULL, '19', '1', '2017-05-04 20:39:52', '2017-05-04 20:39:52', 'a7f1edfa-4f8c-4876-8210-1e8098c94a7b'),
 ('274', '20', '188', NULL, '21', '1', '2017-05-04 20:43:38', '2017-05-04 20:43:38', '1f2e9793-d25a-4ea7-847a-4cae55f4423c'),
 ('276', '20', '190', NULL, '23', '1', '2017-05-04 20:44:58', '2017-05-04 20:44:58', '4721df07-d205-4a10-8e7f-e919bdd515b7'),
 ('277', '20', '190', NULL, '20', '2', '2017-05-04 20:44:58', '2017-05-04 20:44:58', 'b05c5f0b-d95d-49ad-985a-000421618554'),
 ('278', '20', '190', NULL, '15', '3', '2017-05-04 20:44:58', '2017-05-04 20:44:58', '6c8e2622-86ec-4e99-81a7-ea79f2206cbf'),
 ('292', '20', '199', NULL, '22', '1', '2017-05-04 20:58:52', '2017-05-04 20:58:52', '29804561-5f6e-47dd-9a73-199c866703d2'),
 ('294', '20', '201', NULL, '101', '1', '2017-05-04 21:02:28', '2017-05-04 21:02:28', '88cfab92-2154-4add-ade7-13ef16ad7690'),
 ('311', '49', '206', NULL, '205', '1', '2017-05-10 21:42:55', '2017-05-10 21:42:55', '7fc4923c-d323-4ace-ac1f-b83341af9631'),
 ('313', '49', '168', NULL, '203', '1', '2017-05-10 21:45:01', '2017-05-10 21:45:01', '321e9266-1cd3-447f-976a-61ccd13ba48d'),
 ('314', '49', '208', NULL, '207', '1', '2017-05-10 21:45:30', '2017-05-10 21:45:30', '870df97a-4be8-4210-ad0f-c8393e544006'),
 ('315', '49', '210', NULL, '209', '1', '2017-05-10 21:46:44', '2017-05-10 21:46:44', '454d6529-13f7-4035-b683-f2e542d41e74'),
 ('316', '49', '212', NULL, '211', '1', '2017-05-10 21:51:09', '2017-05-10 21:51:09', 'd83e41e3-6732-4858-8524-a491d904748a'),
 ('317', '49', '214', NULL, '213', '1', '2017-05-10 21:51:57', '2017-05-10 21:51:57', 'b3bd3b88-83ff-4bf0-82bb-9d4246b61201'),
 ('318', '49', '216', NULL, '215', '1', '2017-05-10 21:53:27', '2017-05-10 21:53:27', '4545fd40-f0b5-4148-80cb-821364001c7f'),
 ('319', '49', '218', NULL, '217', '1', '2017-05-10 21:55:39', '2017-05-10 21:55:39', 'd38ddc23-31e8-47b1-a2ea-811962145c10'),
 ('488', '20', '99', NULL, '19', '1', '2017-05-31 20:18:40', '2017-05-31 20:18:40', '52156ee9-f92f-4a74-ae9f-dbc41e06b315'),
 ('544', '20', '202', NULL, '101', '1', '2017-06-02 19:29:13', '2017-06-02 19:29:13', '6930b2a0-cec1-46b7-82f7-8ff9fae58902'),
 ('784', '13', '160', NULL, '247', '1', '2017-06-05 20:44:14', '2017-06-05 20:44:14', '8b21372c-dedb-4418-a2b0-c1692c1ad091'),
 ('795', '20', '117', NULL, '20', '1', '2017-06-05 20:52:42', '2017-06-05 20:52:42', '5ce28efd-87de-488a-a2af-4b0d62897243'),
 ('796', '20', '117', NULL, '15', '2', '2017-06-05 20:52:42', '2017-06-05 20:52:42', '1b6fdb2a-8a0a-4c22-9590-15b826e67e38'),
 ('807', '20', '116', NULL, '101', '1', '2017-06-05 20:55:53', '2017-06-05 20:55:53', 'ca7b3037-c8fa-4716-b128-d375076bf4b2'),
 ('808', '20', '116', NULL, '24', '2', '2017-06-05 20:55:53', '2017-06-05 20:55:53', '7a916899-228d-4d22-9ee6-484c43f6a114'),
 ('809', '20', '116', NULL, '25', '3', '2017-06-05 20:55:53', '2017-06-05 20:55:53', '9f63deb2-2d07-4e4d-8bf3-95cbf5709aae'),
 ('810', '20', '116', NULL, '19', '4', '2017-06-05 20:55:53', '2017-06-05 20:55:53', '394d0a53-39d4-4573-8f30-067d251836c6'),
 ('811', '20', '116', NULL, '20', '5', '2017-06-05 20:55:53', '2017-06-05 20:55:53', '27c3adbb-1906-4858-b811-6a806921409c'),
 ('812', '20', '116', NULL, '21', '6', '2017-06-05 20:55:53', '2017-06-05 20:55:53', '454ab3a1-612f-4774-b91f-81d229208c42'),
 ('813', '20', '116', NULL, '22', '7', '2017-06-05 20:55:53', '2017-06-05 20:55:53', '222b1e59-01fc-4899-b3fa-d5396f8f1e85'),
 ('814', '20', '116', NULL, '14', '8', '2017-06-05 20:55:53', '2017-06-05 20:55:53', '88e00d8f-f7cd-455d-b01b-c0c32f7e5c8a'),
 ('815', '20', '116', NULL, '15', '9', '2017-06-05 20:55:53', '2017-06-05 20:55:53', '0c4f379d-ef29-47bb-aad4-1883f00897d5'),
 ('816', '20', '116', NULL, '10', '10', '2017-06-05 20:55:53', '2017-06-05 20:55:53', '95e132e4-1eee-4163-a593-91ee756a6490'),
 ('818', '20', '197', NULL, '20', '1', '2017-06-05 21:03:41', '2017-06-05 21:03:41', 'eb259e3a-6619-42d7-9d6d-454191d58192'),
 ('819', '20', '273', NULL, '15', '1', '2017-06-05 21:03:46', '2017-06-05 21:03:46', '78c77112-367f-443d-8695-d3b7f4670ed2'),
 ('820', '20', '275', NULL, '10', '1', '2017-06-05 21:05:26', '2017-06-05 21:05:26', 'd392447a-47db-474b-9b21-5db07d2be3f8'),
 ('821', '20', '274', NULL, '14', '1', '2017-06-05 21:05:38', '2017-06-05 21:05:38', 'd6715b3f-745b-4366-915b-f179a3c60cc6'),
 ('822', '20', '276', NULL, '24', '1', '2017-06-05 21:06:57', '2017-06-05 21:06:57', 'a8c553f3-d248-4c98-b8e9-34c234215d3a'),
 ('823', '20', '277', NULL, '19', '1', '2017-06-05 21:07:45', '2017-06-05 21:07:45', '55feb630-04d4-4b6e-a7ac-57f853014358'),
 ('824', '20', '187', NULL, '21', '1', '2017-06-05 21:08:10', '2017-06-05 21:08:10', 'cf722833-db56-4c7e-bc2c-2671d94a1416'),
 ('825', '20', '278', NULL, '22', '1', '2017-06-05 21:09:26', '2017-06-05 21:09:26', '676a9e0e-5e98-441c-8c4d-3a9b2fb0daf3'),
 ('826', '20', '279', NULL, '25', '1', '2017-06-05 21:10:11', '2017-06-05 21:10:11', '944e71fb-d4d6-4032-b448-6b52daa381e7'),
 ('830', '13', '161', NULL, '246', '1', '2017-06-05 21:15:38', '2017-06-05 21:15:38', 'e97035d9-6619-44e5-8f30-b455af1ebfa1'),
 ('831', '49', '161', NULL, '204', '1', '2017-06-05 21:15:38', '2017-06-05 21:15:38', '2c4bb51b-446a-4327-a749-e085a7c61a4d'),
 ('832', '20', '280', NULL, '14', '1', '2017-06-05 21:17:15', '2017-06-05 21:17:15', '7d746619-ed7a-4ade-8f3c-02179e3741bc'),
 ('833', '20', '280', NULL, '10', '2', '2017-06-05 21:17:15', '2017-06-05 21:17:15', '23d3ba65-9917-48ea-9ab4-beba52fefae0'),
 ('834', '20', '281', NULL, '22', '1', '2017-06-05 21:18:13', '2017-06-05 21:18:13', '960497af-4acc-4934-bdab-c0ae4bc8d0fe'),
 ('835', '20', '196', NULL, '24', '1', '2017-06-05 21:18:26', '2017-06-05 21:18:26', 'ee690ac7-b9a9-4ec0-a86b-2b5d70ad09d8'),
 ('853', '13', '60', NULL, '248', '1', '2017-06-07 19:15:55', '2017-06-07 19:15:55', 'a339e2d5-0abf-43f6-a267-cbaccc824621'),
 ('906', '31', '22', NULL, '68', '1', '2017-06-07 20:13:56', '2017-06-07 20:13:56', '0a5ac496-6580-4dff-92fe-2ced806c8a4c'),
 ('907', '14', '22', NULL, '56', '1', '2017-06-07 20:13:56', '2017-06-07 20:13:56', 'f8db9605-8b6d-41b6-a2e9-b16a5bade500'),
 ('908', '13', '22', NULL, '270', '1', '2017-06-07 20:13:56', '2017-06-07 20:13:56', 'ed02a4cd-b08e-4622-88b7-101db6e2226a'),
 ('927', '31', '15', NULL, '68', '1', '2017-06-07 20:20:20', '2017-06-07 20:20:20', '6b062632-21c9-4582-8ddc-d9755d8e0b9d'),
 ('928', '14', '15', NULL, '51', '1', '2017-06-07 20:20:20', '2017-06-07 20:20:20', '3c60cd74-7122-4ef3-bbfa-9d52cbb981a7'),
 ('929', '13', '15', NULL, '244', '1', '2017-06-07 20:20:20', '2017-06-07 20:20:20', '25694706-2719-4380-ba8d-3ff89ec7fb37'),
 ('963', '13', '166', NULL, '248', '1', '2017-06-13 18:26:02', '2017-06-13 18:26:02', 'bbaa3b0c-6058-423c-b69b-7a3179e64847'),
 ('966', '19', '291', NULL, '290', '1', '2017-06-13 19:17:52', '2017-06-13 19:17:52', '7fc0e3bf-1545-4f0b-b392-fc1f619942fb'),
 ('967', '19', '45', NULL, '292', '1', '2017-06-13 19:19:02', '2017-06-13 19:19:02', 'fa831eb4-031d-4c23-a5c4-c32d032bd009'),
 ('968', '20', '45', NULL, '23', '1', '2017-06-13 19:19:02', '2017-06-13 19:19:02', '1043a16e-b070-44cc-bec1-5d40c277f7a9'),
 ('969', '13', '62', NULL, '271', '1', '2017-06-13 19:31:04', '2017-06-13 19:31:04', '60db648e-c114-45c6-a6b1-8ec4c19781cf'),
 ('971', '31', '14', NULL, '68', '1', '2017-06-14 17:38:33', '2017-06-14 17:38:33', 'fa4b9358-daeb-424f-af03-0d65c4b5b398'),
 ('972', '14', '14', NULL, '48', '1', '2017-06-14 17:38:33', '2017-06-14 17:38:33', '04b54a9f-e78d-4c45-8aa5-c6791ebf624d'),
 ('973', '13', '14', NULL, '242', '1', '2017-06-14 17:38:33', '2017-06-14 17:38:33', '2839515e-27c7-4cd9-b91f-4e1cadf9bc1f'),
 ('997', '31', '19', NULL, '42', '1', '2017-06-14 17:58:08', '2017-06-14 17:58:08', 'b2122771-3d98-4d0b-b809-454e83de4c23'),
 ('998', '14', '19', NULL, '47', '1', '2017-06-14 17:58:08', '2017-06-14 17:58:08', 'fe181f69-0721-42e6-a8c3-8368e9ad9b40'),
 ('999', '68', '19', NULL, '236', '1', '2017-06-14 17:58:08', '2017-06-14 17:58:08', '8bb12c5f-6c0e-4000-9364-78065f961eeb'),
 ('1000', '13', '19', NULL, '299', '1', '2017-06-14 17:58:08', '2017-06-14 17:58:08', '576b294a-d72f-467e-bd4d-141bfa2a5df3'),
 ('1019', '31', '21', NULL, '68', '1', '2017-06-14 18:27:33', '2017-06-14 18:27:33', '37e6661f-1ccb-421a-b4d3-877177a50158'),
 ('1020', '14', '21', NULL, '49', '1', '2017-06-14 18:27:33', '2017-06-14 18:27:33', '298845f1-2f95-42fa-ae7e-d065bceaacc2'),
 ('1021', '13', '21', NULL, '302', '1', '2017-06-14 18:27:33', '2017-06-14 18:27:33', '978a3f23-3c21-4a4a-ad37-f543115acf59'),
 ('1031', '31', '20', NULL, '42', '1', '2017-06-14 20:05:57', '2017-06-14 20:05:57', 'af1a2988-43a6-4348-9985-045faee37073'),
 ('1032', '14', '20', NULL, '55', '1', '2017-06-14 20:05:57', '2017-06-14 20:05:57', 'df0928c9-7f23-45c8-b06c-092a34df9db6'),
 ('1033', '13', '20', NULL, '309', '1', '2017-06-14 20:05:57', '2017-06-14 20:05:57', 'f003802b-b976-4b73-a2e6-adba086dcdb9'),
 ('1039', '31', '24', NULL, '68', '1', '2017-06-14 20:10:38', '2017-06-14 20:10:38', '71c6c2f3-5798-43ea-a6d6-35469998c51d'),
 ('1040', '14', '24', NULL, '53', '1', '2017-06-14 20:10:38', '2017-06-14 20:10:38', 'd24a5d9f-3d93-4773-8092-91dfe6f26b87'),
 ('1041', '13', '24', NULL, '308', '1', '2017-06-14 20:10:38', '2017-06-14 20:10:38', '883d31cf-038d-4885-b364-8f4179b46203'),
 ('1050', '13', '59', NULL, '249', '1', '2017-06-14 20:50:48', '2017-06-14 20:50:48', '6e7ac514-6f24-4157-a8d4-862efb6dc24e'),
 ('1061', '13', '58', NULL, '246', '1', '2017-06-15 20:48:34', '2017-06-15 20:48:34', '5faeeafc-0190-40ad-86f4-4a986bb5d41f');
INSERT INTO `craft_relations` (`id`, `fieldId`, `sourceId`, `sourceLocale`, `targetId`, `sortOrder`, `dateCreated`, `dateUpdated`, `uid`) VALUES
 ('1062', '11', '58', NULL, '166', '1', '2017-06-15 20:48:34', '2017-06-15 20:48:34', 'f2a81a91-535d-445c-8422-ee30ab789cd6'),
 ('1063', '70', '58', NULL, '311', '1', '2017-06-15 20:48:34', '2017-06-15 20:48:34', '0ed04e4f-33c5-429e-858c-fb9f9cf052ef'),
 ('1066', '13', '61', NULL, '303', '1', '2017-06-21 18:08:10', '2017-06-21 18:08:10', '6884ad40-bff3-40a5-86d4-d9161440b1c6'),
 ('1067', '67', '61', NULL, '268', '1', '2017-06-21 18:08:10', '2017-06-21 18:08:10', '8d3d6af6-6638-44ac-a6de-17f940f691a0'),
 ('1075', '31', '93', NULL, '68', '1', '2017-06-22 19:44:42', '2017-06-22 19:44:42', '96e46772-c065-47e3-a659-b421a0426b38'),
 ('1076', '13', '93', NULL, '233', '1', '2017-06-22 19:44:42', '2017-06-22 19:44:42', '699d166b-0cc7-4e22-98a8-87ced012e6d0'),
 ('1084', '31', '10', NULL, '68', '1', '2017-06-22 20:29:50', '2017-06-22 20:29:50', '2e6ac742-5ab6-4aa3-ad0a-efda8c1cfcc0'),
 ('1085', '14', '10', NULL, '46', '1', '2017-06-22 20:29:50', '2017-06-22 20:29:50', '1c5874b9-a196-44c4-b96f-67daffa9eab3'),
 ('1086', '13', '10', NULL, '243', '1', '2017-06-22 20:29:50', '2017-06-22 20:29:50', 'a935bba7-64e0-45c6-a150-69ddc2e0235e'),
 ('1108', '31', '25', NULL, '42', '1', '2017-06-28 02:26:35', '2017-06-28 02:26:35', 'a122baa9-4582-4818-90cf-332b5c488c4a'),
 ('1109', '14', '25', NULL, '52', '1', '2017-06-28 02:26:35', '2017-06-28 02:26:35', 'e00e7463-0d8b-444c-8b80-21cabae272b7'),
 ('1110', '68', '25', NULL, '52', '1', '2017-06-28 02:26:35', '2017-06-28 02:26:35', 'd8e0d5c1-e442-48ee-930e-037e0855a0cf'),
 ('1111', '13', '25', NULL, '238', '1', '2017-06-28 02:26:35', '2017-06-28 02:26:35', 'dcce220d-92d3-45fc-adec-88bbdd0255a3'),
 ('1112', '13', '101', NULL, '304', '1', '2017-06-28 02:26:44', '2017-06-28 02:26:44', '70697e3e-b3a3-4ecd-bebe-2d5806428578'),
 ('1113', '31', '23', NULL, '69', '1', '2017-06-28 02:26:49', '2017-06-28 02:26:49', '4e58a876-9cab-4117-9de0-9735e73f364a'),
 ('1114', '14', '23', NULL, '250', '1', '2017-06-28 02:26:49', '2017-06-28 02:26:49', '76edc5e0-58a8-4fff-b57b-100cc2f4420f'),
 ('1115', '13', '23', NULL, '221', '1', '2017-06-28 02:26:49', '2017-06-28 02:26:49', 'cc5c3015-a114-4297-b609-1cde2b337710'),
 ('1120', '13', '2', NULL, '250', '1', '2017-06-28 04:00:27', '2017-06-28 04:00:27', '6ccd0c1b-9400-4d4e-963a-898690c00dec'),
 ('1121', '13', '2', NULL, '251', '2', '2017-06-28 04:00:27', '2017-06-28 04:00:27', '192590e9-dd0f-4e8e-8f5d-f1308ecc6392'),
 ('1122', '61', '2', NULL, '58', '1', '2017-06-28 04:00:27', '2017-06-28 04:00:27', 'dd836a53-69de-4702-8238-64dbb2633465'),
 ('1123', '93', '2', NULL, '59', '1', '2017-06-28 04:00:27', '2017-06-28 04:00:27', '79169546-6991-4261-9123-38d6754c850d'),
 ('1124', '62', '2', NULL, '61', '1', '2017-06-28 04:00:27', '2017-06-28 04:00:27', '1a195022-b611-42ef-86d0-60a1842e3852');



DROP TABLE IF EXISTS `craft_routes`;


--
-- Schema for table `craft_routes`
--
CREATE TABLE `craft_routes` (
  `id` int(11) NOT NULL AUTO_INCREMENT,
  `locale` char(12) COLLATE utf8_unicode_ci DEFAULT NULL,
  `urlParts` varchar(255) COLLATE utf8_unicode_ci NOT NULL,
  `urlPattern` varchar(255) COLLATE utf8_unicode_ci NOT NULL,
  `template` varchar(255) COLLATE utf8_unicode_ci NOT NULL,
  `sortOrder` smallint(6) unsigned DEFAULT NULL,
  `dateCreated` datetime NOT NULL,
  `dateUpdated` datetime NOT NULL,
  `uid` char(36) COLLATE utf8_unicode_ci NOT NULL DEFAULT '0',
  PRIMARY KEY (`id`),
  UNIQUE KEY `craft_routes_urlPattern_unq_idx` (`urlPattern`),
  KEY `craft_routes_locale_idx` (`locale`)
) ENGINE=InnoDB DEFAULT CHARSET=utf8 COLLATE=utf8_unicode_ci;

DROP TABLE IF EXISTS `craft_searchindex`;


--
-- Schema for table `craft_searchindex`
--
CREATE TABLE `craft_searchindex` (
  `elementId` int(11) NOT NULL,
  `attribute` varchar(25) COLLATE utf8_unicode_ci NOT NULL,
  `fieldId` int(11) NOT NULL,
  `locale` char(12) COLLATE utf8_unicode_ci NOT NULL,
  `keywords` text COLLATE utf8_unicode_ci NOT NULL,
  PRIMARY KEY (`elementId`,`attribute`,`fieldId`,`locale`),
  FULLTEXT KEY `craft_searchindex_keywords_idx` (`keywords`)
) ENGINE=MyISAM DEFAULT CHARSET=utf8 COLLATE=utf8_unicode_ci;

--
-- Data for table `craft_searchindex`
--

INSERT INTO `craft_searchindex` (`elementId`, `attribute`, `fieldId`, `locale`, `keywords`) VALUES
 ('1', 'username', '0', 'en_us', ' studentmedia '),
 ('1', 'firstname', '0', 'en_us', ''),
 ('1', 'lastname', '0', 'en_us', ''),
 ('1', 'fullname', '0', 'en_us', ''),
 ('1', 'email', '0', 'en_us', ' challahan ideabasekent com '),
 ('1', 'slug', '0', 'en_us', ''),
 ('2', 'slug', '0', 'en_us', ' homepage '),
 ('2', 'title', '0', 'en_us', ' kent state student media '),
 ('2', 'field', '1', 'en_us', ' kent state student media makes the connections you need whether you are a student searching for an authentic media experience a community member wanting to share your story or simply somebody seeking quality news information and entertainment we deliver for you across 34 outlets through print digital and social media '),
 ('10', 'field', '16', 'en_us', ''),
 ('3', 'field', '1', 'en_us', ' craft is the cms that s powering kentstatestudentmedia com it s beautiful powerful flexible and easy to use and it s made by pixel tonic we can t wait to dive in and see what it s capable of this is even more captivating content which you couldn t see on the news index page because it was entered after a page break and the news index template only likes to show the content on the first page craft a nice alternative to word if you re making a website '),
 ('3', 'field', '2', 'en_us', ''),
 ('3', 'slug', '0', 'en_us', ' we just installed craft '),
 ('3', 'title', '0', 'en_us', ' we just installed craft '),
 ('62', 'slug', '0', 'en_us', ' contact '),
 ('61', 'title', '0', 'en_us', ' advertise with student media '),
 ('60', 'slug', '0', 'en_us', ' get involved '),
 ('60', 'title', '0', 'en_us', ' get involved '),
 ('61', 'slug', '0', 'en_us', ' advertising '),
 ('59', 'title', '0', 'en_us', ' media partners '),
 ('58', 'title', '0', 'en_us', ' about us '),
 ('59', 'slug', '0', 'en_us', ' media partners home '),
 ('58', 'slug', '0', 'en_us', ' about '),
 ('5', 'slug', '0', 'en_us', ''),
 ('6', 'slug', '0', 'en_us', ''),
 ('68', 'slug', '0', 'en_us', ' print '),
 ('68', 'title', '0', 'en_us', ' print '),
 ('20', 'field', '31', 'en_us', ' broadcast film '),
 ('101', 'field', '26', 'en_us', ''),
 ('6', 'field', '15', 'en_us', ' 500 hilltop drive kent oh 44240 '),
 ('6', 'field', '10', 'en_us', ' 330 672 6306 '),
 ('5', 'field', '14', 'en_us', ' sm logo '),
 ('6', 'field', '4', 'en_us', ' ads ksustudentmedia com '),
 ('27', 'slug', '0', 'en_us', ' statistics '),
 ('27', 'title', '0', 'en_us', ' 70k '),
 ('27', 'field', '20', 'en_us', ''),
 ('27', 'field', '12', 'en_us', ''),
 ('27', 'field', '19', 'en_us', ''),
 ('2', 'field', '16', 'en_us', ''),
 ('2', 'field', '17', 'en_us', ''),
 ('10', 'slug', '0', 'en_us', ' a magazine '),
 ('10', 'title', '0', 'en_us', ' a magazine '),
 ('11', 'field', '12', 'en_us', ' this is a description of the statistic '),
 ('11', 'field', '19', 'en_us', ''),
 ('11', 'field', '20', 'en_us', ' a magazine '),
 ('11', 'slug', '0', 'en_us', ' this is a fun statistic '),
 ('11', 'title', '0', 'en_us', ' 85 '),
 ('12', 'field', '12', 'en_us', ' this is a description of the second statistic '),
 ('12', 'field', '19', 'en_us', ''),
 ('12', 'field', '20', 'en_us', ' a magazine '),
 ('12', 'slug', '0', 'en_us', ' this is a second statistic '),
 ('12', 'title', '0', 'en_us', ' 34 '),
 ('14', 'field', '14', 'en_us', ' burr logo '),
 ('14', 'field', '19', 'en_us', ''),
 ('14', 'slug', '0', 'en_us', ' the burr '),
 ('14', 'title', '0', 'en_us', ' the burr '),
 ('15', 'field', '14', 'en_us', ' kentstater logo '),
 ('15', 'field', '19', 'en_us', ''),
 ('15', 'slug', '0', 'en_us', ' kent stater '),
 ('15', 'title', '0', 'en_us', ' the kent stater '),
 ('24', 'field', '36', 'en_us', ' 1 '),
 ('11', 'field', '25', 'en_us', ' years involved within the kent community '),
 ('12', 'field', '25', 'en_us', ' content outlets that are regularly updated '),
 ('2', 'field', '11', 'en_us', ''),
 ('2', 'field', '12', 'en_us', ' student media connects '),
 ('15', 'field', '20', 'en_us', ''),
 ('2', 'field', '21', 'en_us', ' ten media partners '),
 ('64', 'kind', '0', 'en_us', ' image '),
 ('64', 'slug', '0', 'en_us', ' people cropped 960 '),
 ('64', 'title', '0', 'en_us', ' people cropped 960 '),
 ('2', 'field', '13', 'en_us', ' 20140921 140629 camera '),
 ('2', 'field', '90', 'en_us', ' seven hundred students '),
 ('19', 'field', '14', 'en_us', ' bsr logo '),
 ('19', 'field', '19', 'en_us', ''),
 ('19', 'field', '20', 'en_us', ''),
 ('19', 'slug', '0', 'en_us', ' black squirrel radio '),
 ('19', 'title', '0', 'en_us', ' black squirrel radio '),
 ('20', 'field', '14', 'en_us', ' tv2 logo '),
 ('20', 'field', '19', 'en_us', ''),
 ('20', 'field', '20', 'en_us', ''),
 ('20', 'slug', '0', 'en_us', ' tv2 '),
 ('20', 'title', '0', 'en_us', ' tv2 '),
 ('21', 'field', '14', 'en_us', ' fusion logo '),
 ('21', 'field', '19', 'en_us', ''),
 ('21', 'field', '20', 'en_us', ''),
 ('21', 'slug', '0', 'en_us', ' fusion magazine '),
 ('21', 'title', '0', 'en_us', ' fusion magazine '),
 ('22', 'field', '14', 'en_us', ' uhuru logo '),
 ('22', 'field', '19', 'en_us', ''),
 ('22', 'field', '20', 'en_us', ''),
 ('22', 'slug', '0', 'en_us', ' uhuru '),
 ('22', 'title', '0', 'en_us', ' uhuru '),
 ('23', 'field', '14', 'en_us', ' 20140921 140629 '),
 ('23', 'field', '19', 'en_us', ''),
 ('23', 'field', '20', 'en_us', ''),
 ('23', 'slug', '0', 'en_us', ' kentwired '),
 ('23', 'title', '0', 'en_us', ' kentwired '),
 ('24', 'field', '14', 'en_us', ' lunanegra logo '),
 ('24', 'field', '19', 'en_us', ''),
 ('24', 'field', '20', 'en_us', '');
INSERT INTO `craft_searchindex` (`elementId`, `attribute`, `fieldId`, `locale`, `keywords`) VALUES
 ('24', 'slug', '0', 'en_us', ' luna negra '),
 ('24', 'title', '0', 'en_us', ' luna negra '),
 ('25', 'field', '14', 'en_us', ' ksuif logo '),
 ('25', 'field', '19', 'en_us', ''),
 ('25', 'field', '20', 'en_us', ''),
 ('25', 'slug', '0', 'en_us', ' ksu independent films '),
 ('25', 'title', '0', 'en_us', ' ksu independent films '),
 ('10', 'field', '14', 'en_us', ' amag logo '),
 ('10', 'field', '19', 'en_us', ''),
 ('10', 'field', '20', 'en_us', ''),
 ('35', 'filename', '0', 'en_us', ' seaside jpg '),
 ('2', 'field', '25', 'en_us', ''),
 ('234', 'filename', '0', 'en_us', ' dsc8042 jpg '),
 ('2', 'field', '22', 'en_us', ' 210945217 '),
 ('46', 'filename', '0', 'en_us', ' amag logo svg '),
 ('46', 'extension', '0', 'en_us', ' svg '),
 ('27', 'field', '25', 'en_us', ' people see our media partners final products '),
 ('46', 'kind', '0', 'en_us', ' image '),
 ('46', 'slug', '0', 'en_us', ' amag logo '),
 ('116', 'field', '12', 'en_us', ' come find out about kent state student media and the 10 media partners that make up student media we ll be at kent state s annual blastoff event '),
 ('35', 'extension', '0', 'en_us', ' jpg '),
 ('35', 'kind', '0', 'en_us', ' image '),
 ('35', 'slug', '0', 'en_us', ' seaside '),
 ('35', 'title', '0', 'en_us', ' seaside '),
 ('25', 'field', '13', 'en_us', ' ksuif hero01 '),
 ('25', 'field', '12', 'en_us', ' kent state university independent films ksuif is a student run production company that teaches inspires and prepares filmmakers for the real world industry ksuif produces a wide variety of content including webseries short films award winning music videos documentaries tv shows and feature films ksuif is one of three organizations in the country that allows students to create full length feature films '),
 ('25', 'field', '6', 'en_us', ' erica '),
 ('25', 'field', '7', 'en_us', ' collins '),
 ('25', 'field', '10', 'en_us', ' 330 672 8198 '),
 ('25', 'field', '4', 'en_us', ' kentstatefilms gmail com '),
 ('25', 'field', '26', 'en_us', ' http www twitter com ksuif twitter https www facebook com ksuindependentfilms facebook http kentstatefilms com website '),
 ('37', 'field', '27', 'en_us', ' twitter '),
 ('37', 'field', '28', 'en_us', ' http www twitter com ksuif '),
 ('37', 'slug', '0', 'en_us', ''),
 ('25', 'field', '29', 'en_us', ' ksuif is a production company that teaches inspires and prepares filmmakers for the real world industry '),
 ('10', 'field', '13', 'en_us', ' amag hero '),
 ('10', 'field', '12', 'en_us', ' a magazine is a visually stunning student run magazine at kent state it is the publication for all things fashion beauty accessories and culture on campus and beyond a focuses on both women s and men s fashion and has companion website that is updated regularly with extended content and videos providing students with the latest fashion news it is distributed at kent state and the fashion school s new york studio '),
 ('10', 'field', '29', 'en_us', ' a magazine is kent state s student run fashion magazine and is the hub for all things fashion beauty and culture related '),
 ('10', 'field', '6', 'en_us', ' payton '),
 ('10', 'field', '7', 'en_us', ' moore '),
 ('10', 'field', '10', 'en_us', ''),
 ('10', 'field', '4', 'en_us', ' amagksu gmail com '),
 ('10', 'field', '26', 'en_us', ' https www instagram com amagksu instagram https twitter com amagksu twitter http facebook com amagksu facebook http theamag com website '),
 ('14', 'field', '13', 'en_us', ' burr hero '),
 ('14', 'field', '12', 'en_us', ' the burr is an independent award winning student magazine and was kent state s first student magazine ever the magazine features a mix of original reporting how to articles feature articles and personal essays theburr com is frequently updated with multimedia stories and blogs and has an archive of past issues '),
 ('14', 'field', '29', 'en_us', ' exploring big issues burning ideas fascinating people and preoccupations of its audience '),
 ('14', 'field', '6', 'en_us', ' sammi '),
 ('14', 'field', '7', 'en_us', ' ickes '),
 ('14', 'field', '10', 'en_us', ' 330 672 2947 '),
 ('14', 'field', '4', 'en_us', ' theburrmagazine gmail com '),
 ('14', 'field', '26', 'en_us', ' https www instagram com theburrmagazine instagram https twitter com theburrmagazine twitter https facebook com theburrmagazine facebook http theburr com website '),
 ('15', 'field', '13', 'en_us', ' stater hero 01 '),
 ('15', 'field', '12', 'en_us', ' the kent stater is the award winning student run newspaper at kent state university reaching more than 15 000 people per issue the stater keeps the community up to date with campus local and national news sports and features the stater publishes on monday wednesday and thursday and has a circulation of 6 750 per day during the summer months the kent stater runs special print issues and also runs the annual orientation issue to welcome new and returning students '),
 ('15', 'field', '29', 'en_us', ' the independent news team covering ksu and the kent community '),
 ('15', 'field', '6', 'en_us', ' jimmy '),
 ('15', 'field', '7', 'en_us', ' miller '),
 ('15', 'field', '10', 'en_us', ' 330 672 2586 '),
 ('15', 'field', '4', 'en_us', ' kentwired gmail com '),
 ('15', 'field', '26', 'en_us', ' https twitter com kentwired twitter https www instagram com kentwired instagram https www facebook com kentwired facebook http www kentwired com website '),
 ('19', 'field', '13', 'en_us', ' bsr hero 02 '),
 ('19', 'field', '12', 'en_us', ' black squirrel radio bsr is a student run radio station that has 10 000 loyal monthly listeners bsr features a large selection of urban rock and local music with numerous local bands and entertainers coming for in studio performances and interviews bsr is available at www blacksquirrelradio com itunes radio under college stations the tunein app and channels 2 4 and 2 6 though on campus television '),
 ('19', 'field', '29', 'en_us', ' bsr is kent state s student run radio station providing unique and innovative media content online '),
 ('19', 'field', '6', 'en_us', ' layne '),
 ('19', 'field', '7', 'en_us', ' gerbig '),
 ('19', 'field', '10', 'en_us', ' 330 xxx xxxx '),
 ('19', 'field', '4', 'en_us', ' general email address goes here '),
 ('19', 'field', '26', 'en_us', ' https www instagram com bsrkent instagram https twitter com bsrkent twitter https www facebook com blacksquirrelradio facebook http blacksquirrelradio com website '),
 ('20', 'field', '13', 'en_us', ' tv2 hero01 02 '),
 ('20', 'field', '12', 'en_us', ' tv2 is the award winning student run television station of kent state university tv2 is also portage county s only local television station and the best source for local news and original television content tv2 reaches more than 26 000 homes throughout portage county on spectrum formerly time warner cable channel 16 and more than 7 500 kent state students living on campus on channel 2 2 tv2 is also live streamed on kentwired com tv2 with 10 different tv shows tv2 covers everything from breaking news local news weather sports entertainment and humor '),
 ('20', 'field', '29', 'en_us', ' award winning television that strives to be truly portage county with news sports and entertainment programming '),
 ('20', 'field', '6', 'en_us', ' leisel '),
 ('20', 'field', '7', 'en_us', ' kober '),
 ('20', 'field', '10', 'en_us', ' 330 672 2584 '),
 ('20', 'field', '4', 'en_us', ' lkober kent edu '),
 ('20', 'field', '26', 'en_us', ' https www instagram com tv2ksu instagram https twitter com tv2ksu twitter https www facebook com tv2ksu facebook http www kentwired com tv2 website '),
 ('21', 'field', '13', 'en_us', ' fusion hero 02 '),
 ('21', 'field', '12', 'en_us', ' fusion is kent state s lesbian gay bisexual transgender and queer questioning student advocacy and entertainment magazine fusion strives to promote equality and community in northeast ohio and beyond through journalism and they have been recognized by the society of professional journalists for excellence fusion is the only student magazine focusing on lgbtq issues in the region '),
 ('21', 'field', '29', 'en_us', ' promoting lgbtq equality and community through journalism in northeast ohio and beyond '),
 ('21', 'field', '6', 'en_us', ' mj '),
 ('21', 'field', '7', 'en_us', ' eckhouse '),
 ('21', 'field', '10', 'en_us', ''),
 ('21', 'field', '4', 'en_us', ' meckhous kent edu '),
 ('21', 'field', '26', 'en_us', ' https twitter com ohiofusion twitter https facebook com ohiofusion facebook http ohiofusion com website '),
 ('22', 'field', '13', 'en_us', ' uhuru hero 02 '),
 ('22', 'field', '12', 'en_us', ' uhuru is an award winning magazine that promotes innovation creativity and culture through the voice of marginalized students a derivative of black unites students uhuru is focused on the unification of the african american population but serves as a safe haven for others by reflecting all people of color at kent state uhuru is kent state s only minority news outlet and serves as a platform for student creation and expression in art writing photography and graphic design while addressing social issues '),
 ('22', 'field', '29', 'en_us', ' providing voice for marginalized students at kent state '),
 ('22', 'field', '6', 'en_us', ' sierra '),
 ('22', 'field', '7', 'en_us', ' allen '),
 ('22', 'field', '10', 'en_us', ''),
 ('22', 'field', '4', 'en_us', ' uhurumag1 gmail com '),
 ('22', 'field', '26', 'en_us', ' https www instagram com uhurumag instagram https twitter com uhurumag twitter https facebook com uhurumagazine facebook uhurumag com website '),
 ('23', 'field', '13', 'en_us', ' img 0216 '),
 ('23', 'field', '12', 'en_us', ' kentwired com is a news organization hosting content created by the collaborative effort of students working in student media at kent state university kentwired is the independent news website for the kent stater and tv2 and is the year round news source for everything kent kentwired has top news entertainment sports and community and campus news it also features classifieds and live streams for tv2 and black squirrel radio '),
 ('23', 'field', '29', 'en_us', ' the online outlet for student media partners the kent stater and tv2 and the best breaking news source in kent and portage county '),
 ('23', 'field', '6', 'en_us', ''),
 ('23', 'field', '7', 'en_us', ''),
 ('23', 'field', '10', 'en_us', ' 330 672 2586 '),
 ('23', 'field', '4', 'en_us', ' kentwired gmail com '),
 ('23', 'field', '26', 'en_us', ' https www instagram com kentwired instagram https twitter com kentwired twitter https www facebook com kentwired facebook http www kentwired com website '),
 ('24', 'field', '13', 'en_us', ' ln hero 02 ');
INSERT INTO `craft_searchindex` (`elementId`, `attribute`, `fieldId`, `locale`, `keywords`) VALUES
 ('24', 'field', '12', 'en_us', ' luna negra is kent state s literary student publication and they publish a blend of poetry prose photography and illustration for over 50 years they have published submissions from current students and community members their magazine is published every spring and they produce additional content on lunanegramag com '),
 ('24', 'field', '29', 'en_us', ' kent state s literary and arts journal publishing a blend of poetry prose photography and illustration '),
 ('24', 'field', '6', 'en_us', ' sam '),
 ('24', 'field', '7', 'en_us', ' hersh '),
 ('24', 'field', '10', 'en_us', ''),
 ('24', 'field', '4', 'en_us', ' lunanegramag gmail com '),
 ('24', 'field', '26', 'en_us', ' https www facebook com lunanegramag facebook https www instagram com lunanegramagazine instagram https twitter com lunanegramag twitter http www lunanegramag com website '),
 ('64', 'extension', '0', 'en_us', ' jpg '),
 ('64', 'filename', '0', 'en_us', ' people cropped_960 jpg '),
 ('273', 'field', '19', 'en_us', ''),
 ('116', 'field', '19', 'en_us', ''),
 ('273', 'field', '5', 'en_us', ' nonvoting studentmedialeader '),
 ('273', 'field', '8', 'en_us', ' editor '),
 ('273', 'field', '6', 'en_us', ' lydia '),
 ('273', 'field', '7', 'en_us', ' taylor '),
 ('273', 'field', '10', 'en_us', ''),
 ('273', 'field', '20', 'en_us', ' the kent stater '),
 ('273', 'field', '1', 'en_us', ''),
 ('273', 'slug', '0', 'en_us', ' lydia taylor '),
 ('273', 'title', '0', 'en_us', ' lydia taylor '),
 ('273', 'field', '4', 'en_us', ' ltaylo49 kent edu '),
 ('42', 'slug', '0', 'en_us', ' broadcast film '),
 ('42', 'title', '0', 'en_us', ' broadcast film '),
 ('101', 'field', '29', 'en_us', ' an innovative energetic team connecting our clients to our media partners and signature brands such as kentwired kentcribs and transitions '),
 ('101', 'field', '12', 'en_us', ''),
 ('101', 'field', '13', 'en_us', ' ad hero 02 '),
 ('101', 'field', '14', 'en_us', ''),
 ('101', 'title', '0', 'en_us', ' student media advertising '),
 ('101', 'slug', '0', 'en_us', ' student media ad sales '),
 ('101', 'field', '36', 'en_us', ' 1 '),
 ('45', 'field', '19', 'en_us', ' kevinhi '),
 ('45', 'field', '5', 'en_us', ' director nonvoting officestaff '),
 ('45', 'field', '8', 'en_us', ' director of student media '),
 ('45', 'field', '6', 'en_us', ' kevin '),
 ('45', 'field', '7', 'en_us', ' dilley '),
 ('45', 'field', '4', 'en_us', ' kdilley kent edu '),
 ('45', 'field', '10', 'en_us', ' 330 672 4603 '),
 ('45', 'field', '20', 'en_us', ' kentwired '),
 ('45', 'field', '1', 'en_us', ' kevin serves student media by providing management of our business and advising operations he also works with student leaders the board faculty and other key partners to set a strategic direction for student media and mentors and advises student leaders words to live by if you want to go fast go alone if you want to go far go together origin unknown personal i ve traveled to siberia malaysia mexico and 46 of 50 states in the u s i love going places and meeting new people but i always yearn to return home for me that s in hudson with my two children mi media naranja si hablo espanol and pancho my very best friend because well he s a dog and i m a man i hold degrees in journalism and visual communication from the university of missouri and ohio university i ve worked as a reporter writer photojournalist editor designer web designer project manager consultant professor and adviser i love what i do because i m constantly inspired by my students who bring ideas enthusiasm opportunity and optimism to this place every day i can help you with general questionsstrategic planningidea developmentbudgets '),
 ('45', 'slug', '0', 'en_us', ' kevin dilley '),
 ('45', 'title', '0', 'en_us', ' kevin dilley '),
 ('46', 'title', '0', 'en_us', ' amag logo '),
 ('47', 'filename', '0', 'en_us', ' bsr logo svg '),
 ('47', 'extension', '0', 'en_us', ' svg '),
 ('47', 'kind', '0', 'en_us', ' image '),
 ('47', 'slug', '0', 'en_us', ' bsr logo '),
 ('47', 'title', '0', 'en_us', ' bsr logo '),
 ('48', 'filename', '0', 'en_us', ' burr logo svg '),
 ('48', 'extension', '0', 'en_us', ' svg '),
 ('48', 'kind', '0', 'en_us', ' image '),
 ('48', 'slug', '0', 'en_us', ' burr logo '),
 ('48', 'title', '0', 'en_us', ' burr logo '),
 ('49', 'filename', '0', 'en_us', ' fusion logo svg '),
 ('49', 'extension', '0', 'en_us', ' svg '),
 ('49', 'kind', '0', 'en_us', ' image '),
 ('49', 'slug', '0', 'en_us', ' fusion logo '),
 ('49', 'title', '0', 'en_us', ' fusion logo '),
 ('50', 'filename', '0', 'en_us', ' intel png '),
 ('50', 'extension', '0', 'en_us', ' png '),
 ('50', 'kind', '0', 'en_us', ' image '),
 ('50', 'slug', '0', 'en_us', ' intel '),
 ('50', 'title', '0', 'en_us', ' intel '),
 ('51', 'filename', '0', 'en_us', ' kentstater logo svg '),
 ('51', 'extension', '0', 'en_us', ' svg '),
 ('51', 'kind', '0', 'en_us', ' image '),
 ('51', 'slug', '0', 'en_us', ' kentstater logo '),
 ('51', 'title', '0', 'en_us', ' kentstater logo '),
 ('52', 'filename', '0', 'en_us', ' ksuif logo svg '),
 ('52', 'extension', '0', 'en_us', ' svg '),
 ('52', 'kind', '0', 'en_us', ' image '),
 ('52', 'slug', '0', 'en_us', ' ksuif logo '),
 ('52', 'title', '0', 'en_us', ' ksuif logo '),
 ('53', 'filename', '0', 'en_us', ' lunanegra logo svg '),
 ('53', 'extension', '0', 'en_us', ' svg '),
 ('53', 'kind', '0', 'en_us', ' image '),
 ('53', 'slug', '0', 'en_us', ' lunanegra logo '),
 ('53', 'title', '0', 'en_us', ' lunanegra logo '),
 ('54', 'filename', '0', 'en_us', ' smsales logo svg '),
 ('54', 'extension', '0', 'en_us', ' svg '),
 ('54', 'kind', '0', 'en_us', ' image '),
 ('54', 'slug', '0', 'en_us', ' smsales logo '),
 ('54', 'title', '0', 'en_us', ' smsales logo '),
 ('55', 'filename', '0', 'en_us', ' tv2 logo svg '),
 ('55', 'extension', '0', 'en_us', ' svg '),
 ('55', 'kind', '0', 'en_us', ' image '),
 ('55', 'slug', '0', 'en_us', ' tv2 logo '),
 ('55', 'title', '0', 'en_us', ' tv2 logo '),
 ('56', 'filename', '0', 'en_us', ' uhuru logo svg '),
 ('56', 'extension', '0', 'en_us', ' svg '),
 ('56', 'kind', '0', 'en_us', ' image '),
 ('56', 'slug', '0', 'en_us', ' uhuru logo '),
 ('56', 'title', '0', 'en_us', ' uhuru logo '),
 ('23', 'field', '1', 'en_us', ' kentwired com is shared website for student media partners the kent stater and tv2 ksu the site features top news entertainment community and campus news sports and video kentwired is the place to turn to for everything kent and portage county the site also features classifieds tv2 newscasts and entertainment shows and a live stream to tv2 kentwired is a key source for news during the summer with 40 000 unique visitors per month kentwired is a top news source in kent and portage county '),
 ('65', 'field', '37', 'en_us', ' dorothy ly '),
 ('25', 'field', '36', 'en_us', ' 1 '),
 ('23', 'field', '36', 'en_us', ' 0 '),
 ('19', 'field', '36', 'en_us', ' 1 '),
 ('20', 'field', '36', 'en_us', ' 1 '),
 ('21', 'field', '36', 'en_us', ' 1 '),
 ('22', 'field', '36', 'en_us', ' 1 ');
INSERT INTO `craft_searchindex` (`elementId`, `attribute`, `fieldId`, `locale`, `keywords`) VALUES
 ('14', 'field', '36', 'en_us', ' 1 '),
 ('15', 'field', '36', 'en_us', ' 1 '),
 ('10', 'field', '36', 'en_us', ' 1 '),
 ('62', 'title', '0', 'en_us', ' contact student media '),
 ('290', 'kind', '0', 'en_us', ' image '),
 ('290', 'extension', '0', 'en_us', ' jpg '),
 ('65', 'field', '38', 'en_us', ' this is an amazing thing '),
 ('65', 'slug', '0', 'en_us', ' testimonial 1 '),
 ('65', 'title', '0', 'en_us', ' testimonial 1 '),
 ('116', 'field', '23', 'en_us', ' 2017 08 27 '),
 ('67', 'filename', '0', 'en_us', ' studentmedia logo svg '),
 ('67', 'extension', '0', 'en_us', ' svg '),
 ('67', 'kind', '0', 'en_us', ' image '),
 ('67', 'slug', '0', 'en_us', ' studentmedia logo '),
 ('67', 'title', '0', 'en_us', ' kent state student media '),
 ('69', 'slug', '0', 'en_us', ' online '),
 ('69', 'title', '0', 'en_us', ' online '),
 ('70', 'slug', '0', 'en_us', ' bundles '),
 ('70', 'title', '0', 'en_us', ' bundles '),
 ('71', 'field', '31', 'en_us', ' online '),
 ('71', 'field', '32', 'en_us', ' place your ad where the campus and community turns first for breaking news extended news and entertainment each banner ad includes a link to your site monthly statistics and ad design services web ads 728 x 90 $195 still $215 flash weekly 728 x 90 $195 still $215 flash weekly 728 x 90 $650 still $700 flash monthly 728 x 90 $650 still $700 flash monthly 960 x 30 $125 still $150 flash weekly 960 x 30 $125 still $150 flash weekly 960 x 30 $425 still $500 flash monthly 960 x 30 $425 still $500 flash monthly 300 x 250 $175 still $195 flash weekly 300 x 250 $175 still $195 flash weekly 300 x 250 $600 still $650 flash monthly 300 x 250 $600 still $650 flash monthly 180 x 600 $100 still $125 flash weekly 180 x 600 $100 still $125 flash weekly 180 x 600 $350 still $425 flash monthly 180 x 600 $350 still $425 flash monthly 120 x 600 $75 still $100 flash weekly 120 x 600 $75 still $100 flash weekly 120 x 600 $275 still $350 flash monthly 120 x 600 $275 still $350 flash monthly fifteen second commercial or video prior to tv2 videos on kentwired com we offer production services if required please see page 17 for pricing and more information video pre roll $125 weekly $125 weekly $450 monthly $450 monthly '),
 ('71', 'field', '20', 'en_us', ' kentwired '),
 ('71', 'slug', '0', 'en_us', ' ad 2 '),
 ('71', 'title', '0', 'en_us', ' kentwired website '),
 ('72', 'field', '33', 'en_us', ' web ads '),
 ('72', 'field', '34', 'en_us', ' 5 '),
 ('72', 'field', '35', 'en_us', ' x17 '),
 ('72', 'slug', '0', 'en_us', ''),
 ('73', 'field', '31', 'en_us', ' print '),
 ('73', 'field', '32', 'en_us', ' ads smaller than 1 16 will run on the classifieds page and are priced on an individual basis display ads full page $1 450 local $1 100 campus non profit 11 x 21 full page $1 450 local $1 100 campus non profit 11 x 21 front page $450 local $400 campus non profit 11 x 3 front page $450 local $400 campus non profit 11 x 3 2 3 page $975 local $735 campus non profit 7 23 x 21 2 3 page $975 local $735 campus non profit 7 23 x 21 1 2 page $725 local $550 campus non profit 11 x 10 5 1 2 page $725 local $550 campus non profit 11 x 10 5 1 4 page $375 local $275 campus non profit 5 44 x 10 5 1 4 page $375 local $275 campus non profit 5 44 x 10 5 1 8 page $175 local $130 campus non profit 5 44 x 5 1 8 page $175 local $130 campus non profit 5 44 x 5 1 16 page $75 local $55 campus non profit 5 44 x 2 1 16 page $75 local $55 campus non profit 5 44 x 2 color pricing full color $75 full color $75 black 1 color $30 black 1 color $30 post its must be printed in a fan fold and boxed the unwind direction must be 1 or 3 insert post it sample must be submitted to kent state student media for approval inserts post its must be printed by the client and shipped directly to the printer at least one week prior to insertion inserts and post its are within every copy of the kent stater advertisers should print and ship 6 750 total kent state student media can arrange the printing of the post its for advertisers for an additional $75 please ship directly to midwest offset 629 wabash avenue nw new philadelphia ohio 44663 800 837 8666 inserts post its single page insert $450 single page insert $450 multi page insert $500 multi page insert $500 3 x3 or 4 x5 post it $600 3 x3 or 4 x5 post it $600 '),
 ('73', 'field', '20', 'en_us', ' kent stater '),
 ('73', 'slug', '0', 'en_us', ' daily kent stater ads '),
 ('73', 'title', '0', 'en_us', ' the kent stater '),
 ('74', 'field', '33', 'en_us', ' display ads '),
 ('74', 'field', '34', 'en_us', ' 0 '),
 ('74', 'field', '35', 'en_us', ' x17 '),
 ('74', 'slug', '0', 'en_us', ''),
 ('74', 'field', '40', 'en_us', ' full page $1 450 local $1 100 campus non profit 11 x 21 full page $1 450 local $1 100 campus non profit 11 x 21 front page $450 local $400 campus non profit 11 x 3 front page $450 local $400 campus non profit 11 x 3 2 3 page $975 local $735 campus non profit 7 23 x 21 2 3 page $975 local $735 campus non profit 7 23 x 21 1 2 page $725 local $550 campus non profit 11 x 10 5 1 2 page $725 local $550 campus non profit 11 x 10 5 1 4 page $375 local $275 campus non profit 5 44 x 10 5 1 4 page $375 local $275 campus non profit 5 44 x 10 5 1 8 page $175 local $130 campus non profit 5 44 x 5 1 8 page $175 local $130 campus non profit 5 44 x 5 1 16 page $75 local $55 campus non profit 5 44 x 2 1 16 page $75 local $55 campus non profit 5 44 x 2 '),
 ('75', 'field', '33', 'en_us', ' color pricing '),
 ('75', 'field', '40', 'en_us', ' full color $75 full color $75 black 1 color $30 black 1 color $30 '),
 ('75', 'slug', '0', 'en_us', ''),
 ('74', 'field', '41', 'en_us', ' ads smaller than 1 16 will run on the classifieds page and are priced on an individual basis '),
 ('75', 'field', '41', 'en_us', ''),
 ('102', 'field', '20', 'en_us', ' student media ad sales '),
 ('102', 'field', '31', 'en_us', ' online '),
 ('102', 'field', '32', 'en_us', ' fill your vacancies faster with a kentcribs listing the listing showcases your property with unlimited photos and narrative prospective tenants can also email or call you directly from a mobile device listings include name phone address email web link photos price month unit apartment type rooms baths amenities floor plans map unlimited narrative distance from ksu student center rental listings rental listings $75 month rental listings $75 month '),
 ('102', 'slug', '0', 'en_us', ' kentcribs '),
 ('78', 'filename', '0', 'en_us', ' sm_logo svg '),
 ('78', 'extension', '0', 'en_us', ' svg '),
 ('78', 'kind', '0', 'en_us', ' image '),
 ('78', 'slug', '0', 'en_us', ' sm logo '),
 ('78', 'title', '0', 'en_us', ' sm logo '),
 ('96', 'field', '20', 'en_us', ''),
 ('96', 'slug', '0', 'en_us', ' creative services '),
 ('96', 'field', '32', 'en_us', ' tv 2 productions bsr mobile dj '),
 ('96', 'field', '31', 'en_us', ''),
 ('97', 'field', '33', 'en_us', ' tv 2 productions '),
 ('96', 'title', '0', 'en_us', ' creative services '),
 ('101', 'field', '31', 'en_us', ''),
 ('42', 'field', '12', 'en_us', ''),
 ('42', 'field', '39', 'en_us', ' testimonial 1 '),
 ('81', 'field', '31', 'en_us', ' print '),
 ('81', 'field', '32', 'en_us', ' asdfgh '),
 ('81', 'field', '20', 'en_us', ' luna negra fusion magazine uhuru the burr a magazine '),
 ('81', 'slug', '0', 'en_us', ' luna negra '),
 ('81', 'title', '0', 'en_us', ' a magazine the burr fusion luna negra and uhuru '),
 ('82', 'field', '33', 'en_us', ' asdfgh '),
 ('82', 'field', '40', 'en_us', ''),
 ('82', 'field', '41', 'en_us', ''),
 ('82', 'slug', '0', 'en_us', ''),
 ('85', 'title', '0', 'en_us', ' sm logo rgb white '),
 ('85', 'extension', '0', 'en_us', ' png '),
 ('85', 'kind', '0', 'en_us', ' image '),
 ('85', 'slug', '0', 'en_us', ' sm logo rgb white '),
 ('6', 'field', '45', 'en_us', ' sm logo rgb white '),
 ('85', 'filename', '0', 'en_us', ' sm_logo_rgb_white png '),
 ('5', 'field', '46', 'en_us', ' logo mark '),
 ('86', 'filename', '0', 'en_us', ' logo_mark svg '),
 ('86', 'extension', '0', 'en_us', ' svg '),
 ('86', 'kind', '0', 'en_us', ' image '),
 ('86', 'slug', '0', 'en_us', ' logo mark '),
 ('86', 'title', '0', 'en_us', ' logo mark '),
 ('69', 'field', '12', 'en_us', ''),
 ('69', 'field', '39', 'en_us', ''),
 ('88', 'filename', '0', 'en_us', ' seaside jpg '),
 ('88', 'extension', '0', 'en_us', ' jpg '),
 ('88', 'kind', '0', 'en_us', ' image '),
 ('88', 'slug', '0', 'en_us', ' seaside '),
 ('88', 'title', '0', 'en_us', ' seaside '),
 ('160', 'slug', '0', 'en_us', ' about student media news '),
 ('234', 'extension', '0', 'en_us', ' jpg '),
 ('90', 'filename', '0', 'en_us', ' grid field 03 png '),
 ('90', 'extension', '0', 'en_us', ' png '),
 ('90', 'kind', '0', 'en_us', ' image '),
 ('90', 'slug', '0', 'en_us', ' grid field 03 '),
 ('90', 'title', '0', 'en_us', ' grid field 03 '),
 ('72', 'field', '40', 'en_us', ' 728 x 90 $195 still $215 flash weekly 728 x 90 $195 still $215 flash weekly 728 x 90 $650 still $700 flash monthly 728 x 90 $650 still $700 flash monthly 960 x 30 $125 still $150 flash weekly 960 x 30 $125 still $150 flash weekly 960 x 30 $425 still $500 flash monthly 960 x 30 $425 still $500 flash monthly 300 x 250 $175 still $195 flash weekly 300 x 250 $175 still $195 flash weekly 300 x 250 $600 still $650 flash monthly 300 x 250 $600 still $650 flash monthly 180 x 600 $100 still $125 flash weekly 180 x 600 $100 still $125 flash weekly 180 x 600 $350 still $425 flash monthly 180 x 600 $350 still $425 flash monthly 120 x 600 $75 still $100 flash weekly 120 x 600 $75 still $100 flash weekly 120 x 600 $275 still $350 flash monthly 120 x 600 $275 still $350 flash monthly '),
 ('72', 'field', '41', 'en_us', ' place your ad where the campus and community turns first for breaking news extended news and entertainment each banner ad includes a link to your site monthly statistics and ad design services '),
 ('91', 'field', '31', 'en_us', ' online '),
 ('91', 'field', '32', 'en_us', ' kentwired currently has more than 9 100 followers on its twitter account sponsored tweets can be purchased for any time of day any day of the week limit of one sponsored tweet per day and a maximum of four per week tweets may contain up to 131 characters and must include sponsored including hashtags and mentions aid in building traffic and engagement tweets may also include creative and or photos monthly statistics will be sent to all advertisers sponsored tweets $85 tweet $85 tweet $75 tweet minimum purchase of 4 $75 tweet minimum purchase of 4 $65 tweet minimum purchase of 8 $65 tweet minimum purchase of 8 ');
INSERT INTO `craft_searchindex` (`elementId`, `attribute`, `fieldId`, `locale`, `keywords`) VALUES
 ('91', 'field', '20', 'en_us', ''),
 ('91', 'slug', '0', 'en_us', ' kentwired sponsored tweets '),
 ('91', 'title', '0', 'en_us', ' kentwired sponsored tweets '),
 ('92', 'field', '33', 'en_us', ' sponsored tweets '),
 ('92', 'field', '40', 'en_us', ' $85 tweet $85 tweet $75 tweet minimum purchase of 4 $75 tweet minimum purchase of 4 $65 tweet minimum purchase of 8 $65 tweet minimum purchase of 8 '),
 ('92', 'field', '41', 'en_us', ' kentwired currently has more than 9 100 followers on its twitter account sponsored tweets can be purchased for any time of day any day of the week limit of one sponsored tweet per day and a maximum of four per week tweets may contain up to 131 characters and must include sponsored including hashtags and mentions aid in building traffic and engagement tweets may also include creative and or photos monthly statistics will be sent to all advertisers '),
 ('92', 'slug', '0', 'en_us', ''),
 ('93', 'field', '14', 'en_us', ''),
 ('93', 'field', '13', 'en_us', ' img 0230 '),
 ('93', 'field', '12', 'en_us', ''),
 ('93', 'field', '29', 'en_us', ' transitions magazine is the new student s go to guide for everything kent '),
 ('93', 'field', '26', 'en_us', ''),
 ('93', 'field', '36', 'en_us', ' 0 '),
 ('93', 'field', '31', 'en_us', ' print '),
 ('93', 'slug', '0', 'en_us', ' transitions '),
 ('93', 'title', '0', 'en_us', ' transitions '),
 ('94', 'field', '31', 'en_us', ' print '),
 ('94', 'field', '32', 'en_us', ''),
 ('94', 'field', '20', 'en_us', ' transitions '),
 ('94', 'slug', '0', 'en_us', ' transitions '),
 ('94', 'title', '0', 'en_us', ' transitions '),
 ('95', 'field', '31', 'en_us', ' broadcast '),
 ('95', 'field', '32', 'en_us', ''),
 ('95', 'field', '20', 'en_us', ' tv2 '),
 ('95', 'slug', '0', 'en_us', ' tv2 1 '),
 ('95', 'title', '0', 'en_us', ' tv2 '),
 ('97', 'field', '40', 'en_us', ''),
 ('97', 'field', '41', 'en_us', ''),
 ('97', 'slug', '0', 'en_us', ''),
 ('98', 'field', '33', 'en_us', ' bsr mobile dj '),
 ('98', 'field', '40', 'en_us', ''),
 ('98', 'field', '41', 'en_us', ''),
 ('98', 'slug', '0', 'en_us', ''),
 ('99', 'field', '31', 'en_us', ''),
 ('99', 'field', '32', 'en_us', ' test test test test test test test '),
 ('99', 'field', '20', 'en_us', ' black squirrel radio '),
 ('99', 'slug', '0', 'en_us', ' black squirrel radio '),
 ('99', 'title', '0', 'en_us', ' black squirrel radio '),
 ('100', 'field', '31', 'en_us', ' broadcast film '),
 ('100', 'field', '32', 'en_us', ''),
 ('100', 'field', '20', 'en_us', ' ksu independent films '),
 ('100', 'slug', '0', 'en_us', ' ksu independent films '),
 ('100', 'title', '0', 'en_us', ' ksu independent films '),
 ('102', 'title', '0', 'en_us', ' kentcribs '),
 ('103', 'field', '31', 'en_us', ''),
 ('103', 'field', '32', 'en_us', ' two 1 16 page full color ads in the kent stater for two days twenty 10 second live reads with your business logo shown on tv2 within two weekssixty 10 second live reads on black squirrel radio within one month print tv radio $325 a 1 8 page full color ad in the kent stater for one day a 300x250 box ad on kentwired com for one week sixty 10 second live reads on black squirrel radio within one month print web radio $375 a 1 8 page full color ad in the kent stater for one day a 300x250 box ad on kentwired com for one week one sponsored tweet on the kentwired handle print web twitter $425 a 1 4 page full color ad in the kent stater for one day a 728x90 banner ad on kentwired com for one week one sponsored tweet on the kentwired handle print web twitter deluxe $525 a 1 4 page full color ad in the kent stater for one day a 728x90 banner on kentwired com for one week one sponsored tweet on the kentwired handlesixty 10 second live reads on black squirrel radio within one month print web twitter radio $575 a 1 4 page full color ad in the kent stater for one day a 728x90 banner ad on kentwired com for one week one sponsored tweet on the kentwired handlesixty 10 second live reads on black squirrel radio within one month print web twitter radio tv $625 '),
 ('103', 'field', '20', 'en_us', ''),
 ('103', 'slug', '0', 'en_us', ' advertising bundles '),
 ('103', 'title', '0', 'en_us', ' advertising bundles '),
 ('104', 'field', '42', 'en_us', ' print tv radio '),
 ('104', 'field', '43', 'en_us', ' $325 '),
 ('104', 'field', '44', 'en_us', ' two 1 16 page full color ads in the kent stater for two days twenty 10 second live reads with your business logo shown on tv2 within two weekssixty 10 second live reads on black squirrel radio within one month '),
 ('104', 'slug', '0', 'en_us', ''),
 ('105', 'field', '42', 'en_us', ' print web radio '),
 ('105', 'field', '43', 'en_us', ' $375 '),
 ('105', 'field', '44', 'en_us', ' a 1 8 page full color ad in the kent stater for one day a 300x250 box ad on kentwired com for one week sixty 10 second live reads on black squirrel radio within one month '),
 ('105', 'slug', '0', 'en_us', ''),
 ('106', 'field', '42', 'en_us', ' print web twitter '),
 ('106', 'field', '43', 'en_us', ' $425 '),
 ('106', 'field', '44', 'en_us', ' a 1 8 page full color ad in the kent stater for one day a 300x250 box ad on kentwired com for one week one sponsored tweet on the kentwired handle '),
 ('106', 'slug', '0', 'en_us', ''),
 ('107', 'field', '42', 'en_us', ' print web twitter deluxe '),
 ('107', 'field', '43', 'en_us', ' $525 '),
 ('107', 'field', '44', 'en_us', ' a 1 4 page full color ad in the kent stater for one day a 728x90 banner ad on kentwired com for one week one sponsored tweet on the kentwired handle '),
 ('107', 'slug', '0', 'en_us', ''),
 ('108', 'field', '42', 'en_us', ' print web twitter radio '),
 ('108', 'field', '43', 'en_us', ' $575 '),
 ('108', 'field', '44', 'en_us', ' a 1 4 page full color ad in the kent stater for one day a 728x90 banner on kentwired com for one week one sponsored tweet on the kentwired handlesixty 10 second live reads on black squirrel radio within one month '),
 ('108', 'slug', '0', 'en_us', ''),
 ('109', 'field', '42', 'en_us', ' print web twitter radio tv '),
 ('109', 'field', '43', 'en_us', ' $625 '),
 ('109', 'field', '44', 'en_us', ' a 1 4 page full color ad in the kent stater for one day a 728x90 banner ad on kentwired com for one week one sponsored tweet on the kentwired handlesixty 10 second live reads on black squirrel radio within one month '),
 ('109', 'slug', '0', 'en_us', ''),
 ('110', 'field', '33', 'en_us', ' rental listings '),
 ('110', 'field', '40', 'en_us', ' rental listings $75 month rental listings $75 month '),
 ('110', 'field', '41', 'en_us', ' fill your vacancies faster with a kentcribs listing the listing showcases your property with unlimited photos and narrative prospective tenants can also email or call you directly from a mobile device listings include name phone address email web link photos price month unit apartment type rooms baths amenities floor plans map unlimited narrative distance from ksu student center '),
 ('110', 'slug', '0', 'en_us', ''),
 ('111', 'field', '33', 'en_us', ' video pre roll '),
 ('111', 'field', '40', 'en_us', ' $125 weekly $125 weekly $450 monthly $450 monthly '),
 ('111', 'field', '41', 'en_us', ' fifteen second commercial or video prior to tv2 videos on kentwired com we offer production services if required please see page 17 for pricing and more information '),
 ('111', 'slug', '0', 'en_us', ''),
 ('112', 'field', '33', 'en_us', ' inserts post its '),
 ('112', 'field', '40', 'en_us', ' single page insert $450 single page insert $450 multi page insert $500 multi page insert $500 3 x3 or 4 x5 post it $600 3 x3 or 4 x5 post it $600 '),
 ('112', 'field', '41', 'en_us', ' post its must be printed in a fan fold and boxed the unwind direction must be 1 or 3 insert post it sample must be submitted to kent state student media for approval inserts post its must be printed by the client and shipped directly to the printer at least one week prior to insertion inserts and post its are within every copy of the kent stater advertisers should print and ship 6 750 total kent state student media can arrange the printing of the post its for advertisers for an additional $75 please ship directly to midwest offset 629 wabash avenue nw new philadelphia ohio 44663 800 837 8666 '),
 ('112', 'slug', '0', 'en_us', ''),
 ('58', 'field', '1', 'en_us', ' for more than 90 years students at kent state university have been finding ways to tell stories and disseminate vital and compelling information even before formal journalism education classes had been established students were chasing leads and documenting the events shaping our history sharing their work in the normal high school news and the chestnut burr in 1914 the kentonian in 1915 and eventually the first issue of the kent stater on july 29 1926 we now are more than 700 students working with 10 distinct and independent student media partners who create unique content distributed across 34 different outlets on multiple platforms our students are supported in their efforts by a strong fabric of faculty advisers professional staff university support and of course financial support from the students of kent state university and while the methods have varied since those early publications our core philosophy has remained constant empower students to create valued sources and encourage excellence won t you join us and continue the story our mission driven leadership begins here student media empowers students through practical collaborative and professional learning opportunities within an independent student led and multi platform media framework our students create valued sources of journalism information entertainment and advertising and develop meaningful connections with our core audiences we encourage excellence leadership and accountability as students become innovative ethical and skilled media producers within a diverse and global society '),
 ('58', 'field', '21', 'en_us', ' through the combined effort of students and faculty our mission is to provide a professional learning foundation for all '),
 ('58', 'field', '13', 'en_us', ' misc hero '),
 ('58', 'field', '47', 'en_us', ' we like to think big and sometimes our budget can t keep up your generous gift helps our students build on their big ideas your gift can be directed at a specific media partner or go directly to support student media in general '),
 ('168', 'field', '49', 'en_us', ' jmcmb smpc 04 16 15 '),
 ('168', 'field', '48', 'en_us', ' 2015 04 16 '),
 ('58', 'field', '11', 'en_us', ' support us '),
 ('116', 'field', '24', 'en_us', ' risman plaza from 6 to 8 p m '),
 ('116', 'field', '20', 'en_us', ' student media advertising luna negra ksu independent films black squirrel radio tv2 fusion magazine uhuru the burr the kent stater a magazine '),
 ('116', 'slug', '0', 'en_us', ' applications due '),
 ('116', 'title', '0', 'en_us', ' back to school blastoff '),
 ('117', 'field', '19', 'en_us', ''),
 ('117', 'field', '12', 'en_us', ' week worth of training opportunities for staff editors and producers involved with the kent stater and tv2 '),
 ('117', 'field', '23', 'en_us', ' 2017 08 21 '),
 ('117', 'field', '24', 'en_us', ' franklin hall various locations ');
INSERT INTO `craft_searchindex` (`elementId`, `attribute`, `fieldId`, `locale`, `keywords`) VALUES
 ('117', 'field', '20', 'en_us', ' tv2 the kent stater '),
 ('117', 'slug', '0', 'en_us', ' release date '),
 ('117', 'title', '0', 'en_us', ' newsroom training week '),
 ('118', 'filename', '0', 'en_us', ' amag logo svg '),
 ('118', 'extension', '0', 'en_us', ' svg '),
 ('118', 'kind', '0', 'en_us', ' image '),
 ('118', 'slug', '0', 'en_us', ' amag logo '),
 ('118', 'title', '0', 'en_us', ' amag logo '),
 ('119', 'filename', '0', 'en_us', ' bsr logo svg '),
 ('119', 'extension', '0', 'en_us', ' svg '),
 ('119', 'kind', '0', 'en_us', ' image '),
 ('119', 'slug', '0', 'en_us', ' bsr logo '),
 ('119', 'title', '0', 'en_us', ' bsr logo '),
 ('120', 'filename', '0', 'en_us', ' burr logo svg '),
 ('120', 'extension', '0', 'en_us', ' svg '),
 ('120', 'kind', '0', 'en_us', ' image '),
 ('120', 'slug', '0', 'en_us', ' burr logo '),
 ('120', 'title', '0', 'en_us', ' burr logo '),
 ('121', 'filename', '0', 'en_us', ' fusion logo svg '),
 ('121', 'extension', '0', 'en_us', ' svg '),
 ('121', 'kind', '0', 'en_us', ' image '),
 ('121', 'slug', '0', 'en_us', ' fusion logo '),
 ('121', 'title', '0', 'en_us', ' fusion logo '),
 ('122', 'filename', '0', 'en_us', ' intel png '),
 ('122', 'extension', '0', 'en_us', ' png '),
 ('122', 'kind', '0', 'en_us', ' image '),
 ('122', 'slug', '0', 'en_us', ' intel '),
 ('122', 'title', '0', 'en_us', ' intel '),
 ('123', 'filename', '0', 'en_us', ' kentstater logo svg '),
 ('123', 'extension', '0', 'en_us', ' svg '),
 ('123', 'kind', '0', 'en_us', ' image '),
 ('123', 'slug', '0', 'en_us', ' kentstater logo '),
 ('123', 'title', '0', 'en_us', ' kentstater logo '),
 ('124', 'filename', '0', 'en_us', ' ksuif logo svg '),
 ('124', 'extension', '0', 'en_us', ' svg '),
 ('124', 'kind', '0', 'en_us', ' image '),
 ('124', 'slug', '0', 'en_us', ' ksuif logo '),
 ('124', 'title', '0', 'en_us', ' ksuif logo '),
 ('125', 'filename', '0', 'en_us', ' lunanegra logo svg '),
 ('125', 'extension', '0', 'en_us', ' svg '),
 ('125', 'kind', '0', 'en_us', ' image '),
 ('125', 'slug', '0', 'en_us', ' lunanegra logo '),
 ('125', 'title', '0', 'en_us', ' lunanegra logo '),
 ('126', 'filename', '0', 'en_us', ' smsales logo svg '),
 ('126', 'extension', '0', 'en_us', ' svg '),
 ('126', 'kind', '0', 'en_us', ' image '),
 ('126', 'slug', '0', 'en_us', ' smsales logo '),
 ('126', 'title', '0', 'en_us', ' smsales logo '),
 ('127', 'filename', '0', 'en_us', ' tv2 logo svg '),
 ('127', 'extension', '0', 'en_us', ' svg '),
 ('127', 'kind', '0', 'en_us', ' image '),
 ('127', 'slug', '0', 'en_us', ' tv2 logo '),
 ('127', 'title', '0', 'en_us', ' tv2 logo '),
 ('128', 'filename', '0', 'en_us', ' uhuru logo svg '),
 ('128', 'extension', '0', 'en_us', ' svg '),
 ('128', 'kind', '0', 'en_us', ' image '),
 ('128', 'slug', '0', 'en_us', ' uhuru logo '),
 ('128', 'title', '0', 'en_us', ' uhuru logo '),
 ('24', 'field', '31', 'en_us', ' print '),
 ('60', 'field', '13', 'en_us', ' misc hero 02 '),
 ('60', 'field', '1', 'en_us', ' student media is open to any students staff or faculty at kent state start as early as your freshman year and get involved in any of dozens of positions across our 10 student media partners gain important experience that will set you apart from your fellow students come share your voice and gain practical experience to help launch your career to get started check out current openings below or contact kevin dilley director of student media at kdilley kent edu '),
 ('59', 'field', '13', 'en_us', ' ksuif hero02 '),
 ('129', 'field', '27', 'en_us', ' facebook '),
 ('129', 'field', '28', 'en_us', ' https www facebook com lunanegramag '),
 ('129', 'slug', '0', 'en_us', ''),
 ('130', 'field', '27', 'en_us', ' instagram '),
 ('130', 'field', '28', 'en_us', ' https www instagram com lunanegramagazine '),
 ('130', 'slug', '0', 'en_us', ''),
 ('131', 'field', '27', 'en_us', ' twitter '),
 ('131', 'field', '28', 'en_us', ' https twitter com lunanegramag '),
 ('131', 'slug', '0', 'en_us', ''),
 ('132', 'field', '27', 'en_us', ' website '),
 ('132', 'field', '28', 'en_us', ' http www lunanegramag com '),
 ('132', 'slug', '0', 'en_us', ''),
 ('22', 'field', '31', 'en_us', ' print '),
 ('133', 'field', '27', 'en_us', ' instagram '),
 ('133', 'field', '28', 'en_us', ' https www instagram com uhurumag '),
 ('133', 'slug', '0', 'en_us', ''),
 ('134', 'field', '27', 'en_us', ' twitter '),
 ('134', 'field', '28', 'en_us', ' https twitter com uhurumag '),
 ('134', 'slug', '0', 'en_us', ''),
 ('135', 'field', '27', 'en_us', ' facebook '),
 ('135', 'field', '28', 'en_us', ' https facebook com uhurumagazine '),
 ('135', 'slug', '0', 'en_us', ''),
 ('136', 'field', '27', 'en_us', ' website '),
 ('136', 'field', '28', 'en_us', ' uhurumag com '),
 ('136', 'slug', '0', 'en_us', ''),
 ('21', 'field', '31', 'en_us', ' print '),
 ('137', 'field', '27', 'en_us', ' twitter '),
 ('137', 'field', '28', 'en_us', ' https twitter com ohiofusion '),
 ('137', 'slug', '0', 'en_us', ''),
 ('138', 'field', '27', 'en_us', ' facebook '),
 ('138', 'field', '28', 'en_us', ' https facebook com ohiofusion '),
 ('138', 'slug', '0', 'en_us', ''),
 ('139', 'field', '27', 'en_us', ' website '),
 ('139', 'field', '28', 'en_us', ' http ohiofusion com '),
 ('139', 'slug', '0', 'en_us', ''),
 ('10', 'field', '31', 'en_us', ' print '),
 ('140', 'field', '27', 'en_us', ' instagram '),
 ('140', 'field', '28', 'en_us', ' https www instagram com amagksu ');
INSERT INTO `craft_searchindex` (`elementId`, `attribute`, `fieldId`, `locale`, `keywords`) VALUES
 ('140', 'slug', '0', 'en_us', ''),
 ('141', 'field', '27', 'en_us', ' twitter '),
 ('141', 'field', '28', 'en_us', ' https twitter com amagksu '),
 ('141', 'slug', '0', 'en_us', ''),
 ('142', 'field', '27', 'en_us', ' facebook '),
 ('142', 'field', '28', 'en_us', ' http facebook com amagksu '),
 ('142', 'slug', '0', 'en_us', ''),
 ('143', 'field', '27', 'en_us', ' website '),
 ('143', 'field', '28', 'en_us', ' http theamag com '),
 ('143', 'slug', '0', 'en_us', ''),
 ('14', 'field', '31', 'en_us', ' print '),
 ('145', 'field', '27', 'en_us', ' instagram '),
 ('145', 'field', '28', 'en_us', ' https www instagram com theburrmagazine '),
 ('145', 'slug', '0', 'en_us', ''),
 ('146', 'field', '27', 'en_us', ' twitter '),
 ('146', 'field', '28', 'en_us', ' https twitter com theburrmagazine '),
 ('146', 'slug', '0', 'en_us', ''),
 ('147', 'field', '27', 'en_us', ' facebook '),
 ('147', 'field', '28', 'en_us', ' https facebook com theburrmagazine '),
 ('147', 'slug', '0', 'en_us', ''),
 ('148', 'field', '27', 'en_us', ' website '),
 ('148', 'field', '28', 'en_us', ' http theburr com '),
 ('148', 'slug', '0', 'en_us', ''),
 ('23', 'field', '31', 'en_us', ' online '),
 ('149', 'field', '27', 'en_us', ' instagram '),
 ('149', 'field', '28', 'en_us', ' https www instagram com kentwired '),
 ('149', 'slug', '0', 'en_us', ''),
 ('150', 'field', '27', 'en_us', ' twitter '),
 ('150', 'field', '28', 'en_us', ' https twitter com kentwired '),
 ('150', 'slug', '0', 'en_us', ''),
 ('151', 'field', '27', 'en_us', ' facebook '),
 ('151', 'field', '28', 'en_us', ' https www facebook com kentwired '),
 ('151', 'slug', '0', 'en_us', ''),
 ('152', 'field', '27', 'en_us', ' website '),
 ('152', 'field', '28', 'en_us', ' http www kentwired com '),
 ('152', 'slug', '0', 'en_us', ''),
 ('153', 'field', '27', 'en_us', ' instagram '),
 ('153', 'field', '28', 'en_us', ' https www instagram com tv2ksu '),
 ('153', 'slug', '0', 'en_us', ''),
 ('154', 'field', '27', 'en_us', ' twitter '),
 ('154', 'field', '28', 'en_us', ' https twitter com tv2ksu '),
 ('154', 'slug', '0', 'en_us', ''),
 ('155', 'field', '27', 'en_us', ' facebook '),
 ('155', 'field', '28', 'en_us', ' https www facebook com tv2ksu '),
 ('155', 'slug', '0', 'en_us', ''),
 ('19', 'field', '31', 'en_us', ' broadcast film '),
 ('156', 'field', '27', 'en_us', ' instagram '),
 ('156', 'field', '28', 'en_us', ' https www instagram com bsrkent '),
 ('156', 'slug', '0', 'en_us', ''),
 ('157', 'field', '27', 'en_us', ' twitter '),
 ('157', 'field', '28', 'en_us', ' https twitter com bsrkent '),
 ('157', 'slug', '0', 'en_us', ''),
 ('158', 'field', '27', 'en_us', ' facebook '),
 ('158', 'field', '28', 'en_us', ' https www facebook com blacksquirrelradio '),
 ('158', 'slug', '0', 'en_us', ''),
 ('159', 'field', '27', 'en_us', ' website '),
 ('159', 'field', '28', 'en_us', ' http blacksquirrelradio com '),
 ('159', 'slug', '0', 'en_us', ''),
 ('160', 'title', '0', 'en_us', ' news '),
 ('160', 'field', '13', 'en_us', ' misc hero 03 '),
 ('160', 'field', '12', 'en_us', ' learn more about student media news '),
 ('161', 'slug', '0', 'en_us', ' board members '),
 ('161', 'title', '0', 'en_us', ' student media board '),
 ('161', 'field', '13', 'en_us', ' misc hero '),
 ('62', 'field', '13', 'en_us', ' misc hero05 '),
 ('62', 'field', '12', 'en_us', ' feel free to contact us shoot us an e mail at ads ksustudentmedia com call us at 330 672 6306 or drop by our office during business hours '),
 ('60', 'field', '12', 'en_us', ' student media is open to any students staff or faculty get started as early as your freshman year in any of dozens of positions across our 10 media partners student media gives you the experience you need to set you apart utilize the chance to share your voice and gain practical experience to help launch your career '),
 ('164', 'username', '0', 'en_us', ' challahan '),
 ('164', 'firstname', '0', 'en_us', ' christopher '),
 ('164', 'lastname', '0', 'en_us', ' hallahan '),
 ('164', 'fullname', '0', 'en_us', ' christopher hallahan '),
 ('164', 'email', '0', 'en_us', ' challaha kent edu '),
 ('164', 'slug', '0', 'en_us', ''),
 ('165', 'field', '19', 'en_us', ''),
 ('165', 'field', '5', 'en_us', ' officestaff '),
 ('165', 'field', '8', 'en_us', ' administrative clerk '),
 ('165', 'field', '6', 'en_us', ' lorie '),
 ('165', 'field', '7', 'en_us', ' bednar '),
 ('165', 'field', '4', 'en_us', ''),
 ('165', 'field', '10', 'en_us', ' 330 672 3290 '),
 ('165', 'field', '20', 'en_us', ''),
 ('165', 'field', '1', 'en_us', ' lorie bednar joined kent state s school of journalism and mass communication in 2015 as an administrative clerk in the kent state student media office she now shares her time between both offices other information you want to add words to live by be where your feet are anonymous personal lorie is a graduate of kent state university and loves everything about her alma mater if you don t find her on campus chances are you may run into her downtown and throughout kent where she lives and enjoys spending time with her husband and three kids two of her greatest achievements are winning an associated press award for enterprise writing and being the illustrator of a book jacket i can help you with keys staff listsjob offerstravelgeneral questions '),
 ('165', 'slug', '0', 'en_us', ' lorie bednar '),
 ('165', 'title', '0', 'en_us', ' lorie bednar '),
 ('166', 'slug', '0', 'en_us', ' support us '),
 ('166', 'title', '0', 'en_us', ' support us '),
 ('166', 'field', '13', 'en_us', ' misc hero 02 '),
 ('167', 'field', '19', 'en_us', ''),
 ('167', 'field', '5', 'en_us', ' voting '),
 ('167', 'field', '8', 'en_us', ' director of journalism and mass communications '),
 ('167', 'field', '6', 'en_us', ' thor '),
 ('167', 'field', '7', 'en_us', ' wasbotton '),
 ('167', 'field', '4', 'en_us', ' twasbot kent edu '),
 ('167', 'field', '10', 'en_us', ' 330 931 2911 '),
 ('167', 'field', '20', 'en_us', ''),
 ('167', 'field', '1', 'en_us', ' hi '),
 ('167', 'slug', '0', 'en_us', ' grant wang '),
 ('167', 'title', '0', 'en_us', ' thor wasbotton '),
 ('302', 'extension', '0', 'en_us', ' jpg '),
 ('168', 'slug', '0', 'en_us', ' meeting minutes example 1 ');
INSERT INTO `craft_searchindex` (`elementId`, `attribute`, `fieldId`, `locale`, `keywords`) VALUES
 ('168', 'title', '0', 'en_us', ' april 16 2015 jmcmb smpc meeting minutes '),
 ('169', 'filename', '0', 'en_us', ' dsci_mds_handout pdf '),
 ('169', 'extension', '0', 'en_us', ' pdf '),
 ('169', 'kind', '0', 'en_us', ' pdf '),
 ('169', 'slug', '0', 'en_us', ' dsci mds handout '),
 ('169', 'title', '0', 'en_us', ' dsci mds handout '),
 ('161', 'field', '49', 'en_us', ' smb guidelines 102015 '),
 ('21', 'field', '1', 'en_us', ' fusion is kent state university s lgbtq magazine we publish news entertainment opinions and interviews for and about the lgbtq community each spring we release a print issue and we regularly update our website www thatgaymagazine com and social media channels year round our mission is to promote equality education and community through journalism when fusion was founded in 2003 marriage equality was not yet legal anywhere in the united states and laws against consensual sex between gay men were overturned that year lgbtq rights have significantly advanced since trans women drag queens and street kids fought back against police violence in 1959 but the community particularly trans people and people of color still face substantial adversity journalism and storytelling helps humanize the community and its struggle by publicizing their perspectives and experiences fusion helps demonstrate why lgbtq people need an equal place in society '),
 ('20', 'field', '1', 'en_us', ' tv2 is kent state s award winning television station that strives to be truly portage county from local news and sports to entertainment buzz and important social issues surrounding the region tv2 covers the kent state and portage county area like no other television station can while educating and preparing students for the future tv2 is found online with media partner the kent stater at kentwired com reaches more than 26 000 homes on spectrum cable channel 16 and more than 7500 ksu students on campus television station 2 2 '),
 ('170', 'filename', '0', 'en_us', ' dsc6954 jpg '),
 ('170', 'extension', '0', 'en_us', ' jpg '),
 ('170', 'kind', '0', 'en_us', ' image '),
 ('170', 'slug', '0', 'en_us', ' dsc6954 '),
 ('170', 'title', '0', 'en_us', ' student media engages in a lively discussion '),
 ('62', 'field', '50', 'en_us', ' 205 franklin hall hilltop drive kent ohio 44240 '),
 ('62', 'field', '10', 'en_us', ' 330 672 6306 '),
 ('171', 'filename', '0', 'en_us', ' fake headshot jpg '),
 ('171', 'extension', '0', 'en_us', ' jpg '),
 ('171', 'kind', '0', 'en_us', ' image '),
 ('171', 'slug', '0', 'en_us', ' fake headshot '),
 ('171', 'title', '0', 'en_us', ' fake headshot '),
 ('172', 'field', '19', 'en_us', ''),
 ('172', 'field', '5', 'en_us', ' voting '),
 ('172', 'field', '8', 'en_us', ' director of center for student involvement '),
 ('172', 'field', '6', 'en_us', ' kristan '),
 ('172', 'field', '7', 'en_us', ' dolan '),
 ('172', 'field', '4', 'en_us', ' kdolan3 kent edu '),
 ('172', 'field', '10', 'en_us', ' 330 672 2480 '),
 ('172', 'field', '20', 'en_us', ''),
 ('172', 'field', '1', 'en_us', ''),
 ('172', 'slug', '0', 'en_us', ' kristan dolan '),
 ('172', 'title', '0', 'en_us', ' kristan dolan '),
 ('173', 'field', '19', 'en_us', ''),
 ('173', 'field', '5', 'en_us', ' voting '),
 ('173', 'field', '8', 'en_us', ' jmc faculty '),
 ('173', 'field', '6', 'en_us', ' mark '),
 ('173', 'field', '7', 'en_us', ' goodman '),
 ('173', 'field', '4', 'en_us', ' mgoodm10 kent edu '),
 ('173', 'field', '10', 'en_us', ' 330 672 6239 '),
 ('173', 'field', '20', 'en_us', ''),
 ('173', 'field', '1', 'en_us', ''),
 ('173', 'slug', '0', 'en_us', ' mark goodman '),
 ('173', 'title', '0', 'en_us', ' mark goodman '),
 ('174', 'field', '19', 'en_us', ''),
 ('174', 'field', '5', 'en_us', ' voting '),
 ('174', 'field', '8', 'en_us', ' jmc faculty '),
 ('174', 'field', '6', 'en_us', ' eugene '),
 ('174', 'field', '7', 'en_us', ' shelton '),
 ('174', 'field', '4', 'en_us', ' eshelto1 kent edu '),
 ('174', 'field', '10', 'en_us', ' 330 672 8298 '),
 ('174', 'field', '20', 'en_us', ''),
 ('174', 'field', '1', 'en_us', ''),
 ('174', 'slug', '0', 'en_us', ' eugene shelton '),
 ('174', 'title', '0', 'en_us', ' eugene shelton '),
 ('175', 'field', '19', 'en_us', ''),
 ('175', 'field', '5', 'en_us', ' voting '),
 ('175', 'field', '8', 'en_us', ' faculty senate appointee '),
 ('175', 'field', '6', 'en_us', ' carol '),
 ('175', 'field', '7', 'en_us', ' robinson '),
 ('175', 'field', '4', 'en_us', ' clrobins kent edu '),
 ('175', 'field', '10', 'en_us', ' 330 675 8907 '),
 ('175', 'field', '20', 'en_us', ''),
 ('175', 'field', '1', 'en_us', ''),
 ('175', 'slug', '0', 'en_us', ' carol robinson '),
 ('175', 'title', '0', 'en_us', ' carol robinson '),
 ('176', 'field', '19', 'en_us', ''),
 ('176', 'field', '5', 'en_us', ' voting '),
 ('176', 'field', '8', 'en_us', ' faculty senate appointee '),
 ('176', 'field', '6', 'en_us', ' karl '),
 ('176', 'field', '7', 'en_us', ' idsvoog '),
 ('176', 'field', '4', 'en_us', ' kidsvoog kent edu '),
 ('176', 'field', '10', 'en_us', ' 330 672 8301 '),
 ('176', 'field', '20', 'en_us', ''),
 ('176', 'field', '1', 'en_us', ''),
 ('176', 'slug', '0', 'en_us', ' karl idsvoog '),
 ('176', 'title', '0', 'en_us', ' karl idsvoog '),
 ('20', 'field', '68', 'en_us', ''),
 ('241', 'extension', '0', 'en_us', ' jpg '),
 ('241', 'kind', '0', 'en_us', ' image '),
 ('241', 'slug', '0', 'en_us', ' fusion hero '),
 ('241', 'filename', '0', 'en_us', ' fusion_hero jpg '),
 ('240', 'title', '0', 'en_us', ' tv2 hero01 '),
 ('240', 'slug', '0', 'en_us', ' tv2 hero01 '),
 ('178', 'field', '19', 'en_us', ''),
 ('178', 'field', '5', 'en_us', ''),
 ('178', 'field', '8', 'en_us', ' graduate student senate appointee '),
 ('178', 'field', '6', 'en_us', ' kristen '),
 ('178', 'field', '7', 'en_us', ' traynor '),
 ('178', 'field', '4', 'en_us', ''),
 ('178', 'field', '10', 'en_us', ''),
 ('178', 'field', '20', 'en_us', ''),
 ('178', 'field', '1', 'en_us', ''),
 ('178', 'slug', '0', 'en_us', ' kristen traynor '),
 ('178', 'title', '0', 'en_us', ' kristen traynor '),
 ('239', 'extension', '0', 'en_us', ' jpg '),
 ('239', 'slug', '0', 'en_us', ' bsr hero '),
 ('239', 'title', '0', 'en_us', ' bsr hero '),
 ('240', 'extension', '0', 'en_us', ' jpg '),
 ('239', 'kind', '0', 'en_us', ' image '),
 ('239', 'filename', '0', 'en_us', ' bsr_hero jpg ');
INSERT INTO `craft_searchindex` (`elementId`, `attribute`, `fieldId`, `locale`, `keywords`) VALUES
 ('25', 'field', '68', 'en_us', ' ksuif logo '),
 ('238', 'title', '0', 'en_us', ' ksuif hero01 '),
 ('180', 'field', '19', 'en_us', ''),
 ('180', 'field', '5', 'en_us', ' voting '),
 ('180', 'field', '8', 'en_us', ' jmc graduate student '),
 ('180', 'field', '6', 'en_us', ' lusi '),
 ('180', 'field', '7', 'en_us', ' cai '),
 ('180', 'field', '4', 'en_us', ''),
 ('180', 'field', '10', 'en_us', ''),
 ('180', 'field', '20', 'en_us', ''),
 ('180', 'field', '1', 'en_us', ''),
 ('180', 'slug', '0', 'en_us', ' lusi cai '),
 ('180', 'title', '0', 'en_us', ' lusi cai '),
 ('240', 'kind', '0', 'en_us', ' image '),
 ('181', 'field', '19', 'en_us', ''),
 ('181', 'field', '5', 'en_us', ' voting '),
 ('181', 'field', '8', 'en_us', ' media professional '),
 ('181', 'field', '6', 'en_us', ' mark '),
 ('181', 'field', '7', 'en_us', ' turner '),
 ('181', 'field', '4', 'en_us', ''),
 ('181', 'field', '10', 'en_us', ''),
 ('181', 'field', '20', 'en_us', ''),
 ('181', 'field', '1', 'en_us', ''),
 ('181', 'slug', '0', 'en_us', ' mark turner '),
 ('181', 'title', '0', 'en_us', ' mark turner '),
 ('237', 'slug', '0', 'en_us', ''),
 ('101', 'field', '68', 'en_us', ''),
 ('238', 'filename', '0', 'en_us', ' ksuif_hero01 jpg '),
 ('238', 'extension', '0', 'en_us', ' jpg '),
 ('238', 'kind', '0', 'en_us', ' image '),
 ('237', 'field', '41', 'en_us', ''),
 ('237', 'field', '40', 'en_us', ' test test test test test test '),
 ('237', 'field', '33', 'en_us', ' test '),
 ('240', 'filename', '0', 'en_us', ' tv2_hero01 jpg '),
 ('236', 'kind', '0', 'en_us', ' image '),
 ('236', 'slug', '0', 'en_us', ' bsr logo teal large 01 '),
 ('236', 'title', '0', 'en_us', ' bsr logo teal large 01 '),
 ('236', 'extension', '0', 'en_us', ' svg '),
 ('236', 'filename', '0', 'en_us', ' bsr_logo_teal_large 01 svg '),
 ('185', 'field', '19', 'en_us', ''),
 ('185', 'field', '5', 'en_us', ' nonvoting '),
 ('185', 'field', '8', 'en_us', ' black squirrel radio adviser '),
 ('185', 'field', '6', 'en_us', ' amanda '),
 ('185', 'field', '7', 'en_us', ' rabinowitz '),
 ('185', 'field', '4', 'en_us', ''),
 ('185', 'field', '10', 'en_us', ''),
 ('185', 'field', '20', 'en_us', ' black squirrel radio '),
 ('185', 'field', '1', 'en_us', ''),
 ('185', 'slug', '0', 'en_us', ' amanda rabinowitz '),
 ('185', 'title', '0', 'en_us', ' amanda rabinowitz '),
 ('61', 'field', '66', 'en_us', ' whatever your business needs kent state student media has the creative service to attain your goal we offer video and audio production design services photography dj services writing and marketing services we manage projects and budgets of all sizes kent state student media provides high quality work at a competitive price contact our office today to find out how we can help you excel in your field '),
 ('62', 'field', '1', 'en_us', ' we d love to hear from you whether it s about getting involved with student media reaching out about individual partners and their content or for advertising opportunities for advertising contact us at ads ksustudentmedia com 330 672 6306 or drop by our office during business hours monday through friday 8 a m to 5 p m in 205 franklin hall on the kent state university kent campus for general student media questions reach out to director of student media kevin dilley at kdilley kent edu or 330 672 0887 you ll also find him in 205 franklin hall '),
 ('61', 'field', '1', 'en_us', ' we are your direct access to more than 70 000 people we connect you to our audience through award winning digital print film and broadcast media we have been serving kent state university and the kent community for more than 80 years with independent student produced media we have the outlets you need to reach the target audience you want we look forward to partnering with you and look forward to your success '),
 ('61', 'field', '21', 'en_us', ' it starts with you '),
 ('187', 'field', '19', 'en_us', ''),
 ('187', 'field', '5', 'en_us', ' nonvoting studentmedialeader '),
 ('187', 'field', '8', 'en_us', ' fusion editor '),
 ('187', 'field', '6', 'en_us', ' m j '),
 ('187', 'field', '7', 'en_us', ' eckhouse '),
 ('187', 'field', '4', 'en_us', ' meckhous kent edu '),
 ('187', 'field', '10', 'en_us', ''),
 ('187', 'field', '20', 'en_us', ' fusion magazine '),
 ('187', 'field', '1', 'en_us', ''),
 ('187', 'slug', '0', 'en_us', ' m j eckhouse '),
 ('187', 'title', '0', 'en_us', ' m j eckhouse '),
 ('188', 'field', '19', 'en_us', ''),
 ('188', 'field', '5', 'en_us', ' nonvoting '),
 ('188', 'field', '8', 'en_us', ' fusion adviser '),
 ('188', 'field', '6', 'en_us', ' bruce '),
 ('188', 'field', '7', 'en_us', ' zake '),
 ('188', 'field', '4', 'en_us', ''),
 ('188', 'field', '10', 'en_us', ''),
 ('188', 'field', '20', 'en_us', ' fusion magazine '),
 ('188', 'field', '1', 'en_us', ''),
 ('188', 'slug', '0', 'en_us', ' bruce zake '),
 ('188', 'title', '0', 'en_us', ' bruce zake '),
 ('2', 'field', '62', 'en_us', ' advertise with student media '),
 ('2', 'field', '65', 'en_us', ' take a 90 second tour of kent state student media '),
 ('2', 'field', '55', 'en_us', ' we are your direct access to more than 70 000 people we connect you to our audience through award winning digital print film and broadcast media '),
 ('2', 'field', '93', 'en_us', ' media partners '),
 ('2', 'field', '63', 'en_us', ' advertise with us '),
 ('2', 'field', '61', 'en_us', ' about us '),
 ('190', 'field', '19', 'en_us', ''),
 ('190', 'field', '5', 'en_us', ' nonvoting '),
 ('190', 'field', '8', 'en_us', ' student media newsroom adviser kent stater tv2 kentwired '),
 ('190', 'field', '6', 'en_us', ' sue '),
 ('190', 'field', '7', 'en_us', ' zake '),
 ('190', 'field', '4', 'en_us', ''),
 ('190', 'field', '10', 'en_us', ''),
 ('190', 'field', '20', 'en_us', ' kentwired tv2 kent stater '),
 ('190', 'field', '1', 'en_us', ''),
 ('190', 'slug', '0', 'en_us', ' sue zake '),
 ('190', 'title', '0', 'en_us', ' sue zake '),
 ('196', 'field', '5', 'en_us', ' nonvoting '),
 ('243', 'slug', '0', 'en_us', ' amag hero '),
 ('243', 'extension', '0', 'en_us', ' jpg '),
 ('243', 'kind', '0', 'en_us', ' image '),
 ('243', 'filename', '0', 'en_us', ' amag_hero jpg '),
 ('242', 'filename', '0', 'en_us', ' burr_hero jpg '),
 ('242', 'extension', '0', 'en_us', ' jpg ');
INSERT INTO `craft_searchindex` (`elementId`, `attribute`, `fieldId`, `locale`, `keywords`) VALUES
 ('21', 'field', '68', 'en_us', ''),
 ('241', 'title', '0', 'en_us', ' fusion hero '),
 ('196', 'field', '19', 'en_us', ''),
 ('242', 'kind', '0', 'en_us', ' image '),
 ('242', 'slug', '0', 'en_us', ' burr hero '),
 ('242', 'title', '0', 'en_us', ' burr hero '),
 ('14', 'field', '68', 'en_us', ''),
 ('196', 'field', '8', 'en_us', ' luna negra adviser '),
 ('196', 'field', '6', 'en_us', ' kim '),
 ('196', 'field', '7', 'en_us', ' winebrenner '),
 ('196', 'field', '4', 'en_us', ''),
 ('196', 'field', '10', 'en_us', ''),
 ('196', 'field', '20', 'en_us', ' luna negra '),
 ('196', 'field', '1', 'en_us', ''),
 ('196', 'slug', '0', 'en_us', ' kim winebrenner '),
 ('196', 'title', '0', 'en_us', ' kim winebrenner '),
 ('197', 'field', '19', 'en_us', ''),
 ('197', 'field', '5', 'en_us', ' nonvoting studentmedialeader '),
 ('197', 'field', '8', 'en_us', ' tv2 general manager '),
 ('197', 'field', '6', 'en_us', ' anna '),
 ('197', 'field', '7', 'en_us', ' hunstman '),
 ('197', 'field', '4', 'en_us', ' ahuntsm1 kent edu '),
 ('197', 'field', '10', 'en_us', ''),
 ('197', 'field', '20', 'en_us', ' tv2 '),
 ('197', 'field', '1', 'en_us', ''),
 ('197', 'slug', '0', 'en_us', ' leisel kober '),
 ('197', 'title', '0', 'en_us', ' anna huntsman '),
 ('243', 'title', '0', 'en_us', ' amag hero '),
 ('238', 'slug', '0', 'en_us', ' ksuif hero01 '),
 ('59', 'field', '21', 'en_us', ' the engine of student media '),
 ('59', 'field', '1', 'en_us', ' ten distinct media partners make up the engine that drives kent state student media forward each partner is a unique and independent student organization they have opted to join together for mutual benefit under the banner of student media at the top of each group is the selected editor general manager or president who each have sole authority to determine content for the media they lead and in turn take full responsibility for the content decisions made they work with their faculty advisers and others to provide professional high quality content for their audiences learn about each media partner below '),
 ('61', 'field', '67', 'en_us', ' sm media kit 16 17 email '),
 ('93', 'field', '68', 'en_us', ''),
 ('19', 'field', '68', 'en_us', ' bsr logo teal large 01 '),
 ('199', 'field', '19', 'en_us', ''),
 ('199', 'field', '5', 'en_us', ' nonvoting studentmedialeader '),
 ('199', 'field', '8', 'en_us', ' uhuru editor '),
 ('199', 'field', '6', 'en_us', ' sierra '),
 ('199', 'field', '7', 'en_us', ' allen '),
 ('199', 'field', '4', 'en_us', ' sallen38 kent edu '),
 ('199', 'field', '10', 'en_us', ''),
 ('199', 'field', '20', 'en_us', ' uhuru '),
 ('199', 'field', '1', 'en_us', ''),
 ('199', 'slug', '0', 'en_us', ' sierra allen '),
 ('199', 'title', '0', 'en_us', ' sierra allen '),
 ('244', 'kind', '0', 'en_us', ' image '),
 ('244', 'slug', '0', 'en_us', ' stater hero 01 '),
 ('244', 'extension', '0', 'en_us', ' jpg '),
 ('244', 'filename', '0', 'en_us', ' stater_hero_01 jpg '),
 ('10', 'field', '68', 'en_us', ''),
 ('201', 'field', '19', 'en_us', ''),
 ('201', 'field', '5', 'en_us', ' nonvoting studentmedialeader '),
 ('201', 'field', '8', 'en_us', ' student media advertising marketing manager '),
 ('201', 'field', '6', 'en_us', ' clara '),
 ('201', 'field', '7', 'en_us', ' sullivan '),
 ('201', 'field', '4', 'en_us', ' csulli21 kent edu '),
 ('201', 'field', '10', 'en_us', ''),
 ('201', 'field', '20', 'en_us', ' student media ad sales '),
 ('201', 'field', '1', 'en_us', ''),
 ('201', 'slug', '0', 'en_us', ' clara sullivan '),
 ('201', 'title', '0', 'en_us', ' clara sullivan '),
 ('202', 'field', '19', 'en_us', ''),
 ('202', 'field', '5', 'en_us', ' nonvoting officestaff '),
 ('202', 'field', '8', 'en_us', ' student media advertising marketing manager '),
 ('202', 'field', '6', 'en_us', ' tami '),
 ('202', 'field', '7', 'en_us', ' cindea bongiorni '),
 ('202', 'field', '4', 'en_us', ' tbongior kent edu '),
 ('202', 'field', '10', 'en_us', ''),
 ('202', 'field', '20', 'en_us', ' student media ad sales '),
 ('202', 'field', '1', 'en_us', ''),
 ('202', 'slug', '0', 'en_us', ' tami bongiorni '),
 ('202', 'title', '0', 'en_us', ' tami cindea bongiorni '),
 ('203', 'filename', '0', 'en_us', ' jmcmb_smpc_04_16_15 pdf '),
 ('203', 'extension', '0', 'en_us', ' pdf '),
 ('203', 'kind', '0', 'en_us', ' pdf '),
 ('203', 'slug', '0', 'en_us', ' jmcmb smpc 04 16 15 '),
 ('203', 'title', '0', 'en_us', ' jmcmb smpc 04 16 15 '),
 ('161', 'field', '21', 'en_us', ' we ll go farther together '),
 ('161', 'field', '1', 'en_us', ' the student media board is a standing university committee the members of the committee serve as the institutional publisher or de facto licensee and acts in all matters pertaining to those media that are written or broadcast primarily by students and financed primarily by university sanctioned student fees the smb reports to the vice president for student affairs and the dean of the college of communication and information the smb is primarily responsible for selecting student leaders approving annual budgets and hearing any grievances that cannot be otherwise resolved the smb does not dictate or determine editorial content for student media partners and gives responsibility for day to day editorial operations to the selected student leaders the smb gives day to day business operation responsibility to the director of student media the board is made up of students staff and faculty across the university as well as media professionals outside of ksu voting members include faculty members appointed by the faculty senate faculty members appointed by the school of journalism and mass communication faculty advisory committee the jmc director the csi director usg appointees a graduate senate appointee jmc undergraduate students a jmc graduate student and a media professional all student leaders student media advisors and the director of student media serve as non voting members check out the guidelines members and meeting minutes below '),
 ('2', 'field', '64', 'en_us', ' our media partners '),
 ('204', 'filename', '0', 'en_us', ' smb_guidelines_102015 pdf '),
 ('204', 'extension', '0', 'en_us', ' pdf '),
 ('204', 'kind', '0', 'en_us', ' pdf '),
 ('204', 'slug', '0', 'en_us', ' smb guidelines 102015 '),
 ('204', 'title', '0', 'en_us', ' smb guidelines 102015 '),
 ('205', 'filename', '0', 'en_us', ' smb_budget_040116 pdf '),
 ('205', 'extension', '0', 'en_us', ' pdf '),
 ('205', 'kind', '0', 'en_us', ' pdf '),
 ('205', 'slug', '0', 'en_us', ' smb budget 040116 '),
 ('205', 'title', '0', 'en_us', ' smb budget 040116 '),
 ('206', 'field', '49', 'en_us', ' smb budget 040116 '),
 ('206', 'field', '48', 'en_us', ' 2016 04 01 '),
 ('206', 'slug', '0', 'en_us', ' april 1 2016 budget meeting minutes '),
 ('206', 'title', '0', 'en_us', ' april 1 2016 budget meeting minutes '),
 ('207', 'filename', '0', 'en_us', ' smb_full_041516 pdf '),
 ('207', 'extension', '0', 'en_us', ' pdf '),
 ('207', 'kind', '0', 'en_us', ' pdf '),
 ('207', 'slug', '0', 'en_us', ' smb full 041516 '),
 ('207', 'title', '0', 'en_us', ' smb full 041516 '),
 ('208', 'field', '49', 'en_us', ' smb full 041516 ');
INSERT INTO `craft_searchindex` (`elementId`, `attribute`, `fieldId`, `locale`, `keywords`) VALUES
 ('208', 'field', '48', 'en_us', ' 2016 04 15 '),
 ('208', 'slug', '0', 'en_us', ' april 15 2016 media board meeting minutes '),
 ('208', 'title', '0', 'en_us', ' april 15 2016 smb meeting minutes '),
 ('209', 'filename', '0', 'en_us', ' smb_full_100915 pdf '),
 ('209', 'extension', '0', 'en_us', ' pdf '),
 ('209', 'kind', '0', 'en_us', ' pdf '),
 ('209', 'slug', '0', 'en_us', ' smb full 100915 '),
 ('209', 'title', '0', 'en_us', ' smb full 100915 '),
 ('210', 'field', '49', 'en_us', ' smb full 100915 '),
 ('210', 'field', '48', 'en_us', ' 2015 10 09 '),
 ('210', 'slug', '0', 'en_us', ' october 9 2015 smb meeting minutes '),
 ('210', 'title', '0', 'en_us', ' october 9 2015 smb meeting minutes '),
 ('211', 'filename', '0', 'en_us', ' smb_selection_033016 pdf '),
 ('211', 'extension', '0', 'en_us', ' pdf '),
 ('211', 'kind', '0', 'en_us', ' pdf '),
 ('211', 'slug', '0', 'en_us', ' smb selection 033016 '),
 ('211', 'title', '0', 'en_us', ' smb selection 033016 '),
 ('212', 'field', '49', 'en_us', ' smb selection 033016 '),
 ('212', 'field', '48', 'en_us', ' 2016 04 06 '),
 ('212', 'slug', '0', 'en_us', ' april 6 2016 smb selection meeting minutes '),
 ('212', 'title', '0', 'en_us', ' april 6 2016 smb selection meeting minutes '),
 ('213', 'filename', '0', 'en_us', ' smb_selection_040816 pdf '),
 ('213', 'extension', '0', 'en_us', ' pdf '),
 ('213', 'kind', '0', 'en_us', ' pdf '),
 ('213', 'slug', '0', 'en_us', ' smb selection 040816 '),
 ('213', 'title', '0', 'en_us', ' smb selection 040816 '),
 ('214', 'field', '49', 'en_us', ' smb selection 040816 '),
 ('214', 'field', '48', 'en_us', ' 2016 04 08 '),
 ('214', 'slug', '0', 'en_us', ' april 8 2016 smb selection meeting minutes '),
 ('214', 'title', '0', 'en_us', ' april 8 2016 smb selection meeting minutes '),
 ('215', 'filename', '0', 'en_us', ' smb_selection_120415 pdf '),
 ('215', 'extension', '0', 'en_us', ' pdf '),
 ('215', 'kind', '0', 'en_us', ' pdf '),
 ('215', 'slug', '0', 'en_us', ' smb selection 120415 '),
 ('215', 'title', '0', 'en_us', ' smb selection 120415 '),
 ('216', 'field', '49', 'en_us', ' smb selection 120415 '),
 ('216', 'field', '48', 'en_us', ' 2015 12 04 '),
 ('216', 'slug', '0', 'en_us', ' december 4 2015 smb selection meeting minutes '),
 ('216', 'title', '0', 'en_us', ' december 4 2015 smb selection meeting minutes '),
 ('217', 'filename', '0', 'en_us', ' smb_special_012216 pdf '),
 ('217', 'extension', '0', 'en_us', ' pdf '),
 ('217', 'kind', '0', 'en_us', ' pdf '),
 ('217', 'slug', '0', 'en_us', ' smb special 012216 '),
 ('217', 'title', '0', 'en_us', ' smb special 012216 '),
 ('218', 'field', '49', 'en_us', ' smb special 012216 '),
 ('218', 'field', '48', 'en_us', ' 2016 01 22 '),
 ('218', 'slug', '0', 'en_us', ' january 22 2016 special meeting minutes '),
 ('218', 'title', '0', 'en_us', ' january 22 2016 special meeting minutes '),
 ('19', 'field', '1', 'en_us', ' black squirrel radio is a student run radio station committed to providing innovative media content inspired by the community of kent ohio dedicated to professionalism integrity creativity and diversity with 56 different student hosted shows airing from 10 a m to 2 a m everyday we are committed to providing professional industry experience while continuing to be a platform for experimental programming through alternative media content we aim to grow our audience by becoming the destination for students and alumni to remember what was and experience what is college life in kent ohio '),
 ('219', 'filename', '0', 'en_us', ' img_0161 jpg '),
 ('219', 'extension', '0', 'en_us', ' jpg '),
 ('219', 'kind', '0', 'en_us', ' image '),
 ('219', 'slug', '0', 'en_us', ' img 0161 '),
 ('219', 'title', '0', 'en_us', ' radio station photo '),
 ('220', 'filename', '0', 'en_us', ' dsc8013 copy jpg '),
 ('220', 'extension', '0', 'en_us', ' jpg '),
 ('220', 'kind', '0', 'en_us', ' image '),
 ('220', 'slug', '0', 'en_us', ' dsc8013 copy '),
 ('220', 'title', '0', 'en_us', ' dsc8013 copy '),
 ('21', 'field', '21', 'en_us', ' that gay magazine '),
 ('221', 'filename', '0', 'en_us', ' img_0216 jpg '),
 ('221', 'extension', '0', 'en_us', ' jpg '),
 ('221', 'kind', '0', 'en_us', ' image '),
 ('221', 'slug', '0', 'en_us', ' img 0216 '),
 ('221', 'title', '0', 'en_us', ' img 0216 '),
 ('24', 'field', '21', 'en_us', ' kent state s literary and arts journal '),
 ('24', 'field', '1', 'en_us', ' luna negra though sometimes under different names has been around since 1956 it began under the english department where it found its footing within the campus s cultural atmosphere since then the publication has been a staple of the university witnessing the path kent state has taken through the decades we have published works describing the culture of collegiate 1950s the kent state shootings and 9 11 the literary pieces published by luna negra written by the students themselves have chronicled every major cultural and historical event of america since its inception and still to today luna negra is run by students and filled with student content we strive to foster creative activity across campus and seek to be the keeper and encourager of the student body s creative spirit '),
 ('24', 'field', '8', 'en_us', ' student leader '),
 ('24', 'field', '54', 'en_us', ''),
 ('20', 'field', '21', 'en_us', ' truly portage county '),
 ('20', 'field', '8', 'en_us', ' student leader '),
 ('20', 'field', '54', 'en_us', ''),
 ('222', 'field', '27', 'en_us', ' website '),
 ('222', 'field', '28', 'en_us', ' http www kentwired com tv2 '),
 ('222', 'slug', '0', 'en_us', ''),
 ('22', 'field', '21', 'en_us', ' voice of the people '),
 ('22', 'field', '1', 'en_us', ' uhuru is an award winning magazine that aims to promote innovation creativity and culture through the voice of marginalized students on the kent state university campus having a history of pan african teachings and values uhuru magazine focuses on the plight of all students around the globe uhuru which is kiswahili for freedom serves as a platform for student creation and expression in art writing photography and graphic design while discussing racial social and or political ignorance '),
 ('22', 'field', '8', 'en_us', ' student leader '),
 ('22', 'field', '54', 'en_us', ''),
 ('223', 'filename', '0', 'en_us', ' fb_cover_overlay4 jpg '),
 ('223', 'extension', '0', 'en_us', ' jpg '),
 ('223', 'kind', '0', 'en_us', ' image '),
 ('223', 'slug', '0', 'en_us', ' fb cover overlay4 '),
 ('223', 'title', '0', 'en_us', ' fb cover overlay4 '),
 ('224', 'filename', '0', 'en_us', ' twitter_cover_overlay4 jpg '),
 ('224', 'extension', '0', 'en_us', ' jpg '),
 ('224', 'kind', '0', 'en_us', ' image '),
 ('224', 'slug', '0', 'en_us', ' twitter cover overlay4 '),
 ('224', 'title', '0', 'en_us', ' twitter cover overlay4 '),
 ('25', 'field', '21', 'en_us', ' making movies and more '),
 ('25', 'field', '1', 'en_us', ' kent state university independent films ksuif is an organization fueled by students passion for film in 2008 professors traci e williams and david smeltzer collaborated to create this wonderful program which is designed to give students real world film experience today nearly 500 people are currently involved in the organization '),
 ('25', 'field', '8', 'en_us', ' student leader '),
 ('25', 'field', '54', 'en_us', ''),
 ('25', 'field', '31', 'en_us', ' broadcast film '),
 ('225', 'field', '27', 'en_us', ' facebook '),
 ('225', 'field', '28', 'en_us', ' https www facebook com ksuindependentfilms '),
 ('225', 'slug', '0', 'en_us', ''),
 ('226', 'field', '27', 'en_us', ' website '),
 ('226', 'field', '28', 'en_us', ' http kentstatefilms com '),
 ('226', 'slug', '0', 'en_us', '');
INSERT INTO `craft_searchindex` (`elementId`, `attribute`, `fieldId`, `locale`, `keywords`) VALUES
 ('10', 'field', '21', 'en_us', ' fashion beauty culture '),
 ('10', 'field', '1', 'en_us', ' a magazine is kent state s publication for all things fashion beauty and culture on campus and beyond a magazine focuses on women s and men s fashion providing its audience with the latest fashion industry news and more in print online and through social media it is distributed at kent state and the fashion school s new york studio a magazine steps outside just the kent state campus from new york city to florence italy and hong kong back to kent ohio we have students studying and producing content from all over the world '),
 ('10', 'field', '8', 'en_us', ' student leader '),
 ('10', 'field', '54', 'en_us', ''),
 ('15', 'field', '21', 'en_us', ' the independent student newspaper of kent state university '),
 ('15', 'field', '1', 'en_us', ' the kent stater is an award winning student run newspaper reaching more than 9 500 people per issue the stater keeps the community up to date with campus local and national news sports and features the stater publishes on monday and thursday and has a circulation of 6 000 per day during the summer months the kent stater runs special print issues and a special start of the school year issue the kent stater publishes online with media partner tv2 ksu at kentwired com '),
 ('15', 'field', '8', 'en_us', ' student leader '),
 ('15', 'field', '54', 'en_us', ''),
 ('15', 'field', '31', 'en_us', ' print '),
 ('227', 'field', '27', 'en_us', ' twitter '),
 ('227', 'field', '28', 'en_us', ' https twitter com kentwired '),
 ('227', 'slug', '0', 'en_us', ''),
 ('228', 'field', '27', 'en_us', ' instagram '),
 ('228', 'field', '28', 'en_us', ' https www instagram com kentwired '),
 ('228', 'slug', '0', 'en_us', ''),
 ('229', 'field', '27', 'en_us', ' facebook '),
 ('229', 'field', '28', 'en_us', ' https www facebook com kentwired '),
 ('229', 'slug', '0', 'en_us', ''),
 ('230', 'field', '27', 'en_us', ' website '),
 ('230', 'field', '28', 'en_us', ' http www kentwired com '),
 ('230', 'slug', '0', 'en_us', ''),
 ('14', 'field', '21', 'en_us', ' providing award winning student journalism since 1986 '),
 ('14', 'field', '1', 'en_us', ' the burr magazine is kent state university s first student magazine made by the students for the students the burr publishes a semesterly magazine that explores big issues and burning ideas as well as fascinating people and the consuming preoccupations of its college audience each issue contains a compelling mix of how to articles original reporting and personal essays theburr com features web and multimedia stories as well as blogs on lifestyle issues including relationships fashion and entertainment '),
 ('14', 'field', '8', 'en_us', ' student leader '),
 ('14', 'field', '54', 'en_us', ''),
 ('21', 'field', '8', 'en_us', ' student leader '),
 ('21', 'field', '54', 'en_us', ''),
 ('19', 'field', '21', 'en_us', ' kent state s student run radio station '),
 ('19', 'field', '8', 'en_us', ' student leader '),
 ('19', 'field', '54', 'en_us', ''),
 ('60', 'field', '49', 'en_us', ''),
 ('93', 'field', '21', 'en_us', ''),
 ('93', 'field', '1', 'en_us', ' transitions magazine is a go to guide about area restaurants shopping banks atms hotels transportation and other tips to make the first year at kent state successful it is endorsed by destination kent state and is given to students and their parents guardians during the freshman orientation program '),
 ('93', 'field', '6', 'en_us', ''),
 ('93', 'field', '7', 'en_us', ''),
 ('93', 'field', '8', 'en_us', ''),
 ('93', 'field', '10', 'en_us', ''),
 ('93', 'field', '4', 'en_us', ''),
 ('93', 'field', '54', 'en_us', ''),
 ('60', 'field', '51', 'en_us', ' leaders of each student media partner are selected by the student media board in the fall and spring of each year for the following semester or semesters to be considered you must be must have at least a verified cumulative 2 25 grade point average at the time of application and maintain a cumulative 2 25 gpa and be in good standing with the university during your term as leader to be a compensated student leader you must be enrolled in a minimum of eight credit hours as an undergraduate student and a minimum of six as a graduate student during their term you do not need to be majors enrolled in the school of journalism and mass communication candidates applying for leadership positions in the jmc co curricular units must have related experience to be considered an applicant how can i become a student media leader yes student media offers hundreds of paid positions each semester across our 10 student media partners contact us for more information can i get paid while working for student media yes student media supports students who opt for a semester abroad sometimes this can fit into a media outlet s content plan for that semester also studying abroad will not affect your ability to continue on a path to a leadership position if you so choose can i study abroad and still be involved in student media it depends on the position you are seeking top leaders for each media partner are selected by the student media boardstaff members within each media partner are selected by the student leader in consultation with the adviserstaff members in the student media office are selected by the professional staff who makes the hiring decisions for student media that depends on your position and the needs of your outlet you should talk with your student leader and adviser about the specific needs of each position if you are in a paid position you cannot work more than 28 hours each week how many hours can i work probably let s talk student media is growing and changing as rapidly as the professional fields we strive to emulate so if a position doesn t exist and it s generally within the wheelhouse of media and communications let s talk and figure out how to make it happen if i don t see a position i like can i still work in student media can i earn academic credit for my work in student media how long does my employment last once i m hired in student media do i have to reapply for a job in student media every semester can i work for more than one outlet at the same time during a semester yes some jobs are paid others are volunteer or on a contributor basis check with the student leader for each organization to see what opportunities exist at the moment for that media partner can i volunteer at a student media publication who has editorial control over content where can i listen to black squirrel radio on which channel is tv2 broadcast '),
 ('231', 'field', '52', 'en_us', ' how can i become a student media leader '),
 ('231', 'field', '53', 'en_us', ' leaders of each student media partner are selected by the student media board in the fall and spring of each year for the following semester or semesters to be considered you must be must have at least a verified cumulative 2 25 grade point average at the time of application and maintain a cumulative 2 25 gpa and be in good standing with the university during your term as leader to be a compensated student leader you must be enrolled in a minimum of eight credit hours as an undergraduate student and a minimum of six as a graduate student during their term you do not need to be majors enrolled in the school of journalism and mass communication candidates applying for leadership positions in the jmc co curricular units must have related experience to be considered an applicant '),
 ('231', 'slug', '0', 'en_us', ''),
 ('23', 'field', '21', 'en_us', ''),
 ('23', 'field', '8', 'en_us', ''),
 ('23', 'field', '54', 'en_us', ''),
 ('62', 'field', '21', 'en_us', ' how can we help '),
 ('101', 'field', '21', 'en_us', ' a multi service multim platform solution '),
 ('101', 'field', '1', 'en_us', ' our student media advertising and marketing team can help your campus department or local business reach the audience you are seeking our staff of account executives will work hand in hand to ensure your message is delivered effectively efficiently and within your budget kent state student media has 10 different media partners and more than 30 outlets to reach your target market we provide advertising promotional item design and ordering design services video and audio production and mobile dj services contact our team today to get started '),
 ('101', 'field', '6', 'en_us', ' clara '),
 ('101', 'field', '7', 'en_us', ' sulivan '),
 ('101', 'field', '8', 'en_us', ' student leader '),
 ('101', 'field', '10', 'en_us', ' 330 672 6303 '),
 ('101', 'field', '4', 'en_us', ' ads ksustudentmedia com '),
 ('101', 'field', '54', 'en_us', ' ad sales '),
 ('60', 'field', '56', 'en_us', ' mary smith a magazine graphic designer description '),
 ('232', 'field', '57', 'en_us', ' a magazine '),
 ('232', 'field', '58', 'en_us', ' graphic designer '),
 ('232', 'field', '59', 'en_us', ' description '),
 ('232', 'field', '60', 'en_us', ' mary smith '),
 ('232', 'slug', '0', 'en_us', ''),
 ('58', 'field', '55', 'en_us', ' advertise with us '),
 ('233', 'filename', '0', 'en_us', ' img_0230 jpg '),
 ('233', 'extension', '0', 'en_us', ' jpg '),
 ('233', 'kind', '0', 'en_us', ' image '),
 ('233', 'slug', '0', 'en_us', ' img 0230 '),
 ('233', 'title', '0', 'en_us', ' img 0230 '),
 ('234', 'kind', '0', 'en_us', ' image '),
 ('234', 'slug', '0', 'en_us', ' dsc8042 '),
 ('234', 'title', '0', 'en_us', ' dsc8042 '),
 ('235', 'username', '0', 'en_us', ' kdilley '),
 ('235', 'firstname', '0', 'en_us', ' kevin '),
 ('235', 'lastname', '0', 'en_us', ' dilley '),
 ('235', 'fullname', '0', 'en_us', ' kevin dilley '),
 ('235', 'email', '0', 'en_us', ' kdilley kent edu '),
 ('235', 'slug', '0', 'en_us', ''),
 ('244', 'title', '0', 'en_us', ' stater hero 01 '),
 ('245', 'filename', '0', 'en_us', ' tv2_hero_02 jpg '),
 ('245', 'extension', '0', 'en_us', ' jpg '),
 ('245', 'kind', '0', 'en_us', ' image '),
 ('245', 'slug', '0', 'en_us', ' tv2 hero 02 '),
 ('245', 'title', '0', 'en_us', ' tv2 hero 02 '),
 ('15', 'field', '68', 'en_us', ''),
 ('246', 'filename', '0', 'en_us', ' misc_hero jpg '),
 ('246', 'extension', '0', 'en_us', ' jpg '),
 ('246', 'kind', '0', 'en_us', ' image '),
 ('246', 'slug', '0', 'en_us', ' misc hero '),
 ('246', 'title', '0', 'en_us', ' misc hero '),
 ('247', 'filename', '0', 'en_us', ' misc_hero_03 jpg '),
 ('247', 'extension', '0', 'en_us', ' jpg '),
 ('247', 'kind', '0', 'en_us', ' image '),
 ('247', 'slug', '0', 'en_us', ' misc hero 03 '),
 ('247', 'title', '0', 'en_us', ' misc hero 03 '),
 ('248', 'filename', '0', 'en_us', ' misc_hero_02 jpg '),
 ('248', 'extension', '0', 'en_us', ' jpg '),
 ('248', 'kind', '0', 'en_us', ' image '),
 ('248', 'slug', '0', 'en_us', ' misc hero 02 '),
 ('248', 'title', '0', 'en_us', ' misc hero 02 '),
 ('249', 'filename', '0', 'en_us', ' ksuif_hero02 jpg '),
 ('249', 'extension', '0', 'en_us', ' jpg ');
INSERT INTO `craft_searchindex` (`elementId`, `attribute`, `fieldId`, `locale`, `keywords`) VALUES
 ('249', 'kind', '0', 'en_us', ' image '),
 ('249', 'slug', '0', 'en_us', ' ksuif hero02 '),
 ('249', 'title', '0', 'en_us', ' ksuif hero02 '),
 ('60', 'field', '21', 'en_us', ' start your freshman year stay until you graduate '),
 ('250', 'filename', '0', 'en_us', ' 20140921_140629 jpg '),
 ('250', 'extension', '0', 'en_us', ' jpg '),
 ('250', 'kind', '0', 'en_us', ' image '),
 ('250', 'slug', '0', 'en_us', ' 20140921 140629 '),
 ('250', 'title', '0', 'en_us', ' 20140921 140629 '),
 ('251', 'filename', '0', 'en_us', ' camera jpeg '),
 ('251', 'extension', '0', 'en_us', ' jpeg '),
 ('251', 'kind', '0', 'en_us', ' image '),
 ('251', 'slug', '0', 'en_us', ' camera '),
 ('251', 'title', '0', 'en_us', ' camera '),
 ('252', 'filename', '0', 'en_us', ' fusion jpeg '),
 ('252', 'extension', '0', 'en_us', ' jpeg '),
 ('252', 'kind', '0', 'en_us', ' image '),
 ('252', 'slug', '0', 'en_us', ' fusion '),
 ('252', 'title', '0', 'en_us', ' fusion '),
 ('253', 'filename', '0', 'en_us', ' mag jpg '),
 ('253', 'extension', '0', 'en_us', ' jpg '),
 ('253', 'kind', '0', 'en_us', ' image '),
 ('253', 'slug', '0', 'en_us', ' mag '),
 ('253', 'title', '0', 'en_us', ' mag '),
 ('254', 'filename', '0', 'en_us', ' magazine jpeg '),
 ('254', 'extension', '0', 'en_us', ' jpeg '),
 ('254', 'kind', '0', 'en_us', ' image '),
 ('254', 'slug', '0', 'en_us', ' magazine '),
 ('254', 'title', '0', 'en_us', ' magazine '),
 ('255', 'filename', '0', 'en_us', ' news jpg '),
 ('255', 'extension', '0', 'en_us', ' jpg '),
 ('255', 'kind', '0', 'en_us', ' image '),
 ('255', 'slug', '0', 'en_us', ' news '),
 ('255', 'title', '0', 'en_us', ' news '),
 ('256', 'filename', '0', 'en_us', ' sound jpg '),
 ('256', 'extension', '0', 'en_us', ' jpg '),
 ('256', 'kind', '0', 'en_us', ' image '),
 ('256', 'slug', '0', 'en_us', ' sound '),
 ('256', 'title', '0', 'en_us', ' sound '),
 ('257', 'filename', '0', 'en_us', ' square stock img jpg '),
 ('257', 'extension', '0', 'en_us', ' jpg '),
 ('257', 'kind', '0', 'en_us', ' image '),
 ('257', 'slug', '0', 'en_us', ' square stock img '),
 ('257', 'title', '0', 'en_us', ' square stock img '),
 ('258', 'filename', '0', 'en_us', ' eliza fin png '),
 ('258', 'extension', '0', 'en_us', ' png '),
 ('258', 'kind', '0', 'en_us', ' image '),
 ('258', 'slug', '0', 'en_us', ' eliza fin '),
 ('258', 'title', '0', 'en_us', ' eliza fin '),
 ('259', 'filename', '0', 'en_us', ' people jpg '),
 ('259', 'extension', '0', 'en_us', ' jpg '),
 ('259', 'kind', '0', 'en_us', ' image '),
 ('259', 'slug', '0', 'en_us', ' people '),
 ('259', 'title', '0', 'en_us', ' people '),
 ('260', 'filename', '0', 'en_us', ' pika 01 png '),
 ('260', 'extension', '0', 'en_us', ' png '),
 ('260', 'kind', '0', 'en_us', ' image '),
 ('260', 'slug', '0', 'en_us', ' pika 01 '),
 ('260', 'title', '0', 'en_us', ' pika 01 '),
 ('261', 'field', '52', 'en_us', ' can i get paid while working for student media '),
 ('261', 'field', '53', 'en_us', ' yes student media offers hundreds of paid positions each semester across our 10 student media partners contact us for more information '),
 ('261', 'slug', '0', 'en_us', ''),
 ('262', 'field', '52', 'en_us', ' can i study abroad and still be involved in student media '),
 ('262', 'field', '53', 'en_us', ' yes student media supports students who opt for a semester abroad sometimes this can fit into a media outlet s content plan for that semester also studying abroad will not affect your ability to continue on a path to a leadership position if you so choose '),
 ('262', 'slug', '0', 'en_us', ''),
 ('263', 'field', '52', 'en_us', ' who makes the hiring decisions for student media '),
 ('263', 'field', '53', 'en_us', ' it depends on the position you are seeking top leaders for each media partner are selected by the student media boardstaff members within each media partner are selected by the student leader in consultation with the adviserstaff members in the student media office are selected by the professional staff '),
 ('263', 'slug', '0', 'en_us', ''),
 ('264', 'field', '52', 'en_us', ' how many hours can i work '),
 ('264', 'field', '53', 'en_us', ' that depends on your position and the needs of your outlet you should talk with your student leader and adviser about the specific needs of each position if you are in a paid position you cannot work more than 28 hours each week '),
 ('264', 'slug', '0', 'en_us', ''),
 ('265', 'field', '52', 'en_us', ' if i don t see a position i like can i still work in student media '),
 ('265', 'field', '53', 'en_us', ' probably let s talk student media is growing and changing as rapidly as the professional fields we strive to emulate so if a position doesn t exist and it s generally within the wheelhouse of media and communications let s talk and figure out how to make it happen '),
 ('265', 'slug', '0', 'en_us', ''),
 ('266', 'username', '0', 'en_us', ' tbongiorni '),
 ('266', 'firstname', '0', 'en_us', ' tami '),
 ('266', 'lastname', '0', 'en_us', ' bongiorni '),
 ('266', 'fullname', '0', 'en_us', ' tami bongiorni '),
 ('266', 'email', '0', 'en_us', ' tbongior kent edu '),
 ('266', 'slug', '0', 'en_us', ''),
 ('267', 'username', '0', 'en_us', ' lbednar '),
 ('267', 'firstname', '0', 'en_us', ' lorie '),
 ('267', 'lastname', '0', 'en_us', ' bednar '),
 ('267', 'fullname', '0', 'en_us', ' lorie bednar '),
 ('267', 'email', '0', 'en_us', ' lbednar kent edu '),
 ('267', 'slug', '0', 'en_us', ''),
 ('268', 'filename', '0', 'en_us', ' sm_mediakit_16 17_email pdf '),
 ('268', 'extension', '0', 'en_us', ' pdf '),
 ('268', 'kind', '0', 'en_us', ' pdf '),
 ('268', 'slug', '0', 'en_us', ' sm media kit 16 17 email '),
 ('268', 'title', '0', 'en_us', ' sm media kit 16 17 email '),
 ('290', 'filename', '0', 'en_us', ' norma_1 jpg '),
 ('269', 'filename', '0', 'en_us', ' uhuru_hero jpg '),
 ('269', 'extension', '0', 'en_us', ' jpg '),
 ('269', 'kind', '0', 'en_us', ' image '),
 ('269', 'slug', '0', 'en_us', ' uhuru hero '),
 ('269', 'title', '0', 'en_us', ' uhuru hero '),
 ('22', 'field', '68', 'en_us', ''),
 ('270', 'filename', '0', 'en_us', ' uhuru_hero_02 jpg '),
 ('270', 'extension', '0', 'en_us', ' jpg ');
INSERT INTO `craft_searchindex` (`elementId`, `attribute`, `fieldId`, `locale`, `keywords`) VALUES
 ('270', 'kind', '0', 'en_us', ' image '),
 ('270', 'slug', '0', 'en_us', ' uhuru hero 02 '),
 ('270', 'title', '0', 'en_us', ' uhuru hero 02 '),
 ('271', 'filename', '0', 'en_us', ' misc_hero05 jpg '),
 ('271', 'extension', '0', 'en_us', ' jpg '),
 ('271', 'kind', '0', 'en_us', ' image '),
 ('271', 'slug', '0', 'en_us', ' misc hero05 '),
 ('271', 'title', '0', 'en_us', ' misc hero05 '),
 ('272', 'filename', '0', 'en_us', ' misc_hero_04 jpg '),
 ('272', 'extension', '0', 'en_us', ' jpg '),
 ('272', 'kind', '0', 'en_us', ' image '),
 ('272', 'slug', '0', 'en_us', ' misc hero 04 '),
 ('272', 'title', '0', 'en_us', ' misc hero 04 '),
 ('24', 'field', '68', 'en_us', ''),
 ('23', 'field', '68', 'en_us', ''),
 ('311', 'filename', '0', 'en_us', ' burr staff jpg '),
 ('274', 'field', '19', 'en_us', ''),
 ('274', 'field', '5', 'en_us', ' nonvoting studentmedialeader '),
 ('274', 'field', '8', 'en_us', ' burr editor '),
 ('274', 'field', '6', 'en_us', ' benjamin '),
 ('274', 'field', '7', 'en_us', ' vanhoose '),
 ('274', 'field', '4', 'en_us', ' bvanhoos kent edu '),
 ('274', 'field', '10', 'en_us', ''),
 ('274', 'field', '20', 'en_us', ' the burr '),
 ('274', 'field', '1', 'en_us', ''),
 ('274', 'slug', '0', 'en_us', ' benjamin vanhoose '),
 ('274', 'title', '0', 'en_us', ' benjamin vanhoose '),
 ('275', 'field', '19', 'en_us', ''),
 ('275', 'field', '5', 'en_us', ' nonvoting studentmedialeader '),
 ('275', 'field', '8', 'en_us', ' a magazine editor '),
 ('275', 'field', '6', 'en_us', ' kendall '),
 ('275', 'field', '7', 'en_us', ' becker '),
 ('275', 'field', '4', 'en_us', ' kbecke15 kent edu '),
 ('275', 'field', '10', 'en_us', ''),
 ('275', 'field', '20', 'en_us', ' a magazine '),
 ('275', 'field', '1', 'en_us', ''),
 ('275', 'slug', '0', 'en_us', ' kendall becker '),
 ('275', 'title', '0', 'en_us', ' kendall becker '),
 ('276', 'field', '19', 'en_us', ''),
 ('276', 'field', '5', 'en_us', ' nonvoting studentmedialeader '),
 ('276', 'field', '8', 'en_us', ' luna negra editor '),
 ('276', 'field', '6', 'en_us', ' carrie '),
 ('276', 'field', '7', 'en_us', ' george '),
 ('276', 'field', '4', 'en_us', ' cgeorg21 kent edu '),
 ('276', 'field', '10', 'en_us', ''),
 ('276', 'field', '20', 'en_us', ' luna negra '),
 ('276', 'field', '1', 'en_us', ''),
 ('276', 'slug', '0', 'en_us', ' carrie george '),
 ('276', 'title', '0', 'en_us', ' carrie george '),
 ('277', 'field', '19', 'en_us', ''),
 ('277', 'field', '5', 'en_us', ' nonvoting studentmedialeader '),
 ('277', 'field', '8', 'en_us', ' black squirrel radio general manager '),
 ('277', 'field', '6', 'en_us', ' brooke '),
 ('277', 'field', '7', 'en_us', ' forrest '),
 ('277', 'field', '4', 'en_us', ' bforres3 kent edu '),
 ('277', 'field', '10', 'en_us', ''),
 ('277', 'field', '20', 'en_us', ' black squirrel radio '),
 ('277', 'field', '1', 'en_us', ''),
 ('277', 'slug', '0', 'en_us', ' brooke forrest '),
 ('277', 'title', '0', 'en_us', ' brooke forrest '),
 ('278', 'field', '19', 'en_us', ''),
 ('278', 'field', '5', 'en_us', ' nonvoting studentmedialeader '),
 ('278', 'field', '8', 'en_us', ' co editor uhuru '),
 ('278', 'field', '6', 'en_us', ' ile ife '),
 ('278', 'field', '7', 'en_us', ' okantah '),
 ('278', 'field', '4', 'en_us', ' iokantah kent edu '),
 ('278', 'field', '10', 'en_us', ''),
 ('278', 'field', '20', 'en_us', ' uhuru '),
 ('278', 'field', '1', 'en_us', ''),
 ('278', 'slug', '0', 'en_us', ' ile ife okantah '),
 ('278', 'title', '0', 'en_us', ' ile ife okantah '),
 ('279', 'field', '19', 'en_us', ''),
 ('279', 'field', '5', 'en_us', ' nonvoting studentmedialeader '),
 ('279', 'field', '8', 'en_us', ' president ksu independent films '),
 ('279', 'field', '6', 'en_us', ' alyssa '),
 ('279', 'field', '7', 'en_us', ' standen '),
 ('279', 'field', '4', 'en_us', ' astanden kent edu '),
 ('279', 'field', '10', 'en_us', ''),
 ('279', 'field', '20', 'en_us', ' ksu independent films '),
 ('279', 'field', '1', 'en_us', ''),
 ('279', 'slug', '0', 'en_us', ' alyssa standen '),
 ('279', 'title', '0', 'en_us', ' alyssa standen '),
 ('280', 'field', '19', 'en_us', ''),
 ('280', 'field', '5', 'en_us', ' nonvoting '),
 ('280', 'field', '8', 'en_us', ' adviser a magazine the burr '),
 ('280', 'field', '6', 'en_us', ' jacquie '),
 ('280', 'field', '7', 'en_us', ' marino '),
 ('280', 'field', '4', 'en_us', ' jmarino7 kent edu '),
 ('280', 'field', '10', 'en_us', ''),
 ('280', 'field', '20', 'en_us', ' the burr a magazine '),
 ('280', 'field', '1', 'en_us', ''),
 ('280', 'slug', '0', 'en_us', ' jacquie marino '),
 ('280', 'title', '0', 'en_us', ' jacquie marino '),
 ('281', 'field', '19', 'en_us', ''),
 ('281', 'field', '5', 'en_us', ' nonvoting '),
 ('281', 'field', '8', 'en_us', ' adviser uhuru '),
 ('281', 'field', '6', 'en_us', ' shannon '),
 ('281', 'field', '7', 'en_us', ' christen syed '),
 ('281', 'field', '4', 'en_us', ' schriste kent edu '),
 ('281', 'field', '10', 'en_us', '');
INSERT INTO `craft_searchindex` (`elementId`, `attribute`, `fieldId`, `locale`, `keywords`) VALUES
 ('281', 'field', '20', 'en_us', ' uhuru '),
 ('281', 'field', '1', 'en_us', ''),
 ('281', 'slug', '0', 'en_us', ' shannon christen syed '),
 ('281', 'title', '0', 'en_us', ' shannon christen syed '),
 ('282', 'field', '52', 'en_us', ' can i earn academic credit for my work in student media '),
 ('282', 'field', '53', 'en_us', ''),
 ('282', 'slug', '0', 'en_us', ''),
 ('283', 'field', '52', 'en_us', ' how long does my employment last once i m hired in student media '),
 ('283', 'field', '53', 'en_us', ''),
 ('283', 'slug', '0', 'en_us', ''),
 ('284', 'field', '52', 'en_us', ' do i have to reapply for a job in student media every semester '),
 ('284', 'field', '53', 'en_us', ''),
 ('284', 'slug', '0', 'en_us', ''),
 ('285', 'field', '52', 'en_us', ' can i work for more than one outlet at the same time during a semester '),
 ('285', 'field', '53', 'en_us', ''),
 ('285', 'slug', '0', 'en_us', ''),
 ('286', 'field', '52', 'en_us', ' can i volunteer at a student media publication '),
 ('286', 'field', '53', 'en_us', ' yes some jobs are paid others are volunteer or on a contributor basis check with the student leader for each organization to see what opportunities exist at the moment for that media partner '),
 ('286', 'slug', '0', 'en_us', ''),
 ('287', 'field', '52', 'en_us', ' who has editorial control over content '),
 ('287', 'field', '53', 'en_us', ''),
 ('287', 'slug', '0', 'en_us', ''),
 ('288', 'field', '52', 'en_us', ' where can i listen to black squirrel radio '),
 ('288', 'field', '53', 'en_us', ''),
 ('288', 'slug', '0', 'en_us', ''),
 ('289', 'field', '52', 'en_us', ' on which channel is tv2 broadcast '),
 ('289', 'field', '53', 'en_us', ''),
 ('289', 'slug', '0', 'en_us', ''),
 ('58', 'field', '70', 'en_us', ' burr staff '),
 ('58', 'field', '71', 'en_us', ' members of the fall 2016 burr staff pose for a picture the burr was recognized as the best student magazine in the country by the society of professional journalists '),
 ('166', 'field', '21', 'en_us', ''),
 ('166', 'field', '1', 'en_us', ' we like to think big and sometimes our budget can t keep up your generous gift helps our students build on their big ideas your gift can be directed at a specific media partner or go directly to support student media in general past support has helped us send students to cover election night 2016 in new york city send other students to california to cover the ncaa basketball tournament and has helped other students produce full length feature films no gift is too small we ll put 100% of your donation to work immediately '),
 ('290', 'slug', '0', 'en_us', ' norma 1 '),
 ('290', 'title', '0', 'en_us', ' norma 1 '),
 ('291', 'field', '19', 'en_us', ' norma 1 '),
 ('291', 'field', '5', 'en_us', ' officestaff '),
 ('291', 'field', '8', 'en_us', ' business manager '),
 ('291', 'field', '6', 'en_us', ' norma '),
 ('291', 'field', '7', 'en_us', ' young '),
 ('291', 'field', '4', 'en_us', ' nyoung1 kent edu '),
 ('291', 'field', '10', 'en_us', ''),
 ('291', 'field', '20', 'en_us', ''),
 ('291', 'field', '1', 'en_us', ' bio goes here '),
 ('291', 'slug', '0', 'en_us', ' norma young '),
 ('291', 'title', '0', 'en_us', ' norma young '),
 ('292', 'filename', '0', 'en_us', ' kevinhi jpg '),
 ('292', 'extension', '0', 'en_us', ' jpg '),
 ('292', 'kind', '0', 'en_us', ' image '),
 ('292', 'slug', '0', 'en_us', ' kevinhi '),
 ('292', 'title', '0', 'en_us', ' kevinhi '),
 ('294', 'slug', '0', 'en_us', ''),
 ('294', 'field', '84', 'en_us', ''),
 ('299', 'slug', '0', 'en_us', ' bsr hero 02 '),
 ('299', 'title', '0', 'en_us', ' bsr hero 02 '),
 ('299', 'kind', '0', 'en_us', ' image '),
 ('299', 'extension', '0', 'en_us', ' jpg '),
 ('299', 'filename', '0', 'en_us', ' bsr_hero_02 jpg '),
 ('302', 'kind', '0', 'en_us', ' image '),
 ('302', 'slug', '0', 'en_us', ' fusion hero 02 '),
 ('302', 'title', '0', 'en_us', ' fusion hero 02 '),
 ('302', 'filename', '0', 'en_us', ' fusion_hero_02 jpg '),
 ('303', 'filename', '0', 'en_us', ' ad_hero jpg '),
 ('303', 'extension', '0', 'en_us', ' jpg '),
 ('303', 'kind', '0', 'en_us', ' image '),
 ('303', 'slug', '0', 'en_us', ' ad hero '),
 ('303', 'title', '0', 'en_us', ' ad hero '),
 ('304', 'filename', '0', 'en_us', ' ad_hero_02 jpg '),
 ('304', 'extension', '0', 'en_us', ' jpg '),
 ('304', 'kind', '0', 'en_us', ' image '),
 ('304', 'slug', '0', 'en_us', ' ad hero 02 '),
 ('304', 'title', '0', 'en_us', ' ad hero 02 '),
 ('305', 'slug', '0', 'en_us', ' recognition landing page '),
 ('305', 'title', '0', 'en_us', ' recognition landing page '),
 ('307', 'filename', '0', 'en_us', ' ln_hero_01 png '),
 ('307', 'extension', '0', 'en_us', ' png '),
 ('307', 'kind', '0', 'en_us', ' image '),
 ('307', 'slug', '0', 'en_us', ' ln hero 01 '),
 ('307', 'title', '0', 'en_us', ' ln hero 01 '),
 ('308', 'filename', '0', 'en_us', ' ln_hero_02 png '),
 ('308', 'extension', '0', 'en_us', ' png '),
 ('308', 'kind', '0', 'en_us', ' image '),
 ('308', 'slug', '0', 'en_us', ' ln hero 02 '),
 ('308', 'title', '0', 'en_us', ' ln hero 02 '),
 ('309', 'filename', '0', 'en_us', ' tv2_hero01_02 jpg '),
 ('309', 'extension', '0', 'en_us', ' jpg '),
 ('309', 'kind', '0', 'en_us', ' image '),
 ('309', 'slug', '0', 'en_us', ' tv2 hero01 02 '),
 ('309', 'title', '0', 'en_us', ' tv2 hero01 02 '),
 ('59', 'field', '72', 'en_us', ''),
 ('310', 'field', '1', 'en_us', ' the burr magazine kent state s general interest student magazine was named the best student magazine in the nation by the society of professional journalists spj kent state also earned national finalist status in two categories in spj s annual national mark of excellence awards competition in each category spj chooses one winner and up to two national finalists from student journalists submissions from across the united states national winner best magazine the fall 2016 issue of the burr magazine was named the national winner and best student magazine in the nation alumna neville hardman 16 served as editor of the submitted issue which celebrated nostalgia and the retro revival of television film fashion and culture the idea was to create a product that reflected on trends and pop culture without losing the integrity of the magazine hardman said i m floored to have been the editor of a magazine that received this honor nostalgia is something everyone can relate to and i m glad the judges enjoyed this issue as much as we enjoyed putting it together some of the magazine s features included a profile on a straight edge student a visual spread about vintage fashion and a story about anxiety issues related to social media read the issue in the burr s archives national finalist general news photography clint datchuk 17 was named a national finalist in the general news photography category large school for his submission day 4 of cleveland rnc datchuk followed the 2016 presidential campaign from beginning to end covering local campaign stops the republican national convention in cleveland where he shot the national finalist recognized photo and the donald trump election night headquarters in new york city earlier this year his photography on the campaign trail earned him top honors in college photographer of the year s general news category of the experience he said my experience at kent state allowed me to see the 2016 election from beginning to end and document history as it happened national finalist breaking news reporting the kentwired staff was recognized as a national finalist in the breaking news reporting category for its coverage of the kesterson lawsuit throughout 2016 the staff followed the civil lawsuit filed by senior health studies major lauren kesterson a former kent state softball player alleging she was raped by the son of former softball coach karen linder and that the university did not comply with title ix reporting procedures the following alumni from the school of journalism and mass communication jmc contributed to the initial reporting while they were students ian flickinger 16 stephen means 16 jimmy miller 17 and emily mills 16 in april kent state earned 14 regional honors from spj including regional first place honors in general news photography photo illustration sports photography best student magazine non fiction magazine article breaking news reporting and best affiliated web site each first place regional honor was then eligible for a national mark of excellence award '),
 ('310', 'field', '2', 'en_us', ''),
 ('310', 'slug', '0', 'en_us', ' the burr earns national accolades name best student magazine '),
 ('310', 'title', '0', 'en_us', ' the burr earns national accolades named best student magazine '),
 ('311', 'extension', '0', 'en_us', ' jpg '),
 ('311', 'kind', '0', 'en_us', ' image '),
 ('311', 'slug', '0', 'en_us', ' burr staff '),
 ('311', 'title', '0', 'en_us', ' burr staff '),
 ('61', 'field', '13', 'en_us', ' ad hero '),
 ('61', 'field', '76', 'en_us', ''),
 ('61', 'field', '75', 'en_us', '');
INSERT INTO `craft_searchindex` (`elementId`, `attribute`, `fieldId`, `locale`, `keywords`) VALUES
 ('101', 'field', '89', 'en_us', ''),
 ('23', 'field', '89', 'en_us', ''),
 ('93', 'field', '89', 'en_us', ''),
 ('10', 'field', '89', 'en_us', ''),
 ('25', 'field', '89', 'en_us', ''),
 ('2', 'field', '91', 'en_us', ' one mission '),
 ('2', 'field', '92', 'en_us', ' we have been serving kent state university and the kent community for more than 80 years with independent student produced media we have the outlets you need to reach the target audience you want ');



DROP TABLE IF EXISTS `craft_sections`;


--
-- Schema for table `craft_sections`
--
CREATE TABLE `craft_sections` (
  `id` int(11) NOT NULL AUTO_INCREMENT,
  `structureId` int(11) DEFAULT NULL,
  `name` varchar(255) COLLATE utf8_unicode_ci NOT NULL,
  `handle` varchar(255) COLLATE utf8_unicode_ci NOT NULL,
  `type` enum('single','channel','structure') COLLATE utf8_unicode_ci NOT NULL DEFAULT 'channel',
  `hasUrls` tinyint(1) unsigned NOT NULL DEFAULT '1',
  `template` varchar(500) COLLATE utf8_unicode_ci DEFAULT NULL,
  `enableVersioning` tinyint(1) unsigned NOT NULL DEFAULT '0',
  `dateCreated` datetime NOT NULL,
  `dateUpdated` datetime NOT NULL,
  `uid` char(36) COLLATE utf8_unicode_ci NOT NULL DEFAULT '0',
  PRIMARY KEY (`id`),
  UNIQUE KEY `craft_sections_name_unq_idx` (`name`),
  UNIQUE KEY `craft_sections_handle_unq_idx` (`handle`),
  KEY `craft_sections_structureId_fk` (`structureId`)
) ENGINE=InnoDB AUTO_INCREMENT=25 DEFAULT CHARSET=utf8 COLLATE=utf8_unicode_ci;

--
-- Data for table `craft_sections`
--

INSERT INTO `craft_sections` (`id`, `structureId`, `name`, `handle`, `type`, `hasUrls`, `template`, `enableVersioning`, `dateCreated`, `dateUpdated`, `uid`) VALUES
 ('1', NULL, 'Homepage', 'homepage', 'single', '1', 'index.html', '1', '2017-01-12 16:12:59', '2017-05-26 17:14:31', '319d4367-7a50-465a-b8ba-9f48d25b27cc'),
 ('2', NULL, 'News', 'news', 'channel', '1', 'news/_entry', '1', '2017-01-12 16:12:59', '2017-01-12 16:12:59', '18f38288-9660-46d8-a514-1853770f9587'),
 ('4', NULL, 'Media Partners', 'partners', 'channel', '1', 'partners/_entry', '1', '2017-02-23 21:40:51', '2017-03-10 16:12:49', 'a40190bc-da17-43f7-9ffd-0ca44202543c'),
 ('5', NULL, 'Statistics', 'statistics', 'channel', '1', 'statistics/_entry', '1', '2017-02-24 21:50:00', '2017-02-24 21:50:00', '0b5a64fa-f1fe-4ce0-84b8-50f2e525ccda'),
 ('6', NULL, 'Events', 'events', 'channel', '1', 'events/_entry', '1', '2017-03-08 16:24:40', '2017-03-09 02:29:15', '6a51f2b8-8b33-48ec-82b0-f49f7f3b57e3'),
 ('7', NULL, 'Ad', 'ad', 'channel', '1', 'advertising/_entry', '1', '2017-03-12 16:08:01', '2017-05-31 20:16:24', '9e9464d9-bead-4a95-a865-35a1a1987162'),
 ('8', NULL, 'Staff', 'staff', 'channel', '1', 'staff/_entry', '1', '2017-03-12 16:09:15', '2017-03-12 16:09:15', '7e048976-a7b5-4fa9-b606-66224dd3e15c'),
 ('9', NULL, 'About', 'about', 'single', '1', 'about', '1', '2017-03-16 18:11:56', '2017-04-19 00:14:54', '2f09d7db-6ee9-4e98-af06-0d19a3675825'),
 ('10', NULL, 'Media Partners Home', 'mediaPartnersHome', 'single', '1', 'partners', '1', '2017-03-16 18:12:46', '2017-03-16 18:12:46', 'f7179ae8-b6a5-4dbb-8629-58dd487b2de4'),
 ('11', NULL, 'Get Involved', 'getInvolved', 'single', '1', 'getInvolved', '1', '2017-03-16 18:13:51', '2017-04-20 17:57:07', 'ba02c029-cb83-4b18-8b1d-9339351c0a98'),
 ('12', NULL, 'Advertising', 'advertising', 'single', '1', 'advertising/index', '1', '2017-03-16 18:15:33', '2017-04-23 15:26:55', '9d1b0fd1-7dce-40fb-8751-2dde1c5e3600'),
 ('13', NULL, 'Contact', 'contact', 'single', '1', 'contact', '1', '2017-03-16 18:15:45', '2017-03-16 18:15:45', '890aed4c-8705-4609-bf91-f4b22b507593'),
 ('14', NULL, 'Testimonials', 'testimonials', 'channel', '0', NULL, '1', '2017-03-21 17:33:15', '2017-03-21 17:33:15', '72866445-5d7c-4882-95cc-9c4c2d16552e'),
 ('18', NULL, 'Recognition', 'recognition', 'channel', '1', 'recognition/_entry', '1', '2017-04-19 00:47:11', '2017-04-19 00:47:20', '6e0b77b1-5b1d-45dc-822e-13fa2d1c309a'),
 ('19', NULL, 'Jobs', 'jobs', 'channel', '1', 'jobs/_entry', '1', '2017-04-19 00:49:33', '2017-04-19 00:49:33', 'bda17852-a1e6-49ee-8e86-2d4635fc4b91'),
 ('20', NULL, 'About Student Media News', 'aboutStudentMediaNews', 'single', '1', 'aboutStudentMediaNews', '1', '2017-04-22 21:35:28', '2017-04-26 19:17:10', 'c27d9540-001c-40df-ac37-8ec5797f2f56'),
 ('21', NULL, 'Media Boards', 'boardMembers', 'single', '1', 'boardMembers', '1', '2017-04-22 21:50:41', '2017-05-10 11:14:55', '8406a1b9-2c44-4ee8-bbf0-10f290ff0370'),
 ('22', NULL, 'Support Us', 'supportUs', 'single', '1', 'supportUs', '1', '2017-04-24 17:57:47', '2017-04-27 18:41:09', 'c41cf981-19cd-4640-83dc-dd6e259bcc30'),
 ('23', NULL, 'Meeting Minutes', 'meetingMinutes', 'channel', '1', 'meeting-minutes/_entry', '1', '2017-04-27 19:08:02', '2017-04-27 19:08:02', '24e165bf-9c92-43cc-99d3-82d274c57d4f'),
 ('24', NULL, 'Recognition Landing Page', 'recognitionLandingPage', 'single', '1', 'recognition/index.html', '1', '2017-06-14 18:56:46', '2017-06-14 18:56:46', '82c032c0-4d31-46a2-b309-409aa52a7dd0');



DROP TABLE IF EXISTS `craft_sections_i18n`;


--
-- Schema for table `craft_sections_i18n`
--
CREATE TABLE `craft_sections_i18n` (
  `id` int(11) NOT NULL AUTO_INCREMENT,
  `sectionId` int(11) NOT NULL,
  `locale` char(12) COLLATE utf8_unicode_ci NOT NULL,
  `enabledByDefault` tinyint(1) unsigned NOT NULL DEFAULT '1',
  `urlFormat` text COLLATE utf8_unicode_ci,
  `nestedUrlFormat` text COLLATE utf8_unicode_ci,
  `dateCreated` datetime NOT NULL,
  `dateUpdated` datetime NOT NULL,
  `uid` char(36) COLLATE utf8_unicode_ci NOT NULL DEFAULT '0',
  PRIMARY KEY (`id`),
  UNIQUE KEY `craft_sections_i18n_sectionId_locale_unq_idx` (`sectionId`,`locale`),
  KEY `craft_sections_i18n_locale_fk` (`locale`)
) ENGINE=InnoDB AUTO_INCREMENT=25 DEFAULT CHARSET=utf8 COLLATE=utf8_unicode_ci;

--
-- Data for table `craft_sections_i18n`
--

INSERT INTO `craft_sections_i18n` (`id`, `sectionId`, `locale`, `enabledByDefault`, `urlFormat`, `nestedUrlFormat`, `dateCreated`, `dateUpdated`, `uid`) VALUES
 ('1', '1', 'en_us', '1', '__home__', NULL, '2017-01-12 16:12:59', '2017-01-12 16:12:59', 'b34168d3-2228-4a5b-8d90-09bad941aff3'),
 ('2', '2', 'en_us', '1', 'news/{postDate.year}/{slug}', NULL, '2017-01-12 16:12:59', '2017-01-12 16:12:59', '89eda871-7fd5-46a3-815f-1c0782205f0e'),
 ('4', '4', 'en_us', '1', 'partners/{slug}', NULL, '2017-02-23 21:40:51', '2017-02-27 15:18:00', '048239b2-b289-46d0-91a4-7f2756403654'),
 ('5', '5', 'en_us', '1', 'statistics/{slug}', NULL, '2017-02-24 21:50:00', '2017-02-24 21:50:00', '1189c990-4fee-4753-b845-a8ef7a8a8edc'),
 ('6', '6', 'en_us', '1', 'events/{slug}', NULL, '2017-03-08 16:24:40', '2017-03-08 16:24:40', '0ded5992-56af-48ef-a303-cb1f1dd83cca'),
 ('7', '7', 'en_us', '1', 'advertising/{slug}', NULL, '2017-03-12 16:08:01', '2017-05-31 20:16:24', 'b2415790-b0d4-45de-a3ce-de0736ef5fc1'),
 ('8', '8', 'en_us', '1', 'staff/{slug}', NULL, '2017-03-12 16:09:15', '2017-03-12 16:09:15', '776106dd-3512-474f-9b66-86ac9f5d1fad'),
 ('9', '9', 'en_us', '1', 'about', NULL, '2017-03-16 18:11:56', '2017-03-16 18:11:56', '07129cdf-3a92-4f6d-bb80-c1fab35385c6'),
 ('10', '10', 'en_us', '1', 'partners', NULL, '2017-03-16 18:12:46', '2017-03-16 18:12:46', '37e03ae4-c635-42d1-a0af-04a144d3b2ee'),
 ('11', '11', 'en_us', '1', 'involvement', NULL, '2017-03-16 18:13:51', '2017-03-16 18:13:51', '05b6dce6-450a-443d-b86b-1470c2579fb9'),
 ('12', '12', 'en_us', '1', 'advertising', NULL, '2017-03-16 18:15:33', '2017-03-16 18:15:33', '229db4be-39e4-4005-9e95-530a1c143856'),
 ('13', '13', 'en_us', '1', 'contact', NULL, '2017-03-16 18:15:45', '2017-03-16 18:15:45', 'f5c51771-d442-4f7f-8ebe-3a07ad31d665'),
 ('14', '14', 'en_us', '1', NULL, NULL, '2017-03-21 17:33:15', '2017-03-21 17:33:15', 'a95bb9df-457e-44ef-b085-a2ef8f07ad3a'),
 ('18', '18', 'en_us', '1', 'recognition/{slug}', NULL, '2017-04-19 00:47:11', '2017-04-19 00:47:11', '095c6729-4e33-4440-8c16-bbe160f386ea'),
 ('19', '19', 'en_us', '1', 'jobs/{slug}', NULL, '2017-04-19 00:49:33', '2017-04-19 00:49:33', 'c835f300-3fa2-4a97-aa7b-6a3877c0f5bc'),
 ('20', '20', 'en_us', '1', 'news', NULL, '2017-04-22 21:35:28', '2017-04-26 19:17:10', 'b0e8b332-aa41-44aa-a5a4-c9fc216eeab8'),
 ('21', '21', 'en_us', '1', 'boardMembers', NULL, '2017-04-22 21:50:41', '2017-04-22 21:57:18', 'aa3cc2c5-2a93-47ab-92fa-18594669bc70'),
 ('22', '22', 'en_us', '1', 'supportUs', NULL, '2017-04-24 17:57:47', '2017-04-24 17:57:47', '373cd4b8-233b-4707-83e5-e71f23299c8c'),
 ('23', '23', 'en_us', '1', 'meeting-minutes/{slug}', NULL, '2017-04-27 19:08:02', '2017-04-27 19:08:02', '14f0cc03-7a17-449e-924e-74aac3744ab3'),
 ('24', '24', 'en_us', '1', 'recognition', NULL, '2017-06-14 18:56:46', '2017-06-14 18:56:46', '5c3a2712-fbe0-465c-ae3a-5b8d7331784a');



DROP TABLE IF EXISTS `craft_seomatic_meta`;


--
-- Schema for table `craft_seomatic_meta`
--
CREATE TABLE `craft_seomatic_meta` (
  `id` int(11) NOT NULL,
  `seoImageId` int(11) DEFAULT NULL,
  `seoTwitterImageId` int(11) DEFAULT NULL,
  `seoFacebookImageId` int(11) DEFAULT NULL,
  `locale` varchar(255) COLLATE utf8_unicode_ci DEFAULT 'en_us',
  `elementId` int(10) DEFAULT '0',
  `metaType` enum('default','template') COLLATE utf8_unicode_ci DEFAULT 'template',
  `metaPath` varchar(255) COLLATE utf8_unicode_ci DEFAULT '',
  `seoMainEntityCategory` varchar(255) COLLATE utf8_unicode_ci DEFAULT '',
  `seoMainEntityOfPage` varchar(255) COLLATE utf8_unicode_ci DEFAULT '',
  `seoTitle` varchar(255) COLLATE utf8_unicode_ci DEFAULT '',
  `seoDescription` varchar(255) COLLATE utf8_unicode_ci DEFAULT '',
  `seoKeywords` varchar(255) COLLATE utf8_unicode_ci DEFAULT '',
  `seoImageTransform` varchar(255) COLLATE utf8_unicode_ci DEFAULT '',
  `seoFacebookImageTransform` varchar(255) COLLATE utf8_unicode_ci DEFAULT '',
  `seoTwitterImageTransform` varchar(255) COLLATE utf8_unicode_ci DEFAULT '',
  `twitterCardType` varchar(255) COLLATE utf8_unicode_ci DEFAULT 'summary',
  `openGraphType` varchar(255) COLLATE utf8_unicode_ci DEFAULT 'website',
  `robots` varchar(255) COLLATE utf8_unicode_ci DEFAULT '',
  `dateCreated` datetime NOT NULL,
  `dateUpdated` datetime NOT NULL,
  `uid` char(36) COLLATE utf8_unicode_ci NOT NULL DEFAULT '0',
  PRIMARY KEY (`id`),
  KEY `craft_seomatic_meta_seoImageId_fk` (`seoImageId`),
  KEY `craft_seomatic_meta_seoTwitterImageId_fk` (`seoTwitterImageId`),
  KEY `craft_seomatic_meta_seoFacebookImageId_fk` (`seoFacebookImageId`)
) ENGINE=InnoDB DEFAULT CHARSET=utf8 COLLATE=utf8_unicode_ci;

DROP TABLE IF EXISTS `craft_seomatic_settings`;


--
-- Schema for table `craft_seomatic_settings`
--
CREATE TABLE `craft_seomatic_settings` (
  `id` int(11) NOT NULL AUTO_INCREMENT,
  `siteSeoImageId` int(11) DEFAULT NULL,
  `siteSeoTwitterImageId` int(11) DEFAULT NULL,
  `siteSeoFacebookImageId` int(11) DEFAULT NULL,
  `genericOwnerImageId` int(11) DEFAULT NULL,
  `genericCreatorImageId` int(11) DEFAULT NULL,
  `locale` varchar(255) COLLATE utf8_unicode_ci DEFAULT '',
  `siteSeoName` varchar(255) COLLATE utf8_unicode_ci DEFAULT '',
  `siteSeoTitle` varchar(255) COLLATE utf8_unicode_ci DEFAULT '',
  `siteSeoTitleSeparator` varchar(10) COLLATE utf8_unicode_ci DEFAULT '|',
  `siteSeoTitlePlacement` enum('before','after','none') COLLATE utf8_unicode_ci DEFAULT 'after',
  `siteSeoDescription` varchar(255) COLLATE utf8_unicode_ci DEFAULT '',
  `siteSeoKeywords` varchar(255) COLLATE utf8_unicode_ci DEFAULT '',
  `siteSeoImageTransform` varchar(100) COLLATE utf8_unicode_ci DEFAULT '',
  `siteSeoFacebookImageTransform` varchar(100) COLLATE utf8_unicode_ci DEFAULT '',
  `siteSeoTwitterImageTransform` varchar(100) COLLATE utf8_unicode_ci DEFAULT '',
  `siteTwitterCardType` varchar(50) COLLATE utf8_unicode_ci DEFAULT '',
  `siteOpenGraphType` varchar(50) COLLATE utf8_unicode_ci DEFAULT '',
  `siteRobots` varchar(50) COLLATE utf8_unicode_ci DEFAULT '',
  `siteRobotsTxt` text COLLATE utf8_unicode_ci,
  `siteLinksSearchTargets` text COLLATE utf8_unicode_ci,
  `siteLinksQueryInput` varchar(50) COLLATE utf8_unicode_ci DEFAULT '',
  `googleSiteVerification` varchar(100) COLLATE utf8_unicode_ci DEFAULT '',
  `bingSiteVerification` varchar(100) COLLATE utf8_unicode_ci DEFAULT '',
  `googleAnalyticsUID` varchar(50) COLLATE utf8_unicode_ci DEFAULT '',
  `googleTagManagerID` varchar(50) COLLATE utf8_unicode_ci DEFAULT '',
  `googleAnalyticsSendPageview` tinyint(1) unsigned NOT NULL DEFAULT '1',
  `googleAnalyticsAdvertising` tinyint(1) unsigned NOT NULL DEFAULT '0',
  `googleAnalyticsEcommerce` tinyint(1) unsigned NOT NULL DEFAULT '0',
  `googleAnalyticsEEcommerce` tinyint(1) unsigned NOT NULL DEFAULT '0',
  `googleAnalyticsLinkAttribution` tinyint(1) unsigned NOT NULL DEFAULT '0',
  `googleAnalyticsLinker` tinyint(1) unsigned NOT NULL DEFAULT '0',
  `googleAnalyticsAnonymizeIp` tinyint(1) unsigned NOT NULL DEFAULT '0',
  `siteOwnerType` varchar(50) COLLATE utf8_unicode_ci DEFAULT '',
  `siteOwnerSubType` varchar(50) COLLATE utf8_unicode_ci DEFAULT '',
  `siteOwnerSpecificType` varchar(50) COLLATE utf8_unicode_ci DEFAULT '',
  `genericOwnerName` varchar(255) COLLATE utf8_unicode_ci DEFAULT '',
  `genericOwnerAlternateName` varchar(255) COLLATE utf8_unicode_ci DEFAULT '',
  `genericOwnerDescription` varchar(1024) COLLATE utf8_unicode_ci DEFAULT '',
  `genericOwnerUrl` varchar(255) COLLATE utf8_unicode_ci DEFAULT '',
  `genericOwnerTelephone` varchar(255) COLLATE utf8_unicode_ci DEFAULT '',
  `genericOwnerEmail` varchar(255) COLLATE utf8_unicode_ci DEFAULT '',
  `genericOwnerStreetAddress` varchar(255) COLLATE utf8_unicode_ci DEFAULT '',
  `genericOwnerAddressLocality` varchar(255) COLLATE utf8_unicode_ci DEFAULT '',
  `genericOwnerAddressRegion` varchar(255) COLLATE utf8_unicode_ci DEFAULT '',
  `genericOwnerPostalCode` varchar(255) COLLATE utf8_unicode_ci DEFAULT '',
  `genericOwnerAddressCountry` varchar(255) COLLATE utf8_unicode_ci DEFAULT '',
  `genericOwnerGeoLatitude` varchar(255) COLLATE utf8_unicode_ci DEFAULT '',
  `genericOwnerGeoLongitude` varchar(255) COLLATE utf8_unicode_ci DEFAULT '',
  `organizationOwnerDuns` varchar(255) COLLATE utf8_unicode_ci DEFAULT '',
  `organizationOwnerFounder` varchar(255) COLLATE utf8_unicode_ci DEFAULT '',
  `organizationOwnerFoundingDate` varchar(255) COLLATE utf8_unicode_ci DEFAULT '',
  `organizationOwnerFoundingLocation` varchar(255) COLLATE utf8_unicode_ci DEFAULT '',
  `organizationOwnerContactPoints` text COLLATE utf8_unicode_ci,
  `localBusinessPriceRange` varchar(10) COLLATE utf8_unicode_ci DEFAULT '$$$',
  `localBusinessOwnerOpeningHours` text COLLATE utf8_unicode_ci,
  `corporationOwnerTickerSymbol` varchar(255) COLLATE utf8_unicode_ci DEFAULT '',
  `restaurantOwnerServesCuisine` varchar(255) COLLATE utf8_unicode_ci DEFAULT '',
  `restaurantOwnerMenuUrl` varchar(255) COLLATE utf8_unicode_ci DEFAULT '',
  `restaurantOwnerReservationsUrl` varchar(255) COLLATE utf8_unicode_ci DEFAULT '',
  `personOwnerGender` varchar(255) COLLATE utf8_unicode_ci DEFAULT '',
  `personOwnerBirthPlace` varchar(255) COLLATE utf8_unicode_ci DEFAULT '',
  `twitterHandle` varchar(50) COLLATE utf8_unicode_ci DEFAULT '',
  `facebookHandle` varchar(50) COLLATE utf8_unicode_ci DEFAULT '',
  `facebookProfileId` varchar(50) COLLATE utf8_unicode_ci DEFAULT '',
  `facebookAppId` varchar(50) COLLATE utf8_unicode_ci DEFAULT '',
  `linkedInHandle` varchar(50) COLLATE utf8_unicode_ci DEFAULT '',
  `googlePlusHandle` varchar(50) COLLATE utf8_unicode_ci DEFAULT '',
  `youtubeHandle` varchar(50) COLLATE utf8_unicode_ci DEFAULT '',
  `youtubeChannelHandle` varchar(50) COLLATE utf8_unicode_ci DEFAULT '',
  `instagramHandle` varchar(50) COLLATE utf8_unicode_ci DEFAULT '',
  `pinterestHandle` varchar(50) COLLATE utf8_unicode_ci DEFAULT '',
  `githubHandle` varchar(50) COLLATE utf8_unicode_ci DEFAULT '',
  `vimeoHandle` varchar(50) COLLATE utf8_unicode_ci DEFAULT '',
  `wikipediaUrl` varchar(100) COLLATE utf8_unicode_ci DEFAULT '',
  `siteCreatorType` varchar(255) COLLATE utf8_unicode_ci DEFAULT '',
  `siteCreatorSubType` varchar(255) COLLATE utf8_unicode_ci DEFAULT '',
  `siteCreatorSpecificType` varchar(255) COLLATE utf8_unicode_ci DEFAULT '',
  `genericCreatorName` varchar(255) COLLATE utf8_unicode_ci DEFAULT '',
  `genericCreatorAlternateName` varchar(255) COLLATE utf8_unicode_ci DEFAULT '',
  `genericCreatorDescription` varchar(1024) COLLATE utf8_unicode_ci DEFAULT '',
  `genericCreatorUrl` varchar(255) COLLATE utf8_unicode_ci DEFAULT '',
  `genericCreatorTelephone` varchar(255) COLLATE utf8_unicode_ci DEFAULT '',
  `genericCreatorEmail` varchar(255) COLLATE utf8_unicode_ci DEFAULT '',
  `genericCreatorStreetAddress` varchar(255) COLLATE utf8_unicode_ci DEFAULT '',
  `genericCreatorAddressLocality` varchar(255) COLLATE utf8_unicode_ci DEFAULT '',
  `genericCreatorAddressRegion` varchar(255) COLLATE utf8_unicode_ci DEFAULT '',
  `genericCreatorPostalCode` varchar(255) COLLATE utf8_unicode_ci DEFAULT '',
  `genericCreatorAddressCountry` varchar(255) COLLATE utf8_unicode_ci DEFAULT '',
  `genericCreatorGeoLatitude` varchar(255) COLLATE utf8_unicode_ci DEFAULT '',
  `genericCreatorGeoLongitude` varchar(255) COLLATE utf8_unicode_ci DEFAULT '',
  `organizationCreatorDuns` varchar(255) COLLATE utf8_unicode_ci DEFAULT '',
  `organizationCreatorFounder` varchar(255) COLLATE utf8_unicode_ci DEFAULT '',
  `organizationCreatorFoundingDate` varchar(255) COLLATE utf8_unicode_ci DEFAULT '',
  `organizationCreatorFoundingLocation` varchar(255) COLLATE utf8_unicode_ci DEFAULT '',
  `organizationCreatorContactPoints` text COLLATE utf8_unicode_ci,
  `localBusinessCreatorOpeningHours` text COLLATE utf8_unicode_ci,
  `corporationCreatorTickerSymbol` varchar(255) COLLATE utf8_unicode_ci DEFAULT '',
  `restaurantCreatorServesCuisine` varchar(255) COLLATE utf8_unicode_ci DEFAULT '',
  `restaurantCreatorMenuUrl` varchar(255) COLLATE utf8_unicode_ci DEFAULT '',
  `restaurantCreatorReservationsUrl` varchar(255) COLLATE utf8_unicode_ci DEFAULT '',
  `personCreatorGender` varchar(255) COLLATE utf8_unicode_ci DEFAULT '',
  `personCreatorBirthPlace` varchar(255) COLLATE utf8_unicode_ci DEFAULT '',
  `genericCreatorHumansTxt` text COLLATE utf8_unicode_ci,
  `dateCreated` datetime NOT NULL,
  `dateUpdated` datetime NOT NULL,
  `uid` char(36) COLLATE utf8_unicode_ci NOT NULL DEFAULT '0',
  PRIMARY KEY (`id`),
  KEY `craft_seomatic_settings_siteSeoImageId_fk` (`siteSeoImageId`),
  KEY `craft_seomatic_settings_siteSeoTwitterImageId_fk` (`siteSeoTwitterImageId`),
  KEY `craft_seomatic_settings_siteSeoFacebookImageId_fk` (`siteSeoFacebookImageId`),
  KEY `craft_seomatic_settings_genericOwnerImageId_fk` (`genericOwnerImageId`),
  KEY `craft_seomatic_settings_genericCreatorImageId_fk` (`genericCreatorImageId`)
) ENGINE=InnoDB AUTO_INCREMENT=2 DEFAULT CHARSET=utf8 COLLATE=utf8_unicode_ci;

--
-- Data for table `craft_seomatic_settings`
--

INSERT INTO `craft_seomatic_settings` (`id`, `siteSeoImageId`, `siteSeoTwitterImageId`, `siteSeoFacebookImageId`, `genericOwnerImageId`, `genericCreatorImageId`, `locale`, `siteSeoName`, `siteSeoTitle`, `siteSeoTitleSeparator`, `siteSeoTitlePlacement`, `siteSeoDescription`, `siteSeoKeywords`, `siteSeoImageTransform`, `siteSeoFacebookImageTransform`, `siteSeoTwitterImageTransform`, `siteTwitterCardType`, `siteOpenGraphType`, `siteRobots`, `siteRobotsTxt`, `siteLinksSearchTargets`, `siteLinksQueryInput`, `googleSiteVerification`, `bingSiteVerification`, `googleAnalyticsUID`, `googleTagManagerID`, `googleAnalyticsSendPageview`, `googleAnalyticsAdvertising`, `googleAnalyticsEcommerce`, `googleAnalyticsEEcommerce`, `googleAnalyticsLinkAttribution`, `googleAnalyticsLinker`, `googleAnalyticsAnonymizeIp`, `siteOwnerType`, `siteOwnerSubType`, `siteOwnerSpecificType`, `genericOwnerName`, `genericOwnerAlternateName`, `genericOwnerDescription`, `genericOwnerUrl`, `genericOwnerTelephone`, `genericOwnerEmail`, `genericOwnerStreetAddress`, `genericOwnerAddressLocality`, `genericOwnerAddressRegion`, `genericOwnerPostalCode`, `genericOwnerAddressCountry`, `genericOwnerGeoLatitude`, `genericOwnerGeoLongitude`, `organizationOwnerDuns`, `organizationOwnerFounder`, `organizationOwnerFoundingDate`, `organizationOwnerFoundingLocation`, `organizationOwnerContactPoints`, `localBusinessPriceRange`, `localBusinessOwnerOpeningHours`, `corporationOwnerTickerSymbol`, `restaurantOwnerServesCuisine`, `restaurantOwnerMenuUrl`, `restaurantOwnerReservationsUrl`, `personOwnerGender`, `personOwnerBirthPlace`, `twitterHandle`, `facebookHandle`, `facebookProfileId`, `facebookAppId`, `linkedInHandle`, `googlePlusHandle`, `youtubeHandle`, `youtubeChannelHandle`, `instagramHandle`, `pinterestHandle`, `githubHandle`, `vimeoHandle`, `wikipediaUrl`, `siteCreatorType`, `siteCreatorSubType`, `siteCreatorSpecificType`, `genericCreatorName`, `genericCreatorAlternateName`, `genericCreatorDescription`, `genericCreatorUrl`, `genericCreatorTelephone`, `genericCreatorEmail`, `genericCreatorStreetAddress`, `genericCreatorAddressLocality`, `genericCreatorAddressRegion`, `genericCreatorPostalCode`, `genericCreatorAddressCountry`, `genericCreatorGeoLatitude`, `genericCreatorGeoLongitude`, `organizationCreatorDuns`, `organizationCreatorFounder`, `organizationCreatorFoundingDate`, `organizationCreatorFoundingLocation`, `organizationCreatorContactPoints`, `localBusinessCreatorOpeningHours`, `corporationCreatorTickerSymbol`, `restaurantCreatorServesCuisine`, `restaurantCreatorMenuUrl`, `restaurantCreatorReservationsUrl`, `personCreatorGender`, `personCreatorBirthPlace`, `genericCreatorHumansTxt`, `dateCreated`, `dateUpdated`, `uid`) VALUES
 ('1', '223', '224', '223', '223', NULL, 'en_us', 'Kent State Student Media', 'Kent State Student Media', '|', 'after', 'Your online resource for all of Kent State University\'s independent student media partners and advertising options.', 'default,global,comma-separated,keywords', '', '', '', 'summary', 'website', 'all', '# robots.txt for {{ siteUrl }}\r\n\r\nSitemap: {{ siteUrl |trim(\'/\') }}/sitemap.xml\r\n\r\n# Don\'t allow web crawlers to index Craft\r\n\r\nUser-agent: *\r\nDisallow: /craft/\r\n', '[]', '', '', '', '', '', '0', '0', '0', '0', '0', '0', '0', 'Organization', 'Corporation', '', 'Kent State Student Media', '', '', 'https://kentstatestudentmedia.com/', '', '', '', '', '', '', '', '', '', '', '', '', '', '[]', '$$$', '[{\"open\":\"\",\"close\":\"\"},{\"open\":\"\",\"close\":\"\"},{\"open\":\"\",\"close\":\"\"},{\"open\":\"\",\"close\":\"\"},{\"open\":\"\",\"close\":\"\"},{\"open\":\"\",\"close\":\"\"},{\"open\":\"\",\"close\":\"\"}]', '', '', '', '', 'Male', '', 'kentwired', '', '', '', '', '', '', '', '', '', '', '', '', 'Organization', 'Corporation', '', '', '', '', '', '', '', '', '', '', '', '', '', '', '', '', '', '', '', '', '', '', '', '', '', '', '/* TEAM */\r\n\r\n{% if seomaticCreator.name is defined and seomaticCreator.name %}\r\nCreator: {{ seomaticCreator.name }}\r\n{% endif %}\r\n{% if seomaticCreator.url is defined and seomaticCreator.url %}\r\nURL: {{ seomaticCreator.url }}\r\n{% endif %}\r\n{% if seomaticCreator.description is defined and seomaticCreator.description %}\r\nDescription: {{ seomaticCreator.description }}\r\n{% endif %}\r\n\r\n/* THANKS */\r\n\r\nPixel & Tonic - https://pixelandtonic.com\r\n\r\n/* SITE */\r\n\r\nStandards: HTML5, CSS3\r\nComponents: Craft CMS, Yii, PHP, Javascript, SEOmatic', '2017-04-10 18:46:47', '2017-05-11 02:41:32', '0c5d37b9-09d5-42cf-81a0-3a16bacddbb3');



DROP TABLE IF EXISTS `craft_sessions`;


--
-- Schema for table `craft_sessions`
--
CREATE TABLE `craft_sessions` (
  `id` int(11) NOT NULL AUTO_INCREMENT,
  `userId` int(11) NOT NULL,
  `token` char(100) COLLATE utf8_unicode_ci NOT NULL,
  `dateCreated` datetime NOT NULL,
  `dateUpdated` datetime NOT NULL,
  `uid` char(36) COLLATE utf8_unicode_ci NOT NULL DEFAULT '0',
  PRIMARY KEY (`id`),
  KEY `craft_sessions_uid_idx` (`uid`),
  KEY `craft_sessions_token_idx` (`token`),
  KEY `craft_sessions_dateUpdated_idx` (`dateUpdated`),
  KEY `craft_sessions_userId_fk` (`userId`)
) ENGINE=InnoDB AUTO_INCREMENT=156 DEFAULT CHARSET=utf8 COLLATE=utf8_unicode_ci;

DROP TABLE IF EXISTS `craft_shunnedmessages`;


--
-- Schema for table `craft_shunnedmessages`
--
CREATE TABLE `craft_shunnedmessages` (
  `id` int(11) NOT NULL AUTO_INCREMENT,
  `userId` int(11) NOT NULL,
  `message` varchar(255) COLLATE utf8_unicode_ci NOT NULL,
  `expiryDate` datetime DEFAULT NULL,
  `dateCreated` datetime NOT NULL,
  `dateUpdated` datetime NOT NULL,
  `uid` char(36) COLLATE utf8_unicode_ci NOT NULL DEFAULT '0',
  PRIMARY KEY (`id`),
  UNIQUE KEY `craft_shunnedmessages_userId_message_unq_idx` (`userId`,`message`)
) ENGINE=InnoDB DEFAULT CHARSET=utf8 COLLATE=utf8_unicode_ci;

DROP TABLE IF EXISTS `craft_structureelements`;


--
-- Schema for table `craft_structureelements`
--
CREATE TABLE `craft_structureelements` (
  `id` int(11) NOT NULL AUTO_INCREMENT,
  `structureId` int(11) NOT NULL,
  `elementId` int(11) DEFAULT NULL,
  `root` int(11) unsigned DEFAULT NULL,
  `lft` int(11) unsigned NOT NULL,
  `rgt` int(11) unsigned NOT NULL,
  `level` smallint(6) unsigned NOT NULL,
  `dateCreated` datetime NOT NULL,
  `dateUpdated` datetime NOT NULL,
  `uid` char(36) COLLATE utf8_unicode_ci NOT NULL DEFAULT '0',
  PRIMARY KEY (`id`),
  UNIQUE KEY `craft_structureelements_structureId_elementId_unq_idx` (`structureId`,`elementId`),
  KEY `craft_structureelements_root_idx` (`root`),
  KEY `craft_structureelements_lft_idx` (`lft`),
  KEY `craft_structureelements_rgt_idx` (`rgt`),
  KEY `craft_structureelements_level_idx` (`level`),
  KEY `craft_structureelements_elementId_fk` (`elementId`)
) ENGINE=InnoDB AUTO_INCREMENT=9 DEFAULT CHARSET=utf8 COLLATE=utf8_unicode_ci;

--
-- Data for table `craft_structureelements`
--

INSERT INTO `craft_structureelements` (`id`, `structureId`, `elementId`, `root`, `lft`, `rgt`, `level`, `dateCreated`, `dateUpdated`, `uid`) VALUES
 ('1', '1', NULL, '1', '1', '10', '0', '2017-03-12 16:15:37', '2017-03-12 16:15:37', '8ef4e8d8-9a0a-4ff8-9f14-2594130a7743'),
 ('2', '1', '42', '1', '2', '3', '1', '2017-03-12 16:15:37', '2017-03-12 16:15:37', '4514fce0-8d08-45dc-9444-d7d368adec2f'),
 ('3', '1', '68', '1', '4', '5', '1', '2017-03-23 18:09:01', '2017-03-23 18:09:01', '41eaab08-45bc-4f69-9175-dc86a656cf0b'),
 ('4', '1', '69', '1', '6', '7', '1', '2017-03-23 18:09:09', '2017-03-23 18:09:09', '72be9de9-4d16-464e-91c2-8bedd6661d9a'),
 ('5', '1', '70', '1', '8', '9', '1', '2017-03-23 18:09:15', '2017-03-23 18:09:15', 'bee71261-700d-415f-894a-c93a98445280'),
 ('7', '2', NULL, '7', '1', '2', '0', '2017-04-23 02:09:58', '2017-04-23 02:09:58', '606163e6-64f9-4177-912c-941d03ba0cd3');



DROP TABLE IF EXISTS `craft_structures`;


--
-- Schema for table `craft_structures`
--
CREATE TABLE `craft_structures` (
  `id` int(11) NOT NULL AUTO_INCREMENT,
  `maxLevels` smallint(6) unsigned DEFAULT NULL,
  `dateCreated` datetime NOT NULL,
  `dateUpdated` datetime NOT NULL,
  `uid` char(36) COLLATE utf8_unicode_ci NOT NULL DEFAULT '0',
  PRIMARY KEY (`id`)
) ENGINE=InnoDB AUTO_INCREMENT=3 DEFAULT CHARSET=utf8 COLLATE=utf8_unicode_ci;

--
-- Data for table `craft_structures`
--

INSERT INTO `craft_structures` (`id`, `maxLevels`, `dateCreated`, `dateUpdated`, `uid`) VALUES
 ('1', NULL, '2017-03-12 16:02:21', '2017-03-23 19:52:23', '12631aff-bd49-48a9-ad8f-7dd4c09678eb'),
 ('2', NULL, '2017-04-22 22:15:28', '2017-04-22 22:15:28', '4187dd7b-ec82-402e-934e-0934108ba9ce');



DROP TABLE IF EXISTS `craft_systemsettings`;


--
-- Schema for table `craft_systemsettings`
--
CREATE TABLE `craft_systemsettings` (
  `id` int(11) NOT NULL AUTO_INCREMENT,
  `category` varchar(15) COLLATE utf8_unicode_ci NOT NULL,
  `settings` text COLLATE utf8_unicode_ci,
  `dateCreated` datetime NOT NULL,
  `dateUpdated` datetime NOT NULL,
  `uid` char(36) COLLATE utf8_unicode_ci NOT NULL DEFAULT '0',
  PRIMARY KEY (`id`),
  UNIQUE KEY `craft_systemsettings_category_unq_idx` (`category`)
) ENGINE=InnoDB AUTO_INCREMENT=2 DEFAULT CHARSET=utf8 COLLATE=utf8_unicode_ci;

--
-- Data for table `craft_systemsettings`
--

INSERT INTO `craft_systemsettings` (`id`, `category`, `settings`, `dateCreated`, `dateUpdated`, `uid`) VALUES
 ('1', 'email', '{\"protocol\":\"php\",\"emailAddress\":\"challahan@ideabasekent.com\",\"senderName\":\"Kent State Student Media\"}', '2017-01-12 16:12:59', '2017-01-12 16:12:59', 'bbaaf90a-39dd-4bba-8927-5cabca4ea28b');



DROP TABLE IF EXISTS `craft_taggroups`;


--
-- Schema for table `craft_taggroups`
--
CREATE TABLE `craft_taggroups` (
  `id` int(11) NOT NULL AUTO_INCREMENT,
  `name` varchar(255) COLLATE utf8_unicode_ci NOT NULL,
  `handle` varchar(255) COLLATE utf8_unicode_ci NOT NULL,
  `fieldLayoutId` int(10) DEFAULT NULL,
  `dateCreated` datetime NOT NULL,
  `dateUpdated` datetime NOT NULL,
  `uid` char(36) COLLATE utf8_unicode_ci NOT NULL DEFAULT '0',
  PRIMARY KEY (`id`),
  UNIQUE KEY `craft_taggroups_name_unq_idx` (`name`),
  UNIQUE KEY `craft_taggroups_handle_unq_idx` (`handle`),
  KEY `craft_taggroups_fieldLayoutId_fk` (`fieldLayoutId`)
) ENGINE=InnoDB AUTO_INCREMENT=2 DEFAULT CHARSET=utf8 COLLATE=utf8_unicode_ci;

--
-- Data for table `craft_taggroups`
--

INSERT INTO `craft_taggroups` (`id`, `name`, `handle`, `fieldLayoutId`, `dateCreated`, `dateUpdated`, `uid`) VALUES
 ('1', 'Default', 'default', '1', '2017-01-12 16:12:59', '2017-01-12 16:12:59', '7438c20a-25b6-4a33-9cea-7b39061b9af1');



DROP TABLE IF EXISTS `craft_tags`;


--
-- Schema for table `craft_tags`
--
CREATE TABLE `craft_tags` (
  `id` int(11) NOT NULL,
  `groupId` int(11) NOT NULL,
  `dateCreated` datetime NOT NULL,
  `dateUpdated` datetime NOT NULL,
  `uid` char(36) COLLATE utf8_unicode_ci NOT NULL DEFAULT '0',
  PRIMARY KEY (`id`),
  KEY `craft_tags_groupId_fk` (`groupId`)
) ENGINE=InnoDB DEFAULT CHARSET=utf8 COLLATE=utf8_unicode_ci;

DROP TABLE IF EXISTS `craft_tasks`;


--
-- Schema for table `craft_tasks`
--
CREATE TABLE `craft_tasks` (
  `id` int(11) NOT NULL AUTO_INCREMENT,
  `root` int(11) unsigned DEFAULT NULL,
  `lft` int(11) unsigned NOT NULL,
  `rgt` int(11) unsigned NOT NULL,
  `level` smallint(6) unsigned NOT NULL,
  `currentStep` int(11) unsigned DEFAULT NULL,
  `totalSteps` int(11) unsigned DEFAULT NULL,
  `status` enum('pending','error','running') COLLATE utf8_unicode_ci DEFAULT NULL,
  `type` varchar(150) COLLATE utf8_unicode_ci NOT NULL,
  `description` varchar(255) COLLATE utf8_unicode_ci DEFAULT NULL,
  `settings` mediumtext COLLATE utf8_unicode_ci,
  `dateCreated` datetime NOT NULL,
  `dateUpdated` datetime NOT NULL,
  `uid` char(36) COLLATE utf8_unicode_ci NOT NULL DEFAULT '0',
  PRIMARY KEY (`id`),
  KEY `craft_tasks_root_idx` (`root`),
  KEY `craft_tasks_lft_idx` (`lft`),
  KEY `craft_tasks_rgt_idx` (`rgt`),
  KEY `craft_tasks_level_idx` (`level`)
) ENGINE=InnoDB AUTO_INCREMENT=1182 DEFAULT CHARSET=utf8 COLLATE=utf8_unicode_ci;

DROP TABLE IF EXISTS `craft_templatecachecriteria`;


--
-- Schema for table `craft_templatecachecriteria`
--
CREATE TABLE `craft_templatecachecriteria` (
  `id` int(11) NOT NULL AUTO_INCREMENT,
  `cacheId` int(11) NOT NULL,
  `type` varchar(150) COLLATE utf8_unicode_ci NOT NULL,
  `criteria` text COLLATE utf8_unicode_ci NOT NULL,
  PRIMARY KEY (`id`),
  KEY `craft_templatecachecriteria_cacheId_fk` (`cacheId`),
  KEY `craft_templatecachecriteria_type_idx` (`type`)
) ENGINE=InnoDB DEFAULT CHARSET=utf8 COLLATE=utf8_unicode_ci;

DROP TABLE IF EXISTS `craft_templatecacheelements`;


--
-- Schema for table `craft_templatecacheelements`
--
CREATE TABLE `craft_templatecacheelements` (
  `cacheId` int(11) NOT NULL,
  `elementId` int(11) NOT NULL,
  KEY `craft_templatecacheelements_cacheId_fk` (`cacheId`),
  KEY `craft_templatecacheelements_elementId_fk` (`elementId`)
) ENGINE=InnoDB DEFAULT CHARSET=utf8 COLLATE=utf8_unicode_ci;

DROP TABLE IF EXISTS `craft_templatecaches`;


--
-- Schema for table `craft_templatecaches`
--
CREATE TABLE `craft_templatecaches` (
  `id` int(11) NOT NULL AUTO_INCREMENT,
  `cacheKey` varchar(255) COLLATE utf8_unicode_ci NOT NULL,
  `locale` char(12) COLLATE utf8_unicode_ci NOT NULL,
  `path` varchar(255) COLLATE utf8_unicode_ci DEFAULT NULL,
  `expiryDate` datetime NOT NULL,
  `body` mediumtext COLLATE utf8_unicode_ci NOT NULL,
  PRIMARY KEY (`id`),
  KEY `craft_templatecaches_expiryDate_cacheKey_locale_path_idx` (`expiryDate`,`cacheKey`,`locale`,`path`),
  KEY `craft_templatecaches_locale_fk` (`locale`)
) ENGINE=InnoDB DEFAULT CHARSET=utf8 COLLATE=utf8_unicode_ci;

DROP TABLE IF EXISTS `craft_tokens`;


--
-- Schema for table `craft_tokens`
--
CREATE TABLE `craft_tokens` (
  `id` int(11) NOT NULL AUTO_INCREMENT,
  `token` char(32) COLLATE utf8_unicode_ci NOT NULL,
  `route` text COLLATE utf8_unicode_ci,
  `usageLimit` tinyint(3) unsigned DEFAULT NULL,
  `usageCount` tinyint(3) unsigned DEFAULT NULL,
  `expiryDate` datetime NOT NULL,
  `dateCreated` datetime NOT NULL,
  `dateUpdated` datetime NOT NULL,
  `uid` char(36) COLLATE utf8_unicode_ci NOT NULL DEFAULT '0',
  PRIMARY KEY (`id`),
  UNIQUE KEY `craft_tokens_token_unq_idx` (`token`),
  KEY `craft_tokens_expiryDate_idx` (`expiryDate`)
) ENGINE=InnoDB DEFAULT CHARSET=utf8 COLLATE=utf8_unicode_ci;

DROP TABLE IF EXISTS `craft_usergroups`;


--
-- Schema for table `craft_usergroups`
--
CREATE TABLE `craft_usergroups` (
  `id` int(11) NOT NULL AUTO_INCREMENT,
  `name` varchar(255) COLLATE utf8_unicode_ci NOT NULL,
  `handle` varchar(255) COLLATE utf8_unicode_ci NOT NULL,
  `dateCreated` datetime NOT NULL,
  `dateUpdated` datetime NOT NULL,
  `uid` char(36) COLLATE utf8_unicode_ci NOT NULL DEFAULT '0',
  PRIMARY KEY (`id`),
  UNIQUE KEY `craft_usergroups_name_unq_idx` (`name`),
  UNIQUE KEY `craft_usergroups_handle_unq_idx` (`handle`)
) ENGINE=InnoDB AUTO_INCREMENT=3 DEFAULT CHARSET=utf8 COLLATE=utf8_unicode_ci;

--
-- Data for table `craft_usergroups`
--

INSERT INTO `craft_usergroups` (`id`, `name`, `handle`, `dateCreated`, `dateUpdated`, `uid`) VALUES
 ('1', 'Media Leaders', 'mediaLeaders', '2017-04-24 13:42:17', '2017-04-24 13:42:17', 'c7f7e265-3010-4306-b066-8f20ea14b7cd'),
 ('2', 'Student Media Admin', 'studentMediaAdmin', '2017-05-19 18:24:20', '2017-05-19 18:24:20', '8a6916ed-809a-4db1-9289-f55317dc3781');



DROP TABLE IF EXISTS `craft_usergroups_users`;


--
-- Schema for table `craft_usergroups_users`
--
CREATE TABLE `craft_usergroups_users` (
  `id` int(11) NOT NULL AUTO_INCREMENT,
  `groupId` int(11) NOT NULL,
  `userId` int(11) NOT NULL,
  `dateCreated` datetime NOT NULL,
  `dateUpdated` datetime NOT NULL,
  `uid` char(36) COLLATE utf8_unicode_ci NOT NULL DEFAULT '0',
  PRIMARY KEY (`id`),
  UNIQUE KEY `craft_usergroups_users_groupId_userId_unq_idx` (`groupId`,`userId`),
  KEY `craft_usergroups_users_userId_fk` (`userId`)
) ENGINE=InnoDB AUTO_INCREMENT=4 DEFAULT CHARSET=utf8 COLLATE=utf8_unicode_ci;

--
-- Data for table `craft_usergroups_users`
--

INSERT INTO `craft_usergroups_users` (`id`, `groupId`, `userId`, `dateCreated`, `dateUpdated`, `uid`) VALUES
 ('1', '2', '235', '2017-05-19 18:26:26', '2017-05-19 18:26:26', 'd06abe99-4b9f-4809-8196-351e3d9e2c1e'),
 ('3', '2', '267', '2017-06-02 19:26:48', '2017-06-02 19:26:48', '5aea1e7c-db06-4e71-b014-1c614c54dcca');



DROP TABLE IF EXISTS `craft_userpermissions`;


--
-- Schema for table `craft_userpermissions`
--
CREATE TABLE `craft_userpermissions` (
  `id` int(11) NOT NULL AUTO_INCREMENT,
  `name` varchar(255) COLLATE utf8_unicode_ci NOT NULL,
  `dateCreated` datetime NOT NULL,
  `dateUpdated` datetime NOT NULL,
  `uid` char(36) COLLATE utf8_unicode_ci NOT NULL DEFAULT '0',
  PRIMARY KEY (`id`),
  UNIQUE KEY `craft_userpermissions_name_unq_idx` (`name`)
) ENGINE=InnoDB AUTO_INCREMENT=173 DEFAULT CHARSET=utf8 COLLATE=utf8_unicode_ci;

--
-- Data for table `craft_userpermissions`
--

INSERT INTO `craft_userpermissions` (`id`, `name`, `dateCreated`, `dateUpdated`, `uid`) VALUES
 ('1', 'createentries:7', '2017-04-24 13:42:17', '2017-04-24 13:42:17', 'b870c16b-9197-4853-9b7b-9042781d02a2'),
 ('2', 'publishentries:7', '2017-04-24 13:42:17', '2017-04-24 13:42:17', '0abfd4e8-5e32-4b3c-975a-30f2d093e478'),
 ('3', 'deleteentries:7', '2017-04-24 13:42:17', '2017-04-24 13:42:17', '42f1ad7e-ad16-46c1-9872-0cbb0c3add2b'),
 ('4', 'publishpeerentries:7', '2017-04-24 13:42:17', '2017-04-24 13:42:17', 'd028734f-3bbf-493f-b886-c2817d168782'),
 ('5', 'deletepeerentries:7', '2017-04-24 13:42:17', '2017-04-24 13:42:17', '71a32341-31cc-4355-bb1e-71eddb535289'),
 ('6', 'editpeerentries:7', '2017-04-24 13:42:17', '2017-04-24 13:42:17', '340ba596-eb46-44e9-b1e3-e2d1cf3104dd'),
 ('7', 'publishpeerentrydrafts:7', '2017-04-24 13:42:17', '2017-04-24 13:42:17', 'bd70cbaa-c393-475f-8416-9765d08a4dd2'),
 ('8', 'deletepeerentrydrafts:7', '2017-04-24 13:42:17', '2017-04-24 13:42:17', '8aa1443f-b6fb-4d3e-9594-d2f8f00e470f'),
 ('9', 'editpeerentrydrafts:7', '2017-04-24 13:42:17', '2017-04-24 13:42:17', '239a5a36-c8f1-49ad-b028-7f17d4e988ab'),
 ('10', 'editentries:7', '2017-04-24 13:42:17', '2017-04-24 13:42:17', '00eda41a-4b87-4f28-a9d8-a7339bdac387'),
 ('11', 'publishentries:12', '2017-04-24 13:42:17', '2017-04-24 13:42:17', 'fbfba5e0-47b6-4c3e-a43a-a43b25fc6b0d'),
 ('12', 'publishpeerentrydrafts:12', '2017-04-24 13:42:17', '2017-04-24 13:42:17', '09355472-28f5-4f20-a4c4-2012a549c73d'),
 ('13', 'deletepeerentrydrafts:12', '2017-04-24 13:42:17', '2017-04-24 13:42:17', 'c8e395ba-ba5a-4001-92d1-10851d7d9a40'),
 ('14', 'editpeerentrydrafts:12', '2017-04-24 13:42:17', '2017-04-24 13:42:17', 'b74da2ea-7ed4-4233-8864-195ebc2c8ef2'),
 ('15', 'editentries:12', '2017-04-24 13:42:17', '2017-04-24 13:42:17', '3e8898b6-da8f-46b4-9d66-fae28f94dd16'),
 ('16', 'createentries:6', '2017-04-24 13:42:17', '2017-04-24 13:42:17', '968be727-a153-4ee1-8424-3f9c0970afa0'),
 ('17', 'publishentries:6', '2017-04-24 13:42:17', '2017-04-24 13:42:17', '9a48b58f-c19e-46e2-91f4-5b9d42ff65ab'),
 ('18', 'deleteentries:6', '2017-04-24 13:42:17', '2017-04-24 13:42:17', '1f998b71-3ee2-4333-bbf3-ec7b3fd88b37'),
 ('19', 'publishpeerentries:6', '2017-04-24 13:42:17', '2017-04-24 13:42:17', 'e650167c-590c-4a97-bc4f-175e733e0ee5'),
 ('20', 'deletepeerentries:6', '2017-04-24 13:42:17', '2017-04-24 13:42:17', '56faaf2c-05af-4391-8bcb-b3fa7811d88a'),
 ('21', 'editpeerentries:6', '2017-04-24 13:42:17', '2017-04-24 13:42:17', '76a0968f-ca52-4ecf-8e3f-fadb6af2a45f'),
 ('22', 'publishpeerentrydrafts:6', '2017-04-24 13:42:17', '2017-04-24 13:42:17', '7f67a34f-9f49-464c-b0eb-0aeb6a3e06d0'),
 ('23', 'deletepeerentrydrafts:6', '2017-04-24 13:42:17', '2017-04-24 13:42:17', 'e3ae5aee-c2b1-4510-a93f-86701202e87b'),
 ('24', 'editpeerentrydrafts:6', '2017-04-24 13:42:17', '2017-04-24 13:42:17', '6c453846-656a-43db-9928-e3f4875aa989'),
 ('25', 'editentries:6', '2017-04-24 13:42:17', '2017-04-24 13:42:17', '2ec2e800-4c3e-4615-8d18-7bf08827f349'),
 ('26', 'publishentries:11', '2017-04-24 13:42:17', '2017-04-24 13:42:17', 'deeb8925-6e30-42f9-ac5a-61c403b0020e'),
 ('27', 'publishpeerentrydrafts:11', '2017-04-24 13:42:17', '2017-04-24 13:42:17', '4f162617-efe8-4383-a50a-0fba0cc8555d'),
 ('28', 'deletepeerentrydrafts:11', '2017-04-24 13:42:17', '2017-04-24 13:42:17', 'c1b7529f-bb3c-4a63-88a2-1451e0aaedab'),
 ('29', 'editpeerentrydrafts:11', '2017-04-24 13:42:17', '2017-04-24 13:42:17', 'edc48efd-ff34-4ef5-bdfc-9a31d1b88873'),
 ('30', 'editentries:11', '2017-04-24 13:42:17', '2017-04-24 13:42:17', '49150628-45f1-4010-b59c-c47427384b7a'),
 ('31', 'createentries:19', '2017-04-24 13:42:17', '2017-04-24 13:42:17', 'ba14087f-979e-4d07-914b-6f7679ed443d'),
 ('32', 'publishentries:19', '2017-04-24 13:42:17', '2017-04-24 13:42:17', '1fc84288-0c11-40ef-99f6-cf666248c254'),
 ('33', 'deleteentries:19', '2017-04-24 13:42:17', '2017-04-24 13:42:17', 'bc952886-cf3b-46c5-9f6d-a95a800c8da6'),
 ('34', 'publishpeerentries:19', '2017-04-24 13:42:17', '2017-04-24 13:42:17', '01cd9a86-97be-4946-abc4-bae44c10cad1'),
 ('35', 'deletepeerentries:19', '2017-04-24 13:42:17', '2017-04-24 13:42:17', 'e0d88ab8-b81c-49a9-a0a1-912b9969e024'),
 ('36', 'editpeerentries:19', '2017-04-24 13:42:17', '2017-04-24 13:42:17', 'e86868aa-c221-411b-b010-13fac6ed0ad8'),
 ('37', 'publishpeerentrydrafts:19', '2017-04-24 13:42:17', '2017-04-24 13:42:17', 'faca2f37-869c-4847-ac55-6546fda3fcb0'),
 ('38', 'deletepeerentrydrafts:19', '2017-04-24 13:42:17', '2017-04-24 13:42:17', '41b3f9c7-fb5f-478f-a290-d1319d5cd4e8'),
 ('39', 'editpeerentrydrafts:19', '2017-04-24 13:42:17', '2017-04-24 13:42:17', '721b0e80-e2d3-45c2-962b-b22686c6f91d'),
 ('40', 'editentries:19', '2017-04-24 13:42:17', '2017-04-24 13:42:17', 'e0e14309-aefe-4df4-9d5a-baf11eb84995'),
 ('41', 'createentries:4', '2017-04-24 13:42:17', '2017-04-24 13:42:17', '174012e2-f989-4ea9-8f3d-3fafb5cf58b9'),
 ('42', 'publishentries:4', '2017-04-24 13:42:17', '2017-04-24 13:42:17', '4c1e6280-8c6a-4086-8a32-186157803b08'),
 ('43', 'deleteentries:4', '2017-04-24 13:42:18', '2017-04-24 13:42:18', 'c2ba7fb1-c31f-466e-a095-45388995ea4e'),
 ('44', 'publishpeerentries:4', '2017-04-24 13:42:18', '2017-04-24 13:42:18', '17705c0f-1e24-4ccf-b950-9eb372ffbb04'),
 ('45', 'deletepeerentries:4', '2017-04-24 13:42:18', '2017-04-24 13:42:18', 'da286d8d-eb54-41c7-9b5e-1ac684b569de'),
 ('46', 'editpeerentries:4', '2017-04-24 13:42:18', '2017-04-24 13:42:18', 'dfdd6326-2b21-4d58-8b88-a5c92acc6bd5'),
 ('47', 'publishpeerentrydrafts:4', '2017-04-24 13:42:18', '2017-04-24 13:42:18', '4ffd7cae-dd4f-42ab-b6c8-1ae32345d004'),
 ('48', 'deletepeerentrydrafts:4', '2017-04-24 13:42:18', '2017-04-24 13:42:18', '0a792600-4dc7-443f-96db-e0a0d5644584'),
 ('49', 'editpeerentrydrafts:4', '2017-04-24 13:42:18', '2017-04-24 13:42:18', '0dbf51a0-6e05-42f7-8749-e9187da0f864'),
 ('50', 'editentries:4', '2017-04-24 13:42:18', '2017-04-24 13:42:18', 'df6e804b-65e5-431d-99ef-60ea8f19f227'),
 ('51', 'publishentries:10', '2017-04-24 13:42:18', '2017-04-24 13:42:18', '700181af-8fc7-4b58-a034-135a5ddacb64'),
 ('52', 'publishpeerentrydrafts:10', '2017-04-24 13:42:18', '2017-04-24 13:42:18', '70e1e577-f32b-4d76-82df-d2a151e83cbc'),
 ('53', 'deletepeerentrydrafts:10', '2017-04-24 13:42:18', '2017-04-24 13:42:18', '049ef0e5-8e25-4122-a78a-892e6587799c'),
 ('54', 'editpeerentrydrafts:10', '2017-04-24 13:42:18', '2017-04-24 13:42:18', '8f32fb29-80c6-4b77-9e07-d9d4749fd740'),
 ('55', 'editentries:10', '2017-04-24 13:42:18', '2017-04-24 13:42:18', '175cdc50-f8b9-4f85-a13e-6914e5d74b01'),
 ('56', 'createentries:2', '2017-04-24 13:42:18', '2017-04-24 13:42:18', 'e27e516d-1b88-4e47-b9fd-7a45b7636ec1'),
 ('57', 'publishentries:2', '2017-04-24 13:42:18', '2017-04-24 13:42:18', 'af77af86-4255-41bd-9cf6-f1b19f15089a'),
 ('58', 'deleteentries:2', '2017-04-24 13:42:18', '2017-04-24 13:42:18', 'c2f177af-4d11-409c-aeb0-a3008529c0ae'),
 ('59', 'publishpeerentries:2', '2017-04-24 13:42:18', '2017-04-24 13:42:18', 'b87c78f2-37b7-4e94-baab-a2223920dfc6'),
 ('60', 'deletepeerentries:2', '2017-04-24 13:42:18', '2017-04-24 13:42:18', 'ee40c46f-87e4-439b-ad56-b7d31cdd2550'),
 ('61', 'editpeerentries:2', '2017-04-24 13:42:18', '2017-04-24 13:42:18', '7089a831-1acf-45ba-bee0-a604c5cc1f30'),
 ('62', 'publishpeerentrydrafts:2', '2017-04-24 13:42:18', '2017-04-24 13:42:18', '41fe3f1e-de2b-4da9-9f9c-d9a6ef67a818'),
 ('63', 'deletepeerentrydrafts:2', '2017-04-24 13:42:18', '2017-04-24 13:42:18', 'c5fcc588-b0fc-4ac5-888d-a83344235045'),
 ('64', 'editpeerentrydrafts:2', '2017-04-24 13:42:18', '2017-04-24 13:42:18', 'bb7dedd4-f9df-4789-a15e-9f29c8650f6d'),
 ('65', 'editentries:2', '2017-04-24 13:42:18', '2017-04-24 13:42:18', 'fe600d0a-310c-420a-8980-fd64d07d97b8'),
 ('66', 'createentries:18', '2017-04-24 13:42:18', '2017-04-24 13:42:18', '67a59206-dcf0-493b-87ea-7693e8723183'),
 ('67', 'publishentries:18', '2017-04-24 13:42:18', '2017-04-24 13:42:18', 'b6cbd8b3-543f-4760-b6b6-3abd124db1d6'),
 ('68', 'deleteentries:18', '2017-04-24 13:42:18', '2017-04-24 13:42:18', '66aba6a4-a991-4791-ad5e-8a3a675ae053'),
 ('69', 'publishpeerentries:18', '2017-04-24 13:42:18', '2017-04-24 13:42:18', '836d1fdc-3ccb-4d76-9059-6b48c0b7d2d3'),
 ('70', 'deletepeerentries:18', '2017-04-24 13:42:18', '2017-04-24 13:42:18', '7f7bf47d-71bc-4948-b9bd-77da891f54f1'),
 ('71', 'editpeerentries:18', '2017-04-24 13:42:18', '2017-04-24 13:42:18', 'aaea41de-866e-480f-a187-7ed784d579d0'),
 ('72', 'publishpeerentrydrafts:18', '2017-04-24 13:42:18', '2017-04-24 13:42:18', 'e9a44299-b81e-401c-84d3-ef8fc1831e85'),
 ('73', 'deletepeerentrydrafts:18', '2017-04-24 13:42:18', '2017-04-24 13:42:18', '24cd3fbc-fdf2-4f30-8c2e-d87f1175be20'),
 ('74', 'editpeerentrydrafts:18', '2017-04-24 13:42:18', '2017-04-24 13:42:18', '9537e755-82cd-4c59-9406-b090e0d61e54'),
 ('75', 'editentries:18', '2017-04-24 13:42:18', '2017-04-24 13:42:18', '0c6f1a66-c530-43fc-be23-ef41e6f53e7a'),
 ('76', 'createentries:8', '2017-04-24 13:42:18', '2017-04-24 13:42:18', '8698c9aa-1374-4630-9d6e-03aa02c6ba10'),
 ('77', 'publishentries:8', '2017-04-24 13:42:18', '2017-04-24 13:42:18', '78761e43-965f-4000-9362-f30141ee1e4a'),
 ('78', 'deleteentries:8', '2017-04-24 13:42:18', '2017-04-24 13:42:18', '045cdd30-a30b-46c1-a46b-8f749f064208'),
 ('79', 'publishpeerentries:8', '2017-04-24 13:42:18', '2017-04-24 13:42:18', '70a96805-8b52-4e8e-af49-270942feee22'),
 ('80', 'deletepeerentries:8', '2017-04-24 13:42:18', '2017-04-24 13:42:18', '04a0a947-879e-4591-8ca2-3ef9a7a5399c'),
 ('81', 'editpeerentries:8', '2017-04-24 13:42:18', '2017-04-24 13:42:18', 'bc9968ae-b73f-494d-82c7-4c9b99f59bb4'),
 ('82', 'publishpeerentrydrafts:8', '2017-04-24 13:42:18', '2017-04-24 13:42:18', '74180000-278f-4605-a0e5-438686815695'),
 ('83', 'deletepeerentrydrafts:8', '2017-04-24 13:42:18', '2017-04-24 13:42:18', '4325626f-d781-4db2-b713-d0f384256142'),
 ('84', 'editpeerentrydrafts:8', '2017-04-24 13:42:18', '2017-04-24 13:42:18', '2eebecb7-432a-4fbd-acd5-1387f5f4421e'),
 ('85', 'editentries:8', '2017-04-24 13:42:18', '2017-04-24 13:42:18', 'f49a9cee-4882-4392-88aa-590a993e17de'),
 ('86', 'createentries:5', '2017-04-24 13:42:18', '2017-04-24 13:42:18', '7672812e-ec57-410d-a747-c06a0c2fe739'),
 ('87', 'publishentries:5', '2017-04-24 13:42:18', '2017-04-24 13:42:18', '236a3158-ded9-4c58-b713-ee9215723154'),
 ('88', 'deleteentries:5', '2017-04-24 13:42:18', '2017-04-24 13:42:18', 'c44c2f5c-0285-40b1-9536-76963af05791'),
 ('89', 'publishpeerentries:5', '2017-04-24 13:42:18', '2017-04-24 13:42:18', 'c39e2e2a-d263-4dc4-b451-56793d727a10'),
 ('90', 'deletepeerentries:5', '2017-04-24 13:42:18', '2017-04-24 13:42:18', '19e0210c-caeb-41bb-be10-e0b5bb78cc4f'),
 ('91', 'editpeerentries:5', '2017-04-24 13:42:18', '2017-04-24 13:42:18', '2569ab3b-52f9-48a7-801b-908b8c3cd48c'),
 ('92', 'publishpeerentrydrafts:5', '2017-04-24 13:42:18', '2017-04-24 13:42:18', '2ab83a4c-9c0a-4bf5-b116-59ded360dfc2'),
 ('93', 'deletepeerentrydrafts:5', '2017-04-24 13:42:18', '2017-04-24 13:42:18', 'ee2dab1c-1409-4716-b657-6f3d0db7c6fa'),
 ('94', 'editpeerentrydrafts:5', '2017-04-24 13:42:18', '2017-04-24 13:42:18', '31a1ee4c-9d33-4d17-ac41-cc854f567f76'),
 ('95', 'editentries:5', '2017-04-24 13:42:18', '2017-04-24 13:42:18', '37d4e3f7-8e5c-4cdd-872d-f9028d7d5166'),
 ('96', 'createentries:14', '2017-04-24 13:42:18', '2017-04-24 13:42:18', 'ab126750-a7b7-46be-b881-daa19d7fbd5f'),
 ('97', 'publishentries:14', '2017-04-24 13:42:18', '2017-04-24 13:42:18', 'ab58c2c4-f1c7-4cbb-a389-4aaf4b4287c2'),
 ('98', 'deleteentries:14', '2017-04-24 13:42:18', '2017-04-24 13:42:18', '371625c1-85a7-46a0-ba27-8b365d518c72'),
 ('99', 'publishpeerentries:14', '2017-04-24 13:42:18', '2017-04-24 13:42:18', '8e27390e-eeb2-4d6e-9a4b-80f6b77c4084'),
 ('100', 'deletepeerentries:14', '2017-04-24 13:42:18', '2017-04-24 13:42:18', '2ca23074-7528-4b19-828b-9713ce17de1b');
INSERT INTO `craft_userpermissions` (`id`, `name`, `dateCreated`, `dateUpdated`, `uid`) VALUES
 ('101', 'editpeerentries:14', '2017-04-24 13:42:18', '2017-04-24 13:42:18', '5ad169bc-9970-4042-a237-be52faece4ee'),
 ('102', 'publishpeerentrydrafts:14', '2017-04-24 13:42:18', '2017-04-24 13:42:18', '0e2bd68f-cf69-49d9-a564-fdffec9fd0b7'),
 ('103', 'deletepeerentrydrafts:14', '2017-04-24 13:42:18', '2017-04-24 13:42:18', 'dfa30a88-fcf0-4b88-8ac9-1725482930f8'),
 ('104', 'editpeerentrydrafts:14', '2017-04-24 13:42:18', '2017-04-24 13:42:18', 'fda0a35e-5e41-44fb-b671-3b7a1bde3de4'),
 ('105', 'editentries:14', '2017-04-24 13:42:18', '2017-04-24 13:42:18', 'a844b8ad-fd86-422f-9fc2-d6ff23d4d844'),
 ('106', 'uploadtoassetsource:1', '2017-04-24 13:42:18', '2017-04-24 13:42:18', '0f86dca0-99cb-4502-86c0-0e85e54776ef'),
 ('107', 'createsubfoldersinassetsource:1', '2017-04-24 13:42:18', '2017-04-24 13:42:18', '5711b77c-8be5-40f8-b65b-6e7775a458a0'),
 ('108', 'removefromassetsource:1', '2017-04-24 13:42:18', '2017-04-24 13:42:18', '7eaf8b1e-39eb-422a-9e85-fff19c105280'),
 ('109', 'viewassetsource:1', '2017-04-24 13:42:18', '2017-04-24 13:42:18', '10cb8c63-e700-4b13-9db1-b0de8b738fd8'),
 ('110', 'uploadtoassetsource:2', '2017-04-24 13:42:18', '2017-04-24 13:42:18', '37841819-02dd-4448-ac3d-62897aba901d'),
 ('111', 'createsubfoldersinassetsource:2', '2017-04-24 13:42:18', '2017-04-24 13:42:18', '10fbbbbf-777e-4d75-a4df-3e2a35a5e115'),
 ('112', 'removefromassetsource:2', '2017-04-24 13:42:18', '2017-04-24 13:42:18', 'f173c926-60ed-44eb-b539-617b48235ad6'),
 ('113', 'viewassetsource:2', '2017-04-24 13:42:18', '2017-04-24 13:42:18', '75059210-2665-4090-956f-45db4dc5172e'),
 ('114', 'accessplugin-amnav', '2017-05-19 18:24:20', '2017-05-19 18:24:20', '4fd92b96-1e10-480a-89d4-ac81d6174102'),
 ('115', 'accessplugin-seomatic', '2017-05-19 18:24:20', '2017-05-19 18:24:20', 'e8e961c1-bf6c-4d10-88d7-29ac655a1901'),
 ('116', 'accesscp', '2017-05-19 18:24:20', '2017-05-19 18:24:20', 'e0aaa21a-d766-4f3b-877a-4b00f6e7e741'),
 ('117', 'registerusers', '2017-05-19 18:24:20', '2017-05-19 18:24:20', '78035b19-7be6-4e9c-8d31-f70b341ea686'),
 ('118', 'assignuserpermissions', '2017-05-19 18:24:20', '2017-05-19 18:24:20', 'e2795bd2-3216-4df3-8a39-d2845d62bca4'),
 ('119', 'changeuseremails', '2017-05-19 18:24:20', '2017-05-19 18:24:20', '9b5758da-a307-4fa6-851b-7aa3daf7ee87'),
 ('120', 'administrateusers', '2017-05-19 18:24:20', '2017-05-19 18:24:20', '64179a96-849c-41b2-8ce1-25ae9aa95f1a'),
 ('121', 'editusers', '2017-05-19 18:24:20', '2017-05-19 18:24:20', '986fa37f-c901-4c80-bee4-5cd4c04bb415'),
 ('122', 'publishentries:9', '2017-05-19 18:24:20', '2017-05-19 18:24:20', 'd26ca43f-0de9-497e-8152-ba1cd8a340c8'),
 ('123', 'publishpeerentrydrafts:9', '2017-05-19 18:24:20', '2017-05-19 18:24:20', 'ec554b0b-9d92-4e2f-91ae-6a9a8d29c57b'),
 ('124', 'deletepeerentrydrafts:9', '2017-05-19 18:24:20', '2017-05-19 18:24:20', 'df5fbff3-bb65-465d-9361-5d792a8db2d3'),
 ('125', 'editpeerentrydrafts:9', '2017-05-19 18:24:20', '2017-05-19 18:24:20', '7c23151e-d086-4de9-a6b1-cb471a32979d'),
 ('126', 'editentries:9', '2017-05-19 18:24:20', '2017-05-19 18:24:20', '64c02c09-f0f2-4385-936b-982b5c5b7592'),
 ('127', 'publishentries:20', '2017-05-19 18:24:20', '2017-05-19 18:24:20', '50b13860-c460-4354-bb85-5c841d13bb21'),
 ('128', 'publishpeerentrydrafts:20', '2017-05-19 18:24:20', '2017-05-19 18:24:20', '45cb3b8a-6248-40cb-af3e-bca77d0d8f48'),
 ('129', 'deletepeerentrydrafts:20', '2017-05-19 18:24:20', '2017-05-19 18:24:20', 'daf3f2bb-2c81-40e1-8d8a-ae90cf6db8cc'),
 ('130', 'editpeerentrydrafts:20', '2017-05-19 18:24:20', '2017-05-19 18:24:20', '141b638e-ffa5-4068-a184-cd70ad400e9c'),
 ('131', 'editentries:20', '2017-05-19 18:24:20', '2017-05-19 18:24:20', 'e1cb7a43-94e1-42f5-94f9-2fc267bad332'),
 ('132', 'publishentries:13', '2017-05-19 18:24:20', '2017-05-19 18:24:20', '0a878f34-41e5-4f17-9fe8-2f866ecd8c4b'),
 ('133', 'publishpeerentrydrafts:13', '2017-05-19 18:24:20', '2017-05-19 18:24:20', '52f9c33e-bf33-4b7f-aad5-4a7b090ec142'),
 ('134', 'deletepeerentrydrafts:13', '2017-05-19 18:24:20', '2017-05-19 18:24:20', '9b482531-979b-42cb-b556-6dccd0f9efc8'),
 ('135', 'editpeerentrydrafts:13', '2017-05-19 18:24:20', '2017-05-19 18:24:20', '178c3926-51b3-4788-8b0b-bb1ad6c381e3'),
 ('136', 'editentries:13', '2017-05-19 18:24:20', '2017-05-19 18:24:20', '4b3fc6ca-c557-461f-9aa0-4033c69ae6ef'),
 ('137', 'publishentries:1', '2017-05-19 18:24:20', '2017-05-19 18:24:20', '9ebf18a6-8f25-4fb5-b0a7-a66edd871126'),
 ('138', 'publishpeerentrydrafts:1', '2017-05-19 18:24:20', '2017-05-19 18:24:20', 'fe3cf529-b208-44bc-aba8-3d3b1e77755e'),
 ('139', 'deletepeerentrydrafts:1', '2017-05-19 18:24:20', '2017-05-19 18:24:20', '96a55991-ea19-47a0-bdb4-232fb53664c5'),
 ('140', 'editpeerentrydrafts:1', '2017-05-19 18:24:20', '2017-05-19 18:24:20', '5a28f6ee-9365-4308-baf5-0d00214ec405'),
 ('141', 'editentries:1', '2017-05-19 18:24:20', '2017-05-19 18:24:20', 'dce169a5-794f-4092-a075-99a1c31f7af2'),
 ('142', 'publishentries:21', '2017-05-19 18:24:20', '2017-05-19 18:24:20', '92ebd92d-4d47-4558-bee0-3890a09140c6'),
 ('143', 'publishpeerentrydrafts:21', '2017-05-19 18:24:20', '2017-05-19 18:24:20', 'a7a15cbe-aabd-4f16-bfe0-6bcd2f67d3a8'),
 ('144', 'deletepeerentrydrafts:21', '2017-05-19 18:24:20', '2017-05-19 18:24:20', 'f02f8eee-3573-417a-95c5-27c60f047fc9'),
 ('145', 'editpeerentrydrafts:21', '2017-05-19 18:24:20', '2017-05-19 18:24:20', 'e6af71da-03c8-4c36-a37f-965a3e88ac76'),
 ('146', 'editentries:21', '2017-05-19 18:24:20', '2017-05-19 18:24:20', '669fa12f-36c3-49f6-b75c-397e2090a778'),
 ('147', 'createentries:23', '2017-05-19 18:24:20', '2017-05-19 18:24:20', '1325edfa-d2c6-497c-afc4-a9e34a211bbe'),
 ('148', 'publishentries:23', '2017-05-19 18:24:20', '2017-05-19 18:24:20', 'ba0ecb33-c009-4e6a-853c-be504b6bbc6a'),
 ('149', 'deleteentries:23', '2017-05-19 18:24:20', '2017-05-19 18:24:20', 'ea8a7717-3520-4160-9668-94d957c39b9c'),
 ('150', 'publishpeerentries:23', '2017-05-19 18:24:20', '2017-05-19 18:24:20', '65dca4ef-7816-4a71-bb75-f4bc59ffcd4b'),
 ('151', 'deletepeerentries:23', '2017-05-19 18:24:20', '2017-05-19 18:24:20', '9c852976-3d14-4c66-89c1-277c4d4641b5'),
 ('152', 'editpeerentries:23', '2017-05-19 18:24:20', '2017-05-19 18:24:20', '00fb523e-75b6-427b-844e-a3aa92b2a99d'),
 ('153', 'publishpeerentrydrafts:23', '2017-05-19 18:24:20', '2017-05-19 18:24:20', 'cbb48c02-d7e1-4d73-8c9f-205b75f4aae3'),
 ('154', 'deletepeerentrydrafts:23', '2017-05-19 18:24:20', '2017-05-19 18:24:20', 'c8aaf539-6bf3-49df-8845-acf0cb011162'),
 ('155', 'editpeerentrydrafts:23', '2017-05-19 18:24:20', '2017-05-19 18:24:20', 'f64be257-347d-464a-852c-7ce0b7d9495e'),
 ('156', 'editentries:23', '2017-05-19 18:24:20', '2017-05-19 18:24:20', '4846fcd8-c4a6-48b3-89dc-019109de6465'),
 ('157', 'publishentries:22', '2017-05-19 18:24:20', '2017-05-19 18:24:20', '22a49d98-d793-45d4-b4aa-d2c5fd13c441'),
 ('158', 'publishpeerentrydrafts:22', '2017-05-19 18:24:20', '2017-05-19 18:24:20', '138e9896-cc80-497b-864a-8781ec9f1592'),
 ('159', 'deletepeerentrydrafts:22', '2017-05-19 18:24:20', '2017-05-19 18:24:20', '391483ec-0602-4664-bfd7-33e646ad949c'),
 ('160', 'editpeerentrydrafts:22', '2017-05-19 18:24:20', '2017-05-19 18:24:20', '8e0132ed-7099-42e8-ac88-f748004257c1'),
 ('161', 'editentries:22', '2017-05-19 18:24:20', '2017-05-19 18:24:20', '4cfc208f-bf42-4cde-ac43-4991b7c4d885'),
 ('162', 'editglobalset:6', '2017-05-19 18:24:20', '2017-05-19 18:24:20', 'fa3667ce-6769-45c0-ba7d-0d277e2bd7ac'),
 ('163', 'editglobalset:5', '2017-05-19 18:24:20', '2017-05-19 18:24:20', 'c459756e-3220-4169-8c24-828ec59f95e3'),
 ('164', 'editcategories:1', '2017-05-19 18:24:20', '2017-05-19 18:24:20', '5c9aac54-9831-4777-a79f-8640827c0b41'),
 ('165', 'uploadtoassetsource:5', '2017-05-19 18:24:20', '2017-05-19 18:24:20', '202f2bb8-527d-4cbf-9f8b-294d3034a928'),
 ('166', 'createsubfoldersinassetsource:5', '2017-05-19 18:24:20', '2017-05-19 18:24:20', '6f8ce669-f831-4199-964d-d6b9384cd822'),
 ('167', 'removefromassetsource:5', '2017-05-19 18:24:20', '2017-05-19 18:24:20', 'fdeb87e7-bd4f-478f-95d1-dfcaa9b13b97'),
 ('168', 'viewassetsource:5', '2017-05-19 18:24:20', '2017-05-19 18:24:20', 'a4fa8e5b-f921-4e40-8faa-4e7ff0c5f82b'),
 ('169', 'deleteusers', '2017-06-02 19:19:57', '2017-06-02 19:19:57', '74c43553-5146-41b1-bf5f-2ff4be8f22fa'),
 ('170', 'accesssitewhensystemisoff', '2017-06-02 19:21:16', '2017-06-02 19:21:16', '96078928-9ac8-4637-aadc-686a78e1f24e'),
 ('171', 'accesscpwhensystemisoff', '2017-06-02 19:26:19', '2017-06-02 19:26:19', '89b5eec6-ac5f-47bf-a393-792dfea74685'),
 ('172', 'performupdates', '2017-06-02 19:26:19', '2017-06-02 19:26:19', '3bea80d7-8c04-429c-92e4-41043b7359e5');



DROP TABLE IF EXISTS `craft_userpermissions_usergroups`;


--
-- Schema for table `craft_userpermissions_usergroups`
--
CREATE TABLE `craft_userpermissions_usergroups` (
  `id` int(11) NOT NULL AUTO_INCREMENT,
  `permissionId` int(11) NOT NULL,
  `groupId` int(11) NOT NULL,
  `dateCreated` datetime NOT NULL,
  `dateUpdated` datetime NOT NULL,
  `uid` char(36) COLLATE utf8_unicode_ci NOT NULL DEFAULT '0',
  PRIMARY KEY (`id`),
  UNIQUE KEY `craft_userpermissions_usergroups_permissionId_groupId_unq_idx` (`permissionId`,`groupId`),
  KEY `craft_userpermissions_usergroups_groupId_fk` (`groupId`)
) ENGINE=InnoDB AUTO_INCREMENT=282 DEFAULT CHARSET=utf8 COLLATE=utf8_unicode_ci;

--
-- Data for table `craft_userpermissions_usergroups`
--

INSERT INTO `craft_userpermissions_usergroups` (`id`, `permissionId`, `groupId`, `dateCreated`, `dateUpdated`, `uid`) VALUES
 ('1', '1', '1', '2017-04-24 13:42:18', '2017-04-24 13:42:18', 'f9a9b8c2-3d7d-494c-b842-dd7fa7de677c'),
 ('2', '2', '1', '2017-04-24 13:42:18', '2017-04-24 13:42:18', '65154060-268f-48f3-9cee-2b556ee6f669'),
 ('3', '3', '1', '2017-04-24 13:42:18', '2017-04-24 13:42:18', '7beced73-3723-48ae-b667-2e7e800b5c55'),
 ('4', '4', '1', '2017-04-24 13:42:18', '2017-04-24 13:42:18', 'f97cf04d-2d53-440f-a536-a7bdac979152'),
 ('5', '5', '1', '2017-04-24 13:42:18', '2017-04-24 13:42:18', 'ed1f82d1-1c74-447e-87b1-f2fe387d17a6'),
 ('6', '6', '1', '2017-04-24 13:42:18', '2017-04-24 13:42:18', '2333a7f2-b863-4579-8307-f72b37836998'),
 ('7', '7', '1', '2017-04-24 13:42:18', '2017-04-24 13:42:18', 'f78b47be-e846-412e-b5f9-8b4616c33334'),
 ('8', '8', '1', '2017-04-24 13:42:18', '2017-04-24 13:42:18', 'e0ef9c66-6c91-42ac-a504-8e5b919956b3'),
 ('9', '9', '1', '2017-04-24 13:42:18', '2017-04-24 13:42:18', '24c083df-36a1-47a4-bbf2-65b14c041bfb'),
 ('10', '10', '1', '2017-04-24 13:42:18', '2017-04-24 13:42:18', '458c4fe6-992d-4ceb-89b0-26aca1396c58'),
 ('11', '11', '1', '2017-04-24 13:42:18', '2017-04-24 13:42:18', '06fb7e55-4e9e-4b54-a18f-bdf4b3d6ad16'),
 ('12', '12', '1', '2017-04-24 13:42:18', '2017-04-24 13:42:18', '8678dca4-eff4-4001-a35b-e03a20816357'),
 ('13', '13', '1', '2017-04-24 13:42:18', '2017-04-24 13:42:18', '31924ede-e9c5-4c83-8bed-5c2314b0c651'),
 ('14', '14', '1', '2017-04-24 13:42:18', '2017-04-24 13:42:18', 'f00a33ba-5f2f-4048-b745-99e5063dc64b'),
 ('15', '15', '1', '2017-04-24 13:42:18', '2017-04-24 13:42:18', 'f425badb-099d-4975-820c-d8e86f6c06cf'),
 ('16', '16', '1', '2017-04-24 13:42:18', '2017-04-24 13:42:18', '95ec5647-2797-419a-a466-adb199e25278'),
 ('17', '17', '1', '2017-04-24 13:42:18', '2017-04-24 13:42:18', 'c4e731c4-23f4-464a-9a0e-44f1fb7f4a06'),
 ('18', '18', '1', '2017-04-24 13:42:18', '2017-04-24 13:42:18', 'dd21c325-aee9-494e-848d-07cb0c4ca8c7'),
 ('19', '19', '1', '2017-04-24 13:42:18', '2017-04-24 13:42:18', '71210e54-148c-4d8b-b5ed-6485cab3cf06'),
 ('20', '20', '1', '2017-04-24 13:42:18', '2017-04-24 13:42:18', 'efe8852b-b9ae-4e0c-aff7-567bc1cef143'),
 ('21', '21', '1', '2017-04-24 13:42:18', '2017-04-24 13:42:18', '5a6d7559-e6b4-4e2a-9024-57e66421ef83'),
 ('22', '22', '1', '2017-04-24 13:42:18', '2017-04-24 13:42:18', 'c1ec2a92-0738-46ee-8a37-36cddea31008'),
 ('23', '23', '1', '2017-04-24 13:42:18', '2017-04-24 13:42:18', '604ccb1e-885a-4adf-b4e5-4ebd26f1c179'),
 ('24', '24', '1', '2017-04-24 13:42:18', '2017-04-24 13:42:18', '59c10b62-41b4-425f-b6a8-df8cca8a9ff4'),
 ('25', '25', '1', '2017-04-24 13:42:18', '2017-04-24 13:42:18', 'd048304a-17b4-4566-8492-65a78adf6d49'),
 ('26', '26', '1', '2017-04-24 13:42:18', '2017-04-24 13:42:18', '348a36a8-3fa1-4818-9acc-e46abc37a088'),
 ('27', '27', '1', '2017-04-24 13:42:18', '2017-04-24 13:42:18', '447b9abe-37e8-4dba-87f0-c9d462d81d4d'),
 ('28', '28', '1', '2017-04-24 13:42:18', '2017-04-24 13:42:18', 'c4979cf6-f042-4647-ac4e-32e1fee41ffa'),
 ('29', '29', '1', '2017-04-24 13:42:18', '2017-04-24 13:42:18', 'fa7401bd-dc00-4b21-b838-77354105fcbf'),
 ('30', '30', '1', '2017-04-24 13:42:18', '2017-04-24 13:42:18', '36f50527-0581-40bb-88e9-337243893488'),
 ('31', '31', '1', '2017-04-24 13:42:18', '2017-04-24 13:42:18', '8bb02c56-d2b0-456e-99ad-64eb23e7484b'),
 ('32', '32', '1', '2017-04-24 13:42:18', '2017-04-24 13:42:18', '912e2bb3-f508-4e37-b7b7-a528222d8c03'),
 ('33', '33', '1', '2017-04-24 13:42:18', '2017-04-24 13:42:18', '2bcbbb97-82c1-4a4a-8075-d03e05f4e5e5'),
 ('34', '34', '1', '2017-04-24 13:42:18', '2017-04-24 13:42:18', 'ba0547d6-ab5b-4246-9736-ad8ecb26acc0'),
 ('35', '35', '1', '2017-04-24 13:42:18', '2017-04-24 13:42:18', '47b531a4-1626-4c07-ab28-872ec532a428'),
 ('36', '36', '1', '2017-04-24 13:42:18', '2017-04-24 13:42:18', 'd0358621-04f1-4de8-8bbe-a4802980ea68'),
 ('37', '37', '1', '2017-04-24 13:42:18', '2017-04-24 13:42:18', 'c9160a9a-be71-46a0-aa3e-fca032b8aaf7'),
 ('38', '38', '1', '2017-04-24 13:42:18', '2017-04-24 13:42:18', '518531ed-7311-401b-837c-12bbe1f80148'),
 ('39', '39', '1', '2017-04-24 13:42:18', '2017-04-24 13:42:18', 'bec24aac-23a4-45a2-9d4d-7d648182d67f'),
 ('40', '40', '1', '2017-04-24 13:42:18', '2017-04-24 13:42:18', 'aceec143-77e6-48de-b567-fdbf68fe3e09'),
 ('41', '41', '1', '2017-04-24 13:42:18', '2017-04-24 13:42:18', '6bf78a24-70c7-4240-b5aa-832780693e44'),
 ('42', '42', '1', '2017-04-24 13:42:18', '2017-04-24 13:42:18', 'b5d16927-5859-4f35-8b81-e5f958a23d61'),
 ('43', '43', '1', '2017-04-24 13:42:18', '2017-04-24 13:42:18', 'c750ef9d-6845-46f7-bb80-f3ff0d1e31f0'),
 ('44', '44', '1', '2017-04-24 13:42:18', '2017-04-24 13:42:18', '52cb0d89-2df0-4db2-890d-3e9cf161a727'),
 ('45', '45', '1', '2017-04-24 13:42:18', '2017-04-24 13:42:18', 'b127a9cd-ed92-44be-8393-8ba196be06ff'),
 ('46', '46', '1', '2017-04-24 13:42:18', '2017-04-24 13:42:18', '299dd4d1-4360-48b9-be44-fcac17137ef0'),
 ('47', '47', '1', '2017-04-24 13:42:18', '2017-04-24 13:42:18', '7e4e2734-1b19-494e-98d0-b03f5db345e6'),
 ('48', '48', '1', '2017-04-24 13:42:18', '2017-04-24 13:42:18', 'cf331882-94aa-42bc-93cc-1736d8975a99'),
 ('49', '49', '1', '2017-04-24 13:42:18', '2017-04-24 13:42:18', '036a5218-0e62-4566-8373-bd8d3ab5f8a9'),
 ('50', '50', '1', '2017-04-24 13:42:18', '2017-04-24 13:42:18', '9254c6b1-3252-4aea-9e47-5f764c647535'),
 ('51', '51', '1', '2017-04-24 13:42:18', '2017-04-24 13:42:18', 'd529a3b9-0ee6-4d70-a896-98effb51952d'),
 ('52', '52', '1', '2017-04-24 13:42:18', '2017-04-24 13:42:18', '09abbdfa-e8f9-4059-867d-afbac38aefda'),
 ('53', '53', '1', '2017-04-24 13:42:18', '2017-04-24 13:42:18', '42e8d561-06de-4a6e-bf8f-ff7a9099a41a'),
 ('54', '54', '1', '2017-04-24 13:42:18', '2017-04-24 13:42:18', '98695999-d310-43dc-8d56-cebaf6953d36'),
 ('55', '55', '1', '2017-04-24 13:42:18', '2017-04-24 13:42:18', 'f343c326-4de8-4f9f-abbb-fbeb2eac62b1'),
 ('56', '56', '1', '2017-04-24 13:42:18', '2017-04-24 13:42:18', 'a0f579da-0d59-4aee-9f68-e0ab2514156c'),
 ('57', '57', '1', '2017-04-24 13:42:18', '2017-04-24 13:42:18', '2013cf99-1bf5-47d2-9bec-86a6a34d5156'),
 ('58', '58', '1', '2017-04-24 13:42:18', '2017-04-24 13:42:18', '9eb67a05-2657-412b-b219-93b7513646fd'),
 ('59', '59', '1', '2017-04-24 13:42:18', '2017-04-24 13:42:18', 'a885c6d3-e3db-4694-8a58-859ec1d88eeb'),
 ('60', '60', '1', '2017-04-24 13:42:18', '2017-04-24 13:42:18', '2f32f306-162a-4ee9-8fb7-86d362eb63e6'),
 ('61', '61', '1', '2017-04-24 13:42:18', '2017-04-24 13:42:18', '151b116e-4ab3-4c52-a711-8a806debfe6c'),
 ('62', '62', '1', '2017-04-24 13:42:18', '2017-04-24 13:42:18', '74a221b1-1602-48a2-bd8e-36ee5a2d2028'),
 ('63', '63', '1', '2017-04-24 13:42:18', '2017-04-24 13:42:18', 'b797f24e-54d5-48c0-a06e-bd528d2008c3'),
 ('64', '64', '1', '2017-04-24 13:42:18', '2017-04-24 13:42:18', '08029f03-61ba-4768-bd17-31a539a4e2ce'),
 ('65', '65', '1', '2017-04-24 13:42:18', '2017-04-24 13:42:18', 'e8110af2-6a82-490c-8ef4-2c0a18c45771'),
 ('66', '66', '1', '2017-04-24 13:42:18', '2017-04-24 13:42:18', 'a560e45b-50ad-4669-be21-80b1975ee8f1'),
 ('67', '67', '1', '2017-04-24 13:42:18', '2017-04-24 13:42:18', '37cef737-e0b7-4539-b177-15bb2ed3b012'),
 ('68', '68', '1', '2017-04-24 13:42:18', '2017-04-24 13:42:18', '0994e230-df53-4a71-b98d-01bc3715ee86'),
 ('69', '69', '1', '2017-04-24 13:42:18', '2017-04-24 13:42:18', '1a8bb4a8-599c-4bf3-8c71-d3ba0f2664da'),
 ('70', '70', '1', '2017-04-24 13:42:18', '2017-04-24 13:42:18', '41eece8a-67a2-4247-9700-af6f13a64fe4'),
 ('71', '71', '1', '2017-04-24 13:42:18', '2017-04-24 13:42:18', 'bdf1ab67-8844-46cc-8d80-a7372f81591f'),
 ('72', '72', '1', '2017-04-24 13:42:18', '2017-04-24 13:42:18', '56d0bbf5-52f1-4a67-ad75-f02c424229df'),
 ('73', '73', '1', '2017-04-24 13:42:18', '2017-04-24 13:42:18', 'dc648fa1-d31c-4948-b797-52d88492c6c8'),
 ('74', '74', '1', '2017-04-24 13:42:18', '2017-04-24 13:42:18', 'e8adc12b-8b73-483c-aa30-f65decc95dd0'),
 ('75', '75', '1', '2017-04-24 13:42:18', '2017-04-24 13:42:18', '8a4bc783-f8fe-493c-8fbd-b7f1c0fd09ae'),
 ('76', '76', '1', '2017-04-24 13:42:18', '2017-04-24 13:42:18', '0f7d14d5-960b-4dfe-9051-c3d09e847bb3'),
 ('77', '77', '1', '2017-04-24 13:42:18', '2017-04-24 13:42:18', '8903f300-921e-41a3-8522-6b97f91104df'),
 ('78', '78', '1', '2017-04-24 13:42:18', '2017-04-24 13:42:18', '3e1edf5e-68cd-4085-b443-8951353bebe1'),
 ('79', '79', '1', '2017-04-24 13:42:18', '2017-04-24 13:42:18', '8e85c056-2ddb-4a48-b38a-364935fd5f08'),
 ('80', '80', '1', '2017-04-24 13:42:18', '2017-04-24 13:42:18', '7bb97874-5dd3-4e71-9f0d-dc9ce84c0403'),
 ('81', '81', '1', '2017-04-24 13:42:18', '2017-04-24 13:42:18', '4606d12e-19c6-4d13-838b-68fea69d036f'),
 ('82', '82', '1', '2017-04-24 13:42:18', '2017-04-24 13:42:18', '42488a5b-462e-4494-b317-2dfd95b21edf'),
 ('83', '83', '1', '2017-04-24 13:42:18', '2017-04-24 13:42:18', 'fd724146-efeb-4ba0-befc-e2c838cfc913'),
 ('84', '84', '1', '2017-04-24 13:42:18', '2017-04-24 13:42:18', '2c0c0833-9043-46ee-91aa-865ec31ff2d7'),
 ('85', '85', '1', '2017-04-24 13:42:18', '2017-04-24 13:42:18', '28dcfbe0-b6c2-4a42-902e-1b0178dbcab9'),
 ('86', '86', '1', '2017-04-24 13:42:18', '2017-04-24 13:42:18', 'e4dd9ddc-9564-470f-90d3-4a6298adf6e6'),
 ('87', '87', '1', '2017-04-24 13:42:18', '2017-04-24 13:42:18', '700b80cf-8aae-4033-9505-22dd2725607f'),
 ('88', '88', '1', '2017-04-24 13:42:18', '2017-04-24 13:42:18', '92cd718a-fb13-4f1c-8991-23657eb2b5bf'),
 ('89', '89', '1', '2017-04-24 13:42:18', '2017-04-24 13:42:18', '17dfb2b9-00fa-450d-a671-f1a34bae7b46'),
 ('90', '90', '1', '2017-04-24 13:42:18', '2017-04-24 13:42:18', '16406fc1-401b-4ec2-a7b5-6562bd4e2f36'),
 ('91', '91', '1', '2017-04-24 13:42:18', '2017-04-24 13:42:18', '35a9d546-d76e-49a9-93f3-0373169c16c5'),
 ('92', '92', '1', '2017-04-24 13:42:18', '2017-04-24 13:42:18', '31da3f7c-e3d3-4d6b-b9c1-46193375f3e1'),
 ('93', '93', '1', '2017-04-24 13:42:18', '2017-04-24 13:42:18', '50cae684-b010-43a6-b753-4db4dd07860d'),
 ('94', '94', '1', '2017-04-24 13:42:18', '2017-04-24 13:42:18', '0bbdcadd-f997-4dc4-b7a2-cc97d43a494b'),
 ('95', '95', '1', '2017-04-24 13:42:18', '2017-04-24 13:42:18', 'e8502cc6-6747-4096-850f-f09597fc0db2'),
 ('96', '96', '1', '2017-04-24 13:42:18', '2017-04-24 13:42:18', 'ecb16901-53bb-459e-9f82-478f377051b6'),
 ('97', '97', '1', '2017-04-24 13:42:18', '2017-04-24 13:42:18', 'fe992c35-ac93-4e95-af5a-563e2bfdc514'),
 ('98', '98', '1', '2017-04-24 13:42:18', '2017-04-24 13:42:18', 'd4b0d4bf-78b3-4ad0-9d1c-d0bf94e06e64'),
 ('99', '99', '1', '2017-04-24 13:42:18', '2017-04-24 13:42:18', 'ccf97c7f-c649-483e-9882-c9f5aa5edc21'),
 ('100', '100', '1', '2017-04-24 13:42:18', '2017-04-24 13:42:18', '6515ca55-6604-4d95-a637-5dccb32823a7');
INSERT INTO `craft_userpermissions_usergroups` (`id`, `permissionId`, `groupId`, `dateCreated`, `dateUpdated`, `uid`) VALUES
 ('101', '101', '1', '2017-04-24 13:42:18', '2017-04-24 13:42:18', 'ce97d9ef-94e1-4eec-9c0a-65611b8719f2'),
 ('102', '102', '1', '2017-04-24 13:42:18', '2017-04-24 13:42:18', 'c451268f-4b9d-4676-8b75-40dec4d01fe8'),
 ('103', '103', '1', '2017-04-24 13:42:18', '2017-04-24 13:42:18', '3afd945f-7aa9-4276-996c-3ce51e7633c2'),
 ('104', '104', '1', '2017-04-24 13:42:18', '2017-04-24 13:42:18', 'da1a6324-9d42-4346-af1e-c857d505c62c'),
 ('105', '105', '1', '2017-04-24 13:42:18', '2017-04-24 13:42:18', '4ed3be81-fee7-4e63-93c8-717efdf1dfeb'),
 ('106', '106', '1', '2017-04-24 13:42:18', '2017-04-24 13:42:18', '1a9c037a-766d-441c-b1a8-4bcc5465bc1b'),
 ('107', '107', '1', '2017-04-24 13:42:18', '2017-04-24 13:42:18', 'c5a506a1-a9f3-4650-b238-498807d21f42'),
 ('108', '108', '1', '2017-04-24 13:42:18', '2017-04-24 13:42:18', '454f68e7-8afe-422a-ae66-e9192a11c204'),
 ('109', '109', '1', '2017-04-24 13:42:18', '2017-04-24 13:42:18', 'a767e112-262d-4eb0-8d6d-9c2c637e1f7c'),
 ('110', '110', '1', '2017-04-24 13:42:18', '2017-04-24 13:42:18', '647bce2f-0cd7-4fc0-ae58-454e5cda8fa1'),
 ('111', '111', '1', '2017-04-24 13:42:18', '2017-04-24 13:42:18', '21415f5a-e30e-4783-8e1f-5822c003c789'),
 ('112', '112', '1', '2017-04-24 13:42:18', '2017-04-24 13:42:18', '1389de54-4597-47cf-93f2-67d32d9bd0fa'),
 ('113', '113', '1', '2017-04-24 13:42:18', '2017-04-24 13:42:18', 'abca2172-0648-4ed8-b790-b003aad1348e'),
 ('114', '114', '2', '2017-05-19 18:24:20', '2017-05-19 18:24:20', 'c0768cbd-fd55-4061-9f88-cddc36775060'),
 ('115', '115', '2', '2017-05-19 18:24:20', '2017-05-19 18:24:20', '90e3ee9b-2117-4cb2-8166-056a17bcfdfc'),
 ('116', '116', '2', '2017-05-19 18:24:20', '2017-05-19 18:24:20', '0752ce55-f911-4ec7-9330-0b8f1d520fa5'),
 ('117', '117', '2', '2017-05-19 18:24:20', '2017-05-19 18:24:20', '9e9dc19b-84df-4031-bff8-2f3b6b052dae'),
 ('118', '118', '2', '2017-05-19 18:24:20', '2017-05-19 18:24:20', 'c251d22c-647f-4e44-8dd1-991ce70c0e94'),
 ('119', '119', '2', '2017-05-19 18:24:20', '2017-05-19 18:24:20', '0cd7277d-d613-4458-bbe2-f4b624a4bb23'),
 ('120', '120', '2', '2017-05-19 18:24:20', '2017-05-19 18:24:20', '99c82b2f-b311-427c-b41e-b71e14e527c1'),
 ('121', '121', '2', '2017-05-19 18:24:20', '2017-05-19 18:24:20', 'b5735cfb-78cc-49ee-b37d-16de5f2d818d'),
 ('122', '122', '2', '2017-05-19 18:24:20', '2017-05-19 18:24:20', 'bf3bc446-7345-4f70-bf3a-c3b1c740c136'),
 ('123', '123', '2', '2017-05-19 18:24:20', '2017-05-19 18:24:20', '2549e2f1-6023-4262-93c8-bb8b194a42df'),
 ('124', '124', '2', '2017-05-19 18:24:20', '2017-05-19 18:24:20', 'cfe3e7bf-fb9b-46a5-8762-edcb4b5fb38d'),
 ('125', '125', '2', '2017-05-19 18:24:20', '2017-05-19 18:24:20', '63e0f400-3038-4fd4-b86f-75cf76c76c02'),
 ('126', '126', '2', '2017-05-19 18:24:20', '2017-05-19 18:24:20', '7931ecea-11c1-41a7-aad9-cb5f24ef219e'),
 ('127', '127', '2', '2017-05-19 18:24:20', '2017-05-19 18:24:20', '86aec3f2-47d4-4365-a69a-1abeff9a806d'),
 ('128', '128', '2', '2017-05-19 18:24:20', '2017-05-19 18:24:20', 'a2a3e118-3b09-41f0-9e9c-f549ecf6aa8d'),
 ('129', '129', '2', '2017-05-19 18:24:20', '2017-05-19 18:24:20', '993e53a6-ba28-4a04-b06f-70f0b9bd7bc3'),
 ('130', '130', '2', '2017-05-19 18:24:20', '2017-05-19 18:24:20', '197d5dc6-c3ca-44b0-ae31-f48bca609481'),
 ('131', '131', '2', '2017-05-19 18:24:20', '2017-05-19 18:24:20', 'd9602bed-b6e6-4017-8b75-a5b3bd44b0fe'),
 ('132', '1', '2', '2017-05-19 18:24:20', '2017-05-19 18:24:20', 'a7f5b1b1-784b-4a08-ad63-334e6d15f6be'),
 ('133', '2', '2', '2017-05-19 18:24:20', '2017-05-19 18:24:20', 'f1523cea-918a-499b-b93a-692740b58ef5'),
 ('134', '3', '2', '2017-05-19 18:24:20', '2017-05-19 18:24:20', '00e1b308-d2ab-490b-9274-bd671e648c68'),
 ('135', '4', '2', '2017-05-19 18:24:20', '2017-05-19 18:24:20', '7d29a4c8-eaf4-4e63-b5a6-5fca136c8b52'),
 ('136', '5', '2', '2017-05-19 18:24:20', '2017-05-19 18:24:20', '187c79d5-08ce-4007-a2ff-4857fdf1fa84'),
 ('137', '6', '2', '2017-05-19 18:24:20', '2017-05-19 18:24:20', '82cc0ec5-fff3-4b9c-80ac-2c4f5ae1f6a4'),
 ('138', '7', '2', '2017-05-19 18:24:20', '2017-05-19 18:24:20', '1861c407-17c1-406f-8c5a-2d7018be0477'),
 ('139', '8', '2', '2017-05-19 18:24:20', '2017-05-19 18:24:20', '7a61daeb-98a0-42f2-8290-9886056fe4d9'),
 ('140', '9', '2', '2017-05-19 18:24:20', '2017-05-19 18:24:20', '6b67b923-4df9-4141-a264-440125f72a4c'),
 ('141', '10', '2', '2017-05-19 18:24:20', '2017-05-19 18:24:20', 'e9617cde-4910-4d72-8c62-ddbc50f7d993'),
 ('142', '11', '2', '2017-05-19 18:24:20', '2017-05-19 18:24:20', 'aad36104-6552-4ccb-bf0e-c7190afa4d17'),
 ('143', '12', '2', '2017-05-19 18:24:20', '2017-05-19 18:24:20', '41fe11cf-ab37-458a-ac22-76ef093817f4'),
 ('144', '13', '2', '2017-05-19 18:24:20', '2017-05-19 18:24:20', 'a241e501-a1ac-4579-8c90-6efe020d12d9'),
 ('145', '14', '2', '2017-05-19 18:24:20', '2017-05-19 18:24:20', '933087b5-efda-4ad7-8962-c1acdadc8f11'),
 ('146', '15', '2', '2017-05-19 18:24:20', '2017-05-19 18:24:20', '05ed5027-8d60-40e5-a5fb-9bbb734eb3ed'),
 ('147', '132', '2', '2017-05-19 18:24:20', '2017-05-19 18:24:20', '55b939a8-e24e-445b-8668-34f2ab569a08'),
 ('148', '133', '2', '2017-05-19 18:24:20', '2017-05-19 18:24:20', 'eec47a9c-7d62-4f56-9463-c4edb274e6af'),
 ('149', '134', '2', '2017-05-19 18:24:20', '2017-05-19 18:24:20', 'fc6641f6-cc62-4666-966b-c197397fbbd0'),
 ('150', '135', '2', '2017-05-19 18:24:20', '2017-05-19 18:24:20', '38c50bc1-9adb-4cbb-9c3c-736d95ebc353'),
 ('151', '136', '2', '2017-05-19 18:24:20', '2017-05-19 18:24:20', '44a90bfb-f5e4-4513-8c8a-253b9f7f4b5d'),
 ('152', '16', '2', '2017-05-19 18:24:20', '2017-05-19 18:24:20', '6486133c-a1d0-42b1-a69e-db159a351f40'),
 ('153', '17', '2', '2017-05-19 18:24:20', '2017-05-19 18:24:20', 'f3e34158-8562-46cf-a964-23300aeea23b'),
 ('154', '18', '2', '2017-05-19 18:24:20', '2017-05-19 18:24:20', '9ddb6198-83dd-41c7-ae13-e1e3e3214917'),
 ('155', '19', '2', '2017-05-19 18:24:20', '2017-05-19 18:24:20', 'eacdfbcd-68f7-4962-b095-ea4d5f9ca566'),
 ('156', '20', '2', '2017-05-19 18:24:20', '2017-05-19 18:24:20', '02b3294e-c258-4362-8d2b-be33e7315fd8'),
 ('157', '21', '2', '2017-05-19 18:24:20', '2017-05-19 18:24:20', '0038be2d-1d1c-4220-a1c4-7b48fd5276b1'),
 ('158', '22', '2', '2017-05-19 18:24:20', '2017-05-19 18:24:20', '2c26ef06-ba99-4ac2-8262-6c6871482c78'),
 ('159', '23', '2', '2017-05-19 18:24:20', '2017-05-19 18:24:20', '31ce235b-068d-45c3-9af7-028a5d98aaf3'),
 ('160', '24', '2', '2017-05-19 18:24:20', '2017-05-19 18:24:20', 'e5df706e-45b1-4053-a8fd-fd85bdf997db'),
 ('161', '25', '2', '2017-05-19 18:24:20', '2017-05-19 18:24:20', '3f289c2c-d632-4535-974f-7e39774e840b'),
 ('162', '26', '2', '2017-05-19 18:24:20', '2017-05-19 18:24:20', 'd49c95ec-573f-429b-ba03-065558b36585'),
 ('163', '27', '2', '2017-05-19 18:24:20', '2017-05-19 18:24:20', '1a57653c-d77a-46e7-91b4-5a3352a88f5e'),
 ('164', '28', '2', '2017-05-19 18:24:20', '2017-05-19 18:24:20', '827a35fb-4885-41af-8765-d0b0277aa104'),
 ('165', '29', '2', '2017-05-19 18:24:20', '2017-05-19 18:24:20', '8cee3bae-644d-4b73-a9fc-2aaa019b4526'),
 ('166', '30', '2', '2017-05-19 18:24:20', '2017-05-19 18:24:20', 'd0f7b96a-f8d5-4226-b238-e0aa2425d279'),
 ('167', '137', '2', '2017-05-19 18:24:20', '2017-05-19 18:24:20', '2772776a-ba9a-409d-ba81-860e19837403'),
 ('168', '138', '2', '2017-05-19 18:24:20', '2017-05-19 18:24:20', 'a9f122aa-e4f6-4be0-8365-249e313bb792'),
 ('169', '139', '2', '2017-05-19 18:24:20', '2017-05-19 18:24:20', '196fde81-7d41-48f6-a0ee-deedaab753f4'),
 ('170', '140', '2', '2017-05-19 18:24:20', '2017-05-19 18:24:20', '16ea514a-1bb7-4157-9cf9-e595eebf0651'),
 ('171', '141', '2', '2017-05-19 18:24:20', '2017-05-19 18:24:20', 'f508f8b8-e0cb-4f2b-b60d-7a05ef0c6be6'),
 ('172', '31', '2', '2017-05-19 18:24:20', '2017-05-19 18:24:20', '6f03d286-66ce-42d8-b897-c93af3158e87'),
 ('173', '32', '2', '2017-05-19 18:24:20', '2017-05-19 18:24:20', 'ae424157-7574-4752-a531-755ae6e39be4'),
 ('174', '33', '2', '2017-05-19 18:24:20', '2017-05-19 18:24:20', '9a8c7374-76ec-40ee-896b-c6c2b533b8a4'),
 ('175', '34', '2', '2017-05-19 18:24:20', '2017-05-19 18:24:20', '7da801f6-590c-477f-83e8-6f6af627ef68'),
 ('176', '35', '2', '2017-05-19 18:24:20', '2017-05-19 18:24:20', '95a20e7e-3224-4599-8089-0670d625cc9a'),
 ('177', '36', '2', '2017-05-19 18:24:20', '2017-05-19 18:24:20', '685929ee-678b-428d-9007-2031b7c858a5'),
 ('178', '37', '2', '2017-05-19 18:24:20', '2017-05-19 18:24:20', '7f3cd223-6267-4567-958a-d5e083e292b5'),
 ('179', '38', '2', '2017-05-19 18:24:20', '2017-05-19 18:24:20', 'f81b9158-0a7d-44c5-9434-3399c795a616'),
 ('180', '39', '2', '2017-05-19 18:24:20', '2017-05-19 18:24:20', 'ed0cde02-d4fa-4452-9eaf-a9031fb786d9'),
 ('181', '40', '2', '2017-05-19 18:24:20', '2017-05-19 18:24:20', 'abb95958-7656-4b38-a7fc-cd3c7266bac9'),
 ('182', '142', '2', '2017-05-19 18:24:20', '2017-05-19 18:24:20', '788feaac-d07c-4e2c-9cc1-bc35343d33d8'),
 ('183', '143', '2', '2017-05-19 18:24:20', '2017-05-19 18:24:20', '84c49661-894d-4f55-be65-eae18965c8c7'),
 ('184', '144', '2', '2017-05-19 18:24:20', '2017-05-19 18:24:20', '0b7aec38-d3a1-4bab-9654-d8a9bc7de1c4'),
 ('185', '145', '2', '2017-05-19 18:24:20', '2017-05-19 18:24:20', 'bff05ecb-51cf-4d2e-ac03-a5963660a0df'),
 ('186', '146', '2', '2017-05-19 18:24:20', '2017-05-19 18:24:20', '5d8a40b8-5593-44a4-ab85-f1f3622f9ba1'),
 ('187', '41', '2', '2017-05-19 18:24:20', '2017-05-19 18:24:20', '4c0566cf-e764-49b7-8279-39c75b126645'),
 ('188', '42', '2', '2017-05-19 18:24:20', '2017-05-19 18:24:20', '8d0200e2-6ac6-4099-87e0-016aabe314ad'),
 ('189', '43', '2', '2017-05-19 18:24:20', '2017-05-19 18:24:20', '93498060-2ea3-44bb-a2e3-df7c0645e3ee'),
 ('190', '44', '2', '2017-05-19 18:24:20', '2017-05-19 18:24:20', '415c0b37-a5d7-40c9-a167-40c7fb3a984d'),
 ('191', '45', '2', '2017-05-19 18:24:20', '2017-05-19 18:24:20', '75393365-c56e-45b8-8407-87473ca7f779'),
 ('192', '46', '2', '2017-05-19 18:24:20', '2017-05-19 18:24:20', 'cb0210ad-aec4-40d1-a6d1-97f0576f3a76'),
 ('193', '47', '2', '2017-05-19 18:24:20', '2017-05-19 18:24:20', '5be36b08-8b4f-4ae4-b35f-88ad619e2341'),
 ('194', '48', '2', '2017-05-19 18:24:20', '2017-05-19 18:24:20', '82535be9-1de7-40fe-86b9-a7e285961f25'),
 ('195', '49', '2', '2017-05-19 18:24:20', '2017-05-19 18:24:20', 'dfc5db76-2538-4012-8dfc-3c58ea1964af'),
 ('196', '50', '2', '2017-05-19 18:24:20', '2017-05-19 18:24:20', '50bf9ed2-caac-4e5c-954e-85eeeea175bf'),
 ('197', '51', '2', '2017-05-19 18:24:20', '2017-05-19 18:24:20', 'ca8f14fc-682d-4013-b6fd-ca726913b2e3'),
 ('198', '52', '2', '2017-05-19 18:24:20', '2017-05-19 18:24:20', '845f2bb3-5b68-4954-95c3-99eae6d5e591'),
 ('199', '53', '2', '2017-05-19 18:24:20', '2017-05-19 18:24:20', 'ec76e1ba-2def-4188-a452-2cc9595b4aa8'),
 ('200', '54', '2', '2017-05-19 18:24:20', '2017-05-19 18:24:20', '6e860063-e502-4b5c-bba1-99c80e5fbd7b');
INSERT INTO `craft_userpermissions_usergroups` (`id`, `permissionId`, `groupId`, `dateCreated`, `dateUpdated`, `uid`) VALUES
 ('201', '55', '2', '2017-05-19 18:24:20', '2017-05-19 18:24:20', 'baeb593b-c725-4726-9d11-dd085f43a038'),
 ('202', '147', '2', '2017-05-19 18:24:20', '2017-05-19 18:24:20', 'e0d35dac-59c5-4c12-bebf-7d8c34c5a778'),
 ('203', '148', '2', '2017-05-19 18:24:20', '2017-05-19 18:24:20', '1de405cc-6242-45a2-97b6-c5af96cfd1e4'),
 ('204', '149', '2', '2017-05-19 18:24:20', '2017-05-19 18:24:20', 'f5e64fa9-a283-47a0-8c23-7b95aca8a6b5'),
 ('205', '150', '2', '2017-05-19 18:24:20', '2017-05-19 18:24:20', 'b2d67477-30c3-49d2-b0d4-7857c0454651'),
 ('206', '151', '2', '2017-05-19 18:24:20', '2017-05-19 18:24:20', 'dc5e7e89-32da-495f-b43b-1382c4825b38'),
 ('207', '152', '2', '2017-05-19 18:24:20', '2017-05-19 18:24:20', '6b065675-8983-409f-affb-0713e603c251'),
 ('208', '153', '2', '2017-05-19 18:24:20', '2017-05-19 18:24:20', '322b5851-4c39-45f0-b348-0d9b259d0eaf'),
 ('209', '154', '2', '2017-05-19 18:24:20', '2017-05-19 18:24:20', 'e4109411-d219-41e9-ae9b-045546f55d06'),
 ('210', '155', '2', '2017-05-19 18:24:20', '2017-05-19 18:24:20', '9b435f36-7594-4c3d-863d-6acc307f8bc5'),
 ('211', '156', '2', '2017-05-19 18:24:20', '2017-05-19 18:24:20', 'aac4ffb2-bb81-467d-b33e-e8e9cae8d60a'),
 ('212', '56', '2', '2017-05-19 18:24:20', '2017-05-19 18:24:20', '147ea39b-494c-48b7-b91f-f482d1569e4a'),
 ('213', '57', '2', '2017-05-19 18:24:20', '2017-05-19 18:24:20', '801d0ad0-837c-48d7-bea7-e96f4d52bef1'),
 ('214', '58', '2', '2017-05-19 18:24:20', '2017-05-19 18:24:20', '9bb7789c-03fe-4a6e-88d0-f7ca571d0bff'),
 ('215', '59', '2', '2017-05-19 18:24:20', '2017-05-19 18:24:20', '650acf83-aafb-4a0c-be5d-92a3765f79f7'),
 ('216', '60', '2', '2017-05-19 18:24:20', '2017-05-19 18:24:20', '880dcbff-b3f3-45d2-8186-c602fcbcbee5'),
 ('217', '61', '2', '2017-05-19 18:24:20', '2017-05-19 18:24:20', 'c53573e2-5de9-4ed0-a04f-cfdccc5d145c'),
 ('218', '62', '2', '2017-05-19 18:24:20', '2017-05-19 18:24:20', '393e5bd1-3920-4a7b-89be-9170316f6d5a'),
 ('219', '63', '2', '2017-05-19 18:24:20', '2017-05-19 18:24:20', '3ef1bc36-d1e7-46ee-b1a8-f7529e5d751c'),
 ('220', '64', '2', '2017-05-19 18:24:20', '2017-05-19 18:24:20', 'ed5c1f0a-8271-4ade-a149-5b26400a1fc0'),
 ('221', '65', '2', '2017-05-19 18:24:20', '2017-05-19 18:24:20', '121dd267-c4b3-4900-853c-802d6a05d62f'),
 ('222', '66', '2', '2017-05-19 18:24:20', '2017-05-19 18:24:20', '3b7f2411-af7c-4b65-ba73-4fa2cf8be284'),
 ('223', '67', '2', '2017-05-19 18:24:20', '2017-05-19 18:24:20', 'a74d47e8-0018-45dc-ac32-6b217adda990'),
 ('224', '68', '2', '2017-05-19 18:24:20', '2017-05-19 18:24:20', '8d5471f6-3491-4439-8b93-8d5929b73aa8'),
 ('225', '69', '2', '2017-05-19 18:24:20', '2017-05-19 18:24:20', 'bf9598f8-4fdf-4c9a-9193-c3ee00032ac6'),
 ('226', '70', '2', '2017-05-19 18:24:20', '2017-05-19 18:24:20', 'afc51219-fc03-4288-8b65-1576cc4893f3'),
 ('227', '71', '2', '2017-05-19 18:24:20', '2017-05-19 18:24:20', '8b6cd3a1-cdf5-4513-9ab5-b9797adea256'),
 ('228', '72', '2', '2017-05-19 18:24:20', '2017-05-19 18:24:20', '60e09fdb-6012-4a4f-a698-1fba8dc09578'),
 ('229', '73', '2', '2017-05-19 18:24:20', '2017-05-19 18:24:20', '4dad8f80-31e0-4727-9471-707c7da13527'),
 ('230', '74', '2', '2017-05-19 18:24:20', '2017-05-19 18:24:20', '797b2561-641c-40b5-8d40-bd70feab80a0'),
 ('231', '75', '2', '2017-05-19 18:24:20', '2017-05-19 18:24:20', 'b8448f0d-e9d1-4793-a5b8-dd2d51069449'),
 ('232', '76', '2', '2017-05-19 18:24:20', '2017-05-19 18:24:20', 'b7de02c4-8943-4370-8b31-a2370b949d9b'),
 ('233', '77', '2', '2017-05-19 18:24:20', '2017-05-19 18:24:20', '264ae219-5c2b-41ed-b53f-58962c506fc7'),
 ('234', '78', '2', '2017-05-19 18:24:20', '2017-05-19 18:24:20', 'fbe38bee-2604-4c82-a726-d865404cd33e'),
 ('235', '79', '2', '2017-05-19 18:24:20', '2017-05-19 18:24:20', 'a668a83d-23a6-460b-91b3-25e657456e99'),
 ('236', '80', '2', '2017-05-19 18:24:20', '2017-05-19 18:24:20', '24ce9372-878a-4030-b4a4-bae8cb03dbc9'),
 ('237', '81', '2', '2017-05-19 18:24:20', '2017-05-19 18:24:20', '73d5a0f9-e2fd-4179-8082-adf922a4f4ee'),
 ('238', '82', '2', '2017-05-19 18:24:20', '2017-05-19 18:24:20', '1131743e-e505-40e2-8307-2b4cd9924363'),
 ('239', '83', '2', '2017-05-19 18:24:20', '2017-05-19 18:24:20', '5994130d-77b6-415b-a45f-b24a656264ef'),
 ('240', '84', '2', '2017-05-19 18:24:20', '2017-05-19 18:24:20', '448d6e52-1aaf-4268-8fee-f76ea1677881'),
 ('241', '85', '2', '2017-05-19 18:24:20', '2017-05-19 18:24:20', 'b3663925-7e65-49b0-9c94-476c61c6302a'),
 ('242', '86', '2', '2017-05-19 18:24:20', '2017-05-19 18:24:20', '45fb48f7-7978-44f2-bf2e-7a734a2ef533'),
 ('243', '87', '2', '2017-05-19 18:24:20', '2017-05-19 18:24:20', 'ed80ddc6-84d5-412a-af3a-31d74ad2b466'),
 ('244', '88', '2', '2017-05-19 18:24:20', '2017-05-19 18:24:20', '5c889e47-a9d0-44df-9aa2-1e7ae6ab38d5'),
 ('245', '89', '2', '2017-05-19 18:24:20', '2017-05-19 18:24:20', '9812da12-4bc3-40ba-994e-49ef911278ce'),
 ('246', '90', '2', '2017-05-19 18:24:20', '2017-05-19 18:24:20', 'ea21970d-ca6c-4460-8fe1-c7d05d53d752'),
 ('247', '91', '2', '2017-05-19 18:24:20', '2017-05-19 18:24:20', '11e2e4a0-0f49-476f-8837-24ac9ca3f634'),
 ('248', '92', '2', '2017-05-19 18:24:20', '2017-05-19 18:24:20', '5e39cec2-ebb6-4c7d-acdd-886d2cf0e209'),
 ('249', '93', '2', '2017-05-19 18:24:20', '2017-05-19 18:24:20', 'dde5a9ac-2a46-466e-860e-cac8a36305c7'),
 ('250', '94', '2', '2017-05-19 18:24:20', '2017-05-19 18:24:20', 'cb1eedcc-e387-419e-b457-7f186d752870'),
 ('251', '95', '2', '2017-05-19 18:24:20', '2017-05-19 18:24:20', '1dd57fdf-53c0-415f-883e-e86db179853a'),
 ('252', '157', '2', '2017-05-19 18:24:20', '2017-05-19 18:24:20', 'f64c78d8-6db4-4982-bc5a-60eea719c787'),
 ('253', '158', '2', '2017-05-19 18:24:20', '2017-05-19 18:24:20', '7f5a7beb-7e63-4f23-9f42-df53b477ab4a'),
 ('254', '159', '2', '2017-05-19 18:24:20', '2017-05-19 18:24:20', 'd37d2cc9-0057-487f-ad3e-8884fc0c40d1'),
 ('255', '160', '2', '2017-05-19 18:24:20', '2017-05-19 18:24:20', '6f135482-d17a-4781-b11f-c7d60ce9d345'),
 ('256', '161', '2', '2017-05-19 18:24:20', '2017-05-19 18:24:20', '4cf5be50-740a-429d-8974-ea842b0213f9'),
 ('257', '96', '2', '2017-05-19 18:24:20', '2017-05-19 18:24:20', '5a5b9db8-0bdf-473d-b438-4ee115cd6e1f'),
 ('258', '97', '2', '2017-05-19 18:24:20', '2017-05-19 18:24:20', '599fb87a-f44c-46f8-beb6-5254b13b0ca4'),
 ('259', '98', '2', '2017-05-19 18:24:20', '2017-05-19 18:24:20', 'bf049cf5-9e97-4805-8f58-bcc525eeb9fe'),
 ('260', '99', '2', '2017-05-19 18:24:20', '2017-05-19 18:24:20', '7ff0b449-4775-4561-9592-50e9c747b14a'),
 ('261', '100', '2', '2017-05-19 18:24:20', '2017-05-19 18:24:20', '95128e18-70be-4013-994c-7ac814d0268c'),
 ('262', '101', '2', '2017-05-19 18:24:20', '2017-05-19 18:24:20', '523aaba3-a78c-46d9-a2fb-73b4ec63ea96'),
 ('263', '102', '2', '2017-05-19 18:24:20', '2017-05-19 18:24:20', '802f4b07-45b5-444e-998e-4db116f906a4'),
 ('264', '103', '2', '2017-05-19 18:24:20', '2017-05-19 18:24:20', 'ab31eef8-ca95-4c23-801b-8a49dcbd8aac'),
 ('265', '104', '2', '2017-05-19 18:24:20', '2017-05-19 18:24:20', '3d5794c0-2dcf-47b3-94af-ae0b4fb2adff'),
 ('266', '105', '2', '2017-05-19 18:24:20', '2017-05-19 18:24:20', 'a3964a9b-8cbd-4364-860e-98b743a5f491'),
 ('267', '162', '2', '2017-05-19 18:24:20', '2017-05-19 18:24:20', 'c5648a08-5dfd-4223-863c-dda94a529185'),
 ('268', '163', '2', '2017-05-19 18:24:20', '2017-05-19 18:24:20', '0b1420e8-0937-46a2-8928-2618cc3ab495'),
 ('269', '164', '2', '2017-05-19 18:24:20', '2017-05-19 18:24:20', 'd0a82d20-528a-4b83-86af-4d90c093f60f'),
 ('270', '106', '2', '2017-05-19 18:24:20', '2017-05-19 18:24:20', '99fe4b7f-657a-4449-9f4a-8f11f7044a6a'),
 ('271', '107', '2', '2017-05-19 18:24:20', '2017-05-19 18:24:20', '410287cf-38fd-4172-a856-e1b4789b386e'),
 ('272', '108', '2', '2017-05-19 18:24:20', '2017-05-19 18:24:20', 'da244f0b-65a6-47cd-a730-b488f1d865e4'),
 ('273', '109', '2', '2017-05-19 18:24:20', '2017-05-19 18:24:20', 'bf00eaaa-cfd7-420f-9239-c3aa45bc5280'),
 ('274', '110', '2', '2017-05-19 18:24:20', '2017-05-19 18:24:20', '672959de-170f-466e-b623-0371e24671d1'),
 ('275', '111', '2', '2017-05-19 18:24:20', '2017-05-19 18:24:20', 'edcd241e-c85d-48d7-8b0a-8012352557d0'),
 ('276', '112', '2', '2017-05-19 18:24:20', '2017-05-19 18:24:20', 'd499e936-adfb-4781-9a85-35accf20c371'),
 ('277', '113', '2', '2017-05-19 18:24:20', '2017-05-19 18:24:20', '86216964-b4a3-4d33-a214-ab6b7721150a'),
 ('278', '165', '2', '2017-05-19 18:24:20', '2017-05-19 18:24:20', 'a584b6d6-389b-4122-a496-cffa68c05c55'),
 ('279', '166', '2', '2017-05-19 18:24:20', '2017-05-19 18:24:20', '56dfd362-4d65-4fe5-8adb-a3851ddfabcc'),
 ('280', '167', '2', '2017-05-19 18:24:20', '2017-05-19 18:24:20', '2812eb12-fb32-4830-a5c1-db6172544dd7'),
 ('281', '168', '2', '2017-05-19 18:24:20', '2017-05-19 18:24:20', 'd66cf2e8-92ab-4bc6-b815-b8bae6d667fc');



DROP TABLE IF EXISTS `craft_userpermissions_users`;


--
-- Schema for table `craft_userpermissions_users`
--
CREATE TABLE `craft_userpermissions_users` (
  `id` int(11) NOT NULL AUTO_INCREMENT,
  `permissionId` int(11) NOT NULL,
  `userId` int(11) NOT NULL,
  `dateCreated` datetime NOT NULL,
  `dateUpdated` datetime NOT NULL,
  `uid` char(36) COLLATE utf8_unicode_ci NOT NULL DEFAULT '0',
  PRIMARY KEY (`id`),
  UNIQUE KEY `craft_userpermissions_users_permissionId_userId_unq_idx` (`permissionId`,`userId`),
  KEY `craft_userpermissions_users_userId_fk` (`userId`)
) ENGINE=InnoDB AUTO_INCREMENT=505 DEFAULT CHARSET=utf8 COLLATE=utf8_unicode_ci;

--
-- Data for table `craft_userpermissions_users`
--

INSERT INTO `craft_userpermissions_users` (`id`, `permissionId`, `userId`, `dateCreated`, `dateUpdated`, `uid`) VALUES
 ('331', '170', '266', '2017-06-02 19:26:19', '2017-06-02 19:26:19', '80855438-bf8e-413d-b949-c9c7af855f87'),
 ('332', '171', '266', '2017-06-02 19:26:19', '2017-06-02 19:26:19', '61d7c915-96e1-4599-93aa-6f51e22a1735'),
 ('333', '172', '266', '2017-06-02 19:26:19', '2017-06-02 19:26:19', '6a9abd8f-8b7e-4b83-92e5-66499b7302ea'),
 ('334', '114', '266', '2017-06-02 19:26:19', '2017-06-02 19:26:19', 'd09e2833-d10a-4da9-9388-5527286ae825'),
 ('335', '115', '266', '2017-06-02 19:26:19', '2017-06-02 19:26:19', '4ecc767d-0bfe-4cd5-bc1a-7d218c1259d6'),
 ('336', '116', '266', '2017-06-02 19:26:19', '2017-06-02 19:26:19', '1f83ff16-f86b-4eae-9f31-ca8606256ed8'),
 ('337', '117', '266', '2017-06-02 19:26:19', '2017-06-02 19:26:19', '554c697a-790e-4a8d-8646-5841a253ed81'),
 ('338', '121', '266', '2017-06-02 19:26:19', '2017-06-02 19:26:19', '8401699f-209f-4807-8837-fe4e3fe22516'),
 ('339', '169', '266', '2017-06-02 19:26:19', '2017-06-02 19:26:19', 'c67bca9d-9df7-4114-b4ec-4557d697ffcb'),
 ('340', '122', '266', '2017-06-02 19:26:19', '2017-06-02 19:26:19', '406347cc-daa9-450a-9d73-8806eba794cf'),
 ('341', '123', '266', '2017-06-02 19:26:19', '2017-06-02 19:26:19', '24dc5745-3817-49a3-963a-fb69d33efb58'),
 ('342', '124', '266', '2017-06-02 19:26:19', '2017-06-02 19:26:19', '383d88e5-d56c-42df-b1be-0bd9606c1963'),
 ('343', '125', '266', '2017-06-02 19:26:19', '2017-06-02 19:26:19', '544f442c-9e90-4c69-9c54-a74041c94ba0'),
 ('344', '126', '266', '2017-06-02 19:26:19', '2017-06-02 19:26:19', '9f6d0898-ec54-40c4-b528-2d376bd1bc54'),
 ('345', '127', '266', '2017-06-02 19:26:19', '2017-06-02 19:26:19', '8fe5dd4a-0b85-43af-a7c5-b1e4dead1d92'),
 ('346', '128', '266', '2017-06-02 19:26:19', '2017-06-02 19:26:19', '10e3c3b0-dfa7-4a18-8fb8-96d2d5d1c811'),
 ('347', '129', '266', '2017-06-02 19:26:19', '2017-06-02 19:26:19', 'e84cfd28-bd81-4d3a-8f42-5c9e10a2b883'),
 ('348', '130', '266', '2017-06-02 19:26:19', '2017-06-02 19:26:19', 'b7e1c0ef-7d31-4f95-9a04-a3ed6f767271'),
 ('349', '131', '266', '2017-06-02 19:26:19', '2017-06-02 19:26:19', 'e567ec10-8805-495a-9598-158730193430'),
 ('350', '1', '266', '2017-06-02 19:26:19', '2017-06-02 19:26:19', 'e24cdf64-34fd-48c1-afe0-d57b3cda477f'),
 ('351', '2', '266', '2017-06-02 19:26:19', '2017-06-02 19:26:19', '1ad31300-0e89-49f7-9436-6d9df3b5d71b'),
 ('352', '3', '266', '2017-06-02 19:26:19', '2017-06-02 19:26:19', 'dffbc2f2-f62a-4c84-8bfa-5fcf27dd2886'),
 ('353', '4', '266', '2017-06-02 19:26:19', '2017-06-02 19:26:19', '82e269d1-2a18-46e0-a74b-a8bb24a68b52'),
 ('354', '5', '266', '2017-06-02 19:26:19', '2017-06-02 19:26:19', '44c1402d-8131-4271-851e-bdb8e42a9ce3'),
 ('355', '6', '266', '2017-06-02 19:26:19', '2017-06-02 19:26:19', '0f156b6f-1019-457b-aa44-4344730b6742'),
 ('356', '7', '266', '2017-06-02 19:26:19', '2017-06-02 19:26:19', 'b4ed927e-2fe0-4a1e-808a-e3e5fa2402aa'),
 ('357', '8', '266', '2017-06-02 19:26:19', '2017-06-02 19:26:19', '071a857a-3a50-43a8-822a-b8b690d6595a'),
 ('358', '9', '266', '2017-06-02 19:26:19', '2017-06-02 19:26:19', '19e0ae3f-ebdc-4006-8032-ef32966f4930'),
 ('359', '10', '266', '2017-06-02 19:26:19', '2017-06-02 19:26:19', 'cc244f47-fee8-4bde-a85a-086499eb64e5'),
 ('360', '11', '266', '2017-06-02 19:26:19', '2017-06-02 19:26:19', '12fdb2ae-2a48-4fde-b599-9ec5b9d27fa5'),
 ('361', '12', '266', '2017-06-02 19:26:19', '2017-06-02 19:26:19', '90268228-b281-4a9e-ae80-bceba322003d'),
 ('362', '13', '266', '2017-06-02 19:26:19', '2017-06-02 19:26:19', 'cb2392b7-0616-429f-8f06-2b2917c3cf12'),
 ('363', '14', '266', '2017-06-02 19:26:19', '2017-06-02 19:26:19', '6568c18f-469c-40db-be43-1eaae47fdcb7'),
 ('364', '15', '266', '2017-06-02 19:26:19', '2017-06-02 19:26:19', 'fb47beb6-89e3-4adc-b454-3636cef66689'),
 ('365', '132', '266', '2017-06-02 19:26:19', '2017-06-02 19:26:19', '9d04159c-759a-4df7-98d7-f0c29c6d6f86'),
 ('366', '133', '266', '2017-06-02 19:26:19', '2017-06-02 19:26:19', '9860c218-9042-471d-a396-2b60214168c5'),
 ('367', '134', '266', '2017-06-02 19:26:19', '2017-06-02 19:26:19', '0f6a3f8a-730d-41b5-8042-645a96b5e79f'),
 ('368', '135', '266', '2017-06-02 19:26:19', '2017-06-02 19:26:19', '674d51f0-3c3f-4b50-94fb-309e221be55c'),
 ('369', '136', '266', '2017-06-02 19:26:19', '2017-06-02 19:26:19', '307137fc-0a58-4009-a6e3-2ad338cfce6a'),
 ('370', '16', '266', '2017-06-02 19:26:19', '2017-06-02 19:26:19', '011ebd24-59ac-4748-a450-b88d7acf55ef'),
 ('371', '17', '266', '2017-06-02 19:26:19', '2017-06-02 19:26:19', 'ba6c60a9-b2ec-4d39-9efa-ca622c02efd7'),
 ('372', '18', '266', '2017-06-02 19:26:19', '2017-06-02 19:26:19', '4288bf78-7312-4527-a2f4-8c8a18cb013b'),
 ('373', '19', '266', '2017-06-02 19:26:19', '2017-06-02 19:26:19', '1cd94db9-1db0-4b29-bb48-13b81aec7c79'),
 ('374', '20', '266', '2017-06-02 19:26:19', '2017-06-02 19:26:19', 'd2709fde-e9c6-43f6-a410-d3c63c47835d'),
 ('375', '21', '266', '2017-06-02 19:26:19', '2017-06-02 19:26:19', 'a5c25f04-49a2-4e05-ba3e-a764c987c6e2'),
 ('376', '22', '266', '2017-06-02 19:26:19', '2017-06-02 19:26:19', '2106aac7-fd30-4d21-8916-05b769bd617e'),
 ('377', '23', '266', '2017-06-02 19:26:19', '2017-06-02 19:26:19', '236f5be9-b52f-434d-89f3-16081ad45640'),
 ('378', '24', '266', '2017-06-02 19:26:19', '2017-06-02 19:26:19', '7d0e9c91-4bfd-4c31-b750-48f1b0246c97'),
 ('379', '25', '266', '2017-06-02 19:26:19', '2017-06-02 19:26:19', '2ac39ff8-e830-4ddd-a40a-d560ec27805b'),
 ('380', '26', '266', '2017-06-02 19:26:19', '2017-06-02 19:26:19', 'c548abc2-b119-4593-8d0f-ac6508babcae'),
 ('381', '27', '266', '2017-06-02 19:26:19', '2017-06-02 19:26:19', '59b7933e-29db-4fd7-9ffe-af1a8c8a1757'),
 ('382', '28', '266', '2017-06-02 19:26:19', '2017-06-02 19:26:19', 'eec0bc6c-f5bc-430a-a37c-39fc04b66c7f'),
 ('383', '29', '266', '2017-06-02 19:26:19', '2017-06-02 19:26:19', 'f6930b78-867a-4f6a-b377-9310e2c1e7fd'),
 ('384', '30', '266', '2017-06-02 19:26:19', '2017-06-02 19:26:19', '92d0b4fa-f1d8-4a94-b0ac-8621ebd104f3'),
 ('385', '137', '266', '2017-06-02 19:26:19', '2017-06-02 19:26:19', '25fa485a-3ca2-4f8e-b959-700ec519b266'),
 ('386', '138', '266', '2017-06-02 19:26:19', '2017-06-02 19:26:19', '37080d09-200b-4da6-88e7-c6e6ca9b1eb0'),
 ('387', '139', '266', '2017-06-02 19:26:19', '2017-06-02 19:26:19', '8283bc13-1d66-49f5-83c8-565307f4f710'),
 ('388', '140', '266', '2017-06-02 19:26:19', '2017-06-02 19:26:19', 'c42d7825-e461-4b64-994f-2848a89882e9'),
 ('389', '141', '266', '2017-06-02 19:26:19', '2017-06-02 19:26:19', 'f5adcb43-a060-4119-bb46-191ee62a0c5c'),
 ('390', '31', '266', '2017-06-02 19:26:19', '2017-06-02 19:26:19', 'cec69da6-995e-4ace-b532-c47576687997'),
 ('391', '32', '266', '2017-06-02 19:26:19', '2017-06-02 19:26:19', '7002e604-103a-4382-bb54-058de893a2a8'),
 ('392', '33', '266', '2017-06-02 19:26:19', '2017-06-02 19:26:19', '056080f2-73b9-4a80-b983-ea91953418c5'),
 ('393', '34', '266', '2017-06-02 19:26:19', '2017-06-02 19:26:19', 'd1191c5c-22d6-44a1-8de4-0b6a616dd85c'),
 ('394', '35', '266', '2017-06-02 19:26:19', '2017-06-02 19:26:19', '5d9de672-c484-4fdf-9178-71a7770d8b4c'),
 ('395', '36', '266', '2017-06-02 19:26:19', '2017-06-02 19:26:19', 'c196e009-e0a0-4325-b236-d20d0537ebcc'),
 ('396', '37', '266', '2017-06-02 19:26:19', '2017-06-02 19:26:19', 'dcd6ffa6-af56-4ac0-a8ed-68830299959d'),
 ('397', '38', '266', '2017-06-02 19:26:19', '2017-06-02 19:26:19', '4fd917cb-bd9a-4429-a66e-4fb12a475e59'),
 ('398', '39', '266', '2017-06-02 19:26:19', '2017-06-02 19:26:19', '0f84c7d0-4508-423a-b254-1985425e9e36'),
 ('399', '40', '266', '2017-06-02 19:26:19', '2017-06-02 19:26:19', '2d1a2d48-2c1e-4d37-8e0c-66164be9cf8e'),
 ('400', '142', '266', '2017-06-02 19:26:19', '2017-06-02 19:26:19', '3676f654-04cc-4b16-9c50-2527b98bfdfc'),
 ('401', '143', '266', '2017-06-02 19:26:19', '2017-06-02 19:26:19', '39e40f35-5164-4dad-8d08-a755eb89d570'),
 ('402', '144', '266', '2017-06-02 19:26:19', '2017-06-02 19:26:19', 'ec6b2473-5568-47bc-a5e0-f37044d02470'),
 ('403', '145', '266', '2017-06-02 19:26:19', '2017-06-02 19:26:19', 'fea7b458-e256-4e6d-b818-ba0a1db60af7'),
 ('404', '146', '266', '2017-06-02 19:26:19', '2017-06-02 19:26:19', '8ea4f6a8-abbc-41ad-807b-df340f60c877'),
 ('405', '41', '266', '2017-06-02 19:26:19', '2017-06-02 19:26:19', 'd9f71a36-ead5-40a2-9189-23114c914893'),
 ('406', '42', '266', '2017-06-02 19:26:19', '2017-06-02 19:26:19', '90004b7b-3bb3-471f-b94a-b74d6b6f46ad'),
 ('407', '43', '266', '2017-06-02 19:26:19', '2017-06-02 19:26:19', '085a978b-a627-4c7a-93dd-e1292f96a18b'),
 ('408', '44', '266', '2017-06-02 19:26:19', '2017-06-02 19:26:19', 'e1170fc1-e032-4742-a383-c5de4f65267d'),
 ('409', '45', '266', '2017-06-02 19:26:19', '2017-06-02 19:26:19', 'b448def3-9863-43fd-8249-9367ebe859bc'),
 ('410', '46', '266', '2017-06-02 19:26:19', '2017-06-02 19:26:19', 'e598f13d-ab91-419a-b83c-ca5baed73edf'),
 ('411', '47', '266', '2017-06-02 19:26:19', '2017-06-02 19:26:19', 'bb9341f1-a79b-4a96-9fb6-bafa76e3d8ea'),
 ('412', '48', '266', '2017-06-02 19:26:19', '2017-06-02 19:26:19', 'd7045f84-049d-4e51-b473-20347641d98b'),
 ('413', '49', '266', '2017-06-02 19:26:19', '2017-06-02 19:26:19', '9ad0c38d-6746-4252-9bf6-c35465e9ed81'),
 ('414', '50', '266', '2017-06-02 19:26:19', '2017-06-02 19:26:19', 'a3c3606f-9abb-4554-a67d-029c716262a6'),
 ('415', '51', '266', '2017-06-02 19:26:19', '2017-06-02 19:26:19', '28bbe144-6fda-4e21-b7de-c8902a886d01'),
 ('416', '52', '266', '2017-06-02 19:26:19', '2017-06-02 19:26:19', '99e0dcc9-3c7f-4287-af48-94125812cc6d'),
 ('417', '53', '266', '2017-06-02 19:26:19', '2017-06-02 19:26:19', 'bf0666af-3d02-4227-bb85-033a4f326bd8'),
 ('418', '54', '266', '2017-06-02 19:26:19', '2017-06-02 19:26:19', '2dc2f975-a1f5-4e89-974b-be15cba81cc1'),
 ('419', '55', '266', '2017-06-02 19:26:19', '2017-06-02 19:26:19', '2a222099-bd69-4b4b-ab06-1515360d099b'),
 ('420', '147', '266', '2017-06-02 19:26:19', '2017-06-02 19:26:19', 'dbe600ed-e775-4d33-a5b6-85f50282c447'),
 ('421', '148', '266', '2017-06-02 19:26:19', '2017-06-02 19:26:19', 'b15809e8-7c6a-40dd-983d-dd55dcee119c'),
 ('422', '149', '266', '2017-06-02 19:26:19', '2017-06-02 19:26:19', '3dfbcebf-3d4a-438e-a074-8350cd0355a2'),
 ('423', '150', '266', '2017-06-02 19:26:19', '2017-06-02 19:26:19', '790dca00-b94a-49c1-9658-34a0e5e83df8'),
 ('424', '151', '266', '2017-06-02 19:26:19', '2017-06-02 19:26:19', 'cb68642e-f26b-4e57-a158-3ea290999ab1'),
 ('425', '152', '266', '2017-06-02 19:26:19', '2017-06-02 19:26:19', 'fca63c5d-e8e3-4d3f-84e6-81a6466f5ed5'),
 ('426', '153', '266', '2017-06-02 19:26:19', '2017-06-02 19:26:19', '5e48534d-b9cb-4f03-9eaa-04028af87285'),
 ('427', '154', '266', '2017-06-02 19:26:19', '2017-06-02 19:26:19', '23c4b345-00a4-44bf-8638-189363448f2c'),
 ('428', '155', '266', '2017-06-02 19:26:19', '2017-06-02 19:26:19', '0cc53df3-7d5f-4167-94f7-bd3a154c6710'),
 ('429', '156', '266', '2017-06-02 19:26:19', '2017-06-02 19:26:19', '51c19b7e-00c8-44b5-a99e-02154f05fef1'),
 ('430', '56', '266', '2017-06-02 19:26:19', '2017-06-02 19:26:19', '1e3403e8-5235-4d10-9984-45e2d26ced57');
INSERT INTO `craft_userpermissions_users` (`id`, `permissionId`, `userId`, `dateCreated`, `dateUpdated`, `uid`) VALUES
 ('431', '57', '266', '2017-06-02 19:26:19', '2017-06-02 19:26:19', '5b6ea769-2c95-4a74-ac74-186f78faf288'),
 ('432', '58', '266', '2017-06-02 19:26:19', '2017-06-02 19:26:19', '8679541d-d863-41b5-9ece-d5d0671cab4f'),
 ('433', '59', '266', '2017-06-02 19:26:19', '2017-06-02 19:26:19', '5e4dbe5f-e0cc-4564-9730-b78d1b450631'),
 ('434', '60', '266', '2017-06-02 19:26:19', '2017-06-02 19:26:19', 'd2147f5b-1200-4179-a47c-6f89467e1e48'),
 ('435', '61', '266', '2017-06-02 19:26:19', '2017-06-02 19:26:19', '8471a1f4-61e5-45a0-b9ac-aa3be48f275a'),
 ('436', '62', '266', '2017-06-02 19:26:19', '2017-06-02 19:26:19', '2117bd3b-f8a2-4284-b4bf-dda02c163059'),
 ('437', '63', '266', '2017-06-02 19:26:19', '2017-06-02 19:26:19', '1bb3c287-0e66-48cb-af47-9526780c1b59'),
 ('438', '64', '266', '2017-06-02 19:26:19', '2017-06-02 19:26:19', 'd24d80ad-a629-41d8-bca6-059d7e029ef6'),
 ('439', '65', '266', '2017-06-02 19:26:19', '2017-06-02 19:26:19', 'd47fd724-16e5-47df-9101-b5bb9011439d'),
 ('440', '66', '266', '2017-06-02 19:26:19', '2017-06-02 19:26:19', 'bde760c1-028c-4ca6-a720-3e95d9a4256c'),
 ('441', '67', '266', '2017-06-02 19:26:19', '2017-06-02 19:26:19', '8181248c-ee8d-42cf-897d-c535a60c89ae'),
 ('442', '68', '266', '2017-06-02 19:26:19', '2017-06-02 19:26:19', '6a39486f-bb6d-44be-b3f7-8282354e7464'),
 ('443', '69', '266', '2017-06-02 19:26:19', '2017-06-02 19:26:19', 'd66d8e07-5729-4854-88ed-ac301f385ead'),
 ('444', '70', '266', '2017-06-02 19:26:19', '2017-06-02 19:26:19', '85170fad-d851-4437-8963-e94a889421bf'),
 ('445', '71', '266', '2017-06-02 19:26:19', '2017-06-02 19:26:19', 'c24255ca-3fb0-4c22-ae61-51d032b924fd'),
 ('446', '72', '266', '2017-06-02 19:26:19', '2017-06-02 19:26:19', 'eb598cf1-b482-49e6-aa1e-55a0d0bb5b80'),
 ('447', '73', '266', '2017-06-02 19:26:19', '2017-06-02 19:26:19', 'dbd9b85e-bc04-419e-8809-6d487ae01022'),
 ('448', '74', '266', '2017-06-02 19:26:19', '2017-06-02 19:26:19', '0406027e-96b5-4acb-84ae-8ebc4fd9c814'),
 ('449', '75', '266', '2017-06-02 19:26:19', '2017-06-02 19:26:19', '4392b8ef-a220-4ae8-971d-6da0355adaeb'),
 ('450', '76', '266', '2017-06-02 19:26:19', '2017-06-02 19:26:19', '5d4268bb-7a2b-4f3a-88d2-d9b55f52b7ce'),
 ('451', '77', '266', '2017-06-02 19:26:19', '2017-06-02 19:26:19', '70c7528a-e1e9-41c7-91e9-c329e88e5d93'),
 ('452', '78', '266', '2017-06-02 19:26:19', '2017-06-02 19:26:19', '1b294e77-694a-4a6e-8796-dd27eb95c2dd'),
 ('453', '79', '266', '2017-06-02 19:26:19', '2017-06-02 19:26:19', '2d447daf-362d-4c4d-8a9d-b40e0af29705'),
 ('454', '80', '266', '2017-06-02 19:26:19', '2017-06-02 19:26:19', '25d3b0db-a40e-4a4b-94a1-916b5298ad3b'),
 ('455', '81', '266', '2017-06-02 19:26:19', '2017-06-02 19:26:19', 'abc30b5c-7b13-4bbe-a68c-b2c845bef264'),
 ('456', '82', '266', '2017-06-02 19:26:19', '2017-06-02 19:26:19', '214e33e5-9df5-4005-b572-26377df9023b'),
 ('457', '83', '266', '2017-06-02 19:26:19', '2017-06-02 19:26:19', '31d5c675-2823-4914-9014-f42c7772bb70'),
 ('458', '84', '266', '2017-06-02 19:26:19', '2017-06-02 19:26:19', '631dbc78-79a5-49ce-bb2c-0dcc7ff386a9'),
 ('459', '85', '266', '2017-06-02 19:26:19', '2017-06-02 19:26:19', 'b0a9d803-2b66-4667-a0e8-d6f586966132'),
 ('460', '86', '266', '2017-06-02 19:26:19', '2017-06-02 19:26:19', 'a22e250b-11e0-42d2-b9d3-0f9a2e9b8bbe'),
 ('461', '87', '266', '2017-06-02 19:26:19', '2017-06-02 19:26:19', 'a5b97103-7db2-4131-8220-8ce5b2ab7f4e'),
 ('462', '88', '266', '2017-06-02 19:26:19', '2017-06-02 19:26:19', '226efb13-8e75-4ca7-9732-392323bab356'),
 ('463', '89', '266', '2017-06-02 19:26:19', '2017-06-02 19:26:19', '27a4d6f2-259f-45f8-8c72-25abd9b18efa'),
 ('464', '90', '266', '2017-06-02 19:26:19', '2017-06-02 19:26:19', '3463d1c7-7caa-493a-9fc7-9013fb36f00f'),
 ('465', '91', '266', '2017-06-02 19:26:19', '2017-06-02 19:26:19', '825e2722-be71-4e5d-953f-ce9c7b2a1319'),
 ('466', '92', '266', '2017-06-02 19:26:19', '2017-06-02 19:26:19', '3f87e778-d3ea-49a2-b329-21d9bb173e30'),
 ('467', '93', '266', '2017-06-02 19:26:19', '2017-06-02 19:26:19', '87a80d4d-01e8-40b3-9b51-d6ced582f65d'),
 ('468', '94', '266', '2017-06-02 19:26:19', '2017-06-02 19:26:19', '0ff1c975-b5c4-494c-b223-7a8f24c2abb3'),
 ('469', '95', '266', '2017-06-02 19:26:19', '2017-06-02 19:26:19', '53757705-047f-4a48-bd73-af7d168c81fa'),
 ('470', '157', '266', '2017-06-02 19:26:19', '2017-06-02 19:26:19', '114fcbd8-88dc-4d20-87ca-21663a5bb2f5'),
 ('471', '158', '266', '2017-06-02 19:26:19', '2017-06-02 19:26:19', 'a81c7d70-311c-477e-94eb-eb5b2198a682'),
 ('472', '159', '266', '2017-06-02 19:26:19', '2017-06-02 19:26:19', '0f1b05be-e336-470d-a3d3-745f61b8a5eb'),
 ('473', '160', '266', '2017-06-02 19:26:19', '2017-06-02 19:26:19', 'f286effb-fe5b-4df8-bd51-76d8b36eb064'),
 ('474', '161', '266', '2017-06-02 19:26:19', '2017-06-02 19:26:19', 'b91403be-cf9a-4091-b9d4-a7f40f8e5bff'),
 ('475', '96', '266', '2017-06-02 19:26:19', '2017-06-02 19:26:19', '75be9ec7-7429-4711-9598-ebfa1e0a6e23'),
 ('476', '97', '266', '2017-06-02 19:26:19', '2017-06-02 19:26:19', '9ad3c0e0-bab1-44b9-91b2-ab26e55bbb2a'),
 ('477', '98', '266', '2017-06-02 19:26:19', '2017-06-02 19:26:19', 'd874c3e8-bf28-4803-a8c2-02bd872f8c14'),
 ('478', '99', '266', '2017-06-02 19:26:19', '2017-06-02 19:26:19', '772fea71-9ab4-4a59-9b37-ccffe5d4b672'),
 ('479', '100', '266', '2017-06-02 19:26:19', '2017-06-02 19:26:19', '8153efe5-2d69-4519-9b3b-4d5d3ea3c0e7'),
 ('480', '101', '266', '2017-06-02 19:26:19', '2017-06-02 19:26:19', '219bf8f8-402e-4f03-9dab-1b0df9503412'),
 ('481', '102', '266', '2017-06-02 19:26:19', '2017-06-02 19:26:19', '31b3bfb2-0156-4fad-8fb4-94d28ba3282c'),
 ('482', '103', '266', '2017-06-02 19:26:19', '2017-06-02 19:26:19', 'edfa978f-65f9-4e91-8535-dac6cb41a2ef'),
 ('483', '104', '266', '2017-06-02 19:26:19', '2017-06-02 19:26:19', '0e4828ea-bffd-4fdf-86c6-fc9eece1fcfc'),
 ('484', '105', '266', '2017-06-02 19:26:19', '2017-06-02 19:26:19', '72267850-113b-40e6-9323-ec0b77510ca7'),
 ('485', '162', '266', '2017-06-02 19:26:19', '2017-06-02 19:26:19', '101e1a15-1539-4696-b1ac-1f0dfa0cfe10'),
 ('486', '163', '266', '2017-06-02 19:26:19', '2017-06-02 19:26:19', '346393df-43fb-40f0-aea7-9ad1f0ed7082'),
 ('487', '164', '266', '2017-06-02 19:26:19', '2017-06-02 19:26:19', 'd687c484-cdf1-455c-bc06-96e78a73e12c'),
 ('488', '106', '266', '2017-06-02 19:26:19', '2017-06-02 19:26:19', '6cfa8028-4238-4e8f-b58c-53a35481e385'),
 ('489', '107', '266', '2017-06-02 19:26:19', '2017-06-02 19:26:19', '986fa6fe-206d-4312-9076-296cc805637e'),
 ('490', '108', '266', '2017-06-02 19:26:19', '2017-06-02 19:26:19', 'aed6cef0-f2b0-4d7a-a072-acba94545396'),
 ('491', '109', '266', '2017-06-02 19:26:19', '2017-06-02 19:26:19', 'a8d6acae-860a-4c8f-9f92-688ef434ffde'),
 ('492', '110', '266', '2017-06-02 19:26:19', '2017-06-02 19:26:19', 'c5567568-c815-46d7-b0b1-73e23d61392d'),
 ('493', '111', '266', '2017-06-02 19:26:19', '2017-06-02 19:26:19', '4c3326eb-8f04-43dc-83c9-838a86a7e136'),
 ('494', '112', '266', '2017-06-02 19:26:19', '2017-06-02 19:26:19', '94a8aef1-99a1-4d45-a747-1feece314897'),
 ('495', '113', '266', '2017-06-02 19:26:19', '2017-06-02 19:26:19', 'e2a51733-a6bd-4d17-8ae0-42dd727a28d4'),
 ('496', '165', '266', '2017-06-02 19:26:19', '2017-06-02 19:26:19', '9a1c293a-70f2-4957-9983-ca2985ce46e2'),
 ('497', '166', '266', '2017-06-02 19:26:19', '2017-06-02 19:26:19', '02f252d6-5ba4-43e8-8c45-b19ecac3864a'),
 ('498', '167', '266', '2017-06-02 19:26:19', '2017-06-02 19:26:19', 'e756dfc4-e985-490b-8927-b53656c09a0c'),
 ('499', '168', '266', '2017-06-02 19:26:19', '2017-06-02 19:26:19', 'c3571e87-b5fd-477f-9316-e8f80f369f48'),
 ('500', '170', '267', '2017-06-02 19:26:48', '2017-06-02 19:26:48', 'ebde8271-337f-48a0-96f2-5f89bef9aa43'),
 ('501', '171', '267', '2017-06-02 19:26:48', '2017-06-02 19:26:48', '37af762b-899d-4680-8327-20b11ecc7483'),
 ('502', '172', '267', '2017-06-02 19:26:48', '2017-06-02 19:26:48', '38dd4a94-9310-4c05-a796-f186bee57f08'),
 ('503', '116', '267', '2017-06-02 19:26:48', '2017-06-02 19:26:48', '2e52fe5e-1d2f-46e5-bc71-c4f9aa66c337'),
 ('504', '169', '267', '2017-06-02 19:26:48', '2017-06-02 19:26:48', '12189593-7e73-438f-ab91-f69d8b9ac624');



DROP TABLE IF EXISTS `craft_users`;


--
-- Schema for table `craft_users`
--
CREATE TABLE `craft_users` (
  `id` int(11) NOT NULL,
  `username` varchar(100) COLLATE utf8_unicode_ci NOT NULL,
  `photo` varchar(100) COLLATE utf8_unicode_ci DEFAULT NULL,
  `firstName` varchar(100) COLLATE utf8_unicode_ci DEFAULT NULL,
  `lastName` varchar(100) COLLATE utf8_unicode_ci DEFAULT NULL,
  `email` varchar(255) COLLATE utf8_unicode_ci NOT NULL,
  `password` char(255) COLLATE utf8_unicode_ci DEFAULT NULL,
  `preferredLocale` char(12) COLLATE utf8_unicode_ci DEFAULT NULL,
  `weekStartDay` tinyint(1) unsigned NOT NULL DEFAULT '0',
  `admin` tinyint(1) unsigned NOT NULL DEFAULT '0',
  `client` tinyint(1) unsigned NOT NULL DEFAULT '0',
  `locked` tinyint(1) unsigned NOT NULL DEFAULT '0',
  `suspended` tinyint(1) unsigned NOT NULL DEFAULT '0',
  `pending` tinyint(1) unsigned NOT NULL DEFAULT '0',
  `archived` tinyint(1) unsigned NOT NULL DEFAULT '0',
  `lastLoginDate` datetime DEFAULT NULL,
  `lastLoginAttemptIPAddress` varchar(45) COLLATE utf8_unicode_ci DEFAULT NULL,
  `invalidLoginWindowStart` datetime DEFAULT NULL,
  `invalidLoginCount` tinyint(4) unsigned DEFAULT NULL,
  `lastInvalidLoginDate` datetime DEFAULT NULL,
  `lockoutDate` datetime DEFAULT NULL,
  `verificationCode` char(100) COLLATE utf8_unicode_ci DEFAULT NULL,
  `verificationCodeIssuedDate` datetime DEFAULT NULL,
  `unverifiedEmail` varchar(255) COLLATE utf8_unicode_ci DEFAULT NULL,
  `passwordResetRequired` tinyint(1) unsigned NOT NULL DEFAULT '0',
  `lastPasswordChangeDate` datetime DEFAULT NULL,
  `dateCreated` datetime NOT NULL,
  `dateUpdated` datetime NOT NULL,
  `uid` char(36) COLLATE utf8_unicode_ci NOT NULL DEFAULT '0',
  PRIMARY KEY (`id`),
  UNIQUE KEY `craft_users_username_unq_idx` (`username`),
  UNIQUE KEY `craft_users_email_unq_idx` (`email`),
  KEY `craft_users_verificationCode_idx` (`verificationCode`),
  KEY `craft_users_uid_idx` (`uid`),
  KEY `craft_users_preferredLocale_fk` (`preferredLocale`)
) ENGINE=InnoDB DEFAULT CHARSET=utf8 COLLATE=utf8_unicode_ci;

--
-- Data for table `craft_users`
--

INSERT INTO `craft_users` (`id`, `username`, `photo`, `firstName`, `lastName`, `email`, `password`, `preferredLocale`, `weekStartDay`, `admin`, `client`, `locked`, `suspended`, `pending`, `archived`, `lastLoginDate`, `lastLoginAttemptIPAddress`, `invalidLoginWindowStart`, `invalidLoginCount`, `lastInvalidLoginDate`, `lockoutDate`, `verificationCode`, `verificationCodeIssuedDate`, `unverifiedEmail`, `passwordResetRequired`, `lastPasswordChangeDate`, `dateCreated`, `dateUpdated`, `uid`) VALUES
 ('1', 'studentmedia', NULL, NULL, NULL, 'challahan@ideabasekent.com', '$2y$13$X0tsGa9y3ilIcJitArMNYOfhGRUc4q6FnUPL/adZkptfNbRWTLqH2', NULL, '0', '1', '0', '0', '0', '0', '0', '2017-06-26 01:24:18', '98.100.24.188', NULL, NULL, '2017-03-09 21:47:43', NULL, NULL, NULL, NULL, '0', '2017-01-12 16:12:58', '2017-01-12 16:12:58', '2017-06-26 01:24:18', 'f58ab9f4-2f8d-4925-97d8-ae38814a640f'),
 ('164', 'challahan', '17757487_10105388969987974_733846202414440012_n.jpg', 'Christopher', 'Hallahan', 'challaha@kent.edu', '$2y$13$ZBYHPcVLr1tE5HxB2lffCuqeMqAZNuJ73sJxs4UBnakLUf/LQDWRi', NULL, '0', '1', '0', '0', '0', '0', '0', '2017-04-25 20:37:40', '131.123.145.79', NULL, NULL, '2017-04-24 13:37:31', NULL, NULL, NULL, NULL, '0', '2017-04-24 13:38:17', '2017-04-24 13:36:19', '2017-04-25 20:37:40', 'da8ce2d4-834a-40bc-b99a-07452a7941c4'),
 ('235', 'kdilley', NULL, 'Kevin', 'Dilley', 'kdilley@kent.edu', '$2y$13$TpBXbphLhQTl7eB6lCRSkuJ2yfvJ256UUeT/TJ/vIBOQNGTsdxnsK', NULL, '0', '0', '0', '0', '0', '0', '0', '2017-06-15 20:45:57', '131.123.61.81', NULL, NULL, NULL, NULL, NULL, NULL, NULL, '0', '2017-05-25 19:23:49', '2017-05-19 18:26:26', '2017-06-15 20:45:57', '300b75d4-29ac-474c-9757-e91309a28bbe'),
 ('266', 'tbongiorni', NULL, 'Tami', 'Bongiorni ', 'tbongior@kent.edu', '$2y$13$azT9HqiTA40nTyxa4WnkweQ9qDR1XudeA7n.QyuUJqiplS9m6R38y', NULL, '0', '0', '0', '0', '0', '0', '0', '2017-06-02 19:26:20', '131.123.61.18', NULL, NULL, NULL, NULL, NULL, NULL, NULL, '0', '2017-06-02 19:22:23', '2017-06-02 19:19:57', '2017-06-02 19:26:20', '098f6b00-125d-42f6-a649-573b090a09bb'),
 ('267', 'lbednar', NULL, 'Lorie', 'Bednar', 'lbednar@kent.edu', '$2y$13$qJrxhx82Ll0irCsPPDj9P.U84kt5lvpql7XzEZ5s6XLoIMgi7OzFG', NULL, '0', '0', '0', '0', '0', '0', '0', '2017-06-08 15:26:24', '131.123.201.18', NULL, NULL, NULL, NULL, NULL, NULL, NULL, '0', '2017-06-05 17:36:32', '2017-06-02 19:21:16', '2017-06-08 15:26:24', '232deb94-404e-4a1e-b7aa-2661363259b3');



DROP TABLE IF EXISTS `craft_widgets`;


--
-- Schema for table `craft_widgets`
--
CREATE TABLE `craft_widgets` (
  `id` int(11) NOT NULL AUTO_INCREMENT,
  `userId` int(11) NOT NULL,
  `type` varchar(150) COLLATE utf8_unicode_ci NOT NULL,
  `sortOrder` smallint(6) unsigned DEFAULT NULL,
  `colspan` tinyint(4) unsigned DEFAULT NULL,
  `settings` text COLLATE utf8_unicode_ci,
  `enabled` tinyint(1) unsigned NOT NULL DEFAULT '1',
  `dateCreated` datetime NOT NULL,
  `dateUpdated` datetime NOT NULL,
  `uid` char(36) COLLATE utf8_unicode_ci NOT NULL DEFAULT '0',
  PRIMARY KEY (`id`),
  KEY `craft_widgets_userId_fk` (`userId`)
) ENGINE=InnoDB AUTO_INCREMENT=20 DEFAULT CHARSET=utf8 COLLATE=utf8_unicode_ci;

--
-- Data for table `craft_widgets`
--

INSERT INTO `craft_widgets` (`id`, `userId`, `type`, `sortOrder`, `colspan`, `settings`, `enabled`, `dateCreated`, `dateUpdated`, `uid`) VALUES
 ('1', '1', 'RecentEntries', '1', NULL, NULL, '1', '2017-01-12 16:13:00', '2017-04-24 13:57:12', '3ee5d5c2-1972-4a9c-9a2c-294b13ff4d2c'),
 ('2', '1', 'GetHelp', '2', '1', NULL, '1', '2017-01-12 16:13:00', '2017-04-24 13:57:12', 'f29f1732-5790-4872-a534-d987a5b6ab7f'),
 ('3', '1', 'Updates', '6', '1', NULL, '1', '2017-01-12 16:13:00', '2017-04-24 13:57:12', '71e25540-8687-492c-b97f-d8cf67dcf597'),
 ('4', '1', 'Feed', '3', NULL, '{\"url\":\"https:\\/\\/craftcms.com\\/news.rss\",\"title\":\"Craft News\"}', '1', '2017-01-12 16:13:00', '2017-04-24 13:57:12', '3ce3670f-b9c1-4d0d-acdf-13fd71dd6785'),
 ('5', '164', 'RecentEntries', '1', NULL, NULL, '1', '2017-04-24 13:38:26', '2017-04-24 13:38:26', 'c48a86e1-8485-45df-a5c4-4b07dbe6a103'),
 ('6', '164', 'GetHelp', '2', NULL, NULL, '1', '2017-04-24 13:38:26', '2017-04-24 13:38:26', '07ffb671-2502-445f-a17c-d54230a6184b'),
 ('7', '164', 'Updates', '3', NULL, NULL, '1', '2017-04-24 13:38:26', '2017-04-24 13:38:26', '12dc83b5-8567-4241-b61a-b7d16024cbee'),
 ('8', '164', 'Feed', '4', NULL, '{\"url\":\"https:\\/\\/craftcms.com\\/news.rss\",\"title\":\"Craft News\"}', '1', '2017-04-24 13:38:26', '2017-04-24 13:38:26', 'df2774a5-f1e4-41de-ab22-d57ff01634e3'),
 ('9', '1', 'RecentEntries', '4', NULL, '{\"section\":\"2\",\"limit\":\"5\"}', '1', '2017-04-24 13:55:54', '2017-04-24 13:57:12', 'ed00b08a-8523-4ebe-a1b1-c8621d27ac57'),
 ('10', '1', 'QuickPost', '5', NULL, '{\"section\":\"6\",\"entryType\":\"\",\"fields\":[\"12\",\"23\",\"24\",\"20\"]}', '0', '2017-04-24 13:56:27', '2017-04-24 13:57:22', 'ca2cc129-0a6c-4d18-b0dc-221bda9c8110'),
 ('11', '1', 'QuickPost', '7', NULL, '{\"section\":\"6\",\"entryType\":\"\",\"fields\":[\"12\"]}', '1', '2017-04-24 13:57:43', '2017-04-24 13:57:43', '8e9fab7a-5632-49b5-9833-c3d78cf4fd63'),
 ('12', '235', 'RecentEntries', '1', NULL, NULL, '1', '2017-05-25 19:24:07', '2017-05-25 19:24:07', '1ca5593c-cba2-4a3d-9c78-ed53e10ee3bc'),
 ('13', '235', 'Feed', '2', NULL, '{\"url\":\"https:\\/\\/craftcms.com\\/news.rss\",\"title\":\"Craft News\"}', '1', '2017-05-25 19:24:07', '2017-05-25 19:24:07', '7c459586-cc38-4bb9-9761-b66095f2e61b'),
 ('14', '266', 'RecentEntries', '1', NULL, NULL, '1', '2017-06-02 19:26:20', '2017-06-02 19:26:20', '29fe6cac-fc6a-4509-8aed-051ed3494d06'),
 ('15', '266', 'Updates', '2', NULL, NULL, '1', '2017-06-02 19:26:20', '2017-06-02 19:26:20', '3fb29796-623b-450b-a1cf-4cf808859adc'),
 ('16', '266', 'Feed', '3', NULL, '{\"url\":\"https:\\/\\/craftcms.com\\/news.rss\",\"title\":\"Craft News\"}', '1', '2017-06-02 19:26:20', '2017-06-02 19:26:20', '58d7b174-8947-44aa-8d80-e35d480bca0d'),
 ('17', '267', 'RecentEntries', '1', NULL, NULL, '1', '2017-06-05 17:36:41', '2017-06-05 17:36:41', '03870304-bf88-432f-808b-fa0d2959af90'),
 ('18', '267', 'Updates', '2', NULL, NULL, '1', '2017-06-05 17:36:41', '2017-06-05 17:36:41', '44b27f99-70d6-4914-a437-c9e4a4339343'),
 ('19', '267', 'Feed', '3', NULL, '{\"url\":\"https:\\/\\/craftcms.com\\/news.rss\",\"title\":\"Craft News\"}', '1', '2017-06-05 17:36:41', '2017-06-05 17:36:41', 'a88a51cf-09c5-469d-94fb-50d30dc95b71');


--
-- Constraints for tables
--


--
-- Constraints for table `craft_assetfiles`
--
ALTER TABLE `craft_assetfiles`
	ADD CONSTRAINT `craft_assetfiles_folderId_fk` FOREIGN KEY (`folderId`) REFERENCES `craft_assetfolders` (`id`) ON DELETE CASCADE,
	ADD CONSTRAINT `craft_assetfiles_id_fk` FOREIGN KEY (`id`) REFERENCES `craft_elements` (`id`) ON DELETE CASCADE,
	ADD CONSTRAINT `craft_assetfiles_sourceId_fk` FOREIGN KEY (`sourceId`) REFERENCES `craft_assetsources` (`id`) ON DELETE CASCADE;

--
-- Constraints for table `craft_assetfolders`
--
ALTER TABLE `craft_assetfolders`
	ADD CONSTRAINT `craft_assetfolders_parentId_fk` FOREIGN KEY (`parentId`) REFERENCES `craft_assetfolders` (`id`) ON DELETE CASCADE,
	ADD CONSTRAINT `craft_assetfolders_sourceId_fk` FOREIGN KEY (`sourceId`) REFERENCES `craft_assetsources` (`id`) ON DELETE CASCADE;

--
-- Constraints for table `craft_assetindexdata`
--
ALTER TABLE `craft_assetindexdata`
	ADD CONSTRAINT `craft_assetindexdata_sourceId_fk` FOREIGN KEY (`sourceId`) REFERENCES `craft_assetsources` (`id`) ON DELETE CASCADE;

--
-- Constraints for table `craft_assetsources`
--
ALTER TABLE `craft_assetsources`
	ADD CONSTRAINT `craft_assetsources_fieldLayoutId_fk` FOREIGN KEY (`fieldLayoutId`) REFERENCES `craft_fieldlayouts` (`id`) ON DELETE SET NULL;

--
-- Constraints for table `craft_categories`
--
ALTER TABLE `craft_categories`
	ADD CONSTRAINT `craft_categories_groupId_fk` FOREIGN KEY (`groupId`) REFERENCES `craft_categorygroups` (`id`) ON DELETE CASCADE,
	ADD CONSTRAINT `craft_categories_id_fk` FOREIGN KEY (`id`) REFERENCES `craft_elements` (`id`) ON DELETE CASCADE;

--
-- Constraints for table `craft_categorygroups`
--
ALTER TABLE `craft_categorygroups`
	ADD CONSTRAINT `craft_categorygroups_fieldLayoutId_fk` FOREIGN KEY (`fieldLayoutId`) REFERENCES `craft_fieldlayouts` (`id`) ON DELETE SET NULL,
	ADD CONSTRAINT `craft_categorygroups_structureId_fk` FOREIGN KEY (`structureId`) REFERENCES `craft_structures` (`id`) ON DELETE CASCADE;

--
-- Constraints for table `craft_categorygroups_i18n`
--
ALTER TABLE `craft_categorygroups_i18n`
	ADD CONSTRAINT `craft_categorygroups_i18n_groupId_fk` FOREIGN KEY (`groupId`) REFERENCES `craft_categorygroups` (`id`) ON DELETE CASCADE,
	ADD CONSTRAINT `craft_categorygroups_i18n_locale_fk` FOREIGN KEY (`locale`) REFERENCES `craft_locales` (`locale`) ON DELETE CASCADE ON UPDATE CASCADE;

--
-- Constraints for table `craft_content`
--
ALTER TABLE `craft_content`
	ADD CONSTRAINT `craft_content_elementId_fk` FOREIGN KEY (`elementId`) REFERENCES `craft_elements` (`id`) ON DELETE CASCADE,
	ADD CONSTRAINT `craft_content_locale_fk` FOREIGN KEY (`locale`) REFERENCES `craft_locales` (`locale`) ON DELETE CASCADE ON UPDATE CASCADE;

--
-- Constraints for table `craft_cpnav_navs`
--
ALTER TABLE `craft_cpnav_navs`
	ADD CONSTRAINT `craft_cpnav_navs_layoutId_fk` FOREIGN KEY (`layoutId`) REFERENCES `craft_cpnav_layouts` (`id`) ON DELETE SET NULL;

--
-- Constraints for table `craft_elements_i18n`
--
ALTER TABLE `craft_elements_i18n`
	ADD CONSTRAINT `craft_elements_i18n_elementId_fk` FOREIGN KEY (`elementId`) REFERENCES `craft_elements` (`id`) ON DELETE CASCADE,
	ADD CONSTRAINT `craft_elements_i18n_locale_fk` FOREIGN KEY (`locale`) REFERENCES `craft_locales` (`locale`) ON DELETE CASCADE ON UPDATE CASCADE;

--
-- Constraints for table `craft_emailmessages`
--
ALTER TABLE `craft_emailmessages`
	ADD CONSTRAINT `craft_emailmessages_locale_fk` FOREIGN KEY (`locale`) REFERENCES `craft_locales` (`locale`) ON DELETE CASCADE ON UPDATE CASCADE;

--
-- Constraints for table `craft_entries`
--
ALTER TABLE `craft_entries`
	ADD CONSTRAINT `craft_entries_authorId_fk` FOREIGN KEY (`authorId`) REFERENCES `craft_users` (`id`) ON DELETE CASCADE,
	ADD CONSTRAINT `craft_entries_id_fk` FOREIGN KEY (`id`) REFERENCES `craft_elements` (`id`) ON DELETE CASCADE,
	ADD CONSTRAINT `craft_entries_sectionId_fk` FOREIGN KEY (`sectionId`) REFERENCES `craft_sections` (`id`) ON DELETE CASCADE,
	ADD CONSTRAINT `craft_entries_typeId_fk` FOREIGN KEY (`typeId`) REFERENCES `craft_entrytypes` (`id`) ON DELETE CASCADE;

--
-- Constraints for table `craft_entrydrafts`
--
ALTER TABLE `craft_entrydrafts`
	ADD CONSTRAINT `craft_entrydrafts_creatorId_fk` FOREIGN KEY (`creatorId`) REFERENCES `craft_users` (`id`) ON DELETE CASCADE,
	ADD CONSTRAINT `craft_entrydrafts_entryId_fk` FOREIGN KEY (`entryId`) REFERENCES `craft_entries` (`id`) ON DELETE CASCADE,
	ADD CONSTRAINT `craft_entrydrafts_locale_fk` FOREIGN KEY (`locale`) REFERENCES `craft_locales` (`locale`) ON DELETE CASCADE ON UPDATE CASCADE,
	ADD CONSTRAINT `craft_entrydrafts_sectionId_fk` FOREIGN KEY (`sectionId`) REFERENCES `craft_sections` (`id`) ON DELETE CASCADE;

--
-- Constraints for table `craft_entrytypes`
--
ALTER TABLE `craft_entrytypes`
	ADD CONSTRAINT `craft_entrytypes_fieldLayoutId_fk` FOREIGN KEY (`fieldLayoutId`) REFERENCES `craft_fieldlayouts` (`id`) ON DELETE SET NULL,
	ADD CONSTRAINT `craft_entrytypes_sectionId_fk` FOREIGN KEY (`sectionId`) REFERENCES `craft_sections` (`id`) ON DELETE CASCADE;

--
-- Constraints for table `craft_entryversions`
--
ALTER TABLE `craft_entryversions`
	ADD CONSTRAINT `craft_entryversions_creatorId_fk` FOREIGN KEY (`creatorId`) REFERENCES `craft_users` (`id`) ON DELETE SET NULL,
	ADD CONSTRAINT `craft_entryversions_entryId_fk` FOREIGN KEY (`entryId`) REFERENCES `craft_entries` (`id`) ON DELETE CASCADE,
	ADD CONSTRAINT `craft_entryversions_locale_fk` FOREIGN KEY (`locale`) REFERENCES `craft_locales` (`locale`) ON DELETE CASCADE ON UPDATE CASCADE,
	ADD CONSTRAINT `craft_entryversions_sectionId_fk` FOREIGN KEY (`sectionId`) REFERENCES `craft_sections` (`id`) ON DELETE CASCADE;

--
-- Constraints for table `craft_fieldlayoutfields`
--
ALTER TABLE `craft_fieldlayoutfields`
	ADD CONSTRAINT `craft_fieldlayoutfields_fieldId_fk` FOREIGN KEY (`fieldId`) REFERENCES `craft_fields` (`id`) ON DELETE CASCADE,
	ADD CONSTRAINT `craft_fieldlayoutfields_layoutId_fk` FOREIGN KEY (`layoutId`) REFERENCES `craft_fieldlayouts` (`id`) ON DELETE CASCADE,
	ADD CONSTRAINT `craft_fieldlayoutfields_tabId_fk` FOREIGN KEY (`tabId`) REFERENCES `craft_fieldlayouttabs` (`id`) ON DELETE CASCADE;

--
-- Constraints for table `craft_fieldlayouttabs`
--
ALTER TABLE `craft_fieldlayouttabs`
	ADD CONSTRAINT `craft_fieldlayouttabs_layoutId_fk` FOREIGN KEY (`layoutId`) REFERENCES `craft_fieldlayouts` (`id`) ON DELETE CASCADE;

--
-- Constraints for table `craft_fields`
--
ALTER TABLE `craft_fields`
	ADD CONSTRAINT `craft_fields_groupId_fk` FOREIGN KEY (`groupId`) REFERENCES `craft_fieldgroups` (`id`) ON DELETE CASCADE;

--
-- Constraints for table `craft_globalsets`
--
ALTER TABLE `craft_globalsets`
	ADD CONSTRAINT `craft_globalsets_fieldLayoutId_fk` FOREIGN KEY (`fieldLayoutId`) REFERENCES `craft_fieldlayouts` (`id`) ON DELETE SET NULL,
	ADD CONSTRAINT `craft_globalsets_id_fk` FOREIGN KEY (`id`) REFERENCES `craft_elements` (`id`) ON DELETE CASCADE;

--
-- Constraints for table `craft_matrixblocks`
--
ALTER TABLE `craft_matrixblocks`
	ADD CONSTRAINT `craft_matrixblocks_fieldId_fk` FOREIGN KEY (`fieldId`) REFERENCES `craft_fields` (`id`) ON DELETE CASCADE,
	ADD CONSTRAINT `craft_matrixblocks_id_fk` FOREIGN KEY (`id`) REFERENCES `craft_elements` (`id`) ON DELETE CASCADE,
	ADD CONSTRAINT `craft_matrixblocks_ownerId_fk` FOREIGN KEY (`ownerId`) REFERENCES `craft_elements` (`id`) ON DELETE CASCADE,
	ADD CONSTRAINT `craft_matrixblocks_ownerLocale_fk` FOREIGN KEY (`ownerLocale`) REFERENCES `craft_locales` (`locale`) ON DELETE CASCADE ON UPDATE CASCADE,
	ADD CONSTRAINT `craft_matrixblocks_typeId_fk` FOREIGN KEY (`typeId`) REFERENCES `craft_matrixblocktypes` (`id`) ON DELETE CASCADE;

--
-- Constraints for table `craft_matrixblocktypes`
--
ALTER TABLE `craft_matrixblocktypes`
	ADD CONSTRAINT `craft_matrixblocktypes_fieldId_fk` FOREIGN KEY (`fieldId`) REFERENCES `craft_fields` (`id`) ON DELETE CASCADE,
	ADD CONSTRAINT `craft_matrixblocktypes_fieldLayoutId_fk` FOREIGN KEY (`fieldLayoutId`) REFERENCES `craft_fieldlayouts` (`id`) ON DELETE SET NULL;

--
-- Constraints for table `craft_matrixcontent_adunit`
--
ALTER TABLE `craft_matrixcontent_adunit`
	ADD CONSTRAINT `craft_matrixcontent_adunit_elementId_fk` FOREIGN KEY (`elementId`) REFERENCES `craft_elements` (`id`) ON DELETE CASCADE,
	ADD CONSTRAINT `craft_matrixcontent_adunit_locale_fk` FOREIGN KEY (`locale`) REFERENCES `craft_locales` (`locale`) ON DELETE CASCADE ON UPDATE CASCADE;

--
-- Constraints for table `craft_matrixcontent_faq`
--
ALTER TABLE `craft_matrixcontent_faq`
	ADD CONSTRAINT `craft_matrixcontent_faq_elementId_fk` FOREIGN KEY (`elementId`) REFERENCES `craft_elements` (`id`) ON DELETE CASCADE,
	ADD CONSTRAINT `craft_matrixcontent_faq_locale_fk` FOREIGN KEY (`locale`) REFERENCES `craft_locales` (`locale`) ON DELETE CASCADE ON UPDATE CASCADE;

--
-- Constraints for table `craft_matrixcontent_fundraiser`
--
ALTER TABLE `craft_matrixcontent_fundraiser`
	ADD CONSTRAINT `craft_matrixcontent_fundraiser_elementId_fk` FOREIGN KEY (`elementId`) REFERENCES `craft_elements` (`id`) ON DELETE CASCADE,
	ADD CONSTRAINT `craft_matrixcontent_fundraiser_locale_fk` FOREIGN KEY (`locale`) REFERENCES `craft_locales` (`locale`) ON DELETE CASCADE ON UPDATE CASCADE;

--
-- Constraints for table `craft_matrixcontent_socialmedia`
--
ALTER TABLE `craft_matrixcontent_socialmedia`
	ADD CONSTRAINT `craft_matrixcontent_socialmedia_elementId_fk` FOREIGN KEY (`elementId`) REFERENCES `craft_elements` (`id`) ON DELETE CASCADE,
	ADD CONSTRAINT `craft_matrixcontent_socialmedia_locale_fk` FOREIGN KEY (`locale`) REFERENCES `craft_locales` (`locale`) ON DELETE CASCADE ON UPDATE CASCADE;

--
-- Constraints for table `craft_matrixcontent_studentemployeeopportunities`
--
ALTER TABLE `craft_matrixcontent_studentemployeeopportunities`
	ADD CONSTRAINT `craft_matrixcontent_studentemployeeopportunities_elementId_fk` FOREIGN KEY (`elementId`) REFERENCES `craft_elements` (`id`) ON DELETE CASCADE,
	ADD CONSTRAINT `craft_matrixcontent_studentemployeeopportunities_locale_fk` FOREIGN KEY (`locale`) REFERENCES `craft_locales` (`locale`) ON DELETE CASCADE ON UPDATE CASCADE;

--
-- Constraints for table `craft_matrixcontent_supplementallinks`
--
ALTER TABLE `craft_matrixcontent_supplementallinks`
	ADD CONSTRAINT `craft_matrixcontent_supplementallinks_elementId_fk` FOREIGN KEY (`elementId`) REFERENCES `craft_elements` (`id`) ON DELETE CASCADE,
	ADD CONSTRAINT `craft_matrixcontent_supplementallinks_locale_fk` FOREIGN KEY (`locale`) REFERENCES `craft_locales` (`locale`) ON DELETE CASCADE ON UPDATE CASCADE;

--
-- Constraints for table `craft_migrations`
--
ALTER TABLE `craft_migrations`
	ADD CONSTRAINT `craft_migrations_pluginId_fk` FOREIGN KEY (`pluginId`) REFERENCES `craft_plugins` (`id`) ON DELETE CASCADE;

--
-- Constraints for table `craft_relations`
--
ALTER TABLE `craft_relations`
	ADD CONSTRAINT `craft_relations_fieldId_fk` FOREIGN KEY (`fieldId`) REFERENCES `craft_fields` (`id`) ON DELETE CASCADE,
	ADD CONSTRAINT `craft_relations_sourceId_fk` FOREIGN KEY (`sourceId`) REFERENCES `craft_elements` (`id`) ON DELETE CASCADE,
	ADD CONSTRAINT `craft_relations_sourceLocale_fk` FOREIGN KEY (`sourceLocale`) REFERENCES `craft_locales` (`locale`) ON DELETE CASCADE ON UPDATE CASCADE,
	ADD CONSTRAINT `craft_relations_targetId_fk` FOREIGN KEY (`targetId`) REFERENCES `craft_elements` (`id`) ON DELETE CASCADE;

--
-- Constraints for table `craft_routes`
--
ALTER TABLE `craft_routes`
	ADD CONSTRAINT `craft_routes_locale_fk` FOREIGN KEY (`locale`) REFERENCES `craft_locales` (`locale`) ON DELETE CASCADE ON UPDATE CASCADE;

--
-- Constraints for table `craft_sections`
--
ALTER TABLE `craft_sections`
	ADD CONSTRAINT `craft_sections_structureId_fk` FOREIGN KEY (`structureId`) REFERENCES `craft_structures` (`id`) ON DELETE SET NULL;

--
-- Constraints for table `craft_sections_i18n`
--
ALTER TABLE `craft_sections_i18n`
	ADD CONSTRAINT `craft_sections_i18n_locale_fk` FOREIGN KEY (`locale`) REFERENCES `craft_locales` (`locale`) ON DELETE CASCADE ON UPDATE CASCADE,
	ADD CONSTRAINT `craft_sections_i18n_sectionId_fk` FOREIGN KEY (`sectionId`) REFERENCES `craft_sections` (`id`) ON DELETE CASCADE;

--
-- Constraints for table `craft_seomatic_meta`
--
ALTER TABLE `craft_seomatic_meta`
	ADD CONSTRAINT `craft_seomatic_meta_id_fk` FOREIGN KEY (`id`) REFERENCES `craft_elements` (`id`) ON DELETE CASCADE,
	ADD CONSTRAINT `craft_seomatic_meta_seoFacebookImageId_fk` FOREIGN KEY (`seoFacebookImageId`) REFERENCES `craft_assetfiles` (`id`) ON DELETE SET NULL,
	ADD CONSTRAINT `craft_seomatic_meta_seoImageId_fk` FOREIGN KEY (`seoImageId`) REFERENCES `craft_assetfiles` (`id`) ON DELETE SET NULL,
	ADD CONSTRAINT `craft_seomatic_meta_seoTwitterImageId_fk` FOREIGN KEY (`seoTwitterImageId`) REFERENCES `craft_assetfiles` (`id`) ON DELETE SET NULL;

--
-- Constraints for table `craft_seomatic_settings`
--
ALTER TABLE `craft_seomatic_settings`
	ADD CONSTRAINT `craft_seomatic_settings_genericCreatorImageId_fk` FOREIGN KEY (`genericCreatorImageId`) REFERENCES `craft_assetfiles` (`id`) ON DELETE SET NULL,
	ADD CONSTRAINT `craft_seomatic_settings_genericOwnerImageId_fk` FOREIGN KEY (`genericOwnerImageId`) REFERENCES `craft_assetfiles` (`id`) ON DELETE SET NULL,
	ADD CONSTRAINT `craft_seomatic_settings_siteSeoFacebookImageId_fk` FOREIGN KEY (`siteSeoFacebookImageId`) REFERENCES `craft_assetfiles` (`id`) ON DELETE SET NULL,
	ADD CONSTRAINT `craft_seomatic_settings_siteSeoImageId_fk` FOREIGN KEY (`siteSeoImageId`) REFERENCES `craft_assetfiles` (`id`) ON DELETE SET NULL,
	ADD CONSTRAINT `craft_seomatic_settings_siteSeoTwitterImageId_fk` FOREIGN KEY (`siteSeoTwitterImageId`) REFERENCES `craft_assetfiles` (`id`) ON DELETE SET NULL;

--
-- Constraints for table `craft_sessions`
--
ALTER TABLE `craft_sessions`
	ADD CONSTRAINT `craft_sessions_userId_fk` FOREIGN KEY (`userId`) REFERENCES `craft_users` (`id`) ON DELETE CASCADE;

--
-- Constraints for table `craft_shunnedmessages`
--
ALTER TABLE `craft_shunnedmessages`
	ADD CONSTRAINT `craft_shunnedmessages_userId_fk` FOREIGN KEY (`userId`) REFERENCES `craft_users` (`id`) ON DELETE CASCADE;

--
-- Constraints for table `craft_structureelements`
--
ALTER TABLE `craft_structureelements`
	ADD CONSTRAINT `craft_structureelements_elementId_fk` FOREIGN KEY (`elementId`) REFERENCES `craft_elements` (`id`) ON DELETE CASCADE,
	ADD CONSTRAINT `craft_structureelements_structureId_fk` FOREIGN KEY (`structureId`) REFERENCES `craft_structures` (`id`) ON DELETE CASCADE;

--
-- Constraints for table `craft_taggroups`
--
ALTER TABLE `craft_taggroups`
	ADD CONSTRAINT `craft_taggroups_fieldLayoutId_fk` FOREIGN KEY (`fieldLayoutId`) REFERENCES `craft_fieldlayouts` (`id`) ON DELETE SET NULL;

--
-- Constraints for table `craft_tags`
--
ALTER TABLE `craft_tags`
	ADD CONSTRAINT `craft_tags_groupId_fk` FOREIGN KEY (`groupId`) REFERENCES `craft_taggroups` (`id`) ON DELETE CASCADE,
	ADD CONSTRAINT `craft_tags_id_fk` FOREIGN KEY (`id`) REFERENCES `craft_elements` (`id`) ON DELETE CASCADE;

--
-- Constraints for table `craft_templatecachecriteria`
--
ALTER TABLE `craft_templatecachecriteria`
	ADD CONSTRAINT `craft_templatecachecriteria_cacheId_fk` FOREIGN KEY (`cacheId`) REFERENCES `craft_templatecaches` (`id`) ON DELETE CASCADE;

--
-- Constraints for table `craft_templatecacheelements`
--
ALTER TABLE `craft_templatecacheelements`
	ADD CONSTRAINT `craft_templatecacheelements_cacheId_fk` FOREIGN KEY (`cacheId`) REFERENCES `craft_templatecaches` (`id`) ON DELETE CASCADE,
	ADD CONSTRAINT `craft_templatecacheelements_elementId_fk` FOREIGN KEY (`elementId`) REFERENCES `craft_elements` (`id`) ON DELETE CASCADE;

--
-- Constraints for table `craft_templatecaches`
--
ALTER TABLE `craft_templatecaches`
	ADD CONSTRAINT `craft_templatecaches_locale_fk` FOREIGN KEY (`locale`) REFERENCES `craft_locales` (`locale`) ON DELETE CASCADE ON UPDATE CASCADE;

--
-- Constraints for table `craft_usergroups_users`
--
ALTER TABLE `craft_usergroups_users`
	ADD CONSTRAINT `craft_usergroups_users_groupId_fk` FOREIGN KEY (`groupId`) REFERENCES `craft_usergroups` (`id`) ON DELETE CASCADE,
	ADD CONSTRAINT `craft_usergroups_users_userId_fk` FOREIGN KEY (`userId`) REFERENCES `craft_users` (`id`) ON DELETE CASCADE;

--
-- Constraints for table `craft_userpermissions_usergroups`
--
ALTER TABLE `craft_userpermissions_usergroups`
	ADD CONSTRAINT `craft_userpermissions_usergroups_groupId_fk` FOREIGN KEY (`groupId`) REFERENCES `craft_usergroups` (`id`) ON DELETE CASCADE,
	ADD CONSTRAINT `craft_userpermissions_usergroups_permissionId_fk` FOREIGN KEY (`permissionId`) REFERENCES `craft_userpermissions` (`id`) ON DELETE CASCADE;

--
-- Constraints for table `craft_userpermissions_users`
--
ALTER TABLE `craft_userpermissions_users`
	ADD CONSTRAINT `craft_userpermissions_users_permissionId_fk` FOREIGN KEY (`permissionId`) REFERENCES `craft_userpermissions` (`id`) ON DELETE CASCADE,
	ADD CONSTRAINT `craft_userpermissions_users_userId_fk` FOREIGN KEY (`userId`) REFERENCES `craft_users` (`id`) ON DELETE CASCADE;

--
-- Constraints for table `craft_users`
--
ALTER TABLE `craft_users`
	ADD CONSTRAINT `craft_users_id_fk` FOREIGN KEY (`id`) REFERENCES `craft_elements` (`id`) ON DELETE CASCADE,
	ADD CONSTRAINT `craft_users_preferredLocale_fk` FOREIGN KEY (`preferredLocale`) REFERENCES `craft_locales` (`locale`) ON DELETE SET NULL ON UPDATE CASCADE;

--
-- Constraints for table `craft_widgets`
--
ALTER TABLE `craft_widgets`
	ADD CONSTRAINT `craft_widgets_userId_fk` FOREIGN KEY (`userId`) REFERENCES `craft_users` (`id`) ON DELETE CASCADE;

SET FOREIGN_KEY_CHECKS = 1;
